problem_id,dp,constraints,machine_techniques,human_techniques,machine_solutions,correctness,follow_constraints,new_techniques,new_techniques_ratio
1901A,0,['this is the og problem'],"['if statement', 'while loop', 'for loop', 'binary search']","['for loop', 'tuple', 'matrix operation', 'if statement', 'while loop', 'misc', 'hashmap', 'break statement', 'dictionary']","import sys
import bisect

def solve(gas_stations, destination):
    left, right = 0, destination
    while left < right:
        mid = (left + right) // 2
        fuel = 0
        tank = float('inf')
        for i in range(len(gas_stations)):
            fuel += gas_stations[i]
            if fuel < mid:
                if tank < mid:
                    tank = mid
                fuel = 0
            fuel -= (i + 1)
        if tank >= destination:
            right = mid
        else:
            left = mid + 1
    return left

",False,True,1,0.25
1901A,1,['for loop'],"['for loop', 'while loop', 'if statement', 'binary search', 'sorting', 'misc']","['for loop', 'tuple', 'matrix operation', 'if statement', 'while loop', 'misc', 'hashmap', 'break statement', 'dictionary']","from the start without refueling, and then check if we can reach the destination with the remaining fuel after refueling at the gas stations. Here's the Python code:

```python
import bisect

def solve():
    t = int(input())
    for _ in range(t):
        n, x = map(int, input().split())
        a = list(map(int, input().split()))
        a.insert(0, -float('inf'))
        a.append(x + 1)
        a.sort()

        left, right = 1, x
        while left < right:
            mid = (left + right) // 2
            fuel = 0
            pos = bisect.bisect_left(a, mid)
            for i in range(pos):
                fuel += min(a[i], mid) - a[i - 1]
            if fuel >= mid:
                right = mid
            else:
                left = mid + 1
        print(left)

",False,False,2,0.3333333333333333
1901A,2,"['for loop', 'while loop']",['for loop'],"['for loop', 'tuple', 'matrix operation', 'if statement', 'while loop', 'misc', 'hashmap', 'break statement', 'dictionary']","from the starting point with a given fuel capacity, and then check if we can reach all the gas stations and the destination point with this capacity. If we can, then this capacity is valid, otherwise we need to increase it.

Here is the Python code for the `solve()` function:

",False,False,0,0.0
1901A,3,"['for loop', 'while loop', 'sorting']","['queue', 'for loop']","['for loop', 'tuple', 'matrix operation', 'if statement', 'while loop', 'misc', 'hashmap', 'break statement', 'dictionary']","import sys
from collections import deque

def solve(n, x, stations):
    # Create a queue to store the positions of the gas stations
    gas_queue = deque(stations)

    # Initialize the minimum fuel required to reach the first gas station
    min_fuel = x

    # Initialize the minimum fuel required to travel from the first gas station to the last gas station
    min_fuel_to_last = 0

    # Initialize the minimum fuel required to travel from the last gas station to the destination
    min_fuel_to_dest = 0

    # Iterate through the gas stations
    for i in range(n - 1):
        # Calculate the fuel required to travel from the current gas station to the next gas station
        fuel_to_next = (gas_queue[i + 1] - gas_queue[i]) // 2

        # Update the minimum fuel required to travel from the first gas station to the last gas station
        min_fuel_to_last = min(min_fuel_to_last, fuel_to_next)

        # Update the minimum fuel required to travel from the current gas station to the destination
        min_fuel_to_dest = min(min_fuel_to_dest, min_fuel + fuel_to_next)

        # Refuel at the current gas station
        min_fuel = 0

    # Calculate the fuel required to travel from the last gas station to the destination
    fuel_to_dest = (x - gas_queue[-1]) // 2

    # Update the minimum fuel required to travel from the first gas station to the destination
    min_fuel_to_dest = min(min_fuel_to_dest, fuel_to_dest)

    # Return the minimum fuel required to travel from the first gas station to the last gas station plus the minimum fuel required to travel from the last gas station to the destination
    return min_fuel_to_last + min_fuel_to_dest

",False,False,1,0.5
1899A,0,['this is the og problem'],['if statement'],"['for loop', 'if statement', 'matrix operation', 'while loop']","import math

def solve(n):
    if n % 3 == 0:
        return ""First""
    if n < 10:
        return ""Second""
    moves = math.ceil(math.log(n, 3)) - math.ceil(math.log(n - 10, 3))
    if moves <= 0:
        return ""Second""
    return ""First""

",False,True,0,0.0
1899A,1,['for loop'],"['if statement', 'recursion']","['for loop', 'if statement', 'matrix operation', 'while loop']","import math

def solve(n):
    if n % 3 == 0:
        return ""First""
    if n >= 10 and (n % 3 != 0):
        return ""Second""
    steps = math.ceil(math.log(n, 3))
    if steps % 2 == 0:
        return ""First""
    return ""Second""

",False,True,1,0.5
1899A,2,"['for loop', 'while loop']",['if statement'],"['for loop', 'if statement', 'matrix operation', 'while loop']","import math

def solve(n):
    if n % 3 == 0:
        return ""First""
    if n >= 10 and (n % 3 != 0):
        return ""Second""
    steps = math.ceil(math.log(n, 3)) + 10
    if steps % 2 == 0:
        return ""First""
    return ""Second""

",False,True,0,0.0
1899A,3,"['for loop', 'while loop', 'if statement']","['if statement', 'misc']","['for loop', 'if statement', 'matrix operation', 'while loop']","import math

def solve(n):
    if n % 3 == 0:
        return ""First""
    if n >= 10 and (n % 2 == 0 or (math.isqrt(n) * math.isqrt(n) + 1) % 2 == 1):
        return ""Second""
    return ""First"" if n % 2 == 0 else ""Second""

",False,False,1,0.5
1899A,4,"['for loop', 'while loop', 'if statement', 'tuple']","['queue', 'while loop', 'if statement', 'continue statement', 'set']","['for loop', 'if statement', 'matrix operation', 'while loop']","from collections import deque
import sys

def solve(n):
    q = deque([(n, 0, 1)])
    visited = set()
    while q:
        state, moves, player = q.popleft()
        if state == 0:
            return 'First' if player == 1 else 'Second'
        if state in visited:
            continue
        visited.add(state)
        if player == 1:
            q.append((state + 1, moves + 1, 2))
            q.append((state - 1, moves + 1, 2))
        else:
            q.append((state + 1, moves, 1))
            q.append((state - 1, moves, 1))

",False,False,3,0.6
1898A,0,['this is the og problem'],['for loop'],"['if statement', 'for loop', 'tuple', 'continue statement', 'break statement', 'hashmap', 'while loop', 'dictionary', 'misc', 'matrix operation']","import re

def solve():
    t = int(input())
    for _ in range(t):
        n, k = map(int, input().split())
        s = input()

        # Find the number of B's in the string
        b_count = s.count('B')

        # If the number of B's is already equal to k, no operations are needed
        if b_count == k:
            print(0)
            continue

        # If we need to increase the number of B's, find the first A's to replace
        if k > b_count:
            start = next(i for i, c in enumerate(s) if c == 'A')
            print(1)
            print(f""{start} B"")

            # Replace the first 'start' characters with 'B'
            s = s[:start] + 'B' * (k - b_count) + s[start:]

        # If we need to decrease the number of B's, find the last B's to replace
        else:
            end = next(i for i, c in reversed(list(enumerate(s))) if c == 'B')
            print(1)
            print(f""{n - end} A"")

            # Replace the last 'n - end' characters with 'A'
            s = s[:n - end] + s[end:]

        print(*re.findall('(?P<i>\d+) (?P<c>[AB])', s))

",False,True,0,0.0
1898A,1,['hashmap'],"['if statement', 'for loop', 'tuple', 'queue']","['if statement', 'for loop', 'tuple', 'continue statement', 'break statement', 'hashmap', 'while loop', 'dictionary', 'misc', 'matrix operation']","import sys

def solve():
    t = int(input())
    for _ in range(t):
        n, k = map(int, input().split())
        s = input()
        if k == 0:
            print(n)
            for i in range(1, n+1):
                print(f""{i} A"")
        else:
            count_b = s.count('B')
            if count_b >= k:
                print(0)
            else:
                operations = []
                for i in range(1, n+1):
                    if s[:i].count('B') < k - count_b:
                        operations.append((i, 'B'))
                        k -= s[:i].count('B')
                        break
                if k > 0:
                    operations.append((n, 'B'))
                    k -= n - s.rfind('B')
                for op in operations:
                    print(f""{op[0]} {op[1]}"")

",False,True,1,0.25
1898A,2,"['hashmap', 'continue statement']","['break statement', 'continue statement', 'pass statement', 'match statement', 'recursion', 'stack']","['if statement', 'for loop', 'tuple', 'continue statement', 'break statement', 'hashmap', 'while loop', 'dictionary', 'misc', 'matrix operation']","import sys

def solve():
    t = int(input())
    for _ in range(t):
        n, k = map(int, input().split())
        s = input()
        operations = []

        # Replace all B's with A's at the beginning
        while k < n and s[0] == 'B':
            s = s[1:]
            k += 1

        # Replace A's with B's from the beginning
        for i in range(1, min(n - k + 1) + 1):
            if s[:i] == s[:i].replace('B', '', 1):
                operations.append((i, 'B'))
                s = s[i:] + s[:i][:-1] + 'B'
                k += 1
                if k == n:
                    break

        print(len(operations))
        for op in operations:
            print(*op)

",False,False,4,0.6666666666666666
1898A,3,"['hashmap', 'continue statement', 'for loop']","['for loop', 'if statement', 'tuple', 'while loop', 'stack']","['if statement', 'for loop', 'tuple', 'continue statement', 'break statement', 'hashmap', 'while loop', 'dictionary', 'misc', 'matrix operation']","import sys

def solve():
    t = int(input())
    for _ in range(t):
        n, k = map(int, input().split())
        s = input()
        if k == 0:
            print(n)
            for i in range(1, n+1):
                print(1, 'A')
        else:
            count_b = s.count('B')
            if count_b >= k:
                print(0)
            else:
                operations = []
                i, c = 1, 'A'
                while count_b < k:
                    if s[i-1] == c:
                        c = 'B'
                    else:
                        c = 'A'
                    count_b += s[i-1] == 'B' - (count_b < k)
                    operations.append((i, c))
                    i += 1
                print(len(operations))
                for op in operations:
                    print(*op)

",False,False,1,0.2
1898A,4,"['hashmap', 'continue statement', 'for loop', 'if statement']","['for loop', 'queue', 'sliding window', 'tuple', 'if statement']","['if statement', 'for loop', 'tuple', 'continue statement', 'break statement', 'hashmap', 'while loop', 'dictionary', 'misc', 'matrix operation']","import sys
from collections import deque

def solve():
    t = int(input())
    for _ in range(t):
        n, k = map(int, input().split())
        s = input()

        # Use a queue to simulate the sliding window approach
        q = deque()
        count = 0
        operations = []

        # Process the string from left to right
        for c in s:
            if c == 'B':
                count += 1
            if count > k:
                # If we have more 'B' than required, replace the characters in the queue with 'A'
                while count > k:
                    operations.append((q.popleft(), 'A'))
                    count -= 1
            q.append(c)

        # If there are still 'B' left, replace the remaining characters with 'A'
        while count < k:
            operations.append((len(s), 'A'))
            count += 1

        print(len(operations))
        for op in operations:
            print(*op)

",False,False,2,0.4
1898A,5,"['hashmap', 'continue statement', 'for loop', 'if statement', 'misc']",['for loop'],"['if statement', 'for loop', 'tuple', 'continue statement', 'break statement', 'hashmap', 'while loop', 'dictionary', 'misc', 'matrix operation']","import sys
from collections import deque

def solve():
    t = int(input())
    for _ in range(t):
        n, k = map(int, input().split())
        s = input()
        if k == 0:
            print(n)
            for _ in range(n):
                print(1, 'A')
            continue
        q = deque([(0, 'A')])
        count = 0
        while count < k:
            i, c = q.popleft()
            if s[i] == 'B':
                count += 1
            q.append((i + 1, c))
            if c == 'A' and s[i + 1] == 'B':
                q.appendleft((i + 1, 'B'))
        m = len(q)
        for i, c in q:
            print(m - q.index((i, c)) + 1, c)
        m += 1

",False,False,0,0.0
1895B,0,['this is the og problem'],"['tuple', 'for loop', 'if statement']","['while loop', 'for loop', 'tuple', 'if statement', 'sorting', 'matrix operation', 'two pointers', 'misc', 'hashmap']","import itertools

def solve():
    n = int(input())
    a = list(map(int, input().split()))

    # Create a list of all possible pairs of points
    pairs = list(itertools.combinations(a, 2))

    # Initialize minimum path length and current path
    min_path_len = float('inf')
    current_path = []

    # Iterate over all possible pairs of points
    for pair in pairs:
        # Calculate the total distance of the path formed by the current pair
        path_len = sum(abs(pair[0] - pair[1][0]) + abs(pair[1][1] - pair[0][1]))

        # If the current path length is less than the minimum path length found so far, update the minimum path length and the current path
        if path_len < min_path_len:
            min_path_len = path_len
            current_path = [pair[0], pair[1]]

    # Add the remaining points to the current path in any order
    remaining_points = [i for i in a if i not in [pair[0][0], pair[0][1], pair[1][0], pair[1][1]]]
    current_path += sorted(remaining_points, key=current_path.index)

    # Print the minimum path length and the coordinates of the points in the order of the path
    print(min_path_len)
    for point in current_path:
        print(*point)

# Test cases
",False,True,0,0.0
1895B,1,['for loop'],['for loop'],"['while loop', 'for loop', 'tuple', 'if statement', 'sorting', 'matrix operation', 'two pointers', 'misc', 'hashmap']","import sys
import networkx as nx
from collections import defaultdict
from math import inf

def find(x):
    if x != parents[x]:
        parents[x] = find(parents[x])
    return parents[x]

def union(x, y):
    root_x = find(x)
    root_y = find(y)
    if root_x == root_y:
        return
    if rank[root_x] < rank[root_y]:
        parents[root_x] = root_y
        rank[root_y] += rank[root_x]
    else:
        parents[root_y] = root_x
        rank[root_x] += rank[root_y]

def solve():
    n = int(input())
    a = list(map(int, input().split()))
    edges = []
    for i in range(1, len(a), 2):
        x1, y1 = a[i], a[i+1]
        for j in range(i+2, len(a), 2):
            x2, y2 = a[j], a[j+1]
            edges.append((abs(x1 - x2) + abs(y1 - y2), (i//2+1, j//2+1)))
    edges.sort()
    G = nx.Graph()
    parents = list(range(n))
    rank = [0]*n
    for _, (w, uv) in edges:
        xu, yu = a[uv[0]*2], a[uv[0]*2+1]
        xv, yv = a[uv[1]*2], a[uv[1]*2+1]
        if find(xu) != find(xv) and find(yu) != find(yv):
            G.add_edge(uv[0], uv[1], weight=w)
            union(xu, xv)
            union(yu, yv)
    if n > 1 and len(G.edges) < n-1:
        print(-1)
        return
    points = [(a[i], a[i+1]) for i in range(0, len(a), 2)]
    visited = set()
    def dfs(node, path, path_len):
        visited.add(node)
        path.append(node)
        path_len += G[node][find(node)].get('weight', inf)
        for neighbor in G[node]:
            if neighbor != find(node) and neighbor not in visited:
                dfs(neighbor, path, path_len)
    min_path_len = inf
    for node in points:
        path = []
        dfs(node, path, 0)
        if len(path) == n:
            min_path_len = min(min_
",False,False,0,0.0
1895B,2,"['for loop', 'if statement']",['for loop'],"['while loop', 'for loop', 'tuple', 'if statement', 'sorting', 'matrix operation', 'two pointers', 'misc', 'hashmap']","import heapq

def dijkstra(graph, start):
    distances = {node: float('inf') for node in graph}
    distances[start] = 0
    priority_queue = [(0, start)]

    while priority_queue:
        current_distance, current_node = heapq.heappop(priority_queue)

        if current_distance > distances[current_node]:
            continue

        for neighbor, weight in graph[current_node].items():
            distance = current_distance + weight
            if distance < distances[neighbor]:
                distances[neighbor] = distance
                heapq.heappush(priority_queue, (distance, neighbor))

    return distances

def solve(a):
    n = len(a) // 2
    graph = {i: {} for i in range(n)}

    for i in range(n):
        x = a[2 * i]
        y = a[2 * i + 1]
        for j in range(i + 1, n):
            graph[i][j] = abs(x - a[2 * j]) + abs(y - a[2 * j + 1])
            graph[j][i] = graph[i][j]

    shortest_path = dijkstra(graph, 0)
    path = []
    for i in range(1, n):
        path.append((shortest_path[i], a[2 * i], a[2 * i + 1]))
    path.append((shortest_path[0], a[2 * (n - 1)], a[2 * n - 1]))

    path.sort()
    return path[0][2], path[0][1], path[-1][2], path[-1][1]

",False,False,0,0.0
1895B,3,"['for loop', 'if statement', 'while loop']","['recursion', 'heap', 'graph', 'tree', 'misc']","['while loop', 'for loop', 'tuple', 'if statement', 'sorting', 'matrix operation', 'two pointers', 'misc', 'hashmap']","import heapq

def find(x):
    if parent[x] != x:
        parent[x] = find(parent[x])
    return parent[x]

def union(x, y):
    px = find(x)
    py = find(y)
    if px == py:
        return
    if rank[px] < rank[py]:
        parent[px] = py
        rank[py] += rank[px]
    else:
        parent[py] = px
        rank[px] += rank[py]

def solve():
    n = int(input())
    a = list(map(int, input().split()))
    points = []
    for i in range(0, n * 2, 2):
        points.append((a[i], a[i + 1], i // 2))
    heapq.sort(points, key=lambda x: x[1])

    parent = list(range(n))
    rank = [1] * n
    mst_edges = []
    total_weight = 0

    for x, y, idx in points:
        px = find(idx)
        py = find(idx ^ 1)
        if px != py:
            mst_edges.append((idx, idx ^ 1, x + y))
            total_weight += x + y
            union(px, py)

    path = [0] * n
    visited = [False] * n
    path[0] = 0
    visited[0] = True

    for edge in mst_edges:
        x, y, weight = edge
        u, v = edge[0], edge[1]
        if not visited[v]:
            path[v] = path[u] + weight
            visited[v] = True

    print(total_weight)
    for i in range(n):
        print(path[i], path[i] // 2 + 1, end='\n')

",False,True,4,0.8
1895B,4,"['for loop', 'if statement', 'while loop', 'sorting']",['for loop'],"['while loop', 'for loop', 'tuple', 'if statement', 'sorting', 'matrix operation', 'two pointers', 'misc', 'hashmap']","import math

def powmod(a, n, m):
    result = 1
    while n > 0:
        if n & 1:
            result = (result * a) % m
            a = (a * a) % m
        n >>= 1
        a = (a * a) % m
    return result % m

def solve():
    t = int(input())
    for _ in range(t):
        n = int(input())
        a = list(map(int, input().split()))

        # Create the adjacency matrix with infinite distances
        inf = float('inf')
        dist = [[inf] * n for _ in range(n)]
        for i in range(n):
            dist[i][i] = 0

        # Calculate the matrix of powers of the adjacency matrix
        for k in range(1, n + 1):
            for i in range(n):
                for j in range(n):
                    dist[i][j] = min(dist[i][j], dist[i][k] + dist[k][j])

        # Calculate the minimum possible length of the path
        min_len = float('inf')
        for i in range(n):
            for j in range(i + 1, n):
                min_len = min(min_len, dist[i][j])

        # Print the minimum possible length of the path
        print(min_len)

        # Print the coordinates of the points in the order they are visited
        visited = [False] * n
        path = [0] * n
        for k in range(n):
            for i in range(n):
                if not visited[i]:
                    min_dist = inf
                    for j in range(n):
                        if not visited[j] and dist[i][j] < min_dist:
                            min_dist = dist[i][j]
                    path[k] = i
                    visited[i] = True
                    for j in range(n):
                        if not visited[j] and dist[i][j] == min_dist:
                            path[min_dist * (k + 1) + 1:] [j] = i
                            visited[j] = True
                            break

        for i in range(1, n + 1):
            print(*path[i:])

",False,False,0,0.0
1895B,5,"['for loop', 'if statement', 'while loop', 'sorting', 'tuple']","['recursion', 'hashmap', 'graph', 'depth first search', 'back tracking']","['while loop', 'for loop', 'tuple', 'if statement', 'sorting', 'matrix operation', 'two pointers', 'misc', 'hashmap']","from collections import defaultdict

def solve(n, a):
    graph = defaultdict(list)
    for i in range(1, len(a), 2):
        graph[a[i - 1]].append((a[i], i // 2 + 1))
        graph[a[i]].append((a[i - 1], i // 2 + 1))

    def dfs(node, visited, path, length):
        if len(visited) == n:
            return length
        min_length = float('inf')
        for neighbor, next_node in graph[node]:
            if next_node not in visited:
                visited_copy = visited[:]
                visited_copy.append(next_node)
                path_copy = path[:]
                path_copy.append((node, neighbor))
                length_copy = dfs(next_node, visited_copy, path_copy, length + abs(node - neighbor))
                min_length = min(min_length, length_copy)
        return min_length

    start_node, start_coord = a[0], 1
    visited = [start_coord]
    path = [(start_coord, start_node)]
    min_length = dfs(start_node, visited, path, 0)

    for i in range(1, n + 1):
        print(path[i * 2 - 1], path[i * 2])
    print(min_length)

",False,True,4,0.8
1895A,0,['this is the og problem'],"['if statement', 'for loop', 'recursion', 'tuple', 'misc']","['for loop', 'if statement', 'tuple', 'hashmap', 'while loop', 'misc']","from sys import stdin, setrecursionlimit
setrecursionlimit(10000)

def solve(x, y, k):
    if x > y:
        x, y = y, x

    if x == y:
        return 0 if k >= 1 else float('inf')

    if x > y + k:
        return float('inf')

    ans = float('inf')
    for i in range(1, min(x, k) + 1):
        pick_key = solve(x - i, y, k - i)
        if pick_key != float('inf'):
            ans = min(ans, pick_key + 1)
    for i in range(1, min(y, k) + 1):
        pick_chest = solve(x, y - i, k - i)
        if pick_chest != float('inf'):
            ans = min(ans, pick_chest + i)

    return ans

",False,True,1,0.2
1895A,1,['if statement'],"['recursion', 'dynamic programming', 'if statement']","['for loop', 'if statement', 'tuple', 'hashmap', 'while loop', 'misc']","from sys import stdin, setrecursionlimit
setrecursionlimit(100000)

def solve(x, y, k):
    def dfs(pos, time, chest, key):
        if pos == x and key:
            return time
        if time > k:
            return float('inf')
        if dp[(pos, time)] is not None:
            return dp[(pos, time)]
        moves = []
        if pos > x:
            moves.append((pos - 1, time + 1, chest, key))
        if pos < x:
            moves.append((pos + 1, time + 1, chest, key))
        if pos == y and not chest:
            moves.append((pos, time + 1, True, key))
        if not chest and pos == y:
            moves.append((pos, time + 1, True, key))
        if chest and pos == y:
            moves.append((pos, time + 1, False, key - 1))
        if not key and pos == y:
            moves.append((pos, time + 1, False, key))
        result = float('inf')
        for m in moves:
            result = min(result, dfs(*m))
        dp[(pos, time)] = result
        return result

    dp = {}
    return dfs(0, 0, False, 1)

",False,False,2,0.6666666666666666
1895A,2,"['if statement', 'for loop']",['for loop'],"['for loop', 'if statement', 'tuple', 'hashmap', 'while loop', 'misc']","from collections import deque
import sys

def solve():
    t = int(input())
    for _ in range(t):
        x, y, k = map(int, input().split())
        if x < y:
            x, y = y, x

        queue = deque([(x, 0)])
        visited = set()
        visited.add(x)
        steps = 0

        while queue:
            pos, steps_in_pos = queue.popleft()

            if pos == y:
                if not (pos, True) in visited:
                    visited.add((pos, True))
                    print(steps + 1)
                    break

            if pos + 1 <= 100 and (pos + 1, False) not in visited:
                queue.append((pos + 1, steps + 1))
                visited.add((pos + 1, False))

            if pos - 1 >= 1 and (pos - 1, False) not in visited:
                queue.append((pos - 1, steps + 1))
                visited.add((pos - 1, False))

            if pos == y and k > 0 and (pos, True) not in visited:
                visited.add((pos, True))
                k -= 1

        else:
            print(-1)

",False,False,0,0.0
1895A,3,"['if statement', 'for loop', 'matrix operation']","['queue', 'set', 'while loop', 'tuple', 'if statement']","['for loop', 'if statement', 'tuple', 'hashmap', 'while loop', 'misc']","from collections import deque
import sys

def bfs(x, y, k):
    queue = deque([(x, y, 0)])
    visited = set()
    moves = {(0, 1), (1, 0), (0, -1), (-1, 0)}

    while queue:
        pos, key_pos, time_left = queue.popleft()

        if pos == key_pos:
            return time_left

        visited.add((pos, time_left))

        for dx, dy in moves:
            new_pos = pos[0] + dx, pos[1] + dy

            if new_pos not in visited and 0 <= new_pos[0] <= 100 and 0 <= new_pos[1] <= 100:
                queue.append((new_pos, key_pos, time_left + 1))

                if new_pos == (pos[0], pos[1]):
                    queue.append((new_pos, new_pos, time_left + 1))

                if 0 <= time_left + 1 <= k:
                    queue.append((new_pos, key_pos, time_left + 1))

    return -1

def solve():
    t = int(input())

    for _ in range(t):
        x, y, k = map(int, input().split())
        print(bfs(0, y, k))

",False,False,2,0.4
1895A,4,"['if statement', 'for loop', 'matrix operation', 'while loop']","['queue', 'dictionary', 'while loop', 'if statement', 'for loop', 'break statement']","['for loop', 'if statement', 'tuple', 'hashmap', 'while loop', 'misc']","from collections import deque
import sys

def bfs(x, y, k, visited, moves):
    queue = deque([(x, y, 0)])
    visited[(x, y)] = True
    while queue:
        pos, key_pos, time = queue.popleft()
        if pos == key_pos:
            return time
        for dx in [-1, 1]:
            nx = pos + dx
            if 0 < nx <= 100 and not visited[(nx, pos)]:
                visited[(nx, pos)] = True
                queue.append((nx, pos, time + 1))
            if 0 < pos - dx <= 100 and pos - dx != key_pos and not visited[(pos - dx, pos)]:
                visited[(pos - dx, pos)] = True
                if k >= time + 1:
                    queue.append((key_pos, pos, time + 1))
                    k -= time + 1
                else:
                    moves.append((pos - dx, pos, time + 1))
                    break
    return -1

def solve():
    t = int(input())
    for _ in range(t):
        x, y, k = map(int, input().split())
        visited = {}
        moves = []
        result = bfs(0, y, k, visited, moves)
        if result == -1:
            print(""Impossible"")
        else:
            chest_pos, _, _ = moves[-1]
            if chest_pos != x:
                print(""Impossible"")
            else:
                print(result + len(moves))

",False,False,3,0.5
1895A,5,"['if statement', 'for loop', 'matrix operation', 'while loop', 'tuple']",['for loop'],"['for loop', 'if statement', 'tuple', 'hashmap', 'while loop', 'misc']","from collections import deque
import sys

def bfs(x, y, k, visited, moves):
    queue = deque([(x, y, 0)])
    visited[(x, y)] = True
    while queue:
        pos, steps, _ = queue.popleft()
        if pos == 0:
            return steps
        for dx, dy in moves:
            nx, ny = pos + dx, pos + dy
            if not visited[nx, ny] and (nx, ny) != (y, 0):
                visited[nx, ny] = True
                queue.append((nx, ny, steps + 1))
            if (nx, ny) == (y, 0) and not visited[(nx - dx, ny - dy)]:
                visited[(nx - dx, ny - dy)] = True
                queue.append((nx - dx, ny - dy, steps + 1))

def solve():
    t = int(input())
    for _ in range(t):
        x, y, k = map(int, input().split())
        moves = [(1, 0), (-1, 0)]
        visited = [[False] * 101 for _ in range(101)]
        result = bfs(x, y, k, visited, moves)
        print(result)

",False,False,0,0.0
1894A,0,['this is the og problem'],['for loop'],"['for loop', 'if statement', 'misc']","from collections import Counter

def solve(n, s):
    count_a = Counter(s)
    if n % 2 == 0 and count_a['A'] > count_a['B']:
        return 'A'
    if n % 2 == 1 and count_a['A'] < count_a['B']:
        return 'B'
    if n % 2 == 0 and count_a['A'] == count_a['B']:
        return '?'
    if n % 2 == 1 and count_a['A'] - count_a['B'] == 1:
        return 'A'
    if n % 2 == 1 and count_a['B'] - count_a['A'] == 1:
        return 'B'
    return '?'

",False,True,0,0.0
1894A,1,['for loop'],"['if statement', 'misc']","['for loop', 'if statement', 'misc']","from collections import Counter
import re

def solve(n, s):
    if n == 1:
        return s[0]

    count_a = Counter(s)
    max_wins = max(count_a.values())
    if max_wins != count_a[s[0]]:
        return '?'

    wins_needed = min(count_a[s[0]], n // 2) + 1
    if wins_needed > max_wins:
        return '?'

    winning_run = re.search(r'(.)\1{%d}' % wins_needed, s)
    if not winning_run:
        return '?'

    winner = winning_run.group(1)
    if n % 2 == 0 and winner != s[0]:
        return '?'

    return winner

",False,True,0,0.0
1894A,2,"['for loop', 'if statement']","['if statement', 'hashmap']","['for loop', 'if statement', 'misc']","from collections import Counter
import re

def solve(n, s):
    player_wins = Counter(s)
    if n % 2 == 0:
        return '?' if player_wins['A'] == player_wins['B'] else player_wins['A'] if player_wins['A'] > player_wins['B'] else player_wins['B']
    else:
        return '?' if player_wins['A'] == player_wins['B'] + 1 else player_wins['A']

",False,False,1,0.5
1894A,3,"['for loop', 'if statement', 'tuple']","['if statement', 'dictionary']","['for loop', 'if statement', 'misc']","from collections import Counter
import re

def solve(n, s):
    player_wins = Counter(s)
    if n % 2 == 0:
        if player_wins['A'] > player_wins['B']:
            return 'A'
        elif player_wins['B'] > player_wins['A']:
            return 'B'
        else:
            return '?'

    if player_wins['A'] > player_wins['B']:
        return 'A'
    elif player_wins['B'] > player_wins['A'] + 1:
        return 'B'
    else:
        return '?'

",False,False,1,0.5
1894A,4,"['for loop', 'if statement', 'tuple', 'set']","['if statement', 'for loop', 'dictionary', 'misc']","['for loop', 'if statement', 'misc']","import collections

def solve():
    t = int(input())
    for _ in range(t):
        n = int(input())
        plays = list(input())
        counts = collections.Counter(plays)
        if counts['A'] > counts['B']:
            winner = 'A'
        elif counts['A'] < counts['B']:
            winner = 'B'
        else:
            winner = '?'
        print(winner)

",False,False,1,0.25
1891A,0,['this is the og problem'],"['recursion', 'if statement']","['for loop', 'if statement', 'break statement', 'dictionary', 'while loop', 'set', 'tuple', 'misc', 'matrix operation', 'sorting']","import functools

def sort_with_twos(arr):
    @functools.lru_cache(maxsize=None)
    def dfs(i, m):
        if i == len(arr):
            return True
        for j in range(m, -1, -1):
            if (1 << j) <= i:
                arr[i] -= 1
                if dfs(i + (1 << j), j):
                    return True
                arr[i] += 1
        return False

    for i in range(len(arr)):
        if not dfs(i, len(bin(len(arr))[2:].count('1'))):
            return False
    return True

def solve():
    t = int(input())
    for _ in range(t):
        n = int(input())
        arr = list(map(int, input().split()))
        print(""YES"" if sort_with_twos(arr) else ""NO"")

",False,True,1,0.5
1891A,1,['if statement'],['for loop'],"['for loop', 'if statement', 'break statement', 'dictionary', 'while loop', 'set', 'tuple', 'misc', 'matrix operation', 'sorting']","import math

def solve():
    t = int(input())
    for _ in range(t):
        n = int(input())
        a = list(map(int, input().split()))
        tree = [0] * (2 * n)
        for i, x in enumerate(a):
            i += 1
            tree[i] = x
            for j in range(i + math.log2(i) + 1):
                tree[2 ** j + i] += tree[i]
        for _ in range(n):
            i = 1
            while i < len(tree) and i < n:
                if tree[i] > tree[i + 1]:
                    diff = tree[i] - tree[i + 1]
                    tree[i] -= diff
                    for j in range(i + math.log2(i) + 1):
                        tree[2 ** j + i] -= diff
                    tree[i + 1] += diff
                i += 1
        print(""YES"" if all(i <= j for i, j in zip(a, a[1:])) else ""NO"")

",False,True,0,0.0
1891A,2,"['if statement', 'for loop']","['for loop', 'while loop', 'if statement', 'sorting']","['for loop', 'if statement', 'break statement', 'dictionary', 'while loop', 'set', 'tuple', 'misc', 'matrix operation', 'sorting']","import math

def bit_update(bit, n, pos, val):
    while pos <= n:
        bit[pos] += val
        pos += pos & -pos

def bit_sum(bit, n, pos):
    sum = 0
    while pos > 0:
        sum += bit[pos]
        pos -= pos & -pos
    return sum

def solve():
    t = int(input())
    for _ in range(t):
        n = int(input())
        a = list(map(int, input().split()))
        bit = [0] * (2 * n)
        for i in range(1, len(a) + 1):
            bit_update(bit, len(a), i, -1)
        for i in range(1, len(a) + 1):
            a[i - 1] += bit_sum(bit, len(a), i)
        sorted_a = sorted(a)
        if a == sorted_a:
            print(""YES"")
        else:
            print(""NO"")

",False,False,0,0.0
1891A,3,"['if statement', 'for loop', 'tuple']",['for loop'],"['for loop', 'if statement', 'break statement', 'dictionary', 'while loop', 'set', 'tuple', 'misc', 'matrix operation', 'sorting']","from the command line.

```python
import sys
import math

def solve():
    n = int(input())
    a = list(map(int, input().split()))
    if n == 1:
        print(""YES"")
        return

    bit = [0] * (n + 1)
    for i in range(1, n + 1):
        bit[i] = bit[i & (i - 1)] + a[i]

    for i in range(2, int(math.log2(n)) + 1):
        for j in range(i, n + 1, i):
            bit[j] = min(bit[j], bit[j - i] + a[j])

    for i in range(1, n + 1):
        a[i] = bit[i] - bit[i - 1]

    sorted = True
    for i in range(1, n):
        if a[i] < a[i + 1]:
            sorted = False

    print(""YES"" if sorted else ""NO"")

",False,False,0,0.0
1891A,4,"['if statement', 'for loop', 'tuple', 'while loop']",['for loop'],"['for loop', 'if statement', 'break statement', 'dictionary', 'while loop', 'set', 'tuple', 'misc', 'matrix operation', 'sorting']","import math

def solve():
    t = int(input())
    for _ in range(t):
        n = int(input())
        a = list(map(int, input().split()))
        tree = [0] * (2 * n)

        def update(i, x):
            i += n
            while i > 0:
                tree[i] += x
                i -= i & -i

        def sum_range(l, r):
            s = 0
            r += 1
            while l < r:
                if l & 1:
                    s += tree[l]
                    l += 1
                l = l // 2
                if r % 2:
                    s += tree[r]
                    r -= 1
                r = r // 2
            return s

        def sort():
            for i in range(1, n + 1):
                update(i, -a[i - 1])
                for j in range(i + (i & -i), n + 1, i):
                    a[j - i] = max(a[j - i], sum_range(j, n) - sum_range(j - i, n))
                update(i, a[i - 1])

        for m in range(int(math.log2(n)) + 1):
            for i in range(1 << m, n + 1, 1 << m):
                update(i, -a[i - 1])
                for j in range(i + (i & -i), n + 1, i):
                    a[j - i] = max(a[j - i], sum_range(j, n) - sum_range(j - i, n))
                update(i, a[i - 1])

        if all(i <= j for i, j in zip(a, a[1:])):
            print(""YES"")
        else:
            print(""NO"")

",False,False,0,0.0
1891A,5,"['if statement', 'for loop', 'tuple', 'while loop', 'misc']",['recursion'],"['for loop', 'if statement', 'break statement', 'dictionary', 'while loop', 'set', 'tuple', 'misc', 'matrix operation', 'sorting']","import math

def solve():
    def update(bit, n, pos, val):
        while pos <= n:
            bit[pos] += val
            pos += pos & -pos

    def sum(bit, n, r):
        res = 0
        while r:
            res += bit[r]
            r -= r & -r
        return res

    def sort_array(a, n):
        bit = [0] * (n + 1)
        for i in range(1, n + 1):
            update(bit, n, i, -a[i - 1])
        for i in range(1, n + 1):
            m = math.log2(i) + 1
            a[i - 1] = max(a[i - 1], sum(bit, n, min(n, int(math.pow(2, m)))))
        return a

",True,True,1,1.0
1890B,0,['this is the og problem'],"['if statement', 'for loop', 'break statement']","['if statement', 'for loop', 'break statement', 'while loop', 'misc', 'function', 'string', 'return statement', 'set', 'tuple', 'continue statement']","import re

def solve():
    T = int(input())
    for _ in range(T):
        n, m = map(int, input().split())
        s = input()
        t = input()

        # Check if s is already good
        if re.search(r'(0|1)\1{1,n-1}(0|1)', s):
            print(""YES"")
        else:
            # Check if t can be inserted to make s good
            for i in range(n):
                if s[i] == s[i+1]:
                    if re.search(r'(0|1)\1{0,i-1}t\1{i,n-1}(0|1)', s):
                        print(""YES"")
                        break
            else:
                print(""NO"")

",False,True,0,0.0
1890B,1,['for loop'],"['if statement', 'for loop', 'break statement']","['if statement', 'for loop', 'break statement', 'while loop', 'misc', 'function', 'string', 'return statement', 'set', 'tuple', 'continue statement']","import re

def solve():
    T = int(input())
    for _ in range(T):
        n, m = map(int, input().split())
        s = input()
        t = input()

        # Check if s is already good
        if re.search(r'(0|1)\1{1,n-1}', s):
            print(""YES"")
        else:
            # Check if we can make s good by inserting t
            for i in range(n):
                for j in range(1, m+1):
                    if re.search(r'(0|1)\1{1,i-1}t\1{1,n-i}', s):
                        print(""YES"")
                        break
                if s[-1] != t[0]:
                    print(""YES"")
                    break
            else:
                print(""NO"")

",False,False,0,0.0
1890B,2,"['for loop', 'while loop']",['for loop'],"['if statement', 'for loop', 'break statement', 'while loop', 'misc', 'function', 'string', 'return statement', 'set', 'tuple', 'continue statement']","import re

def solve():
    T = int(input())
    for _ in range(T):
        n, m = map(int, input().split())
        s = input()
        t = input()

        # Check if s is already good
        if re.search(r'(0|1)\1{1,n-1}\2', s):
            print(""YES"")
        else:
            # Check if t can be inserted to make s good
            for i in range(n):
                if s[i] == s[i+1]:
                    if re.search(r'^' + t + r'\b', s[:i] + s[i+1:]):
                        print(""YES"")
                        break
            else:
                print(""NO"")

",False,False,0,0.0
1890B,3,"['for loop', 'while loop', 'tuple']",['for loop'],"['if statement', 'for loop', 'break statement', 'while loop', 'misc', 'function', 'string', 'return statement', 'set', 'tuple', 'continue statement']","import re

def solve():
    T = int(input())
    for _ in range(T):
        n, m = map(int, input().split())
        s = input()
        t = input()

        # Check if s is already good
        if re.search(r'(0|1)\1{1,n-1}(0|1)', s):
            print(""YES"")
        else:
            # Check if t can be inserted to make s good
            for i in range(n):
                if s[i] == s[i+1]:
                    if s[i:i+m] != t:
                        print(""YES"")
                        break
            else:
                print(""NO"")

",False,False,0,0.0
1890B,4,"['for loop', 'while loop', 'tuple', 'recursion']",['for loop'],"['if statement', 'for loop', 'break statement', 'while loop', 'misc', 'function', 'string', 'return statement', 'set', 'tuple', 'continue statement']","import re

def solve():
    T = int(input())
    for _ in range(T):
        n, m = map(int, input().split())
        s = input()
        t = input()

        # Check if s is already good
        if re.search(r'(0|1)\1{2,}', s):
            print(""NO"")
        else:
            # Insert t into s at all possible positions and check if any of them are good
            for i in range(1, n + 1):
                for j in range(2 ** i):
                    pos = list(bin(j)[2:])
                    pos = [int(x) for x in pos]
                    pos.insert(0, 0)
                    new_s = s[:pos[i]] + t + s[pos[i]:]
                    if not re.search(r'(0|1)\1{2,}', new_s):
                        print(""YES"")
                        break
            else:
                print(""NO"")

",False,False,0,0.0
1890A,0,['this is the og problem'],"['if statement', 'for loop', 'sorting']","['if statement', 'while loop', 'for loop', 'dictionary', 'set', 'sorting', 'hashmap', 'break statement', 'misc', 'continue statement']","import sys

def solve():
    n = int(input())
    a = list(map(int, input().split()))

    # Check if the array is already good
    if all(a[i] == a[0] + (i - 1) * (a[0] - a[1]) for i in range(1, n)):
        print(""Yes"")
        return

    # Sort the array and check if it can be made good
    a.sort()
    k = a[-1] - a[0]
    for i in range(1, n):
        if k != a[i] - a[i - 1]:
            print(""No"")
            return
    print(""Yes"")

# Read the number of test cases from the command line
",False,True,0,0.0
1890A,1,['if statement'],"['for loop', 'if statement', 'dictionary']","['if statement', 'while loop', 'for loop', 'dictionary', 'set', 'sorting', 'hashmap', 'break statement', 'misc', 'continue statement']","from collections import Counter
import itertools

def solve():
    t = int(input())
    for _ in range(t):
        n = int(input())
        a = list(map(int, input().split()))
        c = Counter(a)
        if len(c) == 1:
            print(""Yes"")
        else:
            k = c[min(a)]
            if k not in c or (len(a) & 1 and k != c[max(a)]) or any(a[i] + a[i+1] != k for i in range(len(a)-1)):
                print(""No"")
            else:
                print(""Yes"")
                perms = list(itertools.permutations(a))
                for perm in perms:
                    if all(perm[i] + perm[i+1] == k for i in range(len(perm)-1)):
                        print("" "".join(map(str, perm)))
                        break

",False,False,0,0.0
1890A,2,"['if statement', 'tuple']","['for loop', 'if statement', 'continue statement', 'dictionary']","['if statement', 'while loop', 'for loop', 'dictionary', 'set', 'sorting', 'hashmap', 'break statement', 'misc', 'continue statement']","from collections import Counter

def solve():
    t = int(input())
    for _ in range(t):
        n = int(input())
        a = list(map(int, input().split()))
        c = Counter(a)
        if n == 2:
            print(""Yes"" if a[0] == a[1] else ""No"")
            continue
        k = sum(a) // n
        if k * n != sum(a) or (k not in c or c[k] != n - 1):
            print(""No"")
        else:
            print(""Yes"")

",False,False,0,0.0
1890A,3,"['if statement', 'tuple', 'sorting']","['for loop', 'if statement', 'break statement', 'misc', 'hashmap']","['if statement', 'while loop', 'for loop', 'dictionary', 'set', 'sorting', 'hashmap', 'break statement', 'misc', 'continue statement']","from collections import Counter
import re

def solve():
    t = int(input())
    for _ in range(t):
        n = int(input())
        a = list(map(int, re.findall(r'\d+', input())))
        c = Counter(a)
        odd = sum(1 for x in c.values() if x % 2 != 0)
        if odd > 1:
            print(""No"")
        elif odd == 1:
            print(""Yes"")
        else:
            for i in range(1, n):
                if c[a[i]] + c[a[i-1]] not in c:
                    print(""No"")
                    break
            else:
                print(""Yes"")

",False,False,0,0.0
1890A,4,"['if statement', 'tuple', 'sorting', 'for loop']",['for loop'],"['if statement', 'while loop', 'for loop', 'dictionary', 'set', 'sorting', 'hashmap', 'break statement', 'misc', 'continue statement']","from collections import Counter
import sys

def solve():
    n = int(input())
    a = list(map(int, input().split()))
    c = Counter(a)
    odd = c.get(1, 0) % 2
    if odd > 1:
        print(""No"")
        return
    k = sum(a) - odd
    if k % 2 == 1 or (k // 2 not in c or c[k // 2] < odd):
        print(""No"")
    else:
        print(""Yes"")

",False,False,0,0.0
1890A,5,"['if statement', 'tuple', 'sorting', 'for loop', 'set']","['for loop', 'if statement', 'hashmap']","['if statement', 'while loop', 'for loop', 'dictionary', 'set', 'sorting', 'hashmap', 'break statement', 'misc', 'continue statement']","import functools
from itertools import accumulate

def solve():
    t = int(input())
    for _ in range(t):
        n = int(input())
        a = list(map(int, input().split()))
        a_sum = functools.reduce(lambda x, y: x + y, accumulate(a))
        if n == 2 or a_sum % (n - 1) == 0:
            print(""Yes"")
        else:
            print(""No"")

",False,False,0,0.0
1886A,0,['this is the og problem'],['for loop'],"['if statement', 'for loop', 'tuple', 'while loop', 'continue statement', 'misc']","import math

def solve():
    for _ in range(int(input())):
        n = int(input())
        x, y, z = 1, 2, n - x - y
        if x % 3 == 0 or y % 3 == 0 or z % 3 == 0:
            print(""NO"")
        else:
            print(""YES"")
            print(x, y, z)
            # Find another solution if the current one is not unique
            while True:
                x += 1
                y = n - x - z
                if y > x and y % 3 != 0:
                    print(x, y, z)
                    break

",False,True,0,0.0
1886A,1,['if statement'],"['for loop', 'if statement', 'break statement', 'continue statement']","['if statement', 'for loop', 'tuple', 'while loop', 'continue statement', 'misc']","import itertools

def solve():
    for x, y, z in itertools.permutations(range(1, int(1e9) + 1), 3):
        if x + y + z > int(1e9):
            break
        if x % 3 == 0 or y % 3 == 0 or z % 3 == 0:
            continue
        print(""YES"")
        print(x, y, z)
        break
    else:
        print(""NO"")

# Test cases
",False,False,1,0.25
1886A,2,"['if statement', 'for loop']","['dictionary', 'for loop', 'if statement', 'dynamic programming', 'break statement']","['if statement', 'for loop', 'tuple', 'while loop', 'continue statement', 'misc']","from collections import defaultdict

def solve():
    dp = defaultdict(int)
    dp[1] = 1
    dp[2] = 2
    dp[3] = 3

    for i in range(4, 10001):
        dp[i] = dp[i - 1] + i
        for j in range(1, i // 3 + 1):
            dp[i] += dp[i - j * 3]

    t = int(input())
    for _ in range(t):
        n = int(input())
        if n < 4 or n % 3 == 0:
            print(""NO"")
        else:
            for x in range(1, n // 2 + 1):
                y = n - x - (n - x - dp[n - x]) // 2
                if 1 < y < n and y % 3 != 0:
                    print(""YES"")
                    print(x, y, n - x - y)
                    break

",False,False,3,0.6
1886A,3,"['if statement', 'for loop', 'tuple']","['for loop', 'if statement', 'tuple']","['if statement', 'for loop', 'tuple', 'while loop', 'continue statement', 'misc']","from sympy import Partitions
import math

def solve():
    t = int(input())
    for _ in range(t):
        n = int(input())
        partitions = list(Partitions(n))
        valid_partitions = []
        for partition in partitions:
            if len(partition) == 3 and all(x not in (0, 3) for x in partition) and sum(partition) == n:
                valid_partitions.append(partition)
        if valid_partitions:
            print(""YES"")
            print(*sorted(valid_partitions[0]))
        else:
            print(""NO"")

",False,False,0,0.0
1886A,4,"['if statement', 'for loop', 'tuple', 'depth first search']","['set', 'for loop', 'if statement', 'break statement']","['if statement', 'for loop', 'tuple', 'while loop', 'continue statement', 'misc']","import math
import itertools

def solve():
    primes = set(filter(lambda x: x % 3 != 0, range(2, int(math.sqrt(n)) + 1)))
    for x, y in itertools.combinations(primes, 2):
        z = n - x - y
        if z in primes:
            print(""YES"")
            print(x, y, z)
            break
    else:
        print(""NO"")

",False,False,2,0.5
1886A,5,"['if statement', 'for loop', 'tuple', 'depth first search', 'matrix operation']","['if statement', 'for loop', 'break statement', 'continue statement']","['if statement', 'for loop', 'tuple', 'while loop', 'continue statement', 'misc']","import math
import itertools

def solve():
    primes = [2] + list(filter(lambda x: x % 3 != 0 and all(x % y != 0 for y in primes[:x]), range(5, int(math.sqrt(10**9)) + 1)))
    for p in primes:
        for q in primes[p:]:
            for r in primes[q:]:
                if p + q + r > 10**9:
                    break
                if p + q + r == 10**9:
                    print(""YES"")
                    print(p, q, r)
                    break
                if p + q + r < 10**9:
                    continue
                for x in range(p + 1, q):
                    if x in primes and x + q + r == 10**9:
                        print(""YES"")
                        print(x, q, r)
                        break
                for y in range(q + 1, r):
                    if y in primes and x + y + r == 10**9:
                        print(""YES"")
                        print(x, y, r)
                        break
    else:
        print(""NO"")

",False,False,1,0.25
1884A,0,['this is the og problem'],"['recursion', 'for loop', 'while loop', 'if statement', 'misc', 'hashmap']","['recursion', 'while loop', 'if statement', 'for loop', 'tuple', 'hashmap', 'break statement', 'matrix operation', 'misc']","from functools import reduce

def digit_sum(n):
    return reduce(lambda x, digit: x + digit, str(n), 0)

def solve():
    t = int(input())
    for _ in range(t):
        x, k = map(int, input().split())
        y = x
        while True:
            if digit_sum(y) % k == 0:
                print(y)
                break
            y += 1

",False,True,0,0.0
1884A,1,['break statement'],"['for loop', 'dictionary', 'hashmap']","['recursion', 'while loop', 'if statement', 'for loop', 'tuple', 'hashmap', 'break statement', 'matrix operation', 'misc']","from collections import Counter

def solve():
    t = int(input())
    for _ in range(t):
        x, k = map(int, input().split())
        digits = Counter(str(x))
        sum_so_far = sum(v * k for v in digits.values())
        y = x + (k - sum_so_far) // k
        print(y)

",False,True,1,0.3333333333333333
1884A,2,"['break statement', 'continue statement']","['if statement', 'for loop', 'while loop', 'break statement', 'dictionary', 'misc', 'hashmap']","['recursion', 'while loop', 'if statement', 'for loop', 'tuple', 'hashmap', 'break statement', 'matrix operation', 'misc']","from collections import defaultdict

def solve():
    t = int(input())
    for _ in range(t):
        x, k = map(int, input().split())
        digits = defaultdict(int)
        y = x
        while True:
            y += 1
            for digit in str(y):
                digits[digit] += 1
            if sum(value % k == 0 for value in digits.values()) == len(digits):
                print(y)
                break

",False,False,1,0.14285714285714285
1884A,3,"['break statement', 'continue statement', 'if statement']","['for loop', 'while loop', 'if statement', 'dictionary', 'break statement']","['recursion', 'while loop', 'if statement', 'for loop', 'tuple', 'hashmap', 'break statement', 'matrix operation', 'misc']","from collections import Counter

def solve():
    t = int(input())
    for _ in range(t):
        x, k = map(int, input().split())
        digits = Counter(str(x))
        while True:
            x += 1
            new_digits = Counter(str(x))
            if sum(v * (k // d) for d, v in new_digits.items() if d <= 9) % k == 0:
                print(x)
                break

",False,False,1,0.2
1884A,4,"['break statement', 'continue statement', 'if statement', 'while loop']","['for loop', 'while loop', 'if statement', 'dictionary', 'break statement']","['recursion', 'while loop', 'if statement', 'for loop', 'tuple', 'hashmap', 'break statement', 'matrix operation', 'misc']","from collections import Counter

def solve():
    t = int(input())
    for _ in range(t):
        x, k = map(int, input().split())
        digits = Counter(str(x))
        while True:
            x += 1
            digits_sum = sum(v * k for v in digits.values())
            if x % k == 0 and x % 10 != 0 and x >= x // k * k:
                print(x)
                break

",False,False,1,0.2
1884A,5,"['break statement', 'continue statement', 'if statement', 'while loop', 'for loop']","['for loop', 'while loop', 'dictionary', 'hashmap']","['recursion', 'while loop', 'if statement', 'for loop', 'tuple', 'hashmap', 'break statement', 'matrix operation', 'misc']","from collections import Counter

def solve():
    t = int(input())
    for _ in range(t):
        x, k = map(int, input().split())
        digits = Counter(str(x))
        sum_so_far = sum(v * k for v in digits.values())
        while sum_so_far % k != 0:
            x += 1
            digits = Counter(str(x))
            sum_so_far = (sum_so_far - digits[str(x)[-1]] * k) + sum(v * k for v in digits.values())
        print(x)

",False,False,1,0.25
1883A,0,['this is the og problem'],"['for loop', 'queue', 'if statement']","['for loop', 'if statement', 'misc', 'tuple', 'while loop', 'break statement', 'dictionary', 'matrix operation', 'two pointers']","from collections import deque

def solve():
    t = int(input())
    for _ in range(t):
        pin = input()
        q = deque([0])
        visited = [0] * 10
        visited[int(pin[0])] = 1
        for digit in pin:
            if q[0] == int(digit):
                q.popleft()
            else:
                steps = 1 + min(visited[int(digit) - 1], visited[int(digit) + 1])
                q.append(int(digit))
                visited[int(digit)] = steps
        print(len(q))

",False,True,1,0.3333333333333333
1883A,1,['if statement'],"['queue', 'set', 'dictionary', 'while loop', 'graph']","['for loop', 'if statement', 'misc', 'tuple', 'while loop', 'break statement', 'dictionary', 'matrix operation', 'two pointers']","from the start digit (1) to each digit in the pin code.

```python
from collections import deque

def bfs(graph, start, end):
    queue = deque([(start, 1)])
    visited = set()
    while queue:
        node, steps = queue.popleft()
        if node == end:
            return steps
        if node not in visited:
            visited.add(node)
            for neighbor in graph[node]:
                queue.append((neighbor, steps + 1))
    return -1

def solve():
    pin_codes = int(input())
    for _ in range(pin_codes):
        pin = list(map(int, input().split()))
        graph = {i: [] for i in range(10)}
        for i in range(4):
            if i > 0:
                graph[pin[i - 1]].append(pin[i])
            if i < 3:
                graph[pin[i]].append(pin[i + 1])
        result = bfs(graph, 1, pin[-1])
        print(result)

",False,True,3,0.6
1883A,2,"['if statement', 'for loop']","['queue', 'while loop', 'if statement']","['for loop', 'if statement', 'misc', 'tuple', 'while loop', 'break statement', 'dictionary', 'matrix operation', 'two pointers']","from the start digit (1) to each digit in the pin code.

```python
import collections

def bfs(graph, start, end):
    queue = collections.deque([(start, 1)])
    visited = set()
    while queue:
        node, steps = queue.popleft()
        if node not in visited:
            visited.add(node)
            if node == end:
                return steps
            for neighbor in graph[node]:
                queue.append((neighbor, steps + 1))
    return -1

def solve():
    pin_codes = input().split()
    for pin_code in pin_codes:
        graph = {
            '1': ['1', '4'],
            '2': ['1', '3'],
            '3': ['2', '4'],
            '4': ['1', '3', '2'],
            '5': ['4', '6'],
            '6': ['5', '5'],
            '7': ['6', '8'],
            '8': ['7', '9'],
            '9': ['8', '0'],
            '0': ['9']
        }
        print(bfs(graph, '1', pin_code))

",False,False,1,0.3333333333333333
1883A,3,"['if statement', 'for loop', 'dictionary']","['queue', 'while loop', 'if statement', 'set', 'for loop']","['for loop', 'if statement', 'misc', 'tuple', 'while loop', 'break statement', 'dictionary', 'matrix operation', 'two pointers']","from collections import deque
import sys

def bfs(pin):
    q = deque([(0, 1)])  # (seconds, current position)
    visited = set()
    while q:
        sec, pos = q.popleft()
        if pos == 4:
            return sec
        visited.add((pin, pos))
        for next_pos in [pos - 1, pos + 1]:
            if 0 < next_pos <= 4 and (next_pos, pin[next_pos - 1]) not in visited:
                q.append((sec + 1, next_pos))

def solve():
    t = int(input())
    for _ in range(t):
        pin = input().strip()
        print(bfs(pin))

",False,False,2,0.4
1883A,4,"['if statement', 'for loop', 'dictionary', 'while loop']",['for loop'],"['for loop', 'if statement', 'misc', 'tuple', 'while loop', 'break statement', 'dictionary', 'matrix operation', 'two pointers']","from collections import deque

def bfs(pin):
    queue = deque([(0, pin)])
    visited = set()
    moves = {
        (i, j): [(i - 1, j), (i + 1, j), (i, j - 1), (i, j + 1)] for i in range(4) for j in range(4)
    }

    while queue:
        sec, current_pin = queue.popleft()
        if current_pin == '0000':
            return sec
        if current_pin in visited:
            continue
        visited.add(current_pin)
        for next_move in moves[(current_pin[-1], current_pin[-2])]:
            queue.append((sec + 1, ''.join(current_pin[:-2] + str(next_move[0] * 10 + next_move[1] + 1))))

def solve():
    t = int(input())
    for _ in range(t):
        pin = input()
        print(bfs(pin))

",False,False,0,0.0
1883A,5,"['if statement', 'for loop', 'dictionary', 'while loop', 'tuple']","['queue', 'set', 'while loop', 'for loop', 'if statement']","['for loop', 'if statement', 'misc', 'tuple', 'while loop', 'break statement', 'dictionary', 'matrix operation', 'two pointers']","from collections import deque
import sys

def bfs(pin):
    q = deque([(0, 1)])  # (seconds, current position)
    visited = set()
    while q:
        sec, pos = q.popleft()
        if pos == 4:
            return sec
        visited.add((pin, pos))
        for move in [-1, 1]:
            next_pos = pos + move
            if 0 <= next_pos <= 4 and (next_pos, pin[pos]) != (next_pos + 1, pin[(pos + 1) % 4]) and (next_pos, pin) not in visited:
                q.append((sec + 1, next_pos))

def solve():
    t = int(input())
    for _ in range(t):
        pin = input()
        print(bfs(pin))

",False,False,2,0.4
1882A,0,['this is the og problem'],['for loop'],"['for loop', 'if statement', 'while loop', 'misc']","import sys
import math

def solve():
    t = int(input())
    for _ in range(t):
        n = int(input())
        a = list(map(int, input().split()))
        a.sort()
        max_gap = a[-1] - a[-2] - 1
        min_val = a[-1] + 1
        for i in range(n - 2, -1, -1):
            max_gap = min(max_gap, a[i] - a[i + 1] - 1)
            min_val = min(min_val, a[i] + max_gap)
        print(min_val)

",False,True,0,0.0
1882A,1,['set'],"['for loop', 'heap', 'sorting']","['for loop', 'if statement', 'while loop', 'misc']","import sys
import heapq

def solve():
    t = int(input())
    for _ in range(t):
        n = int(input())
        a = list(map(int, input().split()))
        a.sort()
        a.insert(0, -1)
        heap = []
        for i in range(n):
            while heap and heap[0] <= a[i]:
                heapq.heappop(heap)
            heapq.heappush(heap, a[i] + 1)
        print(heap[-1])

",False,True,2,0.6666666666666666
1882A,2,"['set', 'misc']","['if statement', 'for loop', 'heap', 'for loop', 'heap']","['for loop', 'if statement', 'while loop', 'misc']","import sys
import heapq

def solve():
    n = int(input())
    a = list(map(int, input().split()))
    a.sort()
    a.insert(0, -1)
    heap = []
    for i in range(1, n+1):
        heapq.heappush(heap, i - a[i-1])
    result = -heapq.heappop(heap)
    print(result)

",False,True,1,0.2
1882A,3,"['set', 'misc', 'for loop']","['for loop', 'heap']","['for loop', 'if statement', 'while loop', 'misc']","import heapq

def solve():
    t = int(input())
    for _ in range(t):
        n = int(input())
        a = list(map(int, input().split()))
        a.insert(0, float('-inf'))
        heapq.heapify(a)
        for _ in range(1, n):
            heapq.heappush(a, heapq.heappop(a) + 1)
        print(heapq.heappop(a))

",False,False,1,0.5
1882A,4,"['set', 'misc', 'for loop', 'if statement']","['heap', 'while loop', 'tuple']","['for loop', 'if statement', 'while loop', 'misc']","import heapq

def solve():
    n = int(input())
    a = list(map(int, input().split()))
    heap = [(i, -i) for i in a]
    heapq.heapify(heap)

    while len(heap) > 1:
        n1, n2 = heapq.heappop(heap), heapq.heappop(heap)
        heapq.heappush(heap, (n1[0] + n2[0], n1[0], n2[0]))

    print(-heap[0][1])

# Test cases
",False,True,2,0.6666666666666666
1882A,5,"['set', 'misc', 'for loop', 'if statement', 'recursion']","['for loop', 'heap', 'sorting']","['for loop', 'if statement', 'while loop', 'misc']","import heapq

def solve():
    import sys
    input = sys.stdin.readline

    t = int(input())
    for _ in range(t):
        n = int(input())
        a = list(map(int, input().split()))
        a.sort()
        max_a = a[-1]
        min_b = max_a + 1
        heap = [(i, -a[i]) for i in range(n)]
        heapq.heapify(heap)

        while heap:
            i, val = heapq.heappop(heap)
            if val < 0:
                min_b = min(min_b, -val)
            else:
                break

        print(min_b)

",False,False,2,0.6666666666666666
1881A,0,['this is the og problem'],"['for loop', 'if statement', 'misc']","['for loop', 'if statement', 'break statement', 'while loop', 'tuple', 'continue statement']","import re

def solve(n, m, x, s):
    for _ in range(1, 10000):
        x += x
        if re.search(s, x):
            return _
    return -1

",False,True,1,0.3333333333333333
1881A,1,['if statement'],"['if statement', 'recursion', 'dynamic programming', 'set', 'dictionary', 'misc']","['for loop', 'if statement', 'break statement', 'while loop', 'tuple', 'continue statement']","import collections
import re

def solve(n, m, x, s):
    dp = collections.defaultdict(int)
    dp[x] = 1
    for i in range(1, n * m + 1):
        dp[i] = float('inf')

    def dfs(i, j, count):
        if i > n * m:
            return count
        if (i, j) in visited:
            return dp[i]
        visited.add((i, j))
        if i < n and x[i] == s[j]:
            dp[i] = min(dp[i], dfs(i + 1, j + 1, count))
        for k in range(1, min(i, m) + 1):
            if i - k >= 0 and j - k >= 0 and x[i - k] == s[j - k]:
                dp[i] = min(dp[i], dfs(i - k, j - k, count + k))
        visited.remove((i, j))
        return dp[i]

    visited = set()
    return dfs(0, 0, 0) if re.search(s, x) else -1

",False,False,5,0.8333333333333334
1881A,2,"['if statement', 'matrix operation']",['for loop'],"['for loop', 'if statement', 'break statement', 'while loop', 'tuple', 'continue statement']","from the window and add the next character from `x` to the right end of the window, and continue sliding the window. If we slide the window over the entire string `x` without finding the substring `s`, we return -1.

Here is the Python code for the `solve()` function:

",False,True,0,0.0
1881A,3,"['if statement', 'matrix operation', 'for loop']",['for loop'],"['for loop', 'if statement', 'break statement', 'while loop', 'tuple', 'continue statement']","from the empty string to the target string `s` in the graph where each node represents a possible string and edges represent the operation of appending the current string to itself. Since we cannot use if statements, we will use a helper function `is_prefix` to check if one string is a prefix of another.

Here's the Python code:

```python
from collections import defaultdict
from functools import lru_cache

def is_prefix(s1, s2):
    return len(s1) <= len(s2) and s1 == s2[:len(s1)]

@lru_cache(maxsize=None)
def dfs(x, target):
    if not x:
        return 1 if target == '' else -1

    for i in range(1, len(x) + 1):
        if is_prefix(target, x[-i:]):
            return dfs(x[:-i], target[len(x):]) + i

    return -1

def solve():
    t = int(input())
    for _ in range(t):
        n, m = map(int, input().split())
        x, s = input().rstrip(), input().rstrip()
        print(dfs(x, s))

",False,False,0,0.0
1881A,4,"['if statement', 'matrix operation', 'for loop', 'break statement']",['for loop'],"['for loop', 'if statement', 'break statement', 'while loop', 'tuple', 'continue statement']","import re
import itertools

def solve(x, s):
    for i in range(1, len(s) + 1):
        if (x + x[:i]) in (x + s, x[i:] + x[:i]):
            return i
    return -1

",False,False,0,0.0
1879A,0,['this is the og problem'],"['if statement', 'for loop']","['while loop', 'for loop', 'if statement', 'misc', 'continue statement', 'tuple', 'break statement', 'queue']","from itertools import accumulate

def solve():
    t = int(input())
    for _ in range(t):
        n = int(input())
        athletes = list(map(lambda x: list(map(int, x.split())), input().split()))
        strengths = [athlete[0] for athlete in athletes]
        endurances = [athlete[1] for athlete in athletes]
        max_endurance = max(endurances)
        max_strength = max(strengths)
        if max_strength >= max_endurance:
            print(-1)
        else:
            total_strength = sum(strengths)
            total_endurance = sum(accumulate(endurances))
            w = (total_endurance - total_strength + max_strength) // max_endurance * max_endurance + max_strength
            print(w)

",False,True,0,0.0
1879A,1,['sorting'],"['if statement', 'for loop', 'tuple', 'sorting']","['while loop', 'for loop', 'if statement', 'misc', 'continue statement', 'tuple', 'break statement', 'queue']","import sys
import bisect

def solve():
    n = int(input())
    athletes = []
    for _ in range(n):
        strength, endurance = map(int, input().split())
        athletes.append((strength, endurance))

    polycarp_strength, polycarp_endurance = map(int, input().split())

    athletes.insert(0, (polycarp_strength, polycarp_endurance))
    athletes.sort(key=lambda x: x[0], reverse=True)

    max_lifts = 0
    w = 0
    for strength, endurance in athletes:
        if strength > w:
            break
        w += 1
        max_lifts += endurance

    if max_lifts > 0:
        print(w)
    else:
        print(-1)

",False,False,1,0.25
1879A,2,"['sorting', 'break statement']","['while loop', 'break statement', 'continue statement']","['while loop', 'for loop', 'if statement', 'misc', 'continue statement', 'tuple', 'break statement', 'queue']","import sys
import bisect

def solve():
    n = int(input())
    athletes = []
    for _ in range(n):
        s, e = map(int, input().split())
        athletes.append((s, e))

    if n == 1:
        print(-1)
        return

    athletes.sort(reverse=True)
    max_endurance = athletes[0][1]
    w = max_endurance
    for s, e in athletes[1:]:
        if s <= w:
            w -= s
        else:
            break

    if w > 0:
        print(-1)
    else:
        print(w)

",False,False,0,0.0
1879A,3,"['sorting', 'break statement', 'for loop']","['for loop', 'if statement']","['while loop', 'for loop', 'if statement', 'misc', 'continue statement', 'tuple', 'break statement', 'queue']","from typing import List

def solve(athletes: List[List[int]]):
    max_endurance = max(athlete[1] for athlete in athletes)
    for w in range(max_endurance, 0, -1):
        if all(athlete[0] < w for athlete in athletes):
            return w
    return -1

",False,False,0,0.0
1879A,4,"['sorting', 'break statement', 'for loop', 'if statement']",['for loop'],"['while loop', 'for loop', 'if statement', 'misc', 'continue statement', 'tuple', 'break statement', 'queue']","import bisect

def solve():
    t = int(input())
    for _ in range(t):
        n = int(input())
        athletes = list(map(list, zip(*[input().split() for _ in range(n)])))
        strength = [a[0] for a in athletes]
        endurance = [a[1] for a in athletes]
        polycarp_strength, polycarp_endurance = strength[0], endurance[0]

        if max(strength) >= polycarp_strength:
            print(-1)
        else:
            w = max(strength) + 1
            index = bisect.bisect_left(strength, w)
            if index == n:
                print(-1)
            else:
                print(w)

",False,False,0,0.0
1879A,5,"['sorting', 'break statement', 'for loop', 'if statement', 'tuple']",['for loop'],"['while loop', 'for loop', 'if statement', 'misc', 'continue statement', 'tuple', 'break statement', 'queue']","import bisect

def solve():
    n = int(input())
    athletes = []
    for _ in range(n):
        s, e = map(int, input().split())
        if s == 1:
            athletes.append((s, e, 0))
        else:
            athletes.append((s, e, 1))

    athletes.sort(key=lambda x: x[1], reverse=True)

    w = 1
    for s, e, is_polycarp in athletes:
        if s > w:
            return -1
        if is_polycarp:
            w = min(w, s + w // e - 1)

    return w

",False,False,0,0.0
1878B,0,['this is the og problem'],['for loop'],"['for loop', 'tuple', 'matrix operation', 'if statement']","import math
import itertools

def solve(n):
    if n <= 3:
        return list(range(1, n + 1))

    # Find the largest possible value for a_2 such that 3 * a_4 is not divisible by a_1 + a_2
    a_2 = math.ceil((3 ** (1 / 4)) - 1)

    # Generate all possible combinations of a_1 and a_2
    combinations = list(itertools.combinations(range(1, a_2 + 1), 2))

    # Check if any of the combinations satisfy the condition
    for a_1, a_2 in combinations:
        if 3 * (n - a_1 - a_2 - 1) > a_2 + a_1:
            # If found, we can calculate the rest of the array
            a_3 = n - a_1 - a_2 - 1
            a_4 = a_3 * 3
            a_i = a_i - 1 if i in [1, 2] else a_i for i in range(4, n)
            return list(range(1, n + 1))[:4] + [a_i for i in range(4, n)]

    # If no solution is found, return an invalid array
    return [-1] * n

",False,True,0,0.0
1878B,1,['if statement'],"['recursion', 'if statement', 'for loop']","['for loop', 'tuple', 'matrix operation', 'if statement']","import math
import itertools

def solve():
    def gen_array(n, current=1, index=1):
        if index > n:
            return [current]
        next_val = current + math.gcd(current, current + 2) * 3
        if next_val > math.pow(10, 9):
            return []
        result = [current]
        result += gen_array(n, next_val, index + 1)
        return result

    t = int(input())
    for _ in range(t):
        n = int(input())
        if n < 3:
            print(list(range(1, n + 1)))
        else:
            result = gen_array(n)
            if result:
                print(result)
            else:
                print(""No solution"")

",False,False,1,0.3333333333333333
1878B,2,"['if statement', 'for loop']","['recursion', 'while loop', 'for loop', 'if statement', 'continue statement', 'back tracking']","['for loop', 'tuple', 'matrix operation', 'if statement']","import math
import sys

def gcd(a, b):
    while b:
        a, b = b, a % b
    return a

def solve(n, a=None):
    if not a:
        a = [1]
    if len(a) == n:
        return a

    for candidate in range(a[-1] + 1, min(10**9, 3 * a[-2] // (a[-1] + a[-2] - a[-1]))):
        if gcd(candidate, a[-1] + a[-2]) != 1:
            continue
        a.append(candidate)
        if gcd(3 * a[-1], a[-2] + a[-1]) != 1:
            continue
        result = solve(n, a)
        if result:
            return result
        a.pop()

    # If no solution is found, return an array of ones
    return [1] * n

",False,False,4,0.6666666666666666
1878B,3,"['if statement', 'for loop', 'while loop']","['if statement', 'for loop', 'dynamic programming', 'recursion']","['for loop', 'tuple', 'matrix operation', 'if statement']","import math
import bisect

def solve():
    n = int(input())
    if n == 3:
        return '6\n' + ' '.join(map(str, [6, 8, 12]))

    dp = [0] * (n + 2)
    dp[0] = 1
    dp[1] = 2
    dp[2] = 3

    for i in range(3, n + 1):
        for j in range(i - 2, -1, -1):
            for k in range(dp[j], dp[j + 1]):
                if (3 * dp[i + 2]) % (dp[j] + dp[j + 1]) == 0:
                    break
            else:
                dp[i] = dp[j] + 1
                if dp[i] > 10 ** 9:
                    return ""Impossible""

    result = []
    for i in range(n):
        result.append(dp[i] + 1)

    print(n)
    print(' '.join(map(str, result)))

",False,False,2,0.5
1878A,0,['this is the og problem'],"['for loop', 'if statement', 'dictionary']","['for loop', 'if statement', 'tuple', 'set', 'while loop', 'hashmap']","import collections
import sys

def solve():
    t = int(input())
    for _ in range(t):
        n, k = map(int, input().split())
        a = list(map(int, input().split()))
        counter = collections.Counter(a)
        max_count = max(counter.values())
        if counter[k] == max_count:
            print(""YES"")
        else:
            print(""NO"")

",False,True,1,0.3333333333333333
1878A,1,['sliding window'],"['if statement', 'dictionary']","['for loop', 'if statement', 'tuple', 'set', 'while loop', 'hashmap']","from collections import Counter

def solve(n, k, a):
    count = Counter(a)
    max_count = max(count.values())
    if max_count == count[k]:
        return ""YES""
    return ""NO""

",False,True,1,0.5
1878A,2,"['sliding window', 'for loop']",['for loop'],"['for loop', 'if statement', 'tuple', 'set', 'while loop', 'hashmap']","from collections import Counter
import sys

def solve():
    t = int(input())
    for _ in range(t):
        n, k = map(int, input().split())
        a = list(map(int, input().split()))
        counter = Counter(a)
        max_count = max(counter.values())
        if k == max_count:
            print(""YES"")
        else:
            subsegments = []
            for i in range(1, n):
                for j in range(i, n):
                    subsegment = a[i:j+1]
                    if counter[k] >= len(subsegment) > len(counter[k]) and counter[subsegment[0]] == counter[k]:
                        subsegments.append((i, j))
            if subsegments:
                print(""YES"")
            else:
                print(""NO"")

",False,False,0,0.0
1878A,3,"['sliding window', 'for loop', 'if statement']",['for loop'],"['for loop', 'if statement', 'tuple', 'set', 'while loop', 'hashmap']","from collections import Counter
import sys

def solve():
    t = int(input())
    for _ in range(t):
        n, k = map(int, input().split())
        a = list(map(int, input().split()))
        count = Counter(a)
        max_count = max(count.values())
        if k == max_count:
            print(""YES"")
        else:
            subsegments = []
            for i in range(1, n):
                for j in range(i, n):
                    subsegment = a[i:j+1]
                    if count[k] >= max(subsegment_counts(subsegment, count)) and k != max_element(subsegment, count):
                        subsegments.append((i, j))
            if subsegments:
                print(""YES"")
            else:
                print(""NO"")

",False,False,0,0.0
1878A,4,"['sliding window', 'for loop', 'if statement', 'tuple']","['if statement', 'for loop', 'dictionary', 'misc']","['for loop', 'if statement', 'tuple', 'set', 'while loop', 'hashmap']","import collections
import sys

def solve():
    t = int(input())
    for _ in range(t):
        n, k = map(int, input().split())
        a = list(map(int, input().split()))
        counter = collections.Counter(a)
        max_count = max(counter.values())
        if k == max_count:
            print(""YES"")
        else:
            subsegments = []
            for i in range(1, n):
                for j in range(i, n):
                    subsegment = a[i:j+1]
                    if counter[k] >= len(subsegment) * max_count / n:
                        subsegments.append(subsegment)
            if any(k == max(collections.Counter(subsegment).most_common(1)[0][0]) for subsegment in subsegments):
                print(""YES"")
            else:
                print(""NO"")

",False,False,2,0.5
1878A,5,"['sliding window', 'for loop', 'if statement', 'tuple', 'while loop']","['dictionary', 'if statement']","['for loop', 'if statement', 'tuple', 'set', 'while loop', 'hashmap']","from collections import Counter

def solve(n, k, a):
    count = Counter(a)
    max_count = max(count.values())
    if max_count == count[k]:
        return ""YES""
    else:
        return ""NO""

",False,False,1,0.5
1877A,0,['this is the og problem'],['for loop'],"['for loop', 'tuple', 'if statement', 'while loop', 'hashmap', 'misc', 'matrix operation', 'two pointers']","import sys

def solve():
    n = int(input())
    total_sum = 0
    efficiencies = [0] * n

    for i in range(1, n):
        efficiencies[i] = int(input())
        total_sum += efficiencies[i]

    missing_efficiency = total_sum - sum(efficiencies)
    print(missing_efficiency)

",False,True,0,0.0
1877A,1,['for loop'],['for loop'],"['for loop', 'tuple', 'if statement', 'while loop', 'hashmap', 'misc', 'matrix operation', 'two pointers']","from zero.

Here's the Python code for the function `solve()`:

",False,False,0,0.0
1877A,2,"['for loop', 'while loop']",['for loop'],"['for loop', 'tuple', 'if statement', 'while loop', 'hashmap', 'misc', 'matrix operation', 'two pointers']","from the sum of all efficiencies (except the average itself).

Here's the Python code for the function `solve()`:

",False,False,0,0.0
1877A,3,"['for loop', 'while loop', 'recursion']",['hashmap'],"['for loop', 'tuple', 'if statement', 'while loop', 'hashmap', 'misc', 'matrix operation', 'two pointers']","from collections import Counter
import math

def solve():
    n = int(input())
    a = list(map(int, input().split()))
    total_goals = sum(a) + n * (n - 1) // 2
    total_efficiency = sum(a)
    avg_efficiency = total_efficiency / n
    missing_efficiency = total_goals - avg_efficiency
    return missing_efficiency

# Test cases
",False,True,0,0.0
1873D,0,['this is the og problem'],"['for loop', 'if statement', 'continue statement']","['while loop', 'if statement', 'for loop', 'hashmap', 'matrix operation', 'tuple']","import re

def solve():
    for _ in range(int(input())):
        n, k = map(int, input().split())
        s = input()
        black_count = sum(1 for c in s if c == 'B')
        if black_count == 0:
            print(0)
            continue
        operations = 0
        for i in range(n - k + 1):
            if s[i:i+k].count('B') == black_count:
                operations += 1
                s = s[:i] + 'W' * k + s[i+k:]
                black_count = 0
        print(operations)

",False,True,1,0.3333333333333333
1873D,1,['for loop'],"['recursion', 'if statement', 'for loop', 'tuple']","['while loop', 'if statement', 'for loop', 'hashmap', 'matrix operation', 'tuple']","import functools

def solve():
    def init(arr, tree, node, start, end):
        if start == end:
            tree[node] = arr[start]
            return tree[node]

        mid = (start + end) // 2
        left_tree = init(arr, tree, 2 * node, start, mid)
        right_tree = init(arr, tree, 2 * node + 1, mid + 1, end)
        tree[node] = left_tree + right_tree
        return tree[node]

    def update(arr, tree, node, start, end, pos, new_val):
        if start > pos or end < pos:
            return tree[node]

        if start == end:
            arr[start] = new_val
            return tree[node] = new_val

        mid = (start + end) // 2
        functools.lru_cache(None)  # Lazy evaluation
        left_tree = update(arr, tree, 2 * node, start, mid, pos, new_val)
        right_tree = update(arr, tree, 2 * node + 1, mid + 1, end, pos, new_val)
        tree[node] = left_tree + right_tree
        return tree[node]

    def query(tree, node, start, end, left, right):
        if right < start or end < left:
            return 0
        if left <= start and end <= right:
            return tree[node]

        mid = (start + end) // 2
        functools.lru_cache(None)  # Lazy evaluation
        left_sum = query(tree, 2 * node, start, mid, left, right)
        right_sum = query(tree, 2 * node + 1, mid + 1, end, left, right)
        return left_sum + right_sum

    t = int(input())
    for _ in range(t):
        n, k = map(int, input().split())
        s = list(input().strip())
        arr = [0] * (n + 1)
        for i, c in enumerate(s):
            if c == 'B':
                arr[i + 1] = 1

        tree = [0] * (4 * n)
        init(arr, tree, 1, 1, n)

        black_cells = 0
        for i in range(n):
            if arr[i + 1] == 1:
                black_cells += 1
                while black_cells > k:
                    j = i + k
                    update(arr, tree, 1, 1, n, j, 0)
                    black_cells -= k

        print(query(tree, 1, 1, n, 1, n))

",False,False,1,0.25
1873D,2,"['for loop', 'if statement']","['for loop', 'if statement', 'stack']","['while loop', 'if statement', 'for loop', 'hashmap', 'matrix operation', 'tuple']","from the stack and perform an operation if the popped value is greater than the operation size `k`. Here is the Python code:

```python
from collections import deque

def solve(t):
    for _ in range(t):
        n, k = map(int, input().split())
        s = input()
        stack = deque()
        count = 0
        for i in range(n):
            if s[i] == 'B':
                if stack:
                    if stack[-1] >= k:
                        count += 1
                        for _ in range(stack.pop()):
                            count += 1
                stack.append(1)
            else:
                stack[-1] += 1
        print(count)

# Read the number of test cases from the command line
",False,False,1,0.3333333333333333
1873C,0,['this is the og problem'],"['for loop', 'if statement']","['for loop', 'if statement', 'matrix operation', 'while loop', 'continue statement', 'misc']","def solve():
    points = [0, 0, 0, 0, 0, 0, 0, 0, 0, 0]

    for _ in range(10):
        row = input().strip()
        for i, arrow in enumerate(row):
            if arrow == 'X':
                points[9 - i] += i + 1

    return sum(points)
",False,True,0,0.0
1873C,1,['if statement'],"['if statement', 'for loop', 'matrix operation']","['for loop', 'if statement', 'matrix operation', 'while loop', 'continue statement', 'misc']","import itertools

def solve():
    t = int(input())
    for _ in range(t):
        points = [0, 0, 0, 0, 0]
        target = [list(input().strip()) for _ in range(10)]

        for i, row in enumerate(target):
            for j, cell in enumerate(row):
                if cell == 'X':
                    points[9 - i] += 10 - j

        print(sum(points))

",False,False,0,0.0
1873C,2,"['if statement', 'matrix operation']","['for loop', 'dictionary', 'if statement']","['for loop', 'if statement', 'matrix operation', 'while loop', 'continue statement', 'misc']","from collections import defaultdict

def solve():
    points = defaultdict(int)
    for _ in range(10):
        row = input().strip()
        for i, char in enumerate(row):
            if char == 'X':
                for j in range(min(i, 9 - i), -1, -1):
                    points[j] += i + 1
    return sum(points.values())

",False,False,1,0.3333333333333333
1873C,3,"['if statement', 'matrix operation', 'dictionary']","['for loop', 'if statement']","['for loop', 'if statement', 'matrix operation', 'while loop', 'continue statement', 'misc']","import itertools

def solve():
    points = [0, 0, 0, 0, 0]
    target = []

    for _ in range(10):
        row = input().split()
        target.append(row)

    for i, row in enumerate(target):
        for j, cell in enumerate(row):
            if cell == 'X':
                points[min(len(target) - i - 1, len(row) - j - 1)] += 1 + i + j

    return sum(points)

",False,False,0,0.0
1873C,4,"['if statement', 'matrix operation', 'dictionary', 'for loop']",['for loop'],"['for loop', 'if statement', 'matrix operation', 'while loop', 'continue statement', 'misc']","def solve():
    def dfs(x, y, ring):
        if x < 0 or x >= n or y < 0 or y >= m:
            return
        if grid[x][y] == '.':
            return
        if rings[ring - 1]:
            rings[ring - 1] -= 1
            points += ring
        dfs(x + dx[dir], y + dy[dir], ring)
        dfs(x - dx[dir], y - dy[dir], ring)
        dfs(x + dx[dir] * 2, y + dy[dir] * 2, ring - 1)
        dfs(x - dx[dir] * 2, y - dy[dir] * 2, ring - 1)

    n, m = map(int, input().split())
    grid = [list(input().strip()) for _ in range(n)]
    points = 0
    rings = list(reversed([int(input()) for _ in range(5)]))
    dx, dy = [1, 0], [0, 1]
    dir = 0
    for i in range(n):
        for j in range(m):
            if grid[i][j] == 'X':
                dfs(i, j, 5)
                dir = (dir + 1) % 4
    print(points)

# Test cases
",False,False,0,0.0
1873B,0,['this is the og problem'],"['for loop', 'if statement', 'break statement']","['for loop', 'sorting', 'matrix operation', 'tuple', 'if statement', 'misc']","from math import prod
import sys

def solve():
    t = int(input())
    for _ in range(t):
        n = int(input())
        a = list(map(int, input().split()))
        max_product = float('-inf')
        for i in range(n):
            new_a = a[:]
            new_a[i] += 1
            if i == 0:
                new_a = new_a[1:] + [new_a[0]]
            product = prod(new_a)
            max_product = max(max_product, product)
        print(max_product)

",True,True,1,0.3333333333333333
1873B,1,['if statement'],"['for loop', 'if statement', 'break statement']","['for loop', 'sorting', 'matrix operation', 'tuple', 'if statement', 'misc']","from math import prod
from functools import reduce

def solve():
    t = int(input())
    for _ in range(t):
        n = int(input())
        a = list(map(int, input().split()))
        # Calculate the product of the digits
        product = prod(a)
        # Find the maximum power of 10 that can be added to a number less than 10^n
        max_power = 10 ** (n - 1)
        # Iterate through each digit and calculate the new product after adding the maximum power
        for i in range(n):
            new_product = product * (10 ** i + max_power) // 10 ** i
            if new_product > product:
                print(new_product)
                break
        else:
            print(product)

",False,False,1,0.3333333333333333
1873B,2,"['if statement', 'for loop']",['for loop'],"['for loop', 'sorting', 'matrix operation', 'tuple', 'if statement', 'misc']","from functools import reduce
from itertools import permutations
import math

def solve():
    t = int(input())
    for _ in range(t):
        n = int(input())
        a = list(map(int, input().split()))

        # Calculate the factorial of n
        fact_n = math.factorial(n)

        # Generate all permutations of the digits
        perms = list(permutations(a))

        # Calculate the product of each permutation
        max_product = 0
        for perm in perms:
            product = reduce((lambda x, y: x * y), perm)
            max_product = max(max_product, product * fact_n // product)

        print(max_product)

",False,False,0,0.0
1873B,3,"['if statement', 'for loop', 'while loop']",['for loop'],"['for loop', 'sorting', 'matrix operation', 'tuple', 'if statement', 'misc']","from math import prod
from functools import reduce

def solve():
    t = int(input())
    for _ in range(t):
        n = int(input())
        a = list(map(int, input().split()))
        # Calculate the product of the digits
        product = prod(a)
        # Find the maximum power of 10 that can be added to any digit without exceeding it
        max_power = 9 ** (n - 1)
        # Iterate through all possible powers of 10 and check if adding it to any digit results in a larger product
        max_product = product
        for power in range(1, max_power + 1):
            for i in range(n):
                new_product = product * (10 ** (i + 1)) * (a[i] + 1) // 10 ** i
                if new_product > max_product:
                    max_product = new_product
        print(max_product)

",False,False,0,0.0
1873B,4,"['if statement', 'for loop', 'while loop', 'recursion']",['for loop'],"['for loop', 'sorting', 'matrix operation', 'tuple', 'if statement', 'misc']","from functools import reduce
from itertools import permutations
import math

def solve():
    t = int(input())
    for _ in range(t):
        n = int(input())
        a = list(map(int, input().split()))

        # Generate all permutations of the digits
        perms = list(permutations(a))

        # Calculate the product of each permutation
        max_product = 0
        for perm in perms:
            product = reduce((lambda x, y: x * y), perm)
            max_product = max(max_product, product)

        # Find the maximum product that can be obtained by adding 1 to one digit
        max_product_with_one_increment = max_product
        for i in range(n):
            # Calculate the product of all permutations where the i-th digit is 9
            nine_perms = [list(perm) for perm in perms if perm[i] == 9]
            for perm in nine_perms:
                # Increment the i-th digit and calculate the product
                perm[i] = 0
                perm[i] += 10
                product = reduce((lambda x, y: x * y), perm)
                max_product_with_one_increment = max(max_product_with_one_increment, product)

        print(max_product_with_one_increment)

",False,False,0,0.0
1873B,5,"['if statement', 'for loop', 'while loop', 'recursion', 'misc']","['for loop', 'if statement', 'tuple']","['for loop', 'sorting', 'matrix operation', 'tuple', 'if statement', 'misc']","from itertools import permutations
from functools import reduce

def solve():
    t = int(input())
    for _ in range(t):
        n = int(input())
        a = list(map(int, input().split()))
        max_product = 0
        for perm in permutations(a):
            product = reduce((lambda x, y: x * y), perm)
            for i in range(n):
                new_product = reduce((lambda x, y: x * y), (1 if j == i else perm[j] for j in range(n)))
                max_product = max(max_product, new_product)
        print(max_product)

",False,False,0,0.0
1873A,0,['this is the og problem'],"['for loop', 'if statement', 'break statement']","['for loop', 'if statement', 'while loop', 'set', 'tuple']","import itertools

def solve():
    for t in int(input()):
        cards = input()
        if cards == 'abc':
            print('YES')
        else:
            for swap in itertools.permutations(cards, 2):
                if ''.join(swap) == 'acb' or ''.join(swap) == 'bca':
                    print('YES')
                    break
            else:
                print('NO')

",False,True,1,0.3333333333333333
1873A,1,['for loop'],"['for loop', 'if statement', 'hashmap']","['for loop', 'if statement', 'while loop', 'set', 'tuple']","from collections import Counter

def solve():
    t = int(input())
    for _ in range(t):
        cards = input()
        count = Counter(cards)
        if count['a'] == 1 and count['b'] == 1 and count['c'] == 1:
            print(""YES"")
        else:
            print(""NO"")

",False,False,1,0.3333333333333333
1873A,2,"['for loop', 'while loop']","['for loop', 'if statement', 'hashmap']","['for loop', 'if statement', 'while loop', 'set', 'tuple']","from collections import Counter

def solve():
    t = int(input())
    for _ in range(t):
        s = input()
        counter = Counter(s)
        if counter['a'] == 1 and counter['b'] == 1 and counter['c'] == 1:
            print(""YES"")
        else:
            print(""NO"")

",False,False,1,0.3333333333333333
1873A,3,"['for loop', 'while loop', 'recursion']","['if statement', 'for loop', 'dictionary']","['for loop', 'if statement', 'while loop', 'set', 'tuple']","import itertools

def solve():
    operations = {
        'ab': 'ba',
        'ac': 'ca',
        'bc': 'cb'
    }

    for _ in range(int(input())):
        cards = input()
        if cards in operations:
            print(""YES"")
        else:
            print(""NO"")

",False,False,1,0.3333333333333333
1873A,4,"['for loop', 'while loop', 'recursion', 'tuple']","['if statement', 'for loop', 'dictionary', 'tuple']","['for loop', 'if statement', 'while loop', 'set', 'tuple']","import itertools

def solve():
    operations = {
        'ab': ['ba'],
        'ac': ['ca'],
        'bc': ['cb']
    }

    for _ in range(int(input())):
        cards = input()
        if cards in operations:
            print(""YES"")
        else:
            permutations = list(itertools.permutations(cards))
            for perm in permutations:
                if perm[0] in operations and perm[1] in operations[perm[0]]:
                    print(""YES"")
                    break
            else:
                print(""NO"")

",False,False,1,0.25
1873A,5,"['for loop', 'while loop', 'recursion', 'tuple', 'if statement']","['for loop', 'if statement', 'hashmap']","['for loop', 'if statement', 'while loop', 'set', 'tuple']","from collections import Counter

def solve():
    t = int(input())
    for _ in range(t):
        cards = input()
        count = Counter(cards)
        if count['a'] == 1 and count['b'] == 1 and count['c'] == 1:
            print(""YES"")
        else:
            print(""NO"")

",False,False,1,0.3333333333333333
1872A,0,['this is the og problem'],"['for loop', 'if statement']","['for loop', 'tuple', 'if statement', 'misc', 'matrix operation']","def solve():
    t = int(input())
    for _ in range(t):
        a, b, c = map(int, input().split())
        x = max(a, b) - min(a, b)
        moves = 0
        if x > c:
            moves += x // c
            if (x % c) > 0:
                moves += 1
        else:
            moves += 1
        print(moves)

",False,True,0,0.0
1872A,1,['matrix operation'],"['if statement', 'for loop']","['for loop', 'tuple', 'if statement', 'misc', 'matrix operation']","def solve():
    t = int(input())
    for _ in range(t):
        a, b, c = map(int, input().split())
        x = max(a, b) - min(a, b)
        if x > c:
            print(int(x / c) + 1)
        elif x == 0:
            print(0)
        else:
            print(1)

",False,True,0,0.0
1872A,2,"['matrix operation', 'continue statement']","['for loop', 'if statement', 'while loop']","['for loop', 'tuple', 'if statement', 'misc', 'matrix operation']","def solve():
    t = int(input())
    for _ in range(t):
        a, b, c = map(int, input().split())
        x = max(a, b) - min(a, b)
        if x == 0:
            print(0)
        elif x <= c:
            print(1)
        else:
            moves = 1
            while x > c:
                moves += 1
                x -= c
            print(moves)

",False,True,1,0.3333333333333333
1872A,3,"['matrix operation', 'continue statement', 'if statement']","['if statement', 'for loop', 'tuple']","['for loop', 'tuple', 'if statement', 'misc', 'matrix operation']","import math

def solve():
    t = int(input())
    for _ in range(t):
        a, b, c = map(int, input().split())
        x = max(a, b) - min(a, b)
        moves = math.ceil(x / c)
        if x % c != 0:
            moves += 1
        print(moves)

",False,False,0,0.0
1872A,4,"['matrix operation', 'continue statement', 'if statement', 'misc']","['for loop', 'if statement']","['for loop', 'tuple', 'if statement', 'misc', 'matrix operation']","import math

def solve():
    t = int(input())
    for _ in range(t):
        a, b, c = map(int, input().split())
        diff = abs(a - b)
        moves = 0
        if diff <= c:
            moves = 1
            a += diff
        else:
            moves = math.ceil(diff / c)
        print(moves)

",False,False,0,0.0
1872A,5,"['matrix operation', 'continue statement', 'if statement', 'misc', 'tuple']","['for loop', 'if statement']","['for loop', 'tuple', 'if statement', 'misc', 'matrix operation']","import math

def solve():
    t = int(input())
    for _ in range(t):
        a, b, c = map(int, input().split())
        x = max(a, b) - min(a, b)
        moves = math.ceil(x / c)
        if x % c != 0:
            moves += 1
        print(moves)

",False,False,0,0.0
1870A,0,['this is the og problem'],['for loop'],"['if statement', 'for loop', 'continue statement', 'while loop', 'tuple', 'matrix operation', 'recursion', 'misc']","from `k` to `x`, we iterate over all possible values `j` from `1` to `min(i, n)` and update `dp[i]` as the maximum of `dp[i]` and `dp[i - j] + j`. Finally, we return the maximum value in `dp` as the answer.

Here is the Python code for the function `solve()`:

",False,True,0,0.0
1870A,1,['misc'],"['dynamic programming', 'for loop', 'if statement', 'tuple']","['if statement', 'for loop', 'continue statement', 'while loop', 'tuple', 'matrix operation', 'recursion', 'misc']","from `k` to `x`, we iterate over the previous numbers `j` from `1` to `min(i, n)` and update `dp[i]` as `max(dp[i], dp[j] + i - j)`. Finally, we return `dp[x]`.

Here is the Python code:

```python
import sys

def solve():
    n, k, x = map(int, input().strip().split())
    dp = [-float('inf')] * (x + 1)
    dp[0] = 0
    dp[1:k] = [-float('inf')] * (k - 1)
    for i in range(k, x + 1):
        for j in range(1, min(i, n) + 1):
            dp[i] = max(dp[i], dp[j] + i - j)
    print(dp[x] if dp[x] != -float('inf') else -1)

",False,True,1,0.25
1870A,2,"['misc', 'for loop']",['for loop'],"['if statement', 'for loop', 'continue statement', 'while loop', 'tuple', 'matrix operation', 'recursion', 'misc']","import math
from collections import defaultdict
from functools import lru_cache

def sieve_of_eratosthenes(n):
    primes = [True] * (n + 1)
    primes[0], primes[1] = False, False
    for i in range(2, int(n ** 0.5) + 1):
        if primes[i]:
            for j in range(i * i, n + 1, i):
                primes[j] = False
    return primes

@lru_cache(maxsize=None)
def mex(n, primes):
    if n in primes:
        return n
    return mex(n - 1, primes) + 1

def solve(n, k, x):
    primes = sieve_of_eratosthenes(x)
    dp = [0] * (n + 1)
    for i in range(1, n + 1):
        for j in range(1, min(i, k) + 1):
            if primes[j]:
                dp[i] = max(dp[i], dp[i - j] + j)
    if dp[-1] > k:
        return -1
    return dp[-1]

",False,False,0,0.0
1870A,3,"['misc', 'for loop', 'break statement']","['if statement', 'for loop', 'if statement', 'for loop', 'misc']","['if statement', 'for loop', 'continue statement', 'while loop', 'tuple', 'matrix operation', 'recursion', 'misc']","from 2 to `n+1`, we iterate from `k` to `x` and update `dp[i]` as the maximum of `dp[i]`, `dp[i - k] + j` (if `dp[i - k]` is not `-1`), and `j` (if `i - k` is greater than `i`). Finally, we return the maximum value in `dp[n:]`.

Here is the Python code:

```python
import sys
input = sys.stdin.readline

def solve():
    n, k, x = map(int, input().split())
    dp = [-1] * (x + 1)
    dp[0] = 0
    for i in range(1, x + 1):
        dp[i] = i

    for _ in range(2, n + 1):
        for j in range(k, x + 1):
            if dp[j - k] != -1:
                dp[j] = max(dp[j], dp[j - k] + j)

    if max(dp[k:]) != -1:
        print(max(dp[k:]))
    else:
        print(-1)

",False,False,0,0.0
1870A,4,"['misc', 'for loop', 'break statement', 'while loop']",['for loop'],"['if statement', 'for loop', 'continue statement', 'while loop', 'tuple', 'matrix operation', 'recursion', 'misc']","from `k` to `x`, we set `dp[i]` to be the maximum of `dp[i]`, `dp[i-1] + j` for all `j` such that `dp[j]` is not `-inf` and `j < i/2`. This is because the MEX of the array must be `k`, and the largest element in the array cannot be more than half of its length (`i`) to ensure that the MEX is still less than `i`. Finally, we return the maximum value in `dp` as the answer.

Here is the Python code:

```python
import sys
from typing import List

def solve(n: int, k: int, x: int) -> int:
    dp = [-float('inf')] * (x + 1)
    dp[0] = 0
    dp[1:k] = [-float('inf')]

    for i in range(k, x + 1):
        for j in range(k, i // 2 + 1):
            if dp[j] != float('-inf'):
                dp[i] = max(dp[i], dp[i - 1] + j)

    return max(dp) if dp[-1] != float('-inf') else -1

",False,False,0,0.0
1870A,5,"['misc', 'for loop', 'break statement', 'while loop', 'if statement']","['for loop', 'if statement', 'break statement', 'dictionary']","['if statement', 'for loop', 'continue statement', 'while loop', 'tuple', 'matrix operation', 'recursion', 'misc']","import math
from collections import defaultdict

def solve():
    t = int(input())
    for _ in range(t):
        n, k, x = map(int, input().split())
        mex = defaultdict(int, {0: -1})
        dp = [0] * (n + 1)
        dp[0] = 0
        for i in range(1, n + 1):
            mex[i] = min(mex[j] for j in range(1, min(i, k) + 1) if mex[j] != 0) + 1
            for j in range(1, min(i, mex[i]) + 1):
                dp[i] = max(dp[i], dp[i - j] + j)
            if dp[i] > x:
                print(-1)
                break
        else:
            print(dp[n])

",False,False,2,0.5
1867A,0,['this is the og problem'],"['if statement', 'for loop', 'set']","['for loop', 'tuple', 'sorting', 'matrix operation', 'if statement', 'dictionary', 'hashmap', 'while loop', 'heap']","from itertools import permutations
import sys

def solve():
    t = int(input())
    for _ in range(t):
        n = int(input())
        a = list(map(int, input().split()))
        max_diff = set()
        for i in range(1, n+1):
            max_diff.add(abs(a[0] - i))
        perms = list(permutations(range(1, n+1)))
        max_perms = []
        for perm in perms:
            diff = set()
            for i in range(n):
                diff.add(abs(a[i] - perm[i]))
            if len(diff & max_diff) == len(max_diff):
                max_perms.append(list(perm))
        if max_perms:
            print(*max_perms[0])
        else:
            print(*a)

",False,True,1,0.3333333333333333
1867A,1,['if statement'],['for loop'],"['for loop', 'tuple', 'sorting', 'matrix operation', 'if statement', 'dictionary', 'hashmap', 'while loop', 'heap']","from itertools import permutations
import operator

def solve():
    t = int(input())
    for _ in range(t):
        n = int(input())
        a = list(map(int, input().split()))
        max_diff = n - 1
        max_count = 0
        max_perm = None
        for perm in permutations(list(range(1, n+1))):
            diff = list(map(operator.sub, a, perm))
            count = len(set(diff))
            if count > max_count:
                max_count = count
                max_diff = diff
                max_perm = perm
        print(*max_perm)

",False,True,0,0.0
1867A,2,"['if statement', 'for loop']",['for loop'],"['for loop', 'tuple', 'sorting', 'matrix operation', 'if statement', 'dictionary', 'hashmap', 'while loop', 'heap']","import itertools
from collections import Counter

def solve():
    t = int(input())
    for _ in range(t):
        n = int(input())
        a = list(map(int, input().split()))
        max_diff = 0
        max_perm = None
        for perm in itertools.permutations(list(range(1, n+1))):
            diff_count = Counter(map(lambda x, y: x - y, a, perm))
            if len(diff_count) > max_diff:
                max_diff = len(diff_count)
                max_perm = list(perm)
        print(*max_perm)

",False,False,0,0.0
1867A,3,"['if statement', 'for loop', 'queue']","['for loop', 'if statement', 'tuple', 'set', 'misc', 'hashmap']","['for loop', 'tuple', 'sorting', 'matrix operation', 'if statement', 'dictionary', 'hashmap', 'while loop', 'heap']","from itertools import permutations
import operator

def solve():
    t = int(input())
    for _ in range(t):
        n = int(input())
        a = list(map(int, input().split()))
        max_diff = len(a)
        max_perm = list(range(1, n+1))
        for perm in permutations(max_perm):
            diff = list(map(operator.sub, a, perm))
            unique_diff = len(set(diff))
            if unique_diff > max_diff:
                max_diff = unique_diff
                max_perm = list(perm)
        print(*max_perm)

",False,False,2,0.3333333333333333
1867A,4,"['if statement', 'for loop', 'queue', 'recursion']",['for loop'],"['for loop', 'tuple', 'sorting', 'matrix operation', 'if statement', 'dictionary', 'hashmap', 'while loop', 'heap']","import itertools
from collections import Counter

def solve():
    t = int(input())
    for _ in range(t):
        n = int(input())
        a = list(map(int, input().split()))
        a.sort()
        max_diff = len(a)
        max_count = 0
        for i in range(1, len(a) + 1):
            if i in a:
                continue
            diff = i - a[0]
            count = Counter(a)
            if diff in count:
                count[diff] -= 1
            else:
                count[diff] = 1
            if count[diff] > max_count:
                max_count = count[diff]
                perm = list(itertools.permutations(list(range(1, n + 1)), n))
                for p in perm:
                    if all(i - j == diff or i == a[0] for i, j in zip(p, a)):
                        print(*p)
                        break
                break
        if max_count == 0:
            print(*a)

",False,False,0,0.0
1867A,5,"['if statement', 'for loop', 'queue', 'recursion', 'hashmap']","['for loop', 'tuple', 'set', 'if statement']","['for loop', 'tuple', 'sorting', 'matrix operation', 'if statement', 'dictionary', 'hashmap', 'while loop', 'heap']","from itertools import permutations
import sys

def solve():
    t = int(input())
    for _ in range(t):
        n = int(input())
        a = list(map(int, input().split()))
        max_diff = n
        max_permutation = list(range(1, n+1))
        for perm in permutations(range(1, n+1)):
            diff = [abs(a[i] - perm[i]) for i in range(n)]
            if len(set(diff)) > len(diff) - max_diff:
                max_diff = len(set(diff))
                max_permutation = list(perm)
        print(*max_permutation)

",False,False,1,0.25
1866A,0,['this is the og problem'],['for loop'],"['if statement', 'for loop', 'tuple', 'set', 'dictionary', 'misc', 'hashmap', 'sorting']","from typing import List

def solve(A: List[int]):
    n = len(A)
    pos_prod = 1
    neg_prod = 1
    neg_indices = []

    for i in range(n):
        if A[i] > 0:
            pos_prod *= A[i]
        elif A[i] < 0:
            neg_prod *= A[i]
            neg_indices.append(i)

    if pos_prod == 0:
        return 0

    for i in range(len(neg_indices) - 1):
        j = neg_indices[i + 1]
        if A[neg_indices[i]] * A[j] == 1:
            for k in range(i + 1, j):
                A[neg_indices[k]] *= -1
            for k in range(i, j - 1, -1):
                A[neg_indices[k]] *= -1
            break

    A[neg_indices[-1]] *= -1
    return n - pos_prod.bit_length() - len(neg_indices)

",False,True,0,0.0
1866A,1,['recursion'],"['if statement', 'for loop']","['if statement', 'for loop', 'tuple', 'set', 'dictionary', 'misc', 'hashmap', 'sorting']","from collections import deque

def solve():
    n = int(input())
    arr = list(map(int, input().split()))
    pos_prod = 1
    neg_prod = 1
    for num in arr:
        if num > 0:
            pos_prod *= num
        elif num < 0:
            neg_prod *= num
        else:
            continue

    if pos_prod == 0:
        print(0)
        return

    q = deque()
    for i, num in enumerate(arr):
        if num < 0:
            q.append((i, num))

    while len(q) > 1:
        i1, num1 = q.popleft()
        i2, num2 = q.popleft()
        if num1 * num2 == 1:
            arr[i1], arr[i2] = arr[i2], arr[i1]
            pos_prod = 1
            neg_prod = 1
            for num in arr:
                if num > 0:
                    pos_prod *= num
                elif num < 0:
                    neg_prod *= num
                else:
                    continue
            if pos_prod == 0:
                break
            q.clear()
            for i, num in enumerate(arr):
                if num < 0:
                    q.append((i, num))
        else:
            q.append((i1, num1))

    print(len(arr) - pos_prod * neg_prod)

",False,True,0,0.0
1866A,2,"['recursion', 'if statement']","['if statement', 'for loop', 'while loop']","['if statement', 'for loop', 'tuple', 'set', 'dictionary', 'misc', 'hashmap', 'sorting']","from math import prod

def solve():
    n = int(input())
    arr = list(map(int, input().split()))

    pos_prod = 1
    neg_prod = 1
    for num in arr:
        if num > 0:
            pos_prod *= num
        elif num < 0:
            neg_prod *= -num

    operations = 0
    while pos_prod * neg_prod != 0:
        if pos_prod != 1:
            pos_prod //= 2
            operations += 1
        if neg_prod != 1:
            neg_prod *= -2
            operations += 1

    return operations

",False,False,1,0.3333333333333333
1866A,3,"['recursion', 'if statement', 'matrix operation']","['if statement', 'for loop', 'misc', 'tuple']","['if statement', 'for loop', 'tuple', 'set', 'dictionary', 'misc', 'hashmap', 'sorting']","from math import prod

def solve():
    n = int(input())
    arr = list(map(int, input().split()))

    pos_prod = 1
    neg_prod = 1
    for num in arr:
        if num > 0:
            pos_prod *= num
        elif num < 0:
            neg_prod *= -num

    if pos_prod == 0:
        return 0

    min_val = min(abs(num) for num in arr)
    operations = 0

    if pos_prod % 2 == 1:
        # If there is an odd number of positive numbers, we need to make one of them zero
        for num in arr:
            if num > 0:
                if num == min_val:
                    operations += abs(num)
                    break

    if neg_prod > 1:
        # If there are multiple negative numbers, we need to make them all zero
        for num in arr:
            if num < 0:
                operations += abs(num)

    return operations

",False,False,0,0.0
1866A,4,"['recursion', 'if statement', 'matrix operation', 'tuple']",['for loop'],"['if statement', 'for loop', 'tuple', 'set', 'dictionary', 'misc', 'hashmap', 'sorting']","from math import prod

def solve():
    n = int(input())
    arr = list(map(int, input().split()))

    pos_prod = 1
    neg_prod = 1
    for num in arr:
        if num > 0:
            pos_prod *= num
        elif num < 0:
            neg_prod *= -num

    operations = 0
    while pos_prod * neg_prod != 0:
        if pos_prod != 1:
            pos_prod //= 2
            operations += 1
        if neg_prod != 1:
            neg_prod *= -2
            operations += 1

    return operations
",False,True,0,0.0
1864A,0,['this is the og problem'],"['if statement', 'for loop', 'tuple']","['for loop', 'if statement', 'while loop', 'tuple', 'heap', 'misc', 'continue statement', 'matrix operation', 'break statement']","import math

def solve():
    t = int(input())
    for _ in range(t):
        x, y, n = map(int, input().split())
        if x >= y or n < 3:
            print(-1)
        else:
            diff = (y - x) / (n - 1)
            step = math.floor(diff)
            if step * (n - 1) != y - x:
                step += 1
            a = [x]
            for _ in range(1, n):
                a.append(a[-1] + step)
            print(*a)

",False,True,0,0.0
1864A,1,['if statement'],"['if statement', 'for loop', 'continue statement', 'heap', 'break statement']","['for loop', 'if statement', 'while loop', 'tuple', 'heap', 'misc', 'continue statement', 'matrix operation', 'break statement']","import heapq
import sys

def solve():
    t = int(input())
    for _ in range(t):
        x, y, n = map(int, input().split())
        if x >= y or n <= 1:
            print(-1)
            continue

        a = [x]
        b = [-1]
        heapq.heappush(b, -(a[0] - x))

        for _ in range(1, n):
            next_val = a[-1] + b[0]
            if next_val > y:
                print(-1)
                break
            a.append(next_val)
            heapq.heappushpop(b, -(next_val - a[-2]))

        print(*a)

",False,False,0,0.0
1864A,2,"['if statement', 'for loop']",['for loop'],"['for loop', 'if statement', 'while loop', 'tuple', 'heap', 'misc', 'continue statement', 'matrix operation', 'break statement']","import math

def solve():
    t = int(input())
    for _ in range(t):
        x, y, n = map(int, input().split())
        if n == 2:
            print(x, y)
        elif n > 2:
            diff = (y - x) / (n - 1)
            step = math.floor(diff)
            if step * (n - 1) != y - x:
                print(-1)
            else:
                print(x, x + step, x + 2 * step, y)
        else:
            print(-1)

",False,False,0,0.0
1864A,3,"['if statement', 'for loop', 'while loop']","['if statement', 'for loop', 'tuple', 'misc']","['for loop', 'if statement', 'while loop', 'tuple', 'heap', 'misc', 'continue statement', 'matrix operation', 'break statement']","import math

def solve():
    t = int(input())
    for _ in range(t):
        x, y, n = map(int, input().split())
        if n == 2:
            print(x, y)
        elif n > 2:
            diff = (y - x) / (n - 1)
            step = math.floor(diff)
            if step * (n - 1) != y - x:
                print(-1)
            else:
                print(x, x + step, x + 2 * step, y)
        else:
            print(-1)

",False,False,0,0.0
1863A,0,['this is the og problem'],['for loop'],"['for loop', 'if statement', 'continue statement', 'matrix operation', 'while loop', 'misc', 'queue', 'hashmap', 'tuple']","def solve():
    for _ in range(int(input())):
        n, a, q = map(int, input().split())
        online = [0] * (n + 1)
        online[a] = 1
        for _ in input():
            online[0] += 1 if _ == '+' else -1
            online[n] -= 1 if _ == '+' else 0
            online[1:] = online[1:] + online[:-1]
            if online[-1] >= n:
                print(""YES"")
                break
            if online[0] < a:
                print(""NO"")
                break
        else:
            print(""MAYBE"")

",False,True,0,0.0
1863A,1,['for loop'],"['for loop', 'if statement', 'queue', 'misc']","['for loop', 'if statement', 'continue statement', 'matrix operation', 'while loop', 'misc', 'queue', 'hashmap', 'tuple']","from collections import deque

def solve():
    t = int(input())
    for _ in range(t):
        n, a, q = map(int, input().split())
        online = deque([a])
        for _ in range(q):
            online.append(online[0] + (1 if input()[0] == '+' else -1))
            online.popleft()
        if online[0] >= n:
            print(""YES"")
        elif online[0] < n:
            print(""NO"")
        else:
            print(""MAYBE"")

",False,False,0,0.0
1863A,2,"['for loop', 'tuple']","['if statement', 'misc']","['for loop', 'if statement', 'continue statement', 'matrix operation', 'while loop', 'misc', 'queue', 'hashmap', 'tuple']","from collections import defaultdict

def solve(n, a, q, notifications):
    online, read = a, a
    for notification in notifications:
        if notification == '+':
            online += 1
            read += 1
        else:
            online -= 1
    if online == n:
        print(""YES"")
    elif online < n:
        print(""NO"")
    else:
        print(""MAYBE"")

",False,True,0,0.0
1863A,3,"['for loop', 'tuple', 'recursion']","['for loop', 'if statement', 'set', 'queue', 'break statement']","['for loop', 'if statement', 'continue statement', 'matrix operation', 'while loop', 'misc', 'queue', 'hashmap', 'tuple']","from collections import deque

def solve():
    t = int(input())
    for _ in range(t):
        n, a, q = map(int, input().split())
        online = deque([a])
        subscribers = set(range(1, n+1))
        notifications = list(input())

        for i in notifications:
            if i == '+':
                online.append(online[0])
                online.popleft()
            else:
                online.popleft()

            if len(online) == 0:
                print(""NO"")
                break

            if len(online) == len(subscribers):
                print(""YES"")
                break

            subscribers -= online

        if len(subscribers) == 0:
            print(""YES"")
        elif len(online) == 0:
            print(""MAYBE"")
        else:
            print(""MAYBE"")
",False,False,2,0.4
1863A,4,"['for loop', 'tuple', 'recursion', 'if statement']","['if statement', 'for loop', 'dictionary', 'hashmap']","['for loop', 'if statement', 'continue statement', 'matrix operation', 'while loop', 'misc', 'queue', 'hashmap', 'tuple']","from collections import defaultdict

def solve():
    t = int(input())
    for _ in range(t):
        n, a, q = map(int, input().split())
        online = defaultdict(int)
        online[a] = 1
        notifications = input()
        last_online = a
        for notification in notifications:
            if notification == '+':
                online[last_online + 1] = 1
            else:
                del online[last_online]
            last_online = sum(online.values())
        if last_online == n:
            print(""YES"")
        elif last_online < n:
            print(""NO"")
        else:
            print(""MAYBE"")

",False,False,1,0.25
1863A,5,"['for loop', 'tuple', 'recursion', 'if statement', 'while loop']","['if statement', 'for loop', 'queue', 'misc']","['for loop', 'if statement', 'continue statement', 'matrix operation', 'while loop', 'misc', 'queue', 'hashmap', 'tuple']","from collections import deque

def solve():
    t = int(input())
    for _ in range(t):
        n, a, q = map(int, input().split())
        online = deque([a])
        subscribers = list(range(1, n+1))
        notifications = input()

        for i in range(q):
            if notifications[i] == '+':
                online.append(online.popleft() + 1)
            else:
                online.popleft()

        if len(online) == n:
            print(""YES"")
        elif len(set(online)) != 1:
            print(""NO"")
        else:
            print(""MAYBE"")

",False,False,0,0.0
1862B,0,['this is the og problem'],"['for loop', 'if statement']","['for loop', 'if statement', 'tuple', 'misc', 'continue statement', 'matrix operation', 'while loop']","import sys

def solve():
    t = int(input())
    for _ in range(t):
        n = int(input())
        b = list(map(int, input().split()))
        a = [0] * (2 * n)
        for i in range(n):
            a[i] = b[i]
        for i in range(n, 2 * n):
            if i - n >= 1 and a[i - n] <= a[i]:
                a[i] = a[i - n] + 1
        print(2 * n)
        print(*a)

",False,True,0,0.0
1862B,1,['for loop'],"['if statement', 'for loop', 'recursion', 'back tracking']","['for loop', 'if statement', 'tuple', 'misc', 'continue statement', 'matrix operation', 'while loop']","import sys

def solve(b):
    def is_valid(a):
        if len(a) < len(b) or len(a) > 2 * len(b):
            return False
        a_i = [a[i] for i in range(1, len(a)) if a[i - 1] <= a[i]]
        return a[0] == b[0] and a_i == b[1:]

    def find_sequence(i, a):
        if i == len(b):
            return True
        for j in range(i, len(a)):
            if b[i] == a[j] and find_sequence(i + 1, a[:j] + a[j + 1:]):
                return True
        return False

    def backtrack(i, a):
        if i == len(b):
            return True
        for j in range(i, len(a)):
            if b[i] <= a[j] and not any(a[k] > a[j] for k in range(i, j)):
                a[i] = b[i]
                if backtrack(i + 1, a):
                    return True
                a[i] = 0
        return False

    max_len = 2 * len(b)
    for m in range(len(b), max_len + 1):
        a = [0] * m
        if find_sequence(0, a):
            a[0] = b[0]
            backtrack(1, a)
            if is_valid(a):
                print(m)
                print(*a)
                return
    print(-1)

",False,False,2,0.5
1862B,2,"['for loop', 'recursion']",['for loop'],"['for loop', 'if statement', 'tuple', 'misc', 'continue statement', 'matrix operation', 'while loop']","import heapq

def solve():
    n = int(input())
    b = list(map(int, input().split()))
    heap = b[:]
    heapq.heapify(heap)
    m = len(b)
    while heap and m < 2 * len(heap):
        heapq.heappop(heap)
        m += 1
    a = [0] * m
    for i in range(m):
        a[i] = heap[0]
        if i < len(b) and b[i] == a[i]:
            heapq.heappop(heap)
            if heap:
                a[i + 1] = heap[0]
    print(m)
    print(*a)

# Test cases
",False,False,0,0.0
1862B,3,"['for loop', 'recursion', 'break statement']",['for loop'],"['for loop', 'if statement', 'tuple', 'misc', 'continue statement', 'matrix operation', 'while loop']","import heapq

def solve():
    while True:
        n = int(input())
        if not n:
            break
        sequence = list(map(int, input().split()))
        heap = []
        for num in sequence:
            heapq.heappush(heap, num)
        new_sequence = []
        while heap and heap[0] <= heap[1]:
            new_sequence.append(heapq.heappop(heap))
        if not new_sequence:
            print(f""0"")
        else:
            max_len = 2 * len(new_sequence)
            for _ in range(len(new_sequence), max_len):
                new_sequence.append(new_sequence[-1])
            print(f""{len(new_sequence)}\n{' '.join(map(str, new_sequence))}"")

",False,False,0,0.0
1862B,4,"['for loop', 'recursion', 'break statement', 'while loop']","['queue', 'heap', 'if statement', 'while loop', 'dictionary']","['for loop', 'if statement', 'tuple', 'misc', 'continue statement', 'matrix operation', 'while loop']","from collections import deque, defaultdict, Counter
import heapq

def solve():
    t = int(input())
    for _ in range(t):
        n = int(input())
        b = list(map(int, input().split()))
        if len(b) == 1:
            print(1)
            print(b[0])
            continue

        # Maintain a deque of elements in the sequence
        d = deque(b)
        # Maintain a counter of each element in the sequence
        c = Counter(b)
        # Maintain a heap of elements that are greater than their previous element
        h = []
        for i in range(len(b)):
            if i == 0 or d[i] > d[i - 1]:
                heapq.heappush(h, d[i])
            if i > 0 and d[i] < d[i - 1]:
                # If an element is less than its previous element, we add the remaining elements of the heap to the sequence
                while h and d[i] < h[0]:
                    d.append(heapq.heappop(h))
                # If the current element is less than the first element of the heap, we remove it
                if d[i] < h[0]:
                    heapq.heappop(h)

        # If the length of the sequence is less than n, we add the remaining elements to the sequence
        while d and len(d) < n:
            heapq.heappush(h, d.popleft())
        # If the length of the sequence is greater than n, we remove the extra elements
        while d and len(d) > 2 * n:
            d.popleft()

        # Print the length and the sequence
        print(len(d) + 1)
        print(*d)

",False,False,3,0.6
1862A,0,['this is the og problem'],"['for loop', 'if statement', 'hashmap', 'set', 'misc']","['for loop', 'if statement', 'break statement', 'matrix operation', 'tuple', 'while loop', 'misc', 'set']","from collections import defaultdict

def solve():
    t = int(input())
    for _ in range(t):
        n, m = map(int, input().split())
        carpet = [input() for _ in range(n)]
        columns = defaultdict(list)
        for row in carpet:
            for i, char in enumerate(row):
                columns[i].append(char)
        vika_columns = set(['v', 'i', 'k', 'a'])
        found = set()
        for column in columns:
            if column[0] in vika_columns and column[0] not in found:
                found.add(column[0])
                if len(found) == 1:
                    continue
                if all(col not in found for col in column[1:]):
                    for char in column[1:]:
                        if char in vika_columns:
                            found.add(char)
                    if len(found) == 4:
                        print(""YES"")
                        break
        else:
            print(""NO"")

",False,True,1,0.2
1862A,1,['if statement'],"['for loop', 'if statement', 'dictionary']","['for loop', 'if statement', 'break statement', 'matrix operation', 'tuple', 'while loop', 'misc', 'set']","from collections import Counter

def solve():
    t = int(input())
    for _ in range(t):
        n, m = map(int, input().split())
        carpet = [input() for _ in range(n)]
        letters = Counter(sum(carpet, []))
        if all(letters[letter] >= 1 for letter in ""vikaa"") and len(letters) >= 4:
            print(""YES"")
        else:
            print(""NO"")

",False,False,1,0.3333333333333333
1862A,2,"['if statement', 'for loop']","['for loop', 'if statement', 'matrix operation', 'hashmap']","['for loop', 'if statement', 'break statement', 'matrix operation', 'tuple', 'while loop', 'misc', 'set']","from collections import Counter
import re

def solve(input_data):
    for test_case in input_data:
        n, m = map(int, test_case[0].split())
        carpet = [list(line) for line in itertools.islice(input_data, n)]
        if all(re.search(r'v', col) and re.search(r'i', col) and re.search(r'k', col) and re.search(r'a', col) for col in zip(*carpet)):
            print(""YES"")
        else:
            print(""NO"")

",False,False,1,0.25
1862A,3,"['if statement', 'for loop', 'matrix operation']","['for loop', 'if statement', 'matrix operation']","['for loop', 'if statement', 'break statement', 'matrix operation', 'tuple', 'while loop', 'misc', 'set']","import collections
import re

def solve():
    t = int(input())
    for _ in range(t):
        n, m = map(int, input().split())
        carpet = [input() for _ in range(n)]
        vika_pattern = re.compile(r'v?i?k?a?')
        if vika_pattern.findall(''.join(carpet[i] for i in range(4))):
            print(""YES"")
        else:
            print(""NO"")

",False,False,0,0.0
1862A,4,"['if statement', 'for loop', 'matrix operation', 'misc']",['for loop'],"['for loop', 'if statement', 'break statement', 'matrix operation', 'tuple', 'while loop', 'misc', 'set']","import collections
import re

def solve(input_data):
    for test_case in input_data:
        n, m = map(int, test_case[0].split())
        carpet = [list(line) for line in test_case[1:]]
        vika_pattern = re.compile(r'v?i?k?a?')
        if vika_pattern.findall(''.join(collections.ChainMap(*(map(tuple, zip(*carpet))))) == ['v', 'i', 'k', 'a']:
            print(""YES"")
        else:
            print(""NO"")

",False,False,0,0.0
1861A,0,['this is the og problem'],"['while loop', 'continue statement', 'pass statement', 'match statement', 'recursion']","['for loop', 'if statement', 'while loop', 'break statement', 'misc']","from itertools import permutations

def is_prime(n):
    if n < 2:
        return False
    if n == 2:
        return True
    if n % 2 == 0:
        return False
    for i in range(3, int(n**0.5) + 1, 2):
        if n % i == 0:
            return False
    return True

def solve():
    t = int(input())
    for _ in range(t):
        sequence = input()
        perms = list(permutations(sequence))
        for perm in perms:
            num = int(''.join(str(digit) for digit in perm))
            if is_prime(num) and len(perm) > 2:
                print(' '.join(str(digit) for digit in perm))
                break
        else:
            print(-1)

",False,True,4,0.8
1861A,1,['break statement'],['for loop'],"['for loop', 'if statement', 'while loop', 'break statement', 'misc']","from itertools import permutations

def is_prime(n):
    if n < 2:
        return False
    if n == 2:
        return True
    if n % 2 == 0:
        return False
    for i in range(3, int(n**0.5) + 1, 2):
        if n % i == 0:
            return False
    return True

def solve():
    t = int(input())
    for _ in range(t):
        digits = list(map(int, input()))
        perms = list(permutations(digits))
        for perm in perms:
            num = int(''.join(map(str, perm)))
            if is_prime(num) and len(perm) > 2:
                print(list(map(str, perm)))
                break
        else:
            print(-1)

",False,True,0,0.0
1861A,2,"['break statement', 'matrix operation']",['for loop'],"['for loop', 'if statement', 'while loop', 'break statement', 'misc']","from collections import Counter
from math import sqrt

def is_prime(n):
    if n <= 1 or (n % 2 == 0 and n > 2):
        return False
    for i in range(3, int(sqrt(n)) + 1, 2):
        if n % i == 0:
            return False
    return True

def solve():
    n = input()
    counter = Counter(n)
    operations = 0

    for digit in sorted(counter, reverse=True):
        if digit == 1:
            continue
        if counter[digit] > 1:
            counter[digit] -= 2
            operations += 1
        else:
            break

    if operations == 0:
        print(-1)
        return

    sequence = ''.join(str(digit) * counter[digit] for digit in sorted(counter.keys()))
    if is_prime(int(sequence)):
        print(sequence)
    else:
        print(-1)

",False,True,0,0.0
1861A,3,"['break statement', 'matrix operation', 'if statement']","['for loop', 'if statement', 'continue statement']","['for loop', 'if statement', 'while loop', 'break statement', 'misc']","from itertools import permutations
from math import sqrt

def is_prime(n):
    if n <= 1 or (n % 2 == 0 and n > 2):
        return False
    for i in range(3, int(sqrt(n)) + 1):
        if n % i == 0:
            return False
    return True

def solve():
    for perm in permutations(range(1, 10)):
        num = int(''.join(map(str, perm)))
        if num < 2 or num > 987654321:
            continue
        if is_prime(num):
            print(num)
            return
        for i in range(len(str(num)) - 1, 0, -1):
            if num - 10 * (perm[i] - 1) >= 10 * (perm[i - 1] - 1):
                num -= 10 * (perm[i] - 1)
                perm[i - 1] -= 1
                if is_prime(num):
                    print(''.join(map(str, perm)))
                    return
            num += 10 * (perm[i] - 1)
    print(-1)

",False,False,1,0.3333333333333333
1861A,4,"['break statement', 'matrix operation', 'if statement', 'for loop']",['for loop'],"['for loop', 'if statement', 'while loop', 'break statement', 'misc']","from math import gcd

def gcd_extended(a, b):
    if a == 0:
        return (b, 0, 1)
    else:
        g, y, x = gcd_extended(b % a, a)
        return (g, x - (b // a) * y, y)

def prime_deletion(s):
    if len(s) == 2:
        return -1

    digits = list(map(int, s))
    for i in range(len(digits)):
        for j in range(i+1, len(digits)):
            g, x, y = gcd_extended(digits[i], digits[j])
            if g > 1 and x < 0:
                digits[i], digits[j] = digits[j], digits[i]
                break

    for digit in digits:
        if digit == 1 or digit == 2:
            continue
        for i in range(len(digits)):
            if digits[i] == digit:
                del digits[i]
                break
        else:
            digits.append(digit)
            digits.sort()
            digits = digits[:10]
            break

    if len(digits) == 2:
        return -1

    for i in range(len(digits) - 1):
        if digits[i] + digits[i+1] <= 3 or digits[i] * digits[i+1] > 99:
            return digits

    return digits

def solve():
    t = int(input())
    for _ in range(t):
        s = input()
        print(prime_deletion(s))

",False,False,0,0.0
1861A,5,"['break statement', 'matrix operation', 'if statement', 'for loop', 'recursion']","['if statement', 'for loop', 'dictionary', 'recursion', 'misc']","['for loop', 'if statement', 'while loop', 'break statement', 'misc']","from collections import Counter
from math import sqrt

def is_prime(n):
    if n <= 1 or (n % 2 == 0 and n > 2):
        return False
    for i in range(3, int(sqrt(n)) + 1, 2):
        if n % i == 0:
            return False
    return True

def solve():
    n = int(''.join(input().strip()))
    if n < 10 or n > 987654321:
        print(-1)
        return

    count = Counter(str(n))
    for digit in '13579':
        if count[digit] > 1:
            count[digit] -= 1
            if is_prime(int(''.join(map(str, sorted(count.elements()))))):
                print(''.join(map(str, sorted(count.elements()))))
                return
            count[digit] += 1
    print(-1)

",False,False,2,0.4
1859A,0,['this is the og problem'],"['for loop', 'if statement', 'break statement', 'sorting']","['for loop', 'if statement', 'while loop', 'set', 'sorting', 'tuple', 'continue statement', 'hashmap', 'matrix operation', 'dictionary', 'misc']","import itertools
import math

def solve():
    t = int(input())
    for _ in range(t):
        n = int(input())
        a = list(map(int, input().split()))
        a.sort()
        b, c = [], []
        for i in range(1, n + 1):
            for j in range(1, i):
                if a[i - 1] % j == 0:
                    break
            else:
                b.append(a[i - 1])
                c.append(i)
        if not c:
            print(-1)
        else:
            print(len(b), len(c))
            print(*b)
            print(*c)

",False,True,1,0.25
1859A,1,['sorting'],"['if statement', 'for loop', 'recursion', 'hashmap', 'depth first search', 'back tracking']","['for loop', 'if statement', 'while loop', 'set', 'sorting', 'tuple', 'continue statement', 'hashmap', 'matrix operation', 'dictionary', 'misc']","import math

def sieve_of_eratosthenes(limit):
    primes = [True] * (limit + 1)
    primes[0], primes[1] = False, False
    for i in range(2, int(math.sqrt(limit)) + 1):
        if primes[i]:
            for j in range(i * i, limit + 1, i):
                primes[j] = False
    return primes

def find_partition(a, primes):
    n = len(a)
    b, c, used = [], [], [False] * n

    def dfs(i, cur_len, cur_sum):
        if cur_len > n:
            return
        if cur_len == n:
            if all(not any(cur_sum % b[j] for j in range(cur_len))):
                return b, c
        for j in range(i, n):
            if not used[j] and primes[a[j]] and not any(a[j] % b[k] for k in range(cur_len)):
                used[j] = True
                dfs(j + 1, cur_len + 1, cur_sum + a[j])
                used[j] = False

    dfs(0, 0, 0)

    if len(b) == 0:
        return -1
    return b, c

def solve():
    t = int(input())
    for _ in range(t):
        n = int(input())
        a = list(map(int, input().split()))
        primes = sieve_of_eratosthenes(max(a))
        b, c = find_partition(a, primes)
        if b:
            print(len(b), len(c))
            print(*b)
            print(*c)
        else:
            print(-1)

",False,True,3,0.5
1859A,2,"['sorting', 'if statement']",['for loop'],"['for loop', 'if statement', 'while loop', 'set', 'sorting', 'tuple', 'continue statement', 'hashmap', 'matrix operation', 'dictionary', 'misc']","import math
import itertools

def solve(a):
    n = len(a)
    if all(a[i] % j != 0 for i in range(1, n) for j in a[:i]):
        b, c = [], []
        for i in range(1, n + 1):
            if i not in {j for j in b + c}:
                b.append(a[i])
                c.append(sum(b))
                b.append(a[i] + sum(b))
        return 3, b, c
    return -1

",False,True,0,0.0
1859A,3,"['sorting', 'if statement', 'for loop']",[],"['for loop', 'if statement', 'while loop', 'set', 'sorting', 'tuple', 'continue statement', 'hashmap', 'matrix operation', 'dictionary', 'misc']",,False,True,0,0.0
1859A,4,"['sorting', 'if statement', 'for loop', 'recursion']",['for loop'],"['for loop', 'if statement', 'while loop', 'set', 'sorting', 'tuple', 'continue statement', 'hashmap', 'matrix operation', 'dictionary', 'misc']","import sys
from collections import defaultdict

def solve():
    input = input().split('\n')
    cases = int(input[0])

    for _ in range(cases):
        n = int(input[1])
        a = list(map(int, input[2].split()))

        if all(a[i] % a[j] != 0 for i in range(1, n) for j in range(i + 1, n)):
            print(-1)
        else:
            uf = UnionFind(n)
            count = defaultdict(int)
            for num in a:
                root = uf.find(num)
                if count[root] == 0:
                    count[root] = 1
                    uf.union(num, -1)
                else:
                    uf.union(num, root)

            b, c = [], []
            for num in a:
                if uf.parent[num] == -1:
                    c.append(num)
                else:
                    b.append(uf.parent[num])

            print(len(b), len(c))
            print(*b, *c, sep='\n')

",False,False,0,0.0
1858A,0,['this is the og problem'],"['if statement', 'recursion']","['for loop', 'if statement', 'tuple', 'while loop', 'misc']","from sys import stdin, setrecursionlimit
setrecursionlimit(10000)

def solve(a, b, c):
    if not (a or b):
        return ""First"" if c else ""Second""
    if a > b:
        a, b = b, a
    if a + c >= b:
        return ""First""
    return ""Second""

",False,True,1,0.5
1858A,1,['for loop'],"['for loop', 'if statement', 'tuple', 'misc']","['for loop', 'if statement', 'tuple', 'while loop', 'misc']","from collections import deque
import sys

def solve():
    t = int(input())
    for _ in range(t):
        a, b, c = map(int, input().split())
        if a > b:
            winner = ""First"" if a + c > b + c else ""Second""
        elif a < b:
            winner = ""First"" if a + c < b + c else ""Second""
        else:
            if c > 0:
                winner = ""First""
            else:
                winner = ""Second""
        print(winner)

",False,False,0,0.0
1858A,2,"['for loop', 'if statement']","['if statement', 'for loop', 'tuple', 'misc']","['for loop', 'if statement', 'tuple', 'while loop', 'misc']","from collections import deque
import sys

def solve():
    t = int(input())
    for _ in range(t):
        a, b, c = map(int, input().split())
        if a > b:
            winner = ""First"" if a + c > b + c else ""Second""
        elif a < b:
            winner = ""First"" if a + c > c else ""Second""
        else:
            if c > a:
                winner = ""First""
            elif c == a:
                winner = ""Second""
            else:
                winner = ""First""
        print(winner)

",False,False,0,0.0
1858A,3,"['for loop', 'if statement', 'while loop']",['for loop'],"['for loop', 'if statement', 'tuple', 'while loop', 'misc']","from collections import deque
import sys

def solve():
    t = int(input())
    for _ in range(t):
        a, b, c = map(int, input().split())
        if a > b:
            winner = ""First"" if a + c > b + c else ""Second""
        elif a < b:
            winner = ""First"" if a + c > c else ""Second""
        else:
            if c > 0:
                winner = ""First"" if a + c > b + c else ""Second""
            else:
                q = deque([(0, 0, 1)])
                visited = set()
                while q:
                    turn, anna_turn, katie_turn = q.popleft()
                    if turn == a + b:
                        print(""First"")
                        break
                    if (turn, anna_turn, katie_turn) in visited:
                        continue
                    visited.add((turn, anna_turn, katie_turn))
                    next_turn = turn + 1
                    if next_turn <= a:
                        q.append((next_turn, anna_turn + 1, katie_turn))
                    if next_turn <= b:
                        q.append((next_turn, anna_turn, katie_turn + 1))
                    q.append((next_turn, anna_turn, katie_turn))
                else:
                    print(""Second"")

",True,False,0,0.0
1858A,4,"['for loop', 'if statement', 'while loop', 'tuple']","['if statement', 'for loop']","['for loop', 'if statement', 'tuple', 'while loop', 'misc']","from collections import defaultdict

def solve():
    t = int(input())
    for _ in range(t):
        a, b, c = map(int, input().split())
        if a > b:
            print(""First"")
        elif a < b:
            print(""Second"")
        else:
            # If both have the same number of buttons, the game can be decided by checking if the sum of the buttons that can be pressed by both is even or odd.
            # If it's even, Anna can win by always pressing a button that can be pressed by both on her turns.
            # If it's odd, Katie can win by always pressing a button that can only be pressed by her on her turns.
            if (a + c) % 2 == 0:
                print(""First"")
            else:
                print(""Second"")

",False,False,0,0.0
1857A,0,['this is the og problem'],"['for loop', 'if statement', 'continue statement', 'dictionary', 'hashmap', 'misc']","['for loop', 'if statement', 'matrix operation', 'tuple', 'misc']","from collections import Counter
import functools

def solve():
    t = int(input())
    for _ in range(t):
        n = int(input())
        a = list(map(int, input().split()))
        odd_count = sum(1 for x in a if x % 2)
        if odd_count % 2 == 1:
            print(""YES"")
            continue
        odd_sum = sum(x for x in a if x % 2)
        counter = Counter(a)
        for key in counter.keys():
            if counter[key] > 1:
                if key % 2 == 1:
                    if functools.reduce(lambda x, y: x + y, [(key - k) for k in counter.keys() if k != key], 0) % 2 == 0:
                        print(""YES"")
                        break
                else:
                    if functools.reduce(lambda x, y: x + y, [(k + key) for k in counter.keys() if k != key], 0) % 2 == 0:
                        print(""YES"")
                        break
        else:
            print(""NO"")

",False,True,3,0.5
1857A,1,['for loop'],['for loop'],"['for loop', 'if statement', 'matrix operation', 'tuple', 'misc']","from collections import defaultdict
from itertools import chain, combinations
from functools import reduce

def solve():
    for _ in range(int(input())):
        n = int(input())
        a = list(map(int, input().split()))
        graph = defaultdict(set)
        for i in range(n):
            for j in range(1, 61):
                if (sum(a) - a[i] - j) % 2 == 0:
                    graph[a[i]].add(j)
                    graph[sum(a) - a[i - 1] - j].add(a[i - 1])
        if all(len(graph[x]) % 2 == 0 for x in graph):
            print(""YES"")
        else:
            print(""NO"")

",False,False,0,0.0
1857A,2,"['for loop', 'recursion']","['recursion', 'hashmap']","['for loop', 'if statement', 'matrix operation', 'tuple', 'misc']","import math
from collections import defaultdict

def find(x):
    if x != parents[x]:
        parents[x] = find(parents[parents[x]])
    return parents[x]

def union(x, y):
    root_x = find(x)
    root_y = find(y)

    if root_x == root_y:
        return False

    if size[root_x] < size[root_y]:
        parents[root_x] = root_y
        size[root_y] += size[root_x]
    else:
        parents[root_y] = root_x
        size[root_x] += size[root_y]

    return True

def solve():
    n = int(input())
    a = list(map(int, input().split()))
    odd_sum = 0
    even_sum = 0
    parents = list(range(n))
    size = [1] * n

    for num in a:
        if num % 2 == 1:
            odd_sum += num
        else:
            even_sum += num

    if odd_sum == 0:
        print(""YES"")
        return

    union_map = defaultdict(list)
    for i in range(n):
        root = find(i)
        union_map[root].append(a[i])

    for root, nums in union_map.items():
        if len(nums) > 1:
            for i in range(len(nums) - 1):
                for j in range(i + 1, len(nums)):
                    if nums[i] + nums[j] & 1 == 0:
                        union(root, find(nums[i] ^ nums[j]))

    for root in union_map:
        if len(union_map[root]) == 1:
            print(""NO"")
            return

    print(""YES"")

",True,False,2,1.0
1857A,3,"['for loop', 'recursion', 'while loop']","['for loop', 'if statement', 'dictionary']","['for loop', 'if statement', 'matrix operation', 'tuple', 'misc']","from collections import defaultdict

def solve():
    for _ in range(int(input())):
        n = int(input())
        arr = list(map(int, input().split()))
        odd_sum = 0
        even_sum = 0
        odd_set = defaultdict(int)
        even_set = defaultdict(int)

        for num in arr:
            if num & 1:
                if odd_set[num] == 0:
                    odd_sum += num
                    odd_set[num] = num
                else:
                    odd_set[num] = odd_set[num] | num
            else:
                if even_set[num] == 0:
                    even_sum += num
                    even_set[num] = num
                else:
                    even_set[num] = even_set[num] | num

        if odd_sum == even_sum or (odd_sum and even_sum):
            print(""YES"")
        else:
            print(""NO"")

",False,False,1,0.3333333333333333
1857A,4,"['for loop', 'recursion', 'while loop', 'tuple']","['for loop', 'if statement', 'dictionary', 'set', 'graph', 'graph traversal']","['for loop', 'if statement', 'matrix operation', 'tuple', 'misc']","import sys
from collections import defaultdict
from itertools import combinations

def solve():
    for _ in range(int(input())):
        n = int(input())
        a = list(map(int, input().split()))

        graph = defaultdict(list)
        for i in range(n):
            for j in range(i+1, n):
                if abs(a[i] - a[j]) % 2 == 0:
                    graph[a[i]].append(a[j])
                    graph[a[j]].append(a[i])

        matches = []
        for i in range(1, 51):
            for j in combinations(graph[i], n//2):
                if len(j) == n//2 and all(len(graph[x]) >= 2 for x in j):
                    matches.append((i, j))

        if matches:
            coloring = [0] * n
            for color, subset in matches[0]:
                for i in subset:
                    coloring[i] = color
            print(""YES"")
        else:
            print(""NO"")

",False,False,4,0.6666666666666666
1856A,0,['this is the og problem'],"['for loop', 'while loop', 'break statement']","['for loop', 'tuple', 'if statement', 'while loop', 'break statement', 'misc', 'Kadanes algorithm', 'continue statement']","import sys
import itertools

def solve():
    t = int(input())
    for _ in range(t):
        n = int(input())
        a = list(map(int, input().split()))
        operations = 0
        while True:
            next_a = list(itertools.accumulate(a, max, 0))
            if next_a == a:
                break
            a = next_a
            operations += 1
        print(operations)

",False,True,0,0.0
1856A,1,['if statement'],"['for loop', 'while loop', 'heap']","['for loop', 'tuple', 'if statement', 'while loop', 'break statement', 'misc', 'Kadanes algorithm', 'continue statement']","import sys
import heapq

def solve():
    cases = int(input())
    for _ in range(cases):
        n = int(input())
        a = list(map(int, input().split()))
        heapq.heapify(a)
        operations = 0
        while len(a) > 1:
            operations += 1
            a[1] -= 1
            heapq.heappush(a, heapq.heappop(a))
        print(operations)

",False,True,1,0.3333333333333333
1856A,2,"['if statement', 'matrix operation']",['for loop'],"['for loop', 'tuple', 'if statement', 'while loop', 'break statement', 'misc', 'Kadanes algorithm', 'continue statement']","import heapq

def solve():
    while True:
        operations = 0
        n = int(input())
        a = list(map(int, input().split()))
        heap = a[:]
        heapq.heapify(heap)

        for i in range(n):
            if heap[0] != a[i]:
                a[i] = max(0, a[i] - 1)
                operations += 1
                heapq.heappop(heap)

        if heapq.is_heap(a):
            break

        operations += len(heap)

    print(operations)

",False,True,0,0.0
1856A,3,"['if statement', 'matrix operation', 'for loop']","['for loop', 'while loop', 'heap']","['for loop', 'tuple', 'if statement', 'while loop', 'break statement', 'misc', 'Kadanes algorithm', 'continue statement']","import sys
import heapq

def solve():
    t = int(input())
    for _ in range(t):
        n = int(input())
        a = list(map(int, input().split()))
        heap = a[:]
        count = 0
        while heap:
            heapq.heapify(heap)
            next_max = heapq.heappop(heap)
            for i in range(len(heap)):
                heap[i] = max(0, heap[i] - 1)
            count += next_max - heapq.heappop(heap)
        print(count)

",False,False,1,0.3333333333333333
1856A,4,"['if statement', 'matrix operation', 'for loop', 'while loop']","['if statement', 'while loop', 'heap', 'misc']","['for loop', 'tuple', 'if statement', 'while loop', 'break statement', 'misc', 'Kadanes algorithm', 'continue statement']","import heapq

def solve():
    n = int(input())
    a = list(map(int, input().split()))
    heapq.heapify(a)
    count = 0
    while len(a) > 1:
        _ = heapq.heappop(a)
        count += 1
        heapq.heappush(a, max(0, a[0] - 1))
    print(count)

",True,False,1,0.25
1856A,5,"['if statement', 'matrix operation', 'for loop', 'while loop', 'recursion']","['for loop', 'while loop', 'heap']","['for loop', 'tuple', 'if statement', 'while loop', 'break statement', 'misc', 'Kadanes algorithm', 'continue statement']","import heapq

def solve():
    T = int(input())
    for _ in range(T):
        n = int(input())
        a = list(map(int, input().split()))
        heapq.heapify(a)
        operations = 0
        while len(a) > 1:
            _ = heapq.heappop(a)
            operations += 1
            heapq.heappush(a, max(0, a[0] - 1))
        print(operations)

",False,False,1,0.3333333333333333
1855A,0,['this is the og problem'],['for loop'],"['while loop', 'if statement', 'for loop', 'misc', 'tuple']","from itertools import permutations

def solve():
    t = int(input())
    for _ in range(t):
        n = int(input())
        p = list(map(int, input().split()))
        p = list(permutations(range(1, n+1)))[0]  # Generate the permutation of range(1, n+1)
        p = list(map(list, p))  # Convert the permutation to a list of lists
        p = [list(i) for i in p]  # Convert the tuples to lists
        p = [list(j) for j in zip(*p)]  # Transpose the list of lists to get the original permutation
        p = [list(i) for i in p]  # Convert the tuples to lists again
        p = [list(map(int, i)) for i in p]  # Convert the lists to integers
        p = [list(j) for j in zip(*p)]  # Transpose the list of lists to get the original permutation
        p = [list(i) for i in p]  # Convert the tuples to lists again
        p = [i for i in p if i != p[0]]  # Remove the first permutation (identity permutation)
        min_moves = len(p)  # The minimum number of moves is the number of swaps needed to get a different permutation
        print(min_moves if min_moves > 0 else 0)

",False,True,0,0.0
1855A,1,['hashmap'],['for loop'],"['while loop', 'if statement', 'for loop', 'misc', 'tuple']","from collections import defaultdict

def solve():
    t = int(input())
    for _ in range(t):
        n = int(input())
        p = list(map(int, input().split()))
        visited = [False] * (n + 1)
        happy = [False] * (n + 1)
        for i in range(1, n + 1):
            happy[p[i - 1]] = True
        moves = 0
        for i in range(1, n + 1):
            if not happy[i]:
                for j in range(1, n + 1):
                    if not visited[j] and i != j and not happy[j]:
                        visited[j] = True
                        p[i - 1], p[j - 1] = p[j - 1], p[i - 1]
                        moves += 1
                        if not is_happy(p):
                            break
                if not is_happy(p):
                    break
        print(moves)

",False,True,0,0.0
1855A,2,"['hashmap', 'for loop']",['for loop'],"['while loop', 'if statement', 'for loop', 'misc', 'tuple']","from collections import defaultdict

def solve(p):
    n = len(p)
    graph = defaultdict(list)
    for i in range(n):
        graph[p[i]].append(i+1)

    def dfs(index, count):
        if count == n:
            return True
        for i in range(1, n+1):
            if i not in graph[index] and dfs(graph[index][0], count+1):
                for j in range(1, len(graph[index])):
                    graph[graph[index][j]].remove(index)
                    graph[index] = [graph[index][0]]
                    if dfs(graph[index][0], count+1):
                        return True
                graph[index] = graph[index][1:]
        return False

    for i in range(1, n+1):
        if dfs(i, 1):
            return 1
    return -1

",False,False,0,0.0
1855A,3,"['hashmap', 'for loop', 'if statement']",['for loop'],"['while loop', 'if statement', 'for loop', 'misc', 'tuple']","from functools import reduce

def solve():
    t = int(input())
    for _ in range(t):
        n = int(input())
        p = list(map(int, input().split()))
        xor = reduce(lambda a, b: a ^ b, p)
        count = 0
        while xor != 0:
            for i in range(1, n+1):
                if (xor & i) == i:
                    xor ^= i
                    p[i], p[p[i-1]] = p[p[i-1]], p[i]
                    count += 1
        print(count)

",False,False,0,0.0
1855A,4,"['hashmap', 'for loop', 'if statement', 'recursion']","['for loop', 'if statement', 'hashmap']","['while loop', 'if statement', 'for loop', 'misc', 'tuple']","from collections import Counter

def solve():
    t = int(input())
    for _ in range(t):
        n = int(input())
        p = list(map(int, input().split()))
        c = Counter(p)
        xor_sum = sum(c.values())
        if xor_sum == n:
            print(0)
        else:
            print(n - xor_sum)

",False,False,1,0.3333333333333333
1855A,5,"['hashmap', 'for loop', 'if statement', 'recursion', 'continue statement']",['for loop'],"['while loop', 'if statement', 'for loop', 'misc', 'tuple']","from math import ceil

def solve():
    n = int(input())
    p = list(map(int, input().split()))

    # XOR all numbers to get the number of swaps needed for two numbers to match
    xor_sum = sum(p)
    xor_sum &= xor_sum - 1  # flip the least significant bit

    # Count the number of set bits in the XOR sum to get the number of swaps needed
    swaps = ceil(xor_sum.bit_count() / 2)

    print(swaps)

# Test cases
",True,False,0,0.0
1853A,0,['this is the og problem'],['for loop'],"['for loop', 'if statement', 'while loop', 'dictionary', 'tuple']","import sys
import heapq

def solve():
    t = int(input())
    for _ in range(t):
        n = int(input())
        a = list(map(int, input().split()))
        if any(a[i] > a[i+1] for i in range(n-1)):
            print(0)
        else:
            heap = [(a[i] - i, i) for i in range(n)]
            heapq.sort(heap)
            operations = 0
            for i, val in heap:
                if val != 0:
                    operations += val
                    for j in range(1, n):
                        a[j] += 1
                else:
                    for j in range(n-1, 0, -1):
                        a[j] -= 1
            print(operations)

",False,True,0,0.0
1853A,1,['if statement'],"['for loop', 'heap', 'while loop', 'if statement']","['for loop', 'if statement', 'while loop', 'dictionary', 'tuple']","import sys
import heapq

def solve():
    t = int(input())
    for _ in range(t):
        n = int(input())
        a = list(map(int, input().split()))

        # Initialize min heap for even indices and max heap for odd indices
        even = []
        odd = []
        for i, num in enumerate(a):
            if i % 2 == 0:
                heapq.heappush(even, -num)
            else:
                heapq.heappush(odd, num)

        # Perform operations until the array is not sorted
        operations = 0
        while len(even) > 1 or len(odd) > 1:
            # Pop from even and odd heaps and perform operation
            e = -heapq.heappop(even)
            o = heapq.heappop(odd)
            operations += 1

            # Update heaps with new values
            if len(even) > 0:
                heapq.heappush(even, e + 1)
                heapq.heappush(even, e + 1)
            if len(odd) > 0:
                heapq.heappush(odd, o - 1)
                heapq.heappush(odd, o - 1)

        print(operations)

",False,False,1,0.25
1853A,2,"['if statement', 'while loop']","['for loop', 'if statement', 'heap', 'continue statement']","['for loop', 'if statement', 'while loop', 'dictionary', 'tuple']","import sys
from heapq import heappush, heappop

def solve():
    t = int(input())
    for _ in range(t):
        n = int(input())
        a = list(map(int, input().split()))

        # Initialize two heaps: one for increasing elements and one for decreasing elements
        inc_heap, dec_heap = [], []
        for num in a:
            if not inc_heap or num > inc_heap[0]:
                heappush(inc_heap, num)
            if not dec_heap or num < dec_heap[0]:
                heappush(dec_heap, -num)

        # If both heaps are sorted, the array is already not sorted
        if inc_heap and dec_heap:
            print(0)
            continue

        # Perform operations to make the array not sorted
        operations = 0
        while inc_heap and dec_heap:
            if inc_heap[0] > dec_heap[0]:
                heappop(inc_heap)
                operations += 1
            else:
                heappop(dec_heap)
                operations += 1

        print(operations)

",False,False,2,0.5
1853A,3,"['if statement', 'while loop', 'match statement']","['for loop', 'if statement', 'while loop', 'heap']","['for loop', 'if statement', 'while loop', 'dictionary', 'tuple']","import sys
from heapq import heappush, heappop

def solve():
    t = int(input())
    for _ in range(t):
        n = int(input())
        a = list(map(int, input().split()))

        # Initialize two heaps: one for increasing elements and one for decreasing elements
        inc_heap, dec_heap = [], []
        for num in a:
            if not inc_heap or num > inc_heap[0]:
                heappush(inc_heap, num)
            if not dec_heap or num < dec_heap[0]:
                heappush(dec_heap, -num)

        # Check if the arrays are sorted, if not, return 0, otherwise return the minimum number of operations
        if inc_heap != sorted(inc_heap) or dec_heap != sorted(dec_heap, reverse=True):
            print(0)
        else:
            # Perform operations to make the array not sorted
            operations = 0
            while inc_heap and dec_heap and inc_heap[0] <= dec_heap[0]:
                inc_num = heappop(inc_heap)
                dec_num = heappop(dec_heap)
                heappush(inc_heap, inc_num + 1)
                heappush(dec_heap, -(dec_num - 1))
                operations += 1
            print(operations)

",False,False,1,0.25
1853A,4,"['if statement', 'while loop', 'match statement', 'tuple']","['if statement', 'for loop', 'heap', 'while loop', 'break statement', 'if statement', 'for loop', 'heap', 'while loop', 'break statement']","['for loop', 'if statement', 'while loop', 'dictionary', 'tuple']","import sys
from heapq import heappush, heappop

def solve():
    t = int(input())
    for _ in range(t):
        n = int(input())
        a = list(map(int, input().split()))

        # Initialize two heaps: one for increasing elements and one for decreasing elements
        inc_heap, dec_heap = [], []
        for num in a:
            if not inc_heap or num > inc_heap[0]:
                heappush(inc_heap, num)
            if not dec_heap or num < dec_heap[0]:
                heappush(dec_heap, -num)

        # If the heaps have the same size, the array is already sorted, so we don't need to perform any operations
        if len(inc_heap) == len(dec_heap):
            print(0)
        else:
            # Perform operations to make the array not sorted
            operations = 0
            while inc_heap and dec_heap and inc_heap[0] <= dec_heap[0]:
                # Add 1 to the elements in the increasing heap and subtract 1 from the elements in the decreasing heap
                inc_num = heappop(inc_heap)
                dec_num = heappop(dec_heap)
                inc_num += 1
                dec_num -= 1
                heappush(inc_heap, inc_num)
                heappush(dec_heap, -dec_num)
                operations += 1
            print(operations)

",False,False,2,0.2
1853A,5,"['if statement', 'while loop', 'match statement', 'tuple', 'set']","['if statement', 'for loop', 'heap', 'tuple']","['for loop', 'if statement', 'while loop', 'dictionary', 'tuple']","import heapq

def solve():
    n = int(input())
    for _ in range(n):
        arr = list(map(int, input().split()))
        if all(arr[i] <= arr[i+1] for i in range(len(arr)-1)):
            print(0)
        else:
            heap = [(abs(arr[i] - i) for i in range(len(arr))]
            heapq.heapify(heap)
            operations = 0
            while heap:
                diff = heapq.heappop(heap)
                if diff > 1:
                    operations += diff - 1
                    heapq.heappush(heap, 1)
            print(operations)

",False,False,1,0.25
1851B,0,['this is the og problem'],"['for loop', 'if statement', 'heap', 'sorting', 'misc']","['for loop', 'if statement', 'break statement', 'sorting', 'tuple', 'continue statement', 'misc', 'while loop', 'hashmap']","import heapq

def solve():
    t = int(input())
    for _ in range(t):
        n = int(input())
        a = list(map(int, input().split()))
        a.sort()
        odd_count = sum(1 for i in a if i & 1)
        if odd_count > 1 and n % 2 == 0:
            print(""NO"")
        else:
            heap = []
            for i in range(n):
                if i & 1 == (a[i] & 1):
                    heapq.heappush(heap, a[i])
            if heap:
                for i in range(n):
                    if i & 1 == (heap[0] & 1):
                        if a[i] != heap[0]:
                            print(""NO"")
                            break
                        heapq.heappop(heap)
                else:
                    print(""YES"")
            else:
                print(""YES"")

",False,True,1,0.2
1851B,1,['if statement'],"['for loop', 'if statement', 'heap', 'sorting']","['for loop', 'if statement', 'break statement', 'sorting', 'tuple', 'continue statement', 'misc', 'while loop', 'hashmap']","import heapq
import sys

def solve():
    t = int(input())
    for _ in range(t):
        n = int(input())
        a = list(map(int, input().split()))
        even_heap = []
        odd_heap = []
        for num in a:
            if num % 2 == 0:
                heapq.heappush(even_heap, num)
            else:
                heapq.heappush(odd_heap, num)

        sorted_even = sorted(even_heap)
        sorted_odd = sorted(odd_heap, reverse=True)

        if sorted_even == list(reversed(sorted_odd)):
            print(""YES"")
        else:
            print(""NO"")

",False,False,1,0.25
1851B,2,"['if statement', 'tuple']","['if statement', 'for loop']","['for loop', 'if statement', 'break statement', 'sorting', 'tuple', 'continue statement', 'misc', 'while loop', 'hashmap']","import sys

def solve():
    t = int(input())
    for _ in range(t):
        n = int(input())
        a = list(map(int, input().split()))
        sorted_a = sorted(a)
        if sorted_a == a:
            print(""YES"")
        else:
            print(""NO"")

",False,False,0,0.0
1851B,3,"['if statement', 'tuple', 'for loop']",['for loop'],"['for loop', 'if statement', 'break statement', 'sorting', 'tuple', 'continue statement', 'misc', 'while loop', 'hashmap']","import collections

def solve():
    for _ in range(int(input())):
        n = int(input())
        a = list(map(int, input().split()))
        graph = collections.defaultdict(list)
        odd = set()
        even = set()
        for i in range(n):
            if a[i] & 1:
                odd.add(a[i])
            else:
                even.add(a[i])
        for i in range(n):
            if a[i] & 1:
                for j in even:
                    graph[a[i]].append(j)
            else:
                for j in odd:
                    graph[a[i]].append(j)
        visited = set()
        for i in range(1, max(a)+2):
            if i not in visited and i in graph:
                if dfs(i, graph, visited):
                    print(""YES"")
                else:
                    print(""NO"")
                    break
            elif i not in visited:
                print(""YES"")
                break

",False,False,0,0.0
1851B,4,"['if statement', 'tuple', 'for loop', 'sorting']","['for loop', 'queue', 'if statement']","['for loop', 'if statement', 'break statement', 'sorting', 'tuple', 'continue statement', 'misc', 'while loop', 'hashmap']","from collections import deque

def solve():
    t = int(input())
    for _ in range(t):
        n = int(input())
        a = list(map(int, input().split()))
        odd, even = deque(), deque()
        for num in a:
            if num % 2 == 0:
                even.append(num)
            else:
                odd.append(num)
        if not odd or not even:
            print(""YES"")
        else:
            print(""NO"")

",False,False,1,0.3333333333333333
1851B,5,"['if statement', 'tuple', 'for loop', 'sorting', 'while loop']",['for loop'],"['for loop', 'if statement', 'break statement', 'sorting', 'tuple', 'continue statement', 'misc', 'while loop', 'hashmap']","import collections

def bfs(a):
    n = len(a)
    graph = [[] for _ in range(n)]
    for i in range(n):
        for j in range(i+1, n):
            if (a[i] & 1) == (a[j] & 1):
                graph[i].append(j)
                graph[j].append(i)

    q = collections.deque([(0, [])])
    visited = [False] * n
    while q:
        i, path = q.popleft()
        if visited[i]:
            continue
        visited[i] = True
        if path and path[-1] + 1 == a[i]:
            return True
        for j in graph[i]:
            q.append((j, path + [i]))
    return False

def solve():
    t = int(input())
    for _ in range(t):
        n = int(input())
        a = list(map(int, input().split()))
        print(""YES"" if bfs(a) else ""NO"")

",False,False,0,0.0
1851A,0,['this is the og problem'],"['for loop', 'binary search', 'sorting']","['for loop', 'if statement', 'tuple', 'while loop', 'matrix operation', 'continue statement']","import bisect

def solve(n, m, k, H, heights):
    heights.sort()
    conversations = 0
    for height in heights:
        left = bisect.bisect_left(heights, height - H)
        right = bisect.bisect_right(heights, height + H)
        if left < right:
            conversations += right - left
    return conversations

",False,True,2,0.6666666666666666
1851A,1,['if statement'],"['for loop', 'sorting', 'binary search']","['for loop', 'if statement', 'tuple', 'while loop', 'matrix operation', 'continue statement']","import bisect

def solve(n, m, k, H, heights):
    heights.sort()
    conversations = 0
    for height in heights:
        left_idx = bisect.bisect_left(heights, height - H)
        right_idx = bisect.bisect_right(heights, height + H)
        if left_idx < right_idx:
            conversations += right_idx - left_idx
    return conversations

",False,True,2,0.6666666666666666
1851A,2,"['if statement', 'dictionary']","['binary search', 'sorting']","['for loop', 'if statement', 'tuple', 'while loop', 'matrix operation', 'continue statement']","import math
import bisect

def solve(n, m, k, H, heights):
    steps = [0] + list(range(1, m+1)) * k
    heights.sort()

    result = 0
    for height in heights:
        left = bisect.bisect_left(steps, H - height)
        right = bisect.bisect_right(steps, H + height)
        result += (right - left) // 2

    return result

",False,True,2,1.0
1851A,3,"['if statement', 'dictionary', 'tuple']","['for loop', 'matrix operation', 'misc']","['for loop', 'if statement', 'tuple', 'while loop', 'matrix operation', 'continue statement']","from math import gcd

def solve(n, m, k, H, heights):
    steps = [i * k for i in range(1, m + 1)]
    heights_diff = [abs(h - step) for h in heights for step in steps]
    gcds = [gcd(h, g) for h in heights_diff for g in heights_diff if h != g]
    return len([g for g in gcds if g <= k])

",False,True,1,0.3333333333333333
1851A,4,"['if statement', 'dictionary', 'tuple', 'for loop']","['if statement', 'for loop']","['for loop', 'if statement', 'tuple', 'while loop', 'matrix operation', 'continue statement']","import math

def solve(n, m, k, H, heights):
    steps = [0] + list(range(1, m+1)) * k
    max_height = max(heights) + k
    conversations = 0

    for i in range(1, len(heights)):
        for j in range(i+1, len(heights)):
            if abs(heights[i] - heights[j]) == abs(steps[heights[i]] - steps[heights[j]]) and heights[i] != H and heights[j] != H:
                conversations += 1

    return conversations

",False,False,0,0.0
1850C,0,['this is the og problem'],"['for loop', 'if statement', 'break statement']","['for loop', 'if statement', 'tuple', 'matrix operation', 'while loop', 'set', 'misc']","import itertools
import re

def solve():
    for _ in range(int(input())):
        grid = [input().strip() for _ in range(8)]
        words = []
        for i in range(8):
            word = ''.join(filter(str.isalpha, grid[i]))
            if word:
                words.append(word)
        if len(words) == 1:
            print(words[0])
        else:
            for word in words:
                if any(word == ''.join(re.findall(word, ''.join(grid[i])) for i in range(8)):
                    print(word)
                    break

",False,True,1,0.3333333333333333
1850C,1,['for loop'],"['for loop', 'dictionary', 'matrix operation', 'misc']","['for loop', 'if statement', 'tuple', 'matrix operation', 'while loop', 'set', 'misc']","from collections import defaultdict
from itertools import product

def solve():
    grid = [list(line) for line in open(""input.txt"").read().splitlines()]
    rows, cols = len(grid), len(grid[0])
    letters = defaultdict(int)
    for r, c in product(range(rows), range(cols)):
        if grid[r][c] >= ord('a') and grid[r][c] <= ord('z'):
            letters[grid[r][c] - ord('a')] += 1

    max_count = max(letters.values())
    for l in letters:
        if letters[l] == max_count:
            word = ''
            for r, c in product(range(rows), range(cols)):
                if grid[r][c] >= ord('a') and grid[r][c] <= ord('z') and grid[r][c] - ord('a') == l:
                    word += chr(grid[r][c])
            print(word * (max_count // len(word) + 1))
            break

# Test cases
",False,False,1,0.25
1850C,2,"['for loop', 'if statement']",['for loop'],"['for loop', 'if statement', 'tuple', 'matrix operation', 'while loop', 'set', 'misc']","from collections import defaultdict
from itertools import product

def neighbors(x, y):
    return [(x + dx, y + dy) for dx, dy in [(0, 1), (0, -1), (1, 0), (-1, 0)]]

def dfs(x, y, grid, word, visited):
    if not grid[x][y] or (x, y) in visited:
        return
    visited.add((x, y))
    word += grid[x][y]
    for nx, ny in neighbors(x, y):
        dfs(nx, ny, grid, word, visited)

def solve():
    t = int(input())
    for _ in range(t):
        grid = [list(input().strip()) for _ in range(8)]
        letters = defaultdict(int)
        max_len = 0
        max_word = """"
        for x, y in product(range(8), repeat=2):
            visited = set()
            for letter in dfs(x, y, grid, """", visited):
                letters[letter] += 1
                if letters[letter] > max_len:
                    max_len = letters[letter]
                    max_word = letter * max_len
            letters.clear()
        print(max_word)

",False,False,0,0.0
1850C,3,"['for loop', 'if statement', 'while loop']","['if statement', 'for loop']","['for loop', 'if statement', 'tuple', 'matrix operation', 'while loop', 'set', 'misc']","from collections import defaultdict
from itertools import product

def neighbors(x, y):
    return [(x + dx, y + dy) for dx, dy in [(0, 1), (0, -1), (1, 0), (-1, 0)]]

def dfs(x, y, grid, word, visited):
    if not grid[x][y] or (x, y) in visited:
        return
    visited.add((x, y))
    word += grid[x][y]
    for nx, ny in neighbors(x, y):
        dfs(nx, ny, grid, word, visited)

def solve():
    t = int(input())
    for _ in range(t):
        grid = [list(input().strip()) for _ in range(8)]
        letters = defaultdict(int)
        max_len = 0
        max_word = """"
        for x, y in product(range(8), repeat=2):
            visited = set()
            for letter in dfs(x, y, grid, """", visited):
                letters[grid[letter[0]][letter[1]]] += 1
            for letter, count in letters.items():
                if count == len(visited):
                    word = """".join(visited[0][0] for _ in visited)
                    if len(word) > max_len:
                        max_len = len(word)
                        max_word = word
        print(max_word)

",False,False,0,0.0
1850C,4,"['for loop', 'if statement', 'while loop', 'tuple']",['for loop'],"['for loop', 'if statement', 'tuple', 'matrix operation', 'while loop', 'set', 'misc']","from collections import defaultdict
from itertools import product

def solve():
    def dfs(x, y, word, grid, direction):
        if len(word) > max_len:
            max_len = len(word)
            result = word
        for dx, dy in [(0, 1), (0, -1), (1, 0), (-1, 0)]:
            nx, ny = x + dx * 2, y + dy * 2
            if 0 <= nx < 8 and 0 <= ny < 8 and grid[ny][nx] != '.':
                dfs(nx, ny, word + grid[ny][nx], grid, direction + (dx, dy))

    grid = [list(line) for line in open('input.txt').read().splitlines()]
    max_len = 0
    result = ''
    for x, y in product(range(8), repeat=2):
        if grid[y][x] != '.':
            dfs(x, y, grid[y][x], grid, (1, 0))
    print(result)

# Test cases
",False,False,0,0.0
1850B,0,['this is the og problem'],"['for loop', 'if statement', 'dictionary', 'misc']","['for loop', 'if statement', 'tuple', 'sorting', 'while loop', 'hashmap']","from collections import defaultdict

def solve():
    t = int(input())
    for _ in range(t):
        n = int(input())
        responses = defaultdict(int)
        max_quality = 0
        winner = 0
        for i in range(1, n+1):
            a, b = map(int, input().split())
            responses[a] = b
        for length in range(1, 11):
            for response, quality in responses.items():
                if response <= 10 and quality > max_quality:
                    max_quality = quality
                    winner = i
        print(winner)

",False,True,2,0.5
1850B,1,['if statement'],"['for loop', 'tuple', 'heap', 'sorting']","['for loop', 'if statement', 'tuple', 'sorting', 'while loop', 'hashmap']","import heapq

def solve():
    n = int(input())
    responses = []
    for _ in range(n):
        a, b = map(int, input().split())
        responses.append((a, b))

    # Sort responses by length (ascending) and quality (descending)
    responses.sort(key=lambda x: (x[0], -x[1]))

    # Initialize a min-heap with responses of length <= 10
    heap = []
    for a, b in responses:
        if a <= 10:
            heapq.heappush(heap, (-b, a, -1))  # (-quality, a, index)

    # Find the winner
    winner = -heap[0][1]
    winner_index = -heap[0][2]

    # Print the winner's index
    print(winner_index + 1)

# Call the solve function for each test case
",False,True,1,0.25
1850B,2,"['if statement', 'tuple']","['for loop', 'tuple', 'sorting', 'heap']","['for loop', 'if statement', 'tuple', 'sorting', 'while loop', 'hashmap']","import heapq

def solve():
    n = int(input())
    responses = []
    for _ in range(n):
        a, b = map(int, input().split())
        responses.append((a, b))

    # Sort the responses by length in ascending order and quality in descending order
    responses.sort(key=lambda x: (x[0], -x[1]))

    # Initialize a max heap to store the responses with length <= 10
    max_heap = []
    winner = None
    for a, b in responses:
        if a > 10:
            # If the current response is longer than 10, we pop from the heap until we find a shorter one
            while max_heap and max_heap[0][0] > a:
                _ = heapq.heappop(max_heap)
            if not max_heap or max_heap[0][1] < b:
                # If the heap is empty or the current response has a higher quality than the one in the heap, we add it to the heap
                heapq.heappush(max_heap, (a, b))
                winner = (a, b)
        else:
            # If the current response is not longer than 10, we add it to the heap
            heapq.heappush(max_heap, (a, b))
            if not winner or max_heap[0][1] > winner[1]:
                # If the heap has a response with a higher quality than the current winner, we update the winner
                winner = (a, b)

    # Print the winner's index
    print(winner[0])

# Call the solve function for each test case
",False,False,1,0.25
1850B,3,"['if statement', 'tuple', 'for loop']","['heap', 'sorting', 'tuple', 'for loop']","['for loop', 'if statement', 'tuple', 'sorting', 'while loop', 'hashmap']","import heapq

def solve():
    n = int(input())
    responses = []
    for _ in range(n):
        a, b = map(int, input().split())
        responses.append((a, b))

    # Sort responses by length in ascending order and quality in descending order
    responses.sort(key=lambda x: (x[0], -x[1]))

    # Initialize a min-heap with responses of length <= 10
    heap = []
    for a, b in responses:
        if a <= 10:
            heapq.heappush(heap, (-b, a, -1))  # (-quality, a, index)

    # Find the winner
    winner = -heap[0][1]
    winner_index = -heap[0][2]

    # Update the min-heap with the next response if its length <= 10
    for a, b in responses[responses.index((winner_index,)):]:
        if a <= 10:
            next_quality = -b
            next_index = -1
            while heap and heap[0][0] < next_quality:
                _a, _b, _index = heapq.heappop(heap)
                if _index < winner_index:
                    winner = _a
                    winner_index = _index
            heapq.heappush(heap, (-next_quality, a, winner_index))

    print(winner_index + 1)

# Run the solution for the given number of test cases
",False,False,1,0.25
1850B,4,"['if statement', 'tuple', 'for loop', 'while loop']",['for loop'],"['for loop', 'if statement', 'tuple', 'sorting', 'while loop', 'hashmap']","from heapq import nlargest

def solve(t):
    for _ in range(t):
        n = int(input())
        responses = []
        for _ in range(n):
            a, b = map(int, input().split())
            responses.append((a, b))

        # Sort responses by length, then by quality
        responses.sort(key=lambda x: (x[0], -x[1]))

        # Find the winner among responses with length <= 10
        winner = nlargest(1, responses, key=-lambda x: x[1])[0][1]
        print(winner[1])

# Read the number of test cases from the command line
",False,False,0,0.0
1850B,5,"['if statement', 'tuple', 'for loop', 'while loop', 'recursion']","['heap', 'tuple', 'for loop', 'if statement', 'sorting']","['for loop', 'if statement', 'tuple', 'sorting', 'while loop', 'hashmap']","import heapq

def solve():
    n = int(input())
    responses = []
    for _ in range(n):
        a, b = map(int, input().split())
        responses.append((a, b))

    # Sort responses by length in ascending order and quality in descending order
    responses.sort(key=lambda x: (x[0], -x[1]))

    # Initialize a min-heap with responses of length <= 10
    heap = []
    for a, b in responses:
        if a <= 10:
            heapq.heappush(heap, (-b, a, -1))  # (-quality, a, index)

    # Find the winner
    winner = -heap[0][1]
    winner_index = -heap[0][2]
    for a, b, _ in responses:
        if a > 10:
            continue
        if b > heap[0][0]:
            heapq.heappop(heap)
            heapq.heappush(heap, (-b, a, -1))
            winner = -heap[0][1]
            winner_index = -heap[0][2]
    print(winner_index + 1)

# Test cases
",False,False,1,0.2
1850A,0,['this is the og problem'],"['if statement', 'for loop', 'tuple', 'misc']","['for loop', 'if statement', 'tuple', 'set', 'sorting', 'misc', 'matrix operation']","import sys

def solve():
    for _ in range(int(input())):
        a, b, c = map(int, input().split())
        if max(a, b, c) >= 8 or (a >= 5 and b >= 5) or (b >= 5 and c >= 5) or (a >= 5 and c >= 5):
            print(""YES"")
        else:
            print(""NO"")

",True,True,0,0.0
1850A,1,['for loop'],"['for loop', 'if statement', 'tuple', 'misc']","['for loop', 'if statement', 'tuple', 'set', 'sorting', 'misc', 'matrix operation']","import itertools

def solve():
    for _ in range(int(input())):
        a, b, c = map(int, input().split())
        pairs = list(itertools.combinations([a, b, c], 2))
        if any(pair_sum >= 10 for pair_sum in map(sum, pairs)):
            print(""YES"")
        else:
            print(""NO"")

",True,False,0,0.0
1850A,2,"['for loop', 'while loop']",['for loop'],"['for loop', 'if statement', 'tuple', 'set', 'sorting', 'misc', 'matrix operation']","def solve():
    import itertools

    def check_pair(a, b, c):
        for i, j in itertools.combinations(range(10), 2):
            if max(i, j) <= min(a, b, c) or (i[0] == a and j[0] == b) or (i[0] == b and j[0] == c) or (i[0] == c and j[0] == a):
                continue
            if i[0] + j[0] >= 10:
                return True
        return False

    t = int(input())
    for _ in range(t):
        a, b, c = map(int, input().split())
        if check_pair(a, b, c):
            print(""YES"")
        else:
            print(""NO"")

",False,False,0,0.0
1850A,3,"['for loop', 'while loop', 'if statement']",['if statement'],"['for loop', 'if statement', 'tuple', 'set', 'sorting', 'misc', 'matrix operation']","def solve():
    max_digit = max(map(int, input().split()))
    return ""YES"" if max_digit + 8 >= sum(map(int, input().split())) else ""NO""

",True,False,0,0.0
1849A,0,['this is the og problem'],"['for loop', 'if statement', 'tuple', 'misc']","['for loop', 'tuple', 'if statement', 'misc', 'matrix operation', 'while loop', 'hashmap']","def solve():
    for _ in range(int(input())):
        b, c, h = map(int, input().split())
        layers = max(b, c, h)
        if layers % 2 == 1:
            layers -= 1
        if b > layers:
            layers += 1
        if c > layers:
            layers += 1
        if h > layers:
            layers += 1
        print(layers)

",False,True,0,0.0
1849A,1,['if statement'],"['if statement', 'for loop']","['for loop', 'tuple', 'if statement', 'misc', 'matrix operation', 'while loop', 'hashmap']","from sys import stdin, stdout

def solve():
    t = int(input().strip())
    for _ in range(t):
        b, c, h = map(int, input().strip().split())
        layers = max(b, c, h)
        if layers % 2 == 1:
            layers -= 1
        if b > layers:
            layers += 1
        if c > layers:
            layers += 1
        if h > layers:
            layers += 1
        stdout.write(f""{layers}\n"")

",True,False,0,0.0
1849A,2,"['if statement', 'tuple']","['if statement', 'for loop', 'tuple', 'misc']","['for loop', 'tuple', 'if statement', 'misc', 'matrix operation', 'while loop', 'hashmap']","from math import ceil, floor

def solve():
    t = int(input())
    for _ in range(t):
        b, c, h = map(int, input().split())
        max_layers = max(b, c, h)
        if max_layers == b:
            print(b)
        elif max_layers == c:
            print(2 * ceil(b / 2) + 1)
        else:
            print(2 * ceil(c / 2) + 1)

",False,False,0,0.0
1849A,3,"['if statement', 'tuple', 'two pointers']","['if statement', 'for loop']","['for loop', 'tuple', 'if statement', 'misc', 'matrix operation', 'while loop', 'hashmap']","from math import ceil, floor

def solve():
    t = int(input())
    for _ in range(t):
        b, c, h = map(int, input().split())
        max_layers = max(b, c, h)
        if max_layers == b:
            print(floor(b / 2))
        elif max_layers == c or max_layers == h:
            print(ceil(max_layers / 2))

",False,False,0,0.0
1849A,4,"['if statement', 'tuple', 'two pointers', 'for loop']","['for loop', 'if statement']","['for loop', 'tuple', 'if statement', 'misc', 'matrix operation', 'while loop', 'hashmap']","from math import ceil, floor

def solve():
    t = int(input())
    for _ in range(t):
        b, c, h = map(int, input().split())
        max_layers = max(b, c, h)
        if max_layers % 2 == 1:
            sandwich_layers = max_layers // 2 + 1
        else:
            sandwich_layers = max_layers // 2
        if b > sandwich_layers:
            bread_remainder = b - sandwich_layers
            if bread_remainder % 2 == 1:
                sandwich_layers += 1
                if c >= 2:
                    sandwich_layers += 1
            else:
                if c >= 2:
                    sandwich_layers += 2
        print(sandwich_layers)

",False,False,0,0.0
1847A,0,['this is the og problem'],['for loop'],"['for loop', 'tuple', 'sorting', 'if statement', 'matrix operation', 'set', 'dictionary']","from math import inf

def solve():
    t = int(input())
    for _ in range(t):
        n, k = map(int, input().split())
        a = list(map(int, input().split()))
        a.insert(0, 0)
        a.append(inf)
        groups = []
        power = 0
        i = 1
        while i < len(a):
            j = i
            while j < len(a) and a[j] - a[j - 1] == 1:
                j += 1
            groups.append((i, j - 1))
            power += j - i
            i = j
        groups.append((i, len(a) - 1))
        group_powers = [sum(abs(a[g[0]] - a[g[1]]) for g in groups[1:k])]
        group_powers.append(sum(a[groups[-1][1]+1:]))
        print(min(group_powers))

",False,True,0,0.0
1847A,1,['continue statement'],['for loop'],"['for loop', 'tuple', 'sorting', 'if statement', 'matrix operation', 'set', 'dictionary']","import sys

def solve():
    t = int(input())

    for _ in range(t):
        n, k = map(int, input().split())
        a = list(map(int, input().split()))

        dp = [0] * (n + 1)
        for i in range(1, n + 1):
            dp[i] = dp[i - 1] + abs(a[i - 1] - a[i])

        groups = [0] * k
        total = 0
        for i in range(1, n + 1):
            for j in range(k - 1, -1, -1):
                if i + j < n:
                    groups[j] = max(groups[j], dp[i + j] - dp[i])
            total += min(groups)
        print(total)

",False,True,0,0.0
1847A,2,"['continue statement', 'matrix operation']",['for loop'],"['for loop', 'tuple', 'sorting', 'if statement', 'matrix operation', 'set', 'dictionary']","import sys

def solve(n, k, a):
    dp = [0] * (n + 1)
    for i in range(1, n + 1):
        dp[i] = dp[i - 1] + abs(a[i - 1] - a[i])

    def dfs(start, cur_group, cur_sum):
        if cur_group == k:
            return cur_sum
        min_sum = float('inf')
        for i in range(start, n):
            min_sum = min(min_sum, dfs(i + 1, cur_group + 1, cur_sum + dp[i + 1] - dp[start]))
        return min_sum

    return dfs(1, 1, 0)

",False,True,0,0.0
1847A,3,"['continue statement', 'matrix operation', 'for loop']",['for loop'],"['for loop', 'tuple', 'sorting', 'if statement', 'matrix operation', 'set', 'dictionary']","import sys

def solve():
    t = int(input())
    for _ in range(t):
        n, k = map(int, input().split())
        a = list(map(int, input().split()))
        dp = [0] * (n + 1)
        for i in range(1, n + 1):
            dp[i] = dp[i - 1] + abs(a[i - 1] - a[i])
        result = float('inf')
        for i in range(1, n - k + 2):
            for j in range(i + k - 1, n):
                result = min(result, dp[i - 1] + dp[j + 1] - dp[i])
        print(result)

",False,False,0,0.0
1847A,4,"['continue statement', 'matrix operation', 'for loop', 'if statement']",['for loop'],"['for loop', 'tuple', 'sorting', 'if statement', 'matrix operation', 'set', 'dictionary']","from 1 to `k`, and then find the minimum cost for the desired group size `k`.

Here's the Python code for the `solve()` function:

",False,False,0,0.0
1846B,0,['this is the og problem'],"['for loop', 'if statement', 'tuple', 'matrix operation']","['if statement', 'for loop', 'while loop', 'matrix operation', 'break statement', 'recursion', 'hashmap', 'misc', 'tuple', 'queue']","from itertools import product

def solve():
    t = int(input())
    for _ in range(t):
        board = [list(input().strip()) for _ in range(3)]
        winners = [(x, y) for x, row in enumerate(board) for y, cell in enumerate(row) if cell in ('X', 'O', '+')]
        if any(w1 == w2 for w1, w2 in product(winners, repeat=3)):
            print(winners[0][0] * winners[0][1] if winners else 'DRAW')
        else:
            print('DRAW')

",False,True,0,0.0
1846B,1,['if statement'],"['if statement', 'for loop', 'matrix operation', 'hashmap']","['if statement', 'for loop', 'while loop', 'matrix operation', 'break statement', 'recursion', 'hashmap', 'misc', 'tuple', 'queue']","import numpy as np

def solve():
    t = int(input())
    for _ in range(t):
        board = [list(input().strip()) for _ in range(3)]
        board = np.array(board)
        winners = np.where((board == 'X').all(axis=1))[0]
        if len(winners) == 1:
            print(""X"")
        elif (winners == np.array([1, 2, 0])).any():
            print(""X"")
        elif (board == 'O').all():
            print(""O"")
        elif (board == '+').all():
            print(""+"")
        elif np.any(np.triu(board, k=1) == '+'):
            print(""+"")
        elif np.any(np.tril(board, k=1) == '+'):
            print(""+"")
        elif np.any(board == '.'):
            print(""DRAW"")
        else:
            print(""Invalid board"")

",False,False,0,0.0
1846B,2,"['if statement', 'dictionary']","['if statement', 'for loop', 'set']","['if statement', 'for loop', 'while loop', 'matrix operation', 'break statement', 'recursion', 'hashmap', 'misc', 'tuple', 'queue']","from itertools import product, combinations

def solve():
    t = int(input())
    for _ in range(t):
        board = [list(input().strip()) for _ in range(3)]
        winners = [set(row) for row in board] + [set(zip(*board))] + [set(zip(*zip(*board)))]
        if any(len(winner) == 3 for winner in winners):
            print(next((c[0] for c in combinations(winners, 1) if len(c[0]) == 3), ""DRAW""))
        else:
            print(""DRAW"")

",False,False,1,0.3333333333333333
1846B,3,"['if statement', 'dictionary', 'for loop']",['for loop'],"['if statement', 'for loop', 'while loop', 'matrix operation', 'break statement', 'recursion', 'hashmap', 'misc', 'tuple', 'queue']","from itertools import product, chain

def solve():
    def check_win(board):
        for row in board:
            if all(row) or any(all(c == c[0] for c in zip(row, [row[1::], row[::-1]])):
                return row[0] if all(row) else 'DRAW'
        for i in range(3):
            if check_win(list(zip(*board))[i]) or check_win(list(chain.from_iterable(zip(*[board[i::3], board[i+1::3], board[i+2::3]))))):
                return 'DRAW'
        return None

    t = int(input())
    for _ in range(t):
        board = [list(input().strip()) for _ in range(3)]
        result = check_win(board)
        if result:
            print(result)
        else:
            print('DRAW')

",False,False,0,0.0
1846B,4,"['if statement', 'dictionary', 'for loop', 'tuple']",['for loop'],"['if statement', 'for loop', 'while loop', 'matrix operation', 'break statement', 'recursion', 'hashmap', 'misc', 'tuple', 'queue']","import itertools
import re

def solve(t):
    win_patterns = [
        ('.{3}', 'DRAW'),
        ('X{3}', 'X'),
        ('O{3}', 'O'),
        ('\+{3}', '+')
    ]

    for line in itertools.zip_longest(*[input().split() for _ in range(t)]):
        if all(line):
            print(win_patterns[0][1])
        else:
            for pattern, result in win_patterns:
                if re.search(pattern, ''.join(line)):
                    print(result)
                    break

# Test cases
",False,False,0,0.0
1846B,5,"['if statement', 'dictionary', 'for loop', 'tuple', 'matrix operation']","['for loop', 'tuple', 'dictionary', 'if statement', 'break statement']","['if statement', 'for loop', 'while loop', 'matrix operation', 'break statement', 'recursion', 'hashmap', 'misc', 'tuple', 'queue']","import itertools
import re

def solve():
    t = int(input())
    for _ in range(t):
        board = [list(line.strip()) for line in input().splitlines()]
        winning_combinations = [(0, 1, 2), (3, 4, 5), (6, 7, 8), (0, 3, 6), (1, 4, 7), (2, 5, 8), (0, 4, 8), (2, 4, 6)]
        symbols = {""X"": 0, ""O"": 1, ""+"": 2}
        for combination in winning_combinations:
            if all(board[i][j] == symbols[winner] for i, j, winner in zip(combination, (0, 1, 2), board[combination[0]][combination[1]])):
                print(winner)
                break
        else:
            if not any(cell for row in board for cell in row if cell):
                print(""DRAW"")

",False,False,1,0.2
1846A,0,['this is the og problem'],"['if statement', 'for loop', 'sorting']","['for loop', 'if statement', 'matrix operation', 'while loop', 'tuple']","import math

def solve():
    t = int(input())
    for _ in range(t):
        n = int(input())
        heights = list(map(int, input().split()))
        heights.sort()
        total_length = sum(heights[-i] for i in range(1, n+1))
        min_cut = math.ceil(total_length / (n-1))
        print(min_cut if min_cut > heights[-1] else 0)

",False,True,1,0.3333333333333333
1846A,1,['if statement'],"['for loop', 'binary search', 'sorting', 'misc']","['for loop', 'if statement', 'matrix operation', 'while loop', 'tuple']","import bisect

def solve():
    n = int(input())
    heights = list(map(int, input().split()))
    lengths = list(map(int, input().split()))

    heights.sort()
    lengths.sort()

    total_length = sum(lengths)
    max_height = heights[-1]

    cuts = 0
    for length in lengths:
        index = bisect.bisect_left(heights, max_height - length)
        cuts += index
        max_height -= heights[index]

    print(cuts)

# Test cases
",False,True,3,0.75
1846A,2,"['if statement', 'for loop']","['for loop', 'queue', 'stack', 'while loop', 'tuple']","['for loop', 'if statement', 'matrix operation', 'while loop', 'tuple']","from collections import deque

def solve():
    t = int(input())
    for _ in range(t):
        n = int(input())
        nails = deque()
        heights = []
        for _ in range(n):
            a, b = map(int, input().split())
            heights.append(a)
            nails.append((a, b))
        heights.sort()
        total_length = sum(h for _, h in nails)
        stack = deque()
        for h, _ in heights:
            while stack and stack[-1][0] <= h:
                _, length = stack.pop()
                total_length -= length
            stack.append((h, length))
        print(total_length)

",False,False,2,0.4
1846A,3,"['if statement', 'for loop', 'sorting']","['heap', 'while loop', 'if statement']","['for loop', 'if statement', 'matrix operation', 'while loop', 'tuple']","import math
import bisect

def solve():
    n = int(input())
    heights = list(map(int, input().split()))
    lengths = list(map(int, input().split()))

    # Create a heap to store the nails in descending order of their heights
    heap = [(h, i) for i, h in enumerate(heights)]
    heapq.heapify(heap)

    # Initialize the minimum number of cuts as 0
    min_cuts = 0

    # Initialize the current length as 0
    current_length = 0

    # Iterate through the nails
    while heap:
        # Get the top nail from the heap
        height, index = heapq.heappop(heap)

        # If the current length is less than the length of the rope tied to the nail,
        # we can add the length of the rope to the current length
        if current_length < lengths[index]:
            current_length += lengths[index]
        else:
            # If the current length is greater than or equal to the length of the rope,
            # we need to cut the rope tied to the previous nail to make the candy fall
            min_cuts += 1
            current_length -= heights[index - min_cuts]

    print(min_cuts)

# Read the number of test cases
",False,False,1,0.3333333333333333
1846A,4,"['if statement', 'for loop', 'sorting', 'tuple']","['for loop', 'stack', 'while loop', 'tuple', 'if statement']","['for loop', 'if statement', 'matrix operation', 'while loop', 'tuple']","from collections import deque

def solve():
    n = int(input())
    heights = list(map(int, input().split()))
    lengths = list(map(int, input().split()))

    stack = deque()
    total_length = sum(lengths)
    for i in range(n):
        height = heights[i]
        length = lengths[i]
        while stack and stack[-1][0] <= height:
            top_height, top_length = stack.pop()
            total_length -= top_length
        stack.append((height, length))
        total_length += length

    # The candy is tied to the last rope in the stack
    candy_length = lengths[-1]
    while stack and candy_length <= stack[0][1]:
        top_height, top_length = stack.pop()
        candy_length -= top_length

    # The number of ropes to be cut is the total length minus the candy length
    return total_length - candy_length

",False,False,1,0.2
1846A,5,"['if statement', 'for loop', 'sorting', 'tuple', 'while loop']",['for loop'],"['for loop', 'if statement', 'matrix operation', 'while loop', 'tuple']","import math
from collections import defaultdict

def solve():
    n = int(input())
    heights = list(map(lambda x: list(map(int, x.split())), [input().split() for _ in range(n)]))

    # Create a dictionary to store the minimum height of each segment
    segments = defaultdict(int)
    for i, (height, length) in enumerate(heights):
        segments[height] = max(segments[height], height + length)

    # Calculate the maximum height of the segments
    max_height = max(segments.values())

    # Calculate the number of segments at each height
    segment_count = defaultdict(int)
    for height, segment in segments.items():
        segment_count[segment] += 1

    # Calculate the number of segments that can be removed to make the candy fall
    candy_height = max_height - n
    candy_count = segment_count[candy_height]
    if candy_count > 0:
        return candy_count

    # If there are no segments at the candy height, check the segments just below it
    for height in range(candy_height - 1, -1, -1):
        if height + n <= max_height and segment_count[height + n] > 0:
            return segment_count[height + n]

    # If no segments can be removed, the candy can be taken without cutting any ropes
    return 0

",False,False,0,0.0
1845A,0,['this is the og problem'],"['if statement', 'for loop', 'tuple', 'misc']","['for loop', 'if statement', 'tuple', 'while loop', 'hashmap', 'misc']","from itertools import combinations
import sys

def solve(n, k, x):
    if n < x or n > k or x == 1:
        return ""NO""

    if n == x:
        return ""YES\n1\n[]""

    diff = n - x
    for i in range(1, k + 1):
        if i != x and diff % i == 0:
            quotient, remainder = divmod(diff, i)
            if quotient > 0 and not any(j == x for j in range(1, k + 1)):
                m = quotient + (remainder > 0)
                result = list(combinations(range(1, k + 1), m))
                for r in result:
                    if sum(r) == n:
                        return ""YES\n{}"".format(m) + ""\n"" + "" "".join(map(str, r))

    return ""NO""

",False,True,0,0.0
1845A,1,['if statement'],['for loop'],"['for loop', 'if statement', 'tuple', 'while loop', 'hashmap', 'misc']","from collections import Counter
from itertools import combinations
import math

def solve(n, k, x):
    # Create a list of all numbers from 1 to k, excluding x
    numbers = list(range(1, k+1))
    numbers.remove(x)

    # Create a counter to count the frequency of each number
    counter = Counter(numbers)

    # Calculate the total sum of all numbers
    total_sum = sum(numbers)

    # If n is not a multiple of total_sum - n, then it's impossible to get n using the given numbers
    if n % (total_sum - n) != 0:
        return ""NO\n""

    # Calculate the number of times n should appear in the sum
    m = n // (total_sum - n)

    # Calculate the remaining sum after subtracting n * m times
    remaining_sum = total_sum * m - n

    # If the remaining sum is 0, then all remaining numbers can be used to make up the remaining sum
    if remaining_sum == 0:
        return f""YES\n{m}\n{numbers}\n""

    # If the remaining sum is not divisible by any number, then it's impossible to get n using the given numbers
    if math.gcd(remaining_sum, total_sum) > 1:
        return ""NO\n""

    # Find a combination of numbers that sums up to the remaining sum
    for i in range(2, len(numbers)+1):
        for combination in combinations(numbers, i):
            if sum(combination) == remaining_sum:
                # Subtract the number of combinations from m, since they will be used to make up the remaining sum
                m -= 1
                # Add the numbers in the combination to the answer
                answer = list(combination)
                break

    # Add n * m times to the answer, since they have already been accounted for in the remaining sum
    answer += [x] * m

    # Sort the answer and return it
    answer.sort()
    return f""YES\n{m}\n{answer}""

# Read the number of test cases
",False,True,0,0.0
1845A,2,"['if statement', 'tuple']","['if statement', 'hashmap', 'for loop']","['for loop', 'if statement', 'tuple', 'while loop', 'hashmap', 'misc']","from collections import Counter
import math
import itertools

def solve(n, k, x):
    if n < k:
        return ""NO""

    # Count the number of each integer from 1 to k
    counts = Counter(range(1, k+1))
    counts[x] = 0

    # Calculate the total number of integers that can be used
    total = sum(counts.values())

    # If the total number of integers is less than n, we can't get n
    if total < n:
        return ""NO""

    # Calculate the number of times we can use each integer
    multipliers = [math.ceil((n - x) / (i - x)) for i in counts if i != x]

    # If we can't use any integer more than once, we can't get n
    if all(m <= 1 for m in multipliers):
        return ""NO""

    # Calculate the total number of integers we can use
    m = sum(multipliers)

    # Generate all possible combinations of integers
    for combination in itertools.combinations_with_replacement(range(1, k+1), m):
        # Check if the sum of the combination is equal to n and all integers are not x
        if sum(i for i in combination if i != x) == n:
            return ""YES\n"" + str(m) + ""\n"" + "" "".join(str(i) for i in combination)

    # If no valid combination is found, return NO
    return ""NO""

# Main function to handle test cases
",False,False,0,0.0
1845A,3,"['if statement', 'tuple', 'for loop']",['for loop'],"['for loop', 'if statement', 'tuple', 'while loop', 'hashmap', 'misc']","from collections import Counter, deque
from math import comb
import sys

def solve(n, k, x):
    dp = [[0] * (n + 1) for _ in range(k + 1)]
    for i in range(1, k + 1):
        if i != x:
            dp[i][i] = 1
    for i in range(1, k + 1):
        for j in range(i + 1, n + 1):
            for c in range(1, min(i, j) + 1):
                if i - c >= 1 and j - c >= 1 and j - i + c < k + 1 and j - i + c != x:
                    dp[i][j] += dp[i - c][j - c]
    m = min(range(1, k + 1), key=lambda i: dp[i][n] if i != x else float('inf'))
    if dp[m][n] == 0:
        return ""NO""
    return ""\n"".join(map(str, deque(filter(lambda i: i != x, range(1, k + 1)), default_factory=deque).sample(m))) + ""\n"" + str(m)

",False,False,0,0.0
1844A,0,['this is the og problem'],"['for loop', 'if statement', 'misc']","['for loop', 'tuple', 'misc', 'if statement', 'while loop', 'matrix operation']","import math

def solve():
    t = int(input())
    for _ in range(t):
        a, b = map(int, input().split())
        n = math.gcd(a, b)
        if n == 1:
            print(b)
        else:
            x = (b // n) - (a // n)
            print((b * (a // n)) + (x * n))

",False,True,0,0.0
1844A,1,['if statement'],"['if statement', 'for loop']","['for loop', 'tuple', 'misc', 'if statement', 'while loop', 'matrix operation']","from math import gcd

def solve():
    t = int(input())
    for _ in range(t):
        a, b = map(int, input().split())
        gcd_val = gcd(a, b)
        n = (b * (a // gcd_val)) // (b - 1) * gcd_val
        print(n)

",False,False,0,0.0
1844A,2,"['if statement', 'tuple']","['recursion', 'if statement', 'for loop', 'continue statement', 'tuple']","['for loop', 'tuple', 'misc', 'if statement', 'while loop', 'matrix operation']","import math

def extended_gcd(a, b):
    if a == 0:
        return (b, 1, 0)
    else:
        g, y, x = extended_gcd(b % a, a)
        return (g, x - (b // a) * y, y)

def mod_inverse(a, m):
    g, x, _ = extended_gcd(a, m)
    if g != 1:
        raise ValueError(""Modular inverse does not exist"")
    return x % m

def solve():
    t = int(input())
    for _ in range(t):
        a, b = map(int, input().split())
        gcd, _ = extended_gcd(a, b)
        ab = a * b
        for n in range(1, 1000001):
            if n % gcd != 0 or ab % n == 0:
                continue
            print(n)
            break

",False,False,2,0.4
1844A,3,"['if statement', 'tuple', 'for loop']","['while loop', 'for loop', 'if statement', 'break statement']","['for loop', 'tuple', 'misc', 'if statement', 'while loop', 'matrix operation']","import math

def gcd(a, b):
    while b:
        a, b = b, a % b
    return a

def solve():
    t = int(input())
    for _ in range(t):
        a, b = map(int, input().split())
        g = gcd(a, b)
        n = math.inf
        for i in range(1, 1000001):
            if i % g and a * b not divmod(i, g)[0]:
                n = min(n, i)
                break
        print(n)

",False,False,1,0.25
1844A,4,"['if statement', 'tuple', 'for loop', 'while loop']","['if statement', 'for loop', 'while loop', 'recursion']","['for loop', 'tuple', 'misc', 'if statement', 'while loop', 'matrix operation']","def solve():
    def check_win(n, a, b):
        if n < a:
            return False
        if n % (b - a) == 0:
            return True
        if n % a == 0:
            return check_win(n - a, a, b)
        return check_win(n - b, a, b)

    t = int(input().strip())
    for _ in range(t):
        a, b = map(int, input().strip().split())
        n = 1
        while True:
            if check_win(n, a, b):
                print(n)
                break
            n += 1

",False,False,1,0.25
1844A,5,"['if statement', 'tuple', 'for loop', 'while loop', 'matrix operation']","['while loop', 'for loop', 'if statement']","['for loop', 'tuple', 'misc', 'if statement', 'while loop', 'matrix operation']","import math

def gcd(a, b):
    while b:
        a, b = b, a % b
    return a

def solve():
    t = int(input())
    for _ in range(t):
        a, b = map(int, input().split())
        g = gcd(a, b)
        n = math.ceil((1 + g) / g * min(a, b))
        print(n)

",False,False,0,0.0
1843C,0,['this is the og problem'],['if statement'],"['for loop', 'while loop', 'misc', 'if statement', 'tuple', 'break statement', 'recursion']","from math import log2, ceil

def solve(n):
    # Calculate the number of levels in the tree
    level = ceil(log2(n))
    # Calculate the number of vertices in the last level
    last_level_vertices = 2 ** level
    # Calculate the number of vertices in the penultimate level
    penultimate_level_vertices = 2 ** (level - 1)
    # Calculate the sum of vertices in the last level
    last_level_sum = (last_level_vertices - 1) * (last_level_vertices) // 2
    # Calculate the sum of vertices in the penultimate level
    penultimate_level_sum = penultimate_level_vertices * (level - 1)
    # Calculate the sum of vertices in the remaining levels
    remaining_levels_sum = (n - penultimate_level_vertices - 1) // last_level_vertices * last_level_sum
    # Calculate the total sum
    total_sum = penultimate_level_sum + remaining_levels_sum
    # Return the total sum
    return total_sum

# Take input from command line
",False,True,0,0.0
1843C,1,['misc'],['for loop'],"['for loop', 'while loop', 'misc', 'if statement', 'tuple', 'break statement', 'recursion']","from math import log2

def solve(n):
    # Calculate the number of levels in the tree
    levels = int(log2(n)) + 1
    # Calculate the sum of the levels
    sum_levels = (levels * (levels + 1)) // 2
    # Calculate the sum of the vertices in the last level
    last_level_size = 2 ** levels - 1
    last_level_sum = last_level_size * (n - 2 ** levels + 1)
    # Calculate the sum of the vertices in the previous levels
    remaining_vertices = n - last_level_size
    remaining_sum = sum([2 ** i for i in range(1, levels)]) * remaining_vertices
    # Return the total sum
    return sum_levels + last_level_sum + remaining_sum

# Test cases
",False,True,0,0.0
1843C,2,"['misc', 'while loop']",['for loop'],"['for loop', 'while loop', 'misc', 'if statement', 'tuple', 'break statement', 'recursion']","from the root to a given node in the binary tree.

```python
from math import ceil

def solve(n):
    def dfs(node, parent):
        if node == 1:
            return 1
        return dfs(2 * node, node) + dfs(2 * node + 1, node) + node - parent

    return dfs(1, 0) * (ceil(n * log2(n)) - 1)

",False,True,0,0.0
1843C,3,"['misc', 'while loop', 'if statement']","['recursion', 'dynamic programming']","['for loop', 'while loop', 'misc', 'if statement', 'tuple', 'break statement', 'recursion']","from functools import lru_cache

@lru_cache(maxsize=None)
def solve(n):
    if n == 1:
        return 1

    left = solve(2 * n)
    right = solve(2 * n + 1)
    return left + right

",False,True,1,0.5
1843C,4,"['misc', 'while loop', 'if statement', 'recursion']","['for loop', 'if statement', 'continue statement', 'queue', 'while loop', 'set', 'tuple']","['for loop', 'while loop', 'misc', 'if statement', 'tuple', 'break statement', 'recursion']","from the root to a given node in a binary tree with a specific structure. We will use a queue to traverse the tree level by level and keep track of the sum. Here's the code:

```python
from collections import deque

def solve():
    t = int(input())
    for _ in range(t):
        n = int(input())
        if n == 1:
            print(1)
            continue
        q = deque([(1, 0)])
        powers_of_two = [2 ** i for i in range(n.bit_length() + 1)]
        visited = set()
        total = 0
        while q:
            node, level = q.popleft()
            if level == n - 1:
                total += node
            for child in (node * 2, node * 2 + 1):
                if child < powers_of_two[-1] and child not in visited:
                    q.append((child, level + 1))
                    visited.add(child)
        print(total)

",False,False,3,0.42857142857142855
1843C,5,"['misc', 'while loop', 'if statement', 'recursion', 'for loop']","['if statement', 'while loop']","['for loop', 'while loop', 'misc', 'if statement', 'tuple', 'break statement', 'recursion']","from math import log2
from typing import List

def bit_sum(bit: List[int], n: int, l: int, r: int) -> int:
    s = 0
    while l <= r:
        s += bit[l]
        l += (l & -l)
        if r != l:
            s += bit[r + 1]
            r -= (r & -r)
    return s

def bit_update(bit: List[int], n: int, l: int, r: int, i: int, delta: int) -> None:
    if i > n:
        return
    while i <= n:
        bit[i] += delta
        i += (i & -i)

def solve() -> None:
    n_test_cases = int(input())
    for _ in range(n_test_cases):
        n = int(input())
        bit = [0] * (n * 2)
        bit_update(bit, n * 2, 1, 1, n, 1)
        print(bit_sum(bit, n * 2, 1, n))

",False,False,0,0.0
1843B,0,['this is the og problem'],['for loop'],"['for loop', 'while loop', 'if statement', 'tuple', 'continue statement', 'hashmap', 'misc']","from left to right, starting from the first element. For each element, we check if multiplying it by -1 will increase the sum of the current subarray. If it does, we apply the operation and update the minimum number of operations.

Here is the Python code for the `solve()` function:

",False,True,0,0.0
1843B,1,['for loop'],"['for loop', 'if statement', 'for loop', 'if statement']","['for loop', 'while loop', 'if statement', 'tuple', 'continue statement', 'hashmap', 'misc']","import sys
import bisect
from typing import List
from functools import reduce
from operator import mul

def solve():
    t = int(input())
    for _ in range(t):
        n = int(input())
        a = list(map(int, input().split()))

        # Calculate prefix sum
        prefix_sum = [0] + list(reduce(lambda x, y: x + y, a))

        # Binary search for the maximum sum
        max_sum, min_ops = float('-inf'), float('inf')
        for i in range(1, 1 << n):
            cur_sum = 0
            cur_ops = 0
            for j in range(n):
                if (1 << j) & i:
                    cur_sum += prefix_sum[j + 1] - prefix_sum[j]
                    cur_ops += 1
                else:
                    cur_sum += prefix_sum[j]
            if cur_sum > max_sum:
                max_sum, min_ops = cur_sum, cur_ops

        print(max_sum, min_ops)

",False,False,0,0.0
1843B,2,"['for loop', 'if statement']","['recursion', 'dynamic programming', 'matrix operation', 'if statement']","['for loop', 'while loop', 'if statement', 'tuple', 'continue statement', 'hashmap', 'misc']","from typing import List
from functools import lru_cache
import sys
from math import inf

def solve():
    t = int(input())
    for _ in range(t):
        n = int(input())
        a = list(map(int, input().split()))

        # Calculate prefix sum
        prefix_sum = [0] * (n + 1)
        for i in range(1, n + 1):
            prefix_sum[i] = prefix_sum[i - 1] + a[i - 1]

        # Calculate the maximum sum and minimum operations for each prefix sum
        @lru_cache(None)
        def dfs(i, curr_sum, curr_ops):
            if i > n:
                return curr_sum, curr_ops

            max_sum, min_ops = inf, inf
            for j in range(i, n + 1):
                max_sum = max(max_sum, dfs(j, prefix_sum[j] - prefix_sum[i - 1], curr_ops + (j - i + 1))[0])
                min_ops = min(min_ops, dfs(j, prefix_sum[j] - prefix_sum[i - 1], curr_ops + (j - i + 1))[1])

            # Try to flip the current prefix sum
            max_sum = max(max_sum, dfs(i, -prefix_sum[i - 1], curr_ops + 1)[0])

            return max_sum, min_ops

        max_sum, min_ops = dfs(1, prefix_sum[1], 0)
        print(max_sum, min_ops)

",False,False,3,0.75
1843B,3,"['for loop', 'if statement', 'tuple']","['recursion', 'tree', 'if statement']","['for loop', 'while loop', 'if statement', 'tuple', 'continue statement', 'hashmap', 'misc']","import functools
import sys
from typing import List

class SegmentTree:
    def __init__(self, arr: List[int]):
        n = len(arr)
        self.size = 2 ** (n.bit_length() + 1)
        self.tree = [0] * self.size
        self.build(arr, 1, 0, n - 1)

    def build(self, arr: List[int], node: int, start: int, end: int):
        if start == end:
            self.tree[node] = arr[start]
            return
        mid = (start + end) // 2
        self.build(arr, 2 * node, start, mid)
        self.build(arr, 2 * node + 1, mid + 1, end)
        self.tree[node] = self.tree[2 * node] * self.tree[2 * node + 1]

    def update(self, node: int, start: int, end: int, idx: int, val: int):
        if idx < start or end < idx:
            return
        if start == end:
            self.tree[node] = val
            return
        mid = (start + end) // 2
        self.tree[node] = self.tree[2 * node] * self.tree[2 * node + 1]
        self.tree[2 * node] = val if start <= idx <= mid else self.tree[2 * node]
        self.tree[2 * node + 1] = val if idx > mid else self.tree[2 * node + 1]
        self.tree[node] = self.tree[2 * node] * self.tree[2 * node + 1]

    def query(self, node: int, start: int, end: int, l: int, r: int):
        if r < start or end < l:
            return 0
        if l <= start and end <= r:
            return self.tree[node]
        mid = (start + end) // 2
        return self.query(2 * node, start, mid, l, r) * self.query(2 * node + 1, mid + 1, end, l, r)

def solve():
    t = int(input())
    for _ in range(t):
        n = int(input())
        arr = list(map(int, input().split()))
        st = SegmentTree(arr)
        max_sum = -(10 ** 18)
        min_ops = float('inf')
        for i in range(n):
            st.update(1, 1, n, -arr[i])
            sum_ = st.query(1, 1, n, 1, n)
            if sum_ > max_sum:
                max_sum = sum_
                min_ops = 0
            else:
                min_ops = min(min_ops, n - 1)
        print(max_sum, min_ops)

",False,False,2,0.6666666666666666
1843B,4,"['for loop', 'if statement', 'tuple', 'while loop']",['for loop'],"['for loop', 'while loop', 'if statement', 'tuple', 'continue statement', 'hashmap', 'misc']","from the original array, and the minimum prefix sum will be the maximum sum we can get after applying some operations.

Here is the Python code for the function `solve()`:

",False,False,0,0.0
1843A,0,['this is the og problem'],['for loop'],"['for loop', 'sorting', 'tuple', 'matrix operation', 'while loop', 'if statement', 'two pointers']","from math import inf

def solve():
    t = int(input())
    for _ in range(t):
        n = int(input())
        a = list(map(int, input().split()))

        # Initialize the colors and their costs
        colors, costs = set(), []
        for i in range(1, max(a) + 1):
            colors.add(i)
            costs.append(inf)

        # Calculate the cost for each color
        for i in range(n):
            for color in colors:
                costs[color - 1] = min(costs[color - 1], max(a[i]) - min(a[i:i + n]))

        # Find the maximum cost among all colors
        print(max(costs))

",False,True,0,0.0
1843A,1,['hashmap'],"['for loop', 'heap']","['for loop', 'sorting', 'tuple', 'matrix operation', 'while loop', 'if statement', 'two pointers']","import sys
import heapq

def solve():
    t = int(input())
    for _ in range(t):
        n = int(input())
        a = list(map(int, input().split()))

        # Initialize min-heap for each color
        colors = [[] for _ in range(max(a) + 1)]
        total_cost = 0

        # Process the array and update the min-heap for each element
        for num in a:
            heapq.heappush(colors[num], -num)
            total_cost += -heapq.heappop(colors[num])

        print(total_cost)

",False,True,1,0.5
1843A,2,"['hashmap', 'if statement']",['for loop'],"['for loop', 'sorting', 'tuple', 'matrix operation', 'while loop', 'if statement', 'two pointers']","import sys
import heapq

def solve():
    t = int(input())
    for _ in range(t):
        n = int(input())
        a = list(map(int, input().split()))
        a.sort()
        costs = []
        for i in range(n):
            cost = max(a[i:]) - min(a[i:])
            if cost > 0:
                heapq.heappush(costs, -cost)
        print(-sum(costs) if costs else 0)

",False,True,0,0.0
1843A,3,"['hashmap', 'if statement', 'for loop']","['dynamic programming', 'matrix operation', 'misc']","['for loop', 'sorting', 'tuple', 'matrix operation', 'while loop', 'if statement', 'two pointers']","import sys
from typing import List

def solve():
    n = int(input())
    a = list(map(int, input().split()))

    # dp[i][c] stores the minimum cost of coloring the subarray [a[0], a[1], ..., a[i]] with color c
    dp = [[float('inf')] * (max(a) - min(a) + 1) for _ in range(n)]

    # Base case: the cost of coloring an empty subarray with color c is 0
    for c in range(min(a), max(a) + 1):
        dp[0][c] = 0

    # Iterate through the array and update the dp table
    for i in range(1, n):
        for c in range(min(a), max(a) + 1):
            # If we don't use color c for the current element, the cost is the minimum cost of coloring the subarray without this element
            dp[i][c] = min(dp[i][c], dp[i - 1][c])

            # If we use color c for the current element, the cost is the maximum of the cost of coloring the subarray without this element and the cost of coloring the subarray with this element plus the cost of coloring the subarray without this element but excluding the minimum and maximum values in the current subarray
            dp[i][c] = min(dp[i][c], dp[i - 1][c] + (max(a[i]) - min(a[i]) - (c - a[i]) + min(a[i]) - min(a[0:i])))

    # The answer is the maximum cost of coloring the entire array
    answer = float('-inf')
    for c in range(min(a), max(a) + 1):
        answer = max(answer, dp[-1][c])

    print(answer)

",False,True,2,0.6666666666666666
1843A,4,"['hashmap', 'if statement', 'for loop', 'tuple']","['for loop', 'dictionary', 'binary search', 'if statement']","['for loop', 'sorting', 'tuple', 'matrix operation', 'while loop', 'if statement', 'two pointers']","import heapq

def solve():
    n = int(input())
    a = list(map(int, input().split()))
    colors = {}
    max_cost = 0

    for i in range(1, max(a) + 1):
        colors[i] = [float('inf')] * 2

    for num in a:
        color = bisect.bisect_left(colors[num], num)
        colors[num][color] = num
        colors[num][color + 1] = -1

    for i in range(1, len(a)):
        for j in range(1, max(a) + 1):
            if colors[j][0] <= a[i - 1] and colors[j][1] >= a[i]:
                max_cost = max(max_cost, colors[j][1] - colors[j][0])

    print(max_cost)

# Test cases
",False,False,2,0.5
1843A,5,"['hashmap', 'if statement', 'for loop', 'tuple', 'while loop']","['for loop', 'dictionary', 'queue']","['for loop', 'sorting', 'tuple', 'matrix operation', 'while loop', 'if statement', 'two pointers']","import sys
from collections import deque
from functools import reduce

def solve():
    n = int(input())
    for _ in range(n):
        a = list(map(int, input().split()))
        colors, costs, graph = {}, {}, {(0, 0): a[0]}
        for i in range(1, len(a)):
            max_val, min_val, color = a[i], a[i], i
            for j in graph:
                if a[i] > j[0] and a[i] < j[1]:
                    color = j[2]
                    break
            if color not in colors:
                colors[color] = costs[color] = 0
            costs[color] += max_val - min_val
            graph[(min_val, max_val)] = (color, i)
        q = deque([(0, 0)])
        while q:
            node, _ = q.popleft()
            if node not in colors:
                color, next_node = node, graph[node]
                colors[color] = 1
                q.append((next_node, color))
        print(max(costs.values()))

",False,False,2,0.6666666666666666
1842A,0,['this is the og problem'],"['if statement', 'for loop', 'dynamic programming', 'if statement', 'for loop', 'dynamic programming']","['for loop', 'if statement', 'tuple', 'hashmap', 'misc', 'matrix operation', 'set']","import sys

def solve():
    t = int(input())
    for _ in range(t):
        n, m = map(int, input().split())
        a = list(map(int, input().split()))
        b = list(map(int, input().split()))

        dp_tsondu = [0] * (n + 1)
        dp_tenzing = [0] * (m + 1)

        for i in range(n - 1, -1, -1):
            for j in range(m, -1, -1):
                for k in range(i + 1, n + 1):
                    for l in range(j + 1, m + 1):
                        if a[i] > a[k] and b[j] > b[l]:
                            dp_tsondu[i] = max(dp_tsondu[i], dp_tenzing[j] + a[i] - a[k])
                        if a[k] > a[i] and b[l] > b[j]:
                            dp_tenzing[j] = max(dp_tenzing[j], dp_tsondu[i] + b[j] - b[l])

        winner = ""Tsondu"" if dp_tsondu[0] > dp_tenzing[0] else (""Tenzing"" if dp_tenzing[0] > dp_tsondu[0] else ""Draw"")
        print(winner)

",False,True,1,0.16666666666666666
1842A,1,['if statement'],['for loop'],"['for loop', 'if statement', 'tuple', 'hashmap', 'misc', 'matrix operation', 'set']","import sys
from typing import List

def solve():
    t = int(input())
    for _ in range(t):
        n, m = map(int, input().split())
        a = list(map(int, input().split()))
        b = list(map(int, input().split()))

        dp_tsondu = [float('inf') * n for _ in range(n + 1)]
        dp_tenzing = [float('inf') * m for _ in range(m + 1)]
        dp_tsondu[0] = 0

        for i in range(1, n + 1):
            for j in range(1, m + 1):
                for k in range(i - 1, -1, -1):
                    dp_tenzing[j] = min(dp_tenzing[j], dp_tsondu[k])
                for k in range(j - 1, -1, -1):
                    dp_tsondu[i] = min(dp_tsondu[i], dp_tenzing[k] + a[i] - b[j])

        winner = ""Tsondu"" if dp_tsondu[-1] > 0 else ""Tenzing"" if dp_tenzing[-1] <= 0 else ""Draw""
        print(winner)

",False,True,0,0.0
1842A,2,"['if statement', 'dictionary']","['for loop', 'dynamic programming', 'matrix operation']","['for loop', 'if statement', 'tuple', 'hashmap', 'misc', 'matrix operation', 'set']","def solve():
    t = int(input())
    for _ in range(t):
        n, m = map(int, input().split())
        a = list(map(int, input().split()))
        b = list(map(int, input().split()))

        dp = [[float('inf')] * (m + 1) for _ in range(n + 1)]
        dp[0][0] = 0

        for i in range(1, n + 1):
            for j in range(m + 1):
                dp[i][j] = dp[i - 1][j]
                for k in range(1, min(i, j) + 1):
                    dp[i][j] = min(dp[i][j], dp[i - k][j - k] + abs(a[i] - b[j]))

        winner = ""Tsondu"" if dp[-1][-1] > 0 else ""Draw"" if dp[-1][-1] == 0 else ""Tenzing""
        print(winner)

",False,True,1,0.3333333333333333
1842A,3,"['if statement', 'dictionary', 'sorting']","['for loop', 'if statement', 'matrix operation']","['for loop', 'if statement', 'tuple', 'hashmap', 'misc', 'matrix operation', 'set']","def solve():
    t = int(input())
    for _ in range(t):
        n, m = map(int, input().split())
        ts = list(map(int, input().split()))
        ts.reverse()
        ts = [0] + ts
        ms = list(map(int, input().split()))
        ms.reverse()
        ms = [0] + ms

        t_max = [0] * (n + 1)
        t_prev = [0] * (n + 1)
        t_next = [0] * (n + 1)
        for i in range(1, n + 1):
            for j in range(i, min(i + m, n + 1)):
                t_next[i] = max(t_next[i], t_prev[j] - ts[i])
            t_prev[i] = max(t_prev[i], t_max[i])
            t_max[i] = max(t_max[i], t_next[i])

        e_max = t_max[n]
        if e_max > 0:
            print(""Tsondu"")
        elif e_max < 0:
            print(""Tenzing"")
        else:
            print(""Draw"")

        # Reset arrays for next test case
        t_max = [0] * (n + 1)
        t_prev = [0] * (n + 1)
        t_next = [0] * (n + 1)
",False,False,0,0.0
1842A,4,"['if statement', 'dictionary', 'sorting', 'tuple']",['for loop'],"['for loop', 'if statement', 'tuple', 'hashmap', 'misc', 'matrix operation', 'set']","import sys

def solve():
    t = int(input())
    for _ in range(t):
        n, m = map(int, input().split())
        ts = list(map(int, input().split()))
        ts.sort(reverse=True)
        ts = ts[:n]
        ms = list(map(int, input().split()))
        ms.sort(reverse=True)
        ms = ms[:m]

        tsondu = [0] * (len(ts) + 1)
        tenzing = [0] * (len(ms) + 1)

        for i in range(1, len(ts) + 1):
            for j in range(1, len(ms) + 1):
                if ts[i - 1] > ms[j - 1]:
                    tsondu[i] = max(ts[i - 1], tsondu[i - 1])
                    tenzing[j] = max(ms[j - 1], tenzing[j - 1])
                else:
                    tsondu[i] = max(ts[i - 1], tsondu[i - 1] - ms[j - 1])
                    tenzing[j] = max(ms[j - 1], tenzing[j - 1] - ts[i - 1])

        if max(tsondu) > 0:
            print(""Tsondu"")
        elif max(tenzing) > 0:
            print(""Tenzing"")
        else:
            print(""Draw"")

",False,True,0,0.0
1842A,5,"['if statement', 'dictionary', 'sorting', 'tuple', 'for loop']","['if statement', 'for loop', 'matrix operation', 'dynamic programming']","['for loop', 'if statement', 'tuple', 'hashmap', 'misc', 'matrix operation', 'set']","def solve():
    n, m = map(int, input().split())
    a = list(map(int, input().split()))
    b = list(map(int, input().split()))

    dp = [[float('inf')] * (m + 1) for _ in range(n + 1)]
    dp[0][0] = 0

    for i in range(1, n + 1):
        for j in range(1, m + 1):
            for k in range(1, i + 1):
                dp[i][j] = min(dp[i][j], dp[i - k][j] + a[i])
                dp[i][j] = min(dp[i][j], dp[i][j - k] + b[j])
                if dp[i - k][j] + a[i] > dp[i][j - k] + b[j]:
                    dp[i - k][j] = float('inf')

    winner = ""Tsondu"" if dp[n][m] <= 0 else ""Tenzing"" if dp[0][m] > 0 else ""Draw""
    print(winner)

# Test cases
",False,False,1,0.25
1841A,0,['this is the og problem'],['for loop'],"['for loop', 'if statement', 'while loop', 'misc']","from collections import defaultdict

def solve():
    t = int(input())
    for _ in range(t):
        n = int(input())
        board = list(map(int, str(1 * n)))
        moves = [(i, j) for i in range(n - 1) for j in range(i + 1, n) if board[i] == board[j]]
        if not moves:
            print(""Bob"")
            continue
        def dfs(sum_val, pos):
            if sum_val > n:
                return False
            if sum_val == n:
                return True
            for i, j in moves:
                if board[i] + board[j] == sum_val:
                    board[i], board[j] = 0, 0
                    if dfs(sum_val + 1, pos + 1):
                        return True
                    board[i], board[j] = board[i] + board[j], 0
            return False
        if dfs(2, 0):
            print(""Alice"")
        else:
            for _ in range(2, n + 1):
                if not any(dfs(val, 0) for val in range(2, n + 1)):
                    print(""Bob"")
                    break

",False,True,0,0.0
1841A,1,['if statement'],['for loop'],"['for loop', 'if statement', 'while loop', 'misc']","import itertools

def solve():
    test_cases = int(input())
    for _ in range(test_cases):
        n = int(input())
        board = [1] * n
        def dfs(player, indices, sum_):
            if not indices:
                return sum_ > 1 and all(board[i] == sum_ for i in range(n))
            for i in range(len(indices), 0, -1):
                cur_indices = indices[:i]
                for combo in itertools.combinations(cur_indices, i):
                    cur_sum = sum(board[j] for j in combo)
                    if player != (cur_sum > 1 and all(board[j] == cur_sum for j in combo)):
                        new_board = board[:]
                        for j in combo:
                            new_board[j] = cur_sum
                        if dfs(not player, list(set(range(n)) - set(combo)), cur_sum):
                            return True
            return False
        winner = ""Alice"" if dfs(True, list(range(n)), 1) else ""Bob""
        print(winner)

",False,True,0,0.0
1841A,2,"['if statement', 'for loop']",['for loop'],"['for loop', 'if statement', 'while loop', 'misc']","import itertools

def solve():
    def dfs(board, target, indices):
        if not board:
            return True
        if target in board:
            board[target] -= 1
            if not dfs(board, target - 2, indices + [i for i, x in enumerate(board) if x == target]):
                board[target] += 1
                return False
            board[target] += 1
        for i in range(len(board)):
            if board[i] > 0 and i not in indices:
                combinations = itertools.combinations(range(len(board)), board[i])
                for comb in combinations:
                    new_board = board[:]
                    new_board[comb] = [x - sum(comb) for x in comb]
                    if dfs(new_board, 0, indices + list(comb)):
                        return True
        return False

    t = int(input())
    for _ in range(t):
        n = int(input())
        board = [1] * n
        if dfs(board, 0, []):
            print(""Alice"")
        else:
            print(""Bob"")

",False,False,0,0.0
1841A,3,"['if statement', 'for loop', 'while loop']",['for loop'],"['for loop', 'if statement', 'while loop', 'misc']","import sys
from collections import defaultdict

def solve():
    n = int(input())
    board = list(map(int, input().split()))
    if len(set(board)) == 1:
        return ""Alice"" if board[0] == 1 else ""Bob""

    def dfs(player, board, count):
        if not board:
            return True
        if count == 0:
            return False
        for i in range(1, len(board)):
            if board[i] == board[i - 1] and dfs(3 - player, board[:i] + [board[i - 1] + board[i]] + board[i + 1:], count - 1):
                return True
        return False

    for i in range(1, n):
        if dfs(1, board[:i] + [board[i - 1] + board[i]] + board[i + 1:], n - i - 1):
            return ""Alice""
    return ""Bob""

",True,False,0,0.0
1840A,0,['this is the og problem'],"['for loop', 'if statement']","['for loop', 'while loop', 'if statement', 'break statement', 'misc', 'two pointers', 'matrix operation', 'queue']","import re

def solve():
    t = int(input())
    for _ in range(t):
        n = int(input())
        s = input()
        result = """"
        for i in range(1, n):
            if s[i] != s[i - 1]:
                result += s[i - 1]
        result += s[-1]
        print(result)

",False,True,0,0.0
1840A,1,['for loop'],"['for loop', 'dictionary', 'hashmap']","['for loop', 'while loop', 'if statement', 'break statement', 'misc', 'two pointers', 'matrix operation', 'queue']","import collections

def solve():
    t = int(input())
    for _ in range(t):
        n = int(input())
        s = input()
        freq = collections.Counter(s)
        result = """"
        for char in s:
            result += char * (freq[char] - 1) + char
        print(result)

",False,False,2,0.6666666666666666
1839A,0,['this is the og problem'],"['for loop', 'if statement']","['for loop', 'tuple', 'misc', 'while loop', 'if statement', 'matrix operation']","import math

def solve():
    t = int(input())
    for _ in range(t):
        n, k = map(int, input().split())
        ones = min(n, k)
        if k > 1:
            ones += math.ceil((n - k + 1) / k) - 1
        print(ones)

",False,True,0,0.0
1839A,1,['if statement'],"['for loop', 'if statement', 'dynamic programming']","['for loop', 'tuple', 'misc', 'while loop', 'if statement', 'matrix operation']","from math import ceil

def solve():
    t = int(input())
    for _ in range(t):
        n, k = map(int, input().split())
        dp1 = [0] * (n + 1)
        dp2 = [0] * (n + 1)
        dp1[0], dp2[n] = 1, 1

        for i in range(1, n + 1):
            dp1[i] = min(dp1[i - 1] + 1, dp1[max(0, i - k)] + 1)
            dp2[n - i] = min(dp2[n - i + 1] + 1, dp2[min(n, i + k)] + 1)

        print(max(dp1[-1], dp2[0]))

",False,False,1,0.3333333333333333
1839A,2,"['if statement', 'tuple']","['for loop', 'if statement']","['for loop', 'tuple', 'misc', 'while loop', 'if statement', 'matrix operation']","from math import ceil

def solve():
    t = int(input())
    for _ in range(t):
        n, k = map(int, input().split())
        ones = n - (n % k)
        if k > 1:
            ones += (ceil(n / k) - 1) * (k - 1)
        print(ones)

",False,False,0,0.0
1839A,3,"['if statement', 'tuple', 'for loop']",['for loop'],"['for loop', 'tuple', 'misc', 'while loop', 'if statement', 'matrix operation']","from `1` to `n`.

Here is the Python code for the `solve()` function:

",False,False,0,0.0
1839A,4,"['if statement', 'tuple', 'for loop', 'while loop']",['for loop'],"['for loop', 'tuple', 'misc', 'while loop', 'if statement', 'matrix operation']","from math import ceil

def solve():
    def good_array(n, k, ones):
        first_half = ones[:n//2]
        second_half = ones[n//2:]
        return all(sum(first_half[:i]) >= ceil(i/k) for i in range(1, n//2+1)) and all(sum(second_half[-i:]) >= ceil(i/k) for i in range(1, n//2+1))

    t = int(input())
    for _ in range(t):
        n, k = map(int, input().split())
        ones = list(range(1, n+1))
        start = max(1, n - (k-1))
        ones[start-1:] = [0] * (n - start)
        print(sum(ones))
        min_ones = sum(ones)
        for i in range(n//2, 0, -1):
            if not good_array(i, k, ones):
                ones[i-1] = 0
                while not good_array(i, k, ones) and i > 1:
                    ones[i-1] = 0
                    i -= 1
                min_ones = min(min_ones, sum(ones))
        print(min_ones)

",False,False,0,0.0
1838A,0,['this is the og problem'],"['if statement', 'for loop', 'dictionary', 'misc', 'hashmap']","['for loop', 'if statement', 'break statement', 'misc', 'tuple', 'sorting', 'hashmap', 'continue statement']","from collections import defaultdict
import sys

def solve():
    t = int(input())
    for _ in range(t):
        n = int(input())
        numbers = list(map(int, input().split()))
        diff_dict = defaultdict(int)
        for i in range(n - 1):
            for j in range(i + 1, n):
                diff_dict[numbers[i] - numbers[j]] += 1
        max_diff = max(diff_dict.keys())
        initial_numbers = [num for num in numbers if num - max_diff in numbers]
        print(initial_numbers[0])

",False,True,1,0.2
1838A,1,['if statement'],['for loop'],"['for loop', 'if statement', 'break statement', 'misc', 'tuple', 'sorting', 'hashmap', 'continue statement']","from collections import defaultdict
import math

def solve():
    n = int(input())
    numbers = list(map(int, input().split()))

    # Create a frequency map of the numbers
    freq = defaultdict(int)
    for num in numbers:
        freq[num] += 1

    # Find the two numbers with the highest frequency
    max_freq = max(freq.values())
    candidates = [num for num, freq in freq.items() if freq == max_freq]

    # If there is only one candidate, return it
    if len(candidates) == 1:
        return candidates[0]

    # If there are two candidates, return the smaller one
    smaller_candidate = min(candidates)

    # Find the difference between the candidates and all other numbers
    differences = [abs(num - candidate) for candidate in candidates for num in numbers if num != candidate]

    # If the difference between the candidates is not found, return the smaller candidate
    if smaller_candidate not in differences:
        return smaller_candidate

    # If the difference between the candidates is found, return the other candidate
    other_candidate = candidates[1] if smaller_candidate < candidates[0] else candidates[0]
    if other_candidate in differences:
        return other_candidate

    # If no solution is found, return any number
    return candidates[0]

",False,True,0,0.0
1838A,2,"['if statement', 'sorting']","['dictionary', 'for loop', 'if statement']","['for loop', 'if statement', 'break statement', 'misc', 'tuple', 'sorting', 'hashmap', 'continue statement']","from collections import defaultdict
import math

def solve():
    n = int(input())
    a = list(map(int, input().split()))

    # Create a frequency map of the numbers in the list
    freq = defaultdict(int)
    for num in a:
        freq[num] += 1

    # Find the two numbers with the highest frequency
    max_freq = max(freq.values())
    candidates = [num for num, freq in freq.items() if freq == max_freq]

    # If there is only one candidate, it must be one of the initial numbers
    if len(candidates) == 1:
        return candidates[0]

    # Otherwise, find the smallest difference between the candidates
    min_diff = math.inf
    for i in range(len(candidates)):
        for j in range(i+1, len(candidates)):
            diff = abs(candidates[i] - candidates[j])
            if diff < min_diff:
                min_diff = diff

    # The initial numbers are the candidates that form the smallest difference
    initial_numbers = []
    for candidate in candidates:
        for other in candidates:
            if abs(candidate - other) == min_diff:
                initial_numbers.append(candidate)
                break

    # Return any of the initial numbers
    return initial_numbers[0]

# Test cases
",False,False,1,0.3333333333333333
1838A,3,"['if statement', 'sorting', 'for loop']",['for loop'],"['for loop', 'if statement', 'break statement', 'misc', 'tuple', 'sorting', 'hashmap', 'continue statement']","import math

def bit_sum(a, i):
    s = 0
    while i > 0:
        s += a[i]
        i -= i & -i
    return s

def solve():
    n = int(input())
    a = list(map(int, input().split()))
    n_bits = int(math.log2(n)) + 1
    bit = [0] * (n_bits * 2)

    for i in range(1, n + 1):
        bit[i + n_bits - 1] = a[i - 1]
        for j in range(i + n_bits - 1):
            bit[j] += bit[j + n_bits]

    x = 0
    for i in range(1, n + 1):
        x = max(x, bit_sum(bit, i) - bit_sum(bit, i - 1))

    print(x)

",False,False,0,0.0
1838A,4,"['if statement', 'sorting', 'for loop', 'while loop']",['for loop'],"['for loop', 'if statement', 'break statement', 'misc', 'tuple', 'sorting', 'hashmap', 'continue statement']","from collections import defaultdict
import math

def solve(num_test_cases, *test_cases):
    for test_case in test_cases:
        n = test_case[0]
        numbers = test_case[1:]
        # Create a dictionary to store the frequency of each number
        freq = defaultdict(int)
        for number in numbers:
            freq[number] += 1

        # Find the number with the highest frequency (one of the initial numbers)
        initial_numbers = set()
        for number in numbers:
            diff = math.isqrt(number ** 2 - freq[number])
            if diff * diff == number ** 2 - freq[number] and diff not in initial_numbers:
                initial_numbers.add(diff)
                initial_numbers.add(number)

        # Print one of the initial numbers
        print(list(initial_numbers)[0])

",False,False,0,0.0
1838A,5,"['if statement', 'sorting', 'for loop', 'while loop', 'queue']",['for loop'],"['for loop', 'if statement', 'break statement', 'misc', 'tuple', 'sorting', 'hashmap', 'continue statement']","import functools
from typing import List

def solve():
    def power_set(nums: List[int]):
        n = len(nums)
        power_set_list = [[] for _ in range(1 << n)]
        for i in range(1, 1 << n):
            for j in range(n):
                if i & (1 << j):
                    power_set_list[i] += [nums[j]]
        return power_set_list

    def bit_count(n: int):
        return bin(n).count('1')

    def find_initial_pair(nums: List[int]):
        power_set = power_set(nums)
        for i in range(1, len(nums)):
            for j in range(i + 1, len(nums)):
                if bit_count(nums[i] - nums[j]) == 1:
                    return nums[i], nums[j]

    def main():
        t = int(input())
        for _ in range(t):
            n = int(input())
            nums = list(map(int, input().split()))
            initial_pair = find_initial_pair(nums)
            print(initial_pair[0])

    main()

",False,False,0,0.0
1837A,0,['this is the og problem'],"['if statement', 'for loop']","['for loop', 'if statement', 'tuple', 'misc', 'dictionary', 'matrix operation']","import math

def solve(x, k):
    # Calculate the largest multiple of k less than or equal to x
    multiple = math.ceil(x / k) * k

    # Calculate the number of jumps needed to reach x from the multiple
    jumps = x - multiple

    # If the number of jumps is 0, the grasshopper is already at the correct position
    if jumps == 0:
        return 0, []

    # Calculate the smallest jump distance that is not divisible by k
    jump = -math.inf
    for i in range(1, 1000001):
        if i % k != 0:
            jump = i
            break

    # Calculate the number of jumps needed to reach the multiple from the starting position
    jumps_to_multiple = math.ceil(multiple / jump)

    # Calculate the number of jumps needed to reach x from the multiple
    jumps_to_x = jumps - (jumps_to_multiple - 1) * jump

    # Reverse the list of jumps to get the correct order
    jumps = list(reversed([jump] * jumps_to_multiple + [-jump] * jumps_to_x))

    return jumps_to_x + 1, jumps

# Read the number of test cases
",False,True,0,0.0
1837A,1,['for loop'],"['while loop', 'if statement', 'recursion', 'binary search', 'tuple', 'set', 'dictionary']","['for loop', 'if statement', 'tuple', 'misc', 'dictionary', 'matrix operation']","import math

def gcd(a, b):
    while b:
        a, b = b, a % b
    return a

def prime_divisors(n):
    divisors = []
    i = 2
    while i * i <= n:
        if n % i:
            i += 1
        else:
            n //= i
            divisors.append(i)
    if n > 1:
        divisors.append(n)
    return divisors

def solve(x, k):
    if k == 1:
        return 1, [1 * sign for sign in [1, -1] if x % sign != 0]

    divisors = prime_divisors(k)
    for d in divisors:
        if x % d == 0:
            q = x // d
            r = q * d - x
            if r and gcd(r, k) == 1:
                moves, jumps = q + solve(r, k)[0], solve(r, k)[1]
                return moves, [jump for jump in jumps if jumps[0] * d + jumps[1] * (q - 1) <= x < jumps[0] * d + jumps[1] * q]

    # If k is not a prime number and there is no divisor of x, we can use binary search to find the smallest number of moves
    left, right = 1, math.inf
    while left < right:
        mid = (left + right) // 2
        if mid * k <= x:
            left = mid + 1
        else:
            right = mid
    return right, [i * sign for i in range(1, right) for sign in [1, -1] if x % (i * k) != 0]

",False,True,4,0.5714285714285714
1837A,2,"['for loop', 'recursion']",['for loop'],"['for loop', 'if statement', 'tuple', 'misc', 'dictionary', 'matrix operation']","import math

def gcd(a, b):
    while b:
        a, b = b, a % b
    return a

def prime_factorization(n):
    factors = []
    i = 2
    while i * i <= n:
        if n % i:
            i += 1
        else:
            n //= i
            factors.append(i)
    if n > 1:
        factors.append(n)
    return factors

def next_prime(n):
    if n % 2 == 0:
        n += 1
    while True:
        n += 2
        is_prime = True
        for p in prime_factorization(n - 4):
            if n % p == 0:
                is_prime = False
                break
        if is_prime:
            break
    return n

def solve():
    t = int(input())
    for _ in range(t):
        x, k = map(int, input().split())
        g = gcd(x, k)
        if g > 1:
            print(2)
            print(1 if x % g == 0 else -1)
            print(x // g)
            continue
        p = next_prime(k)
        steps = 0
        jump = 1
        while x != 0:
            if abs(x) % p != 0:
                print(steps + 1)
                print(*(jump if x > 0 else -jump))
                break
            x -= jump
            jump = -jump
            steps += 1
        if x != 0:
            print(steps + 1)
            print(*(jump if x > 0 else -jump))

",False,False,0,0.0
1837A,3,"['for loop', 'recursion', 'if statement']","['for loop', 'if statement', 'misc']","['for loop', 'if statement', 'tuple', 'misc', 'dictionary', 'matrix operation']","import math
import itertools

def solve(x, k):
    # Calculate the largest multiple of k less than or equal to x
    multiple = math.ceil(x / k) * k

    # Calculate the number of jumps needed to reach x from multiple
    jumps = (x - multiple) // (2 * k) + 1

    # Generate all possible jump distances that are not divisible by k
    jump_distances = list(itertools.chain(range(1, k), reversed(range(-k, -1))) if k % 2 == 1 else list(itertools.chain(range(1, k), range(k + 1, 2 * k - 1)))

    # Generate the sequence of jumps
    jumps_sequence = [0] * jumps
    for i in range(jumps):
        jumps_sequence[i] = jump_distances[i] if (multiple + i * 2 * k) + jumps_sequence[i] <= x else -jumps_sequence[i]

    # Print the number of jumps and the sequence of jumps
    print(jumps)
    print(*jumps_sequence)

",False,False,0,0.0
1837A,4,"['for loop', 'recursion', 'if statement', 'hashmap']",['for loop'],"['for loop', 'if statement', 'tuple', 'misc', 'dictionary', 'matrix operation']","import math

def solve(x, k):
    # Calculate the largest multiple of k less than or equal to x
    multiple = math.ceil(x / k) * k

    # Calculate the number of jumps needed to reach x from multiple
    jumps = (x - multiple) // (2 * k) + 1

    # Calculate the jump distances
    jumps_list = []
    for i in range(1, k):
        if x - multiple - i * (2 * jumps) >= 0:
            jumps_list += [-i] * (jumps if i * 2 * jumps + multiple <= x else jumps - 1)
            x -= sum(jumps_list)

    # If x is not zero, add the remaining jump
    if x != 0:
        jumps_list.append(x)

    print(jumps)
    print(*jumps_list)

",False,False,0,0.0
1836A,0,['this is the og problem'],['for loop'],"['while loop', 'sorting', 'for loop', 'if statement', 'misc', 'matrix operation', 'hashmap', 'break statement', 'dictionary', 'continue statement']","from collections import defaultdict

def solve():
    t = int(input())
    for _ in range(t):
        n = int(input())
        lines = list(map(int, input().split()))
        counts = defaultdict(int)
        for i in range(n):
            if lines[i] > 0:
                counts[i] += 1
                for j in range(i+1, n):
                    if lines[j] > 0:
                        counts[j] -= 1
                        if counts[j] < 0:
                            break
            if counts[i] != lines[i]:
                print(""NO"")
                break
        else:
            print(""YES"")

",False,True,0,0.0
1836A,1,['for loop'],"['for loop', 'dictionary', 'if statement']","['while loop', 'sorting', 'for loop', 'if statement', 'misc', 'matrix operation', 'hashmap', 'break statement', 'dictionary', 'continue statement']","from collections import defaultdict
import re

def solve():
    t = int(input())
    for _ in range(t):
        n = int(input())
        lines = list(map(int, re.findall(r'\d+', input())))
        counts = defaultdict(int)
        for num in lines:
            counts[num] += 1
        if all(counts[i] >= j for i, j in enumerate(lines)):
            print(""YES"")
        else:
            print(""NO"")

",False,False,0,0.0
1836A,2,"['for loop', 'break statement']","['for loop', 'dictionary', 'if statement', 'break statement']","['while loop', 'sorting', 'for loop', 'if statement', 'misc', 'matrix operation', 'hashmap', 'break statement', 'dictionary', 'continue statement']","from collections import defaultdict

def solve():
    t = int(input())
    for _ in range(t):
        n = int(input())
        lines = list(map(int, input().split()))
        counts = defaultdict(int)
        for i in range(1, n+1):
            counts[lines[i]] += i
        for i in range(1, n):
            if counts[i] != lines[i] + counts[i-lines[i]-1]:
                print(""NO"")
                break
        else:
            print(""YES"")

",False,False,0,0.0
1836A,3,"['for loop', 'break statement', 'while loop']","['if statement', 'for loop', 'break statement', 'dictionary']","['while loop', 'sorting', 'for loop', 'if statement', 'misc', 'matrix operation', 'hashmap', 'break statement', 'dictionary', 'continue statement']","from collections import defaultdict

def solve():
    t = int(input())
    for _ in range(t):
        n = int(input())
        lines = list(map(int, input().split()))
        counts = defaultdict(int)
        for i in range(1, n+1):
            counts[lines[i]] += i
        for i in range(n):
            if counts[lines[i+1]] != i+1:
                print(""NO"")
                break
        else:
            print(""YES"")

",False,False,0,0.0
1836A,4,"['for loop', 'break statement', 'while loop', 'if statement']","['for loop', 'if statement', 'dictionary', 'hashmap']","['while loop', 'sorting', 'for loop', 'if statement', 'misc', 'matrix operation', 'hashmap', 'break statement', 'dictionary', 'continue statement']","from collections import Counter
import itertools

def solve(n, l):
    count = Counter(l)
    for i in range(1, max(l)+1):
        if i not in count or count[i] < count[i-l[l.index(i)]] or (i > 0 and count[i] < count[i-1]):
            return ""NO""
    return ""YES""

",False,False,0,0.0
1836A,5,"['for loop', 'break statement', 'while loop', 'if statement', 'recursion']","['for loop', 'dictionary', 'if statement', 'break statement']","['while loop', 'sorting', 'for loop', 'if statement', 'misc', 'matrix operation', 'hashmap', 'break statement', 'dictionary', 'continue statement']","import collections
import itertools

def solve():
    t = int(input())
    for _ in range(t):
        n = int(input())
        lines = list(map(int, input().split()))
        counts = collections.Counter(lines)
        for i in range(1, n):
            if counts[i] < counts[i - lines[i]]:
                print(""NO"")
                break
        else:
            print(""YES"")

",False,False,0,0.0
1834A,0,['this is the og problem'],"['for loop', 'if statement', 'continue statement']","['for loop', 'if statement', 'while loop', 'matrix operation', 'misc']","import itertools
import sys

def solve():
    t = int(input())
    for _ in range(t):
        n = int(input())
        a = list(map(int, input().split()))
        sum_a = sum(a)
        if sum_a < 0 or sum_a == 0 and any(x == -1 for x in a):
            a[0] = -a[0]
            sum_a += 2
        if sum_a == 0:
            print(1)
            continue
        prod_a = 1 if all(x == 1 for x in a) else -1
        if prod_a == -1:
            for i in range(n):
                if a[i] == -1:
                    a[i] = 1
                    prod_a *= 2
                if prod_a == 1:
                    break
        operations = sum(1 for x in a if x == -1) + (sum_a - 1) // prod_a
        print(operations)

",False,True,1,0.3333333333333333
1834A,1,['for loop'],"['if statement', 'recursion', 'for loop', 'if statement', 'for loop', 'recursion', 'matrix operation']","['for loop', 'if statement', 'while loop', 'matrix operation', 'misc']","from functools import reduce

def solve():
    def dfs(arr, i, prod):
        if i == len(arr):
            return prod == 1
        if arr[i] * prod < 0:
            if dfs(arr, i + 1, arr[i]):
                for j in range(i, len(arr)):
                    arr[j] = -arr[j]
                return True
            if dfs(arr, i + 1, -prod):
                for j in range(i + 1, len(arr)):
                    arr[j] = -arr[j]
                arr[i] = -arr[i]
                arr[i - 1] = -arr[i - 1]
                return True
        return dfs(arr, i + 1, prod)

    t = int(input())
    for _ in range(t):
        n = int(input())
        arr = list(map(int, input().split()))
        if reduce(lambda x, y: x * y, arr) == 1 and sum(arr) >= 0:
            print(0)
        else:
            ans = float('inf')
            for i in range(1, n):
                if dfs(arr, i, reduce(lambda x, y: x * y, arr[:i])) or dfs(arr, i, reduce(lambda x, y: x * y, arr[i:])):
                    ans = min(ans, 2 * i + 1)
            print(ans)

",False,False,1,0.14285714285714285
1834A,2,"['for loop', 'while loop']","['if statement', 'for loop', 'dictionary', 'misc']","['for loop', 'if statement', 'while loop', 'matrix operation', 'misc']","from functools import reduce

def solve():
    t = int(input())
    for _ in range(t):
        n = int(input())
        a = list(map(int, input().split()))

        # Calculate prefix sum and product
        ps = [0] * (n + 1)
        pp = 1
        for i in range(1, n + 1):
            ps[i] = ps[i - 1] + a[i - 1]
            pp *= a[i - 1]

        # Calculate the number of inversions
        inv_count = 0
        for i in range(1, n):
            if ps[i] < 0:
                inv_count += (-ps[i] + n - i)

        # If product is not 1, we need to change all elements to 1
        if pp != 1:
            inv_count += n

        # If sum is less than 0, we need to change the first element to 1
        if ps[-1] < 0:
            inv_count += 1

        print(inv_count)

",False,False,1,0.25
1834A,3,"['for loop', 'while loop', 'tuple']","['recursion', 'depth first search', 'if statement', 'for loop', 'matrix operation', 'misc']","['for loop', 'if statement', 'while loop', 'matrix operation', 'misc']","import math

def solve():
    def dfs(arr, n, sum_, prod_):
        if sum_ >= 0 and prod_ == 1:
            return 0
        if n == 1:
            return math.inf if sum_ < 0 or prod_ != 1 else 1

        min_ops = math.inf
        for i in range(1, n):
            new_sum = arr[i - 1] + arr[i] + arr[i + 1]
            new_prod = arr[i - 1] * arr[i] * arr[i + 1]
            ops = dfs(arr[:i] + arr[i + 1:], n - 2, new_sum, new_prod)
            min_ops = min(min_ops, ops + 1)
        return min_ops

    t = int(input().strip())
    for _ in range(t):
        n = int(input().strip())
        arr = list(map(int, input().strip().split()))
        arr[0] *= -1 if sum(arr) < 0 else 1
        print(dfs(arr, n, sum(arr), arr[0]))

",False,False,2,0.3333333333333333
1834A,4,"['for loop', 'while loop', 'tuple', 'if statement']","['recursion', 'depth first search', 'if statement', 'for loop']","['for loop', 'if statement', 'while loop', 'matrix operation', 'misc']","def solve():
    def dfs(arr, i, sum_, prod_):
        if i == len(arr):
            return abs(sum_) + 1 if sum_ < 0 else 0

        if sum_ == 0 and prod_ == 1:
            return 0

        res = float('inf')
        res = min(res, dfs(arr, i + 1, sum_ + arr[i] * 2, arr[i] * prod_))
        res = min(res, dfs(arr, i + 1, sum_ - arr[i] * 2, arr[i] * prod_))
        res = min(res, dfs(arr, i + 1, sum_, arr[i] * prod_ * arr[i]))
        return res

    t = int(input())
    for _ in range(t):
        n = int(input())
        arr = list(map(int, input().split()))
        print(dfs(arr, 0, sum(arr), 1))

",False,False,2,0.5
1833C,0,['this is the og problem'],"['for loop', 'if statement', 'set', 'hashmap', 'break statement']","['for loop', 'if statement', 'tuple', 'set', 'sorting', 'while loop', 'continue statement', 'break statement']","from collections import Counter
import re

def solve():
    t = int(input())
    for _ in range(t):
        n = int(input())
        a = list(map(int, re.split(' ', input())))
        odd_count = sum(1 for x in a if x % 2 != 0)
        even_count = sum(1 for x in a if x % 2 == 0)
        if odd_count > 1 or even_count > 1:
            print(""NO"")
        else:
            all_diff = set(a)
            if len(all_diff) == 1:
                print(""YES"")
            else:
                counter = Counter(a)
                for val in counter.values():
                    if val > 1 and val % 2 != 0:
                        print(""NO"")
                        break
                else:
                    print(""YES"")

",False,True,1,0.2
1833C,1,['for loop'],"['for loop', 'if statement', 'hashmap']","['for loop', 'if statement', 'tuple', 'set', 'sorting', 'while loop', 'continue statement', 'break statement']","from collections import Counter
import functools

def solve():
    t = int(input())
    for _ in range(t):
        n = int(input())
        a = list(map(int, input().split()))
        odd_count = sum(1 for x in a if x & 1)
        even_count = n - odd_count
        if odd_count > 1 or even_count > 1:
            print(""NO"")
        else:
            if all(x & 1 == (a[0] & 1) for x in a):
                print(""YES"")
            else:
                counter = Counter(a)
                if functools.reduce(lambda x, y: x | y, (counter[x] for x in a)) & 1:
                    print(""NO"")
                else:
                    print(""YES"")

",False,False,1,0.3333333333333333
1833C,2,"['for loop', 'tuple']","['if statement', 'for loop']","['for loop', 'if statement', 'tuple', 'set', 'sorting', 'while loop', 'continue statement', 'break statement']","from collections import Counter
import functools

def solve():
    t = int(input())
    for _ in range(t):
        n = int(input())
        a = list(map(int, input().split()))
        odd_count = sum(1 for x in a if x & 1)
        even_count = n - odd_count
        if odd_count == 0 or even_count == 0:
            print(""YES"")
        elif odd_count == n or even_count == n:
            print(""YES"")
        else:
            counter = Counter(a)
            if functools.reduce(lambda x, y: x & y, counter.values()) == 0:
                print(""YES"")
            else:
                print(""NO"")

",False,False,0,0.0
1833C,3,"['for loop', 'tuple', 'recursion']",['for loop'],"['for loop', 'if statement', 'tuple', 'set', 'sorting', 'while loop', 'continue statement', 'break statement']","import collections
import functools

def solve():
    t = int(input())
    for _ in range(t):
        n = int(input())
        a = list(map(int, input().split()))
        odd_count = sum(1 for x in a if x & 1)
        even_count = n - odd_count
        if odd_count > 1 or even_count > 1:
            print(""NO"")
        else:
            group = collections.defaultdict(list)
            for x in a:
                group[x & 1].append(x)
            if len(group[0]) == even_count and len(group[1]) == odd_count:
                print(""YES"")
            else:
                print(""NO"")

",False,False,0,0.0
1833C,4,"['for loop', 'tuple', 'recursion', 'if statement']",['for loop'],"['for loop', 'if statement', 'tuple', 'set', 'sorting', 'while loop', 'continue statement', 'break statement']","from collections import Counter
import re

def solve(arr):
    even_count, odd_count = 0, 0
    for num in arr:
        if num % 2 == 0:
            even_count += 1
        else:
            odd_count += 1

    if even_count > 0 and odd_count > 0:
        return ""NO""

    if even_count == len(arr) or odd_count == len(arr):
        return ""YES""

    counter = Counter(arr)
    for num in arr:
        if num % 2 != arr[0] % 2:
            if counter[num - arr[0]] > 0:
                counter[num - arr[0]] -= 1
            else:
                continue

    if all(val == 0 for val in counter.values()):
        return ""YES""

    return ""NO""

",False,False,0,0.0
1833C,5,"['for loop', 'tuple', 'recursion', 'if statement', 'while loop']",['for loop'],"['for loop', 'if statement', 'tuple', 'set', 'sorting', 'while loop', 'continue statement', 'break statement']","from collections import Counter
import functools

def solve():
    t = int(input())
    for _ in range(t):
        n = int(input())
        a = list(map(int, input().split()))
        odd_count = sum(1 for x in a if x & 1)
        even_count = n - odd_count
        if odd_count > 1 or even_count > 1:
            print(""NO"")
        else:
            counter = Counter(a)
            if functools.reduce(lambda x, y: x | y, counter.keys()) == 1:
                print(""YES"")
            else:
                print(""NO"")

",False,False,0,0.0
1833A,0,['this is the og problem'],"['for loop', 'queue', 'if statement']","['for loop', 'set', 'misc', 'tuple', 'matrix operation', 'dictionary', 'hashmap']","from collections import deque

def solve():
    t = int(input())
    for _ in range(t):
        n = int(input())
        s = input()
        q = deque([s[0]])
        count = 1
        for i in range(1, n):
            if s[i] != q[-1]:
                q.append(s[i])
                count += 1
            q.popleft()
        print(count)

",False,True,2,0.6666666666666666
1833A,1,['if statement'],['for loop'],"['for loop', 'set', 'misc', 'tuple', 'matrix operation', 'dictionary', 'hashmap']","from the input melody and then checks if all characters in the melody can be covered by these pairs. If not, it adds more pairs until all characters are covered.

```python
import itertools

def solve(t):
    for _ in range(t):
        n = int(input())
        s = input()
        pairs = list(itertools.combinations(s, 2))
        covered = set()
        for pair in pairs:
            covered.update(pair)
        if len(s) != len(covered):
            while len(covered) < len(s):
                for pair in itertools.combinations(s, 2):
                    if pair[0] not in covered and pair[1] not in covered:
                        covered.update(pair)
                        break
        print(len(pairs) + len(s) - len(covered))

# Read the number of test cases from the command line
",False,True,0,0.0
1833A,2,"['if statement', 'for loop']","['for loop', 'queue', 'if statement']","['for loop', 'set', 'misc', 'tuple', 'matrix operation', 'dictionary', 'hashmap']","from collections import deque

def solve():
    for _ in range(int(input())):
        n = int(input())
        s = input()
        q = deque(s[::2])
        count = 0
        for i in range(1, n, 2):
            if q and s[i] != q[-1]:
                count += 1
                q.append(s[i])
        print(count + (len(q) // 2))

",False,False,2,0.6666666666666666
1833A,3,"['if statement', 'for loop', 'set']","['if statement', 'for loop', 'dictionary']","['for loop', 'set', 'misc', 'tuple', 'matrix operation', 'dictionary', 'hashmap']","import collections

def solve(s, n):
    if n == 2:
        return 1

    dp = collections.defaultdict(int)
    dp[s[-2:]] = 1

    for i in range(2, n):
        for j in range(i):
            if s[j] == s[i] and dp[s[j:i]] != 0:
                dp[s[j:i+1]] = min(dp[s[j:i+1]], dp[s[j:i]] + 1)

    return dp[s]

",False,False,1,0.3333333333333333
1833A,4,"['if statement', 'for loop', 'set', 'while loop']","['for loop', 'queue']","['for loop', 'set', 'misc', 'tuple', 'matrix operation', 'dictionary', 'hashmap']","from collections import deque

def solve():
    t = int(input())
    for _ in range(t):
        n = int(input())
        s = input()
        q = deque([s[0]])
        count = 1
        for i in range(1, n):
            if q[0] != s[i]:
                q.append(s[i])
                count += 1
            q.rotate(-1)
        print(count)

",False,False,1,0.5
1833A,5,"['if statement', 'for loop', 'set', 'while loop', 'recursion']",['for loop'],"['for loop', 'set', 'misc', 'tuple', 'matrix operation', 'dictionary', 'hashmap']","import collections

def solve():
    for _ in range(int(input())):
        n = int(input())
        s = input()
        count = collections.Counter(s)
        groups = collections.deque(sorted(count.items()))
        result = 0
        while groups:
            pair, freq = groups.popleft()
            if freq > 1:
                result += freq // 2
                groups.append((pair, freq % 2))
            if groups and groups[-1][0] == pair[1:]:
                result += 1
                groups.popleft()
        print(result)

",False,False,0,0.0
1832A,0,['this is the og problem'],"['if statement', 'for loop', 'hashmap']","['for loop', 'if statement', 'set', 'break statement']","from collections import Counter
import string

def solve():
    t = int(input())
    for _ in range(t):
        s = input()
        count = Counter(s)
        odd_count = sum(1 for c in count.values() if c % 2 != 0)
        if odd_count > 1:
            print(""NO"")
        elif len(s) > 1 and odd_count == 1:
            print(""YES"")
            print("""".join(sorted(s)))
        else:
            # If there are no odd number of characters and the string has only one character, it is already a palindrome.
            print(""YES"")
            # If there are no odd number of characters and the string has more than one character, we can rearrange the characters to form a palindrome.
            # We can use the middle character as the center and arrange the remaining characters symmetrically.
            mid = len(s) // 2
            print("""".join(s[i] + s[-i-1] for i in range(mid)))

",False,True,1,0.3333333333333333
1832A,1,['if statement'],"['if statement', 'for loop', 'continue statement', 'set']","['for loop', 'if statement', 'set', 'break statement']","import itertools

def is_palindrome(s):
    return s == s[::-1]

def solve():
    for _ in range(int(input())):
        s = input()
        if len(set(s)) % 2 != 0:  # If the number of unique characters is odd, it's impossible to form another palindrome
            print(""NO"")
            continue
        permutations = set(itertools.permutations(s))
        for perm in permutations:
            if is_palindrome(perm) and perm != s:  # Check if the permutation is a palindrome and different from the original string
                print(""YES"")
                break

",False,False,1,0.25
1832A,2,"['if statement', 'hashmap']","['if statement', 'for loop', 'continue statement', 'break statement']","['for loop', 'if statement', 'set', 'break statement']","import itertools

def solve():
    for _ in range(int(input())):
        s = input()
        n = len(s)
        if n <= 1:
            print(""YES"")
            continue
        visited = [False] * n
        for i in range(n):
            if visited[i]:
                continue
            permutations = list(itertools.permutations(s))
            for perm in permutations:
                if perm[i] != s[i] and perm[-i-1] != s[i] and not any(visited[j] for j in range(n) if perm[j] == s[i] or perm[-j-1] == s[i]):
                    visited[i] = True
                    visited[-i-1] = True
                    print(""YES"")
                    break
        else:
            print(""NO"")

",False,False,1,0.25
1832A,3,"['if statement', 'hashmap', 'for loop']",['for loop'],"['for loop', 'if statement', 'set', 'break statement']","from collections import Counter
import string

def solve():
    t = int(input())
    for _ in range(t):
        s = input()
        n = len(s)
        if n <= 1:
            print(""YES"")
            continue
        c = Counter(s)
        odd_count = sum(1 for k, v in c.items() if v % 2 != 0)
        if odd_count > 1:
            print(""NO"")
        else:
            letters = list(string.ascii_lowercase)
            used = [0] * 26
            for k, v in c.items():
                used[ord(k) - ord('a')] += v
            for i in range(26):
                if used[i] > 0:
                    used[i] -= 1
                    for j in range(i + 1, 26):
                        if used[j] > 0:
                            used[i], used[j] = used[j], used[i]
                            temp = letters[i] * (used[i] // 2) + letters[j] * (used[j] // 2)
                            if n - len(temp) >= len(temp) and n - len(temp) % 2 == 0:
                                temp += letters[i] if used[i] % 2 == 1 else letters[j]
                                if temp == temp[::-1]:
                                    print(""YES"")
                                    break
                            used[i], used[j] = used[j], used[i]
                    if ""YES"" in print(""YES"" if temp == temp[::-1] else ""NO""):
                        break
            print(""NO"")

",False,False,0,0.0
1832A,4,"['if statement', 'hashmap', 'for loop', 'set']","['if statement', 'for loop', 'continue statement', 'break statement']","['for loop', 'if statement', 'set', 'break statement']","import itertools

def solve():
    t = int(input())
    for _ in range(t):
        s = input()
        n = len(s)
        if n <= 1:
            print(""YES"")
            continue
        visited = [False] * (n * 2 + 1)
        for i in range(n):
            visited[ord(s[i]) + ord('a') + n] = True
            visited[ord(s[i]) - ord('a')] = True
        for perm in itertools.permutations(range(n)):
            new_s = """"
            for i in perm:
                new_s += chr(i + ord('a'))
            if new_s != s and ''.join(sorted(new_s)) == new_s:
                print(""YES"")
                break
        else:
            print(""NO"")

",False,False,1,0.25
1832A,5,"['if statement', 'hashmap', 'for loop', 'set', 'while loop']",['for loop'],"['for loop', 'if statement', 'set', 'break statement']","import itertools

def solve():
    def is_palindrome(s):
        return s == s[::-1]

    def dfs(perm, used):
        if len(perm) == len(s):
            if is_palindrome(perm):
                print(""YES"")
                return True
            return False

        for i in range(len(s)):
            if not used[i]:
                used[i] = True
                if dfs(perm + s[i], used):
                    return True
                used[i] = False

        return False

    t = int(input())
    for _ in range(t):
        s = input()
        if len(s) <= 1:
            print(""YES"")
            continue
        perms = list(itertools.permutations(s))
        used = [False] * len(s)
        for perm in perms:
            if dfs("""".join(perm), used):
                break
        else:
            print(""NO"")

",False,False,0,0.0
1831A,0,['this is the og problem'],['for loop'],"['for loop', 'tuple', 'matrix operation']","from itertools import permutations
import sys

def solve():
    t = int(input())
    for _ in range(t):
        n = int(input())
        a = list(map(int, input().split()))
        a.sort()
        b = list(reversed(a))
        b = list(reversed(list(permutations(range(1, n+1)))))[0]
        for i in range(len(b)):
            b[i] = b[i] + a[i] - sum(a[:i])
        print(' '.join(map(str, b)))

",False,True,0,0.0
1831A,1,['if statement'],"['while loop', 'heap']","['for loop', 'tuple', 'matrix operation']","from heapq import heappush, heappop

def solve():
    while True:
        yield from twin_permutation()

",False,True,2,1.0
1831A,2,"['if statement', 'sorting']","['for loop', 'two pointers', 'if statement', 'while loop', 'dictionary', 'hashmap']","['for loop', 'tuple', 'matrix operation']","from collections import defaultdict

def solve():
    t = int(input())
    for _ in range(t):
        n = int(input())
        a = list(map(int, input().split()))
        a.sort()
        b = [0] * n
        slow, fast = 0, 1
        visited = defaultdict(int)
        visited[a[slow]] += 1

        while fast < n:
            visited[a[fast]] += 1
            while slow < fast and visited[a[fast]] - visited[a[slow]] > fast - slow:
                visited[a[slow]] -= 1
                slow += 1
            b[slow], b[fast] = a[fast], a[slow]
            fast += 1

        print(*b)

",False,False,5,0.8333333333333334
1831A,3,"['if statement', 'sorting', 'for loop']","['for loop', 'stack', 'while loop']","['for loop', 'tuple', 'matrix operation']","from collections import deque

def solve():
    t = int(input())
    for _ in range(t):
        n = int(input())
        a = list(map(int, input().split()))
        stack = deque([0] * n)
        for i in range(1, n + 1):
            while stack and a[stack[-1]] < i:
                stack.pop()
            stack.append(i)
        print(*stack)

",False,False,2,0.6666666666666666
1831A,4,"['if statement', 'sorting', 'for loop', 'tuple']","['for loop', 'queue', 'sorting']","['for loop', 'tuple', 'matrix operation']","import heapq
from collections import deque

def solve():
    t = int(input())
    for _ in range(t):
        n = int(input())
        a = list(map(int, input().split()))
        a.sort()
        a.reverse()
        b = deque(a[:-1])
        heapq.heappush(b, a[-1] - sum(b))
        print(*b, end=' ')
        print(a[-1])

",False,False,2,0.6666666666666666
1831A,5,"['if statement', 'sorting', 'for loop', 'tuple', 'while loop']","['while loop', 'break statement', 'dictionary', 'for loop']","['for loop', 'tuple', 'matrix operation']","from collections import defaultdict

def solve():
    def find_twin_permutation():
        n = int(input())
        a = list(map(int, input().split()))
        visited = defaultdict(int)
        slow, fast = 0, 0

        while fast < n:
            visited[a[fast]] += 1
            fast = (a[fast] - 1) % n
            visited[fast] += 1

            if visited[fast] > 1:
                slow = fast

            if slow == fast:
                break

        b = [0] * n
        i = 0
        for j in range(n):
            if a[j] != fast + 1:
                b[i] = a[j]
                i += 1
            fast = (fast + 1) % n

        for j in range(n, 0, -1):
            if a[j - 1] != fast + 1:
                b[i] = fast + 1
                i += 1
            fast = (fast + n - 1) % n

        return b

    t = int(input())
    for _ in range(t):
        print(*find_twin_permutation())

",False,False,3,0.75
1829C,0,['this is the og problem'],['for loop'],"['for loop', 'dictionary', 'if statement', 'matrix operation', 'tuple', 'misc', 'while loop', 'hashmap']","from collections import defaultdict
from functools import reduce

def solve():
    t = int(input())
    for _ in range(t):
        n = int(input())
        books = [list(map(int, input().split())) for _ in range(n)]
        skills = [(0, 0) for _ in range(n)]
        skill_map = defaultdict(int)
        for i, (m, skill) in enumerate(books):
            skills[i] = (m, skill[0] + skill_map[skill[0]], skill[1] + skill_map[skill[1]])
            skill_map[skill] = max(skill_map[skill], i + 1)
        min_time = float('inf')
        for i in range(n):
            if skills[i][0] <= min_time:
                break
            min_time = min(min_time, skills[i][0] + max(0, skills[skill_map[skills[i][1]]][2] - skills[i][2]))
        print(-1 if min_time > 2 * min_time else min_time)

",False,True,0,0.0
1829C,1,['for loop'],['for loop'],"['for loop', 'dictionary', 'if statement', 'matrix operation', 'tuple', 'misc', 'while loop', 'hashmap']","from functools import reduce
from itertools import accumulate
from sys import stdout

def solve():
    t = int(input())
    for _ in range(t):
        n = int(input())
        books = [list(map(int, input().split())) for _ in range(n)]
        skills = [(0, 0) for _ in range(n)]
        for i, (m, s) in enumerate(books):
            skills[i] = (skills[i][0] | (1 << s[0]), skills[i][1] | (1 << s[1]))
        dp = [float('inf')] * (1 << 3)
        dp[0] = 0
        for i, skill in enumerate(books):
            for mask in range(1, 1 << 3):
                if (mask & skill[1]) == 0:
                    dp[mask | skill[0]] = min(dp[mask | skill[0]], dp[mask] + skill[0])
        ans = float('inf')
        for mask in range(1, 1 << 3):
            if (mask & ((1 << 2) | (1 << 1))) == (1 << 2) | (1 << 1):
                ans = min(ans, dp[mask])
        print(-1 if ans == float('inf') else dp[1 << 2] + dp[1 << 1] - dp[0])

",False,False,0,0.0
1829C,2,"['for loop', 'if statement']",['for loop'],"['for loop', 'dictionary', 'if statement', 'matrix operation', 'tuple', 'misc', 'while loop', 'hashmap']","from functools import reduce
from sys import stdout

def solve(n, books):
    skills = [0] * 2
    for book in books:
        minutes, skill = book
        skills = list(map(lambda x, y: x | y, skills, [1 << (skill - 1) & skill for _ in range(minutes)]))

    def dfs(remaining_skills, remaining_minutes, current_minutes=0):
        if not remaining_skills:
            return current_minutes
        if not remaining_minutes:
            return -1

        min_time = float('inf')
        for book in books:
            minutes, skill = book
            if remaining_minutes >= minutes and (remaining_skills & (1 << (skill - 1))) != 0:
                new_minutes = dfs(remaining_skills ^ (1 << (skill - 1)), remaining_minutes - minutes)
                min_time = min(min_time, new_minutes + current_minutes)

        return min_time

    return dfs(skills, sum(minutes for _, minutes in books))

",False,False,0,0.0
1829C,3,"['for loop', 'if statement', 'dictionary']","['recursion', 'depth first search', 'back tracking', 'if statement', 'tuple', 'misc', 'hashmap']","['for loop', 'dictionary', 'if statement', 'matrix operation', 'tuple', 'misc', 'while loop', 'hashmap']","from functools import reduce

def solve(n, books):
    skills = [(sum(map(int, b)) for b in books]
    required_skills = (1 << 1) | (1 << 0)  # 3 (binary representation of 3)
    min_time = float('inf')

    def dfs(index, time, current_skills):
        nonlocal min_time
        if current_skills == required_skills:
            min_time = min(min_time, time)
            return
        for i in range(index, n):
            time += books[i][0]
            dfs(i + 1, time, current_skills | skills[i])
            time -= books[i][0]

    dfs(0, 0, 0)
    return min_time if min_time != float('inf') else -1

",False,False,3,0.42857142857142855
1829C,4,"['for loop', 'if statement', 'dictionary', 'hashmap']","['for loop', 'if statement', 'matrix operation', 'dynamic programming']","['for loop', 'dictionary', 'if statement', 'matrix operation', 'tuple', 'misc', 'while loop', 'hashmap']","from functools import reduce
from operator import xor

def solve(n, books):
    dp = [[0] * 4 for _ in range(n + 1)]
    for i in range(1, n + 1):
        for j in range(i, n + 1):
            dp[j][0] = max(dp[j][0], dp[i - 1][0])
            dp[j][1] = max(dp[j][1], dp[i - 1][1])
            dp[j][2] = max(dp[j][2], dp[i - 1][2])
            dp[j][3] = max(dp[j][3], dp[i - 1][3])
            if books[i - 1][0] == 1:
                dp[j][1] = max(dp[j][1], dp[i - 1][0] + dp[j - i][2])
            if books[i - 1][1] == 1:
                dp[j][2] = max(dp[j][2], dp[i - 1][0] + dp[j - i][1])
            if books[i - 1][0] == 1 and books[i - 1][1] == 1:
                dp[j][3] = max(dp[j][3], dp[i - 1][0] + dp[j - i][1] + min(dp[i - 1][2], dp[j - i][3]))
    return min(dp[n][3], -1) if dp[n][3] != 0 else -1

",False,False,1,0.25
1829B,0,['this is the og problem'],"['for loop', 'if statement']","['for loop', 'if statement', 'set', 'sorting', 'while loop', 'misc', 'break statement']","import sys

def solve():
    for _ in range(int(input())):
        n = int(input())
        a = list(map(int, input().split()))
        max_len = 0
        current_len = 0
        for i in range(n):
            if a[i] == 0:
                current_len += 1
                max_len = max(max_len, current_len)
            else:
                current_len = 0
        print(max_len)

",True,True,0,0.0
1829B,1,['for loop'],"['for loop', 'if statement', 'misc']","['for loop', 'if statement', 'set', 'sorting', 'while loop', 'misc', 'break statement']","from itertools import groupby

def solve():
    t = int(input())
    for _ in range(t):
        n = int(input())
        a = list(map(int, input().split()))
        max_length = 0
        current_group = 0
        for i in groupby(a):
            if next(i, None) == 0:
                current_group += 1
                max_length = max(max_length, current_group)
            else:
                current_group = 0
        print(max_length)

",False,False,0,0.0
1829B,2,"['for loop', 'recursion']","['for loop', 'if statement', 'hashmap']","['for loop', 'if statement', 'set', 'sorting', 'while loop', 'misc', 'break statement']","import sys
from itertools import groupby

def solve():
    t = int(input())
    for _ in range(t):
        n = int(input())
        a = list(map(int, input().split()))
        max_length = 0
        for key, group in groupby(a):
            if key == 0:
                max_length = max(max_length, len(list(group)))
        print(max_length)

",True,False,1,0.3333333333333333
1829B,3,"['for loop', 'recursion', 'dictionary']","['for loop', 'if statement']","['for loop', 'if statement', 'set', 'sorting', 'while loop', 'misc', 'break statement']","from itertools import groupby
import sys

def solve():
    t = int(input())
    for _ in range(t):
        n = int(input())
        a = list(map(int, input().split()))
        max_length = 0
        current_length = 0
        for i in range(1, n):
            if a[i] == 0 and a[i - 1] == 0:
                current_length += 1
            else:
                max_length = max(max_length, current_length)
                current_length = 0
        max_length = max(max_length, current_length)
        print(max_length)

",False,False,0,0.0
1829B,4,"['for loop', 'recursion', 'dictionary', 'while loop']","['for loop', 'if statement']","['for loop', 'if statement', 'set', 'sorting', 'while loop', 'misc', 'break statement']","from itertools import groupby

def solve():
    t = int(input())
    for _ in range(t):
        n = int(input())
        a = list(map(int, input().split()))
        max_length = 0
        current_length = 0
        for i in range(1, n):
            if a[i] == a[i - 1] == 0:
                current_length += 1
            else:
                max_length = max(max_length, current_length)
                current_length = 0
        max_length = max(max_length, current_length)
        print(max_length)

",False,False,0,0.0
1829A,0,['this is the og problem'],"['for loop', 'if statement', 'for loop', 'if statement']","['for loop', 'misc', 'if statement', 'tuple', 'matrix operation']","import string

def solve(s):
    diff = 0
    for i in range(len(s)):
        if s[i] != 'c'[i] or s[i] != 'o'[i] or s[i] != 'd'[i] or s[i] != 'e'[i] or s[i] != 'f'[i] or s[i] != 'o'[i] or s[i] != 'r'[i] or s[i] != 'c'[i] or s[i] != 'e'[i] or s[i] != 's'[i]:
            diff += 1
    return diff

",False,True,0,0.0
1829A,1,['for loop'],['hashmap'],"['for loop', 'misc', 'if statement', 'tuple', 'matrix operation']","from collections import Counter

def solve(s):
    s_count = Counter(s)
    target_count = Counter(""codeforces"")
    diff = sum(abs(s_count[c] - target_count[c]) for c in ""codeforces"")
    return diff

",False,True,1,1.0
1829A,2,"['for loop', 'while loop']","['for loop', 'if statement']","['for loop', 'misc', 'if statement', 'tuple', 'matrix operation']","from collections import Counter

def solve(s):
    count = 0
    for i in range(len(s)):
        if s[i] != 'c' if i != 0 else s[i] != 'o':
            if s[i] != 'o' if i != 1 else s[i] != 'd':
                if s[i] != 'd' if i != 2 else s[i] != 'e':
                    if s[i] != 'e' if i != 3 else s[i] != 'f':
                        if s[i] != 'f' if i != 4 else s[i] != 'o':
                            if s[i] != 'r' if i != 5 else s[i] != 's':
                                if s[i] != 's' if i != 6 else s[i] != 'e':
                                    if s[i] != 'z' else count += 1
    return count

",False,False,0,0.0
1829A,3,"['for loop', 'while loop', 'if statement']","['for loop', 'if statement']","['for loop', 'misc', 'if statement', 'tuple', 'matrix operation']","from collections import Counter

def solve(s):
    count = 0
    for i in range(len(s)):
        if s[i] != 'c'[i] or s[i] != 'o'[i % 6] or s[i] != 'd'[i % 4] or s[i] != 'e'[i % 5] or s[i] != 'f'[i % 4] or s[i] != 'o'[i % 3] or s[i] != 'r'[i % 7] or s[i] != 's'[i % 6] or s[i] != 'e'[i % 5] or s[i] != 'z'[i % 3]:
            count += 1
    return count

",False,False,0,0.0
1829A,4,"['for loop', 'while loop', 'if statement', 'tuple']","['for loop', 'dictionary', 'if statement']","['for loop', 'misc', 'if statement', 'tuple', 'matrix operation']","from collections import Counter

def solve(s):
    count = 0
    c = Counter(""codeforces"")
    for char in s:
        if char != c['c'] and char != c['o'] and char != c['d'] and char != c['e'] and char != c['f'] and char != c['o'] and char != c['r'] and char != c['s']:
            count += 1
    return count

# Test cases
",False,False,1,0.3333333333333333
1828A,0,['this is the og problem'],['for loop'],"['for loop', 'tuple', 'if statement', 'matrix operation', 'while loop']","import math
import itertools

def solve():
    t = int(input())
    for _ in range(t):
        n = int(input())
        if n == 1:
            print(1)
        else:
            factors = set(range(1, n + 1))
            num = n
            for i in range(2, int(math.sqrt(n)) + 1):
                if n % i == 0:
                    num *= i
                    factors.remove(i)
                    factors.remove(n // i)
            for factor in sorted(list(factors)):
                num //= factor
            a = list(itertools.accumulate([1] + list(range(num + 1))))
            a[-1] %= n
            for i in range(len(a) - 2, -1, -1):
                a[i] = (a[i] + a[i + 1]) % n
            print(*a)

",False,True,0,0.0
1828A,1,['for loop'],['for loop'],"['for loop', 'tuple', 'if statement', 'matrix operation', 'while loop']","import math
import itertools

def solve(n):
    if n == 1:
        return [1]

    dp = [[0] * 1001 for _ in range(n + 1)]
    dp[1][1] = 1

    for i in range(2, n + 1):
        for j in range(1, 1001):
            dp[i][j] = dp[i - 1][j]
            if j >= i and dp[i][j % i] == 0:
                dp[i][j] += dp[i - 1][j // i]

    result = []
    for j in range(1, 1001):
        if dp[n][j] == n:
            for i in range(n - 1, 0, -1):
                result.append(math.gcd(j, i) * (n // i))
            result.append(j)
            result = result[::-1]
            break

    return result

",False,False,0,0.0
1828A,2,"['for loop', 'if statement']",['for loop'],"['for loop', 'tuple', 'if statement', 'matrix operation', 'while loop']","import math
import functools

def solve():
    n = int(input())
    if n == 1:
        print(1)
        return

    mods = [i for i in range(1, n + 1)]
    prod = functools.reduce(lambda a, b: a * b, mods)
    powers = [math.pow(1000, i - 1) for i in range(1, n)]
    x = 0
    for i in range(n - 1, -1, -1):
        x = (x + prod // mods[i] * powers[i]) % prod
        powers[i] = pow(powers[i] * 1000, mods[i] - 1, prod)
    for i in range(1, n + 1):
        print(x // powers[i - 1], end=' ')
    print()

",False,False,0,0.0
1828A,3,"['for loop', 'if statement', 'while loop']",['for loop'],"['for loop', 'tuple', 'if statement', 'matrix operation', 'while loop']","import math
import functools

def solve():
    t = int(input())
    for _ in range(t):
        n = int(input())
        a = [0] * n
        p = list(range(1, n + 1))
        q = [1] * n
        for i in range(2, int(math.sqrt(n)) + 1):
            if n % i:
                continue
            j = 0
            while n % i:
                j += 1
                n -= i
                p[j], n = n, i
        for i in range(n - 1, -1, -1):
            a[i] = functools.reduce(lambda x, y: (x * y[1] + y[0]) % p[i + 1], enumerate(p[i + 1:]), 0)
        print(*a)

",False,False,0,0.0
1828A,4,"['for loop', 'if statement', 'while loop', 'recursion']",['for loop'],"['for loop', 'tuple', 'if statement', 'matrix operation', 'while loop']","import math
import itertools

def solve():
    n = int(input())
    if n == 1:
        print(1)
        return

    divisors = list(filter(lambda x: n % x == 0, range(1, 1001)))
    divisors.sort(reverse=True)

    result = list(itertools.islice(itertools.chain.from_iterable(itertools.product(divisors, repeat=n)), n))
    total = sum(result)

    if total % n != 0:
        quotient = math.ceil(total / n)
        remainder = total % n
        for i in range(n):
            result[i] += quotient * n - total + remainder
        total = sum(result)

    print(*result)

",False,False,0,0.0
1825A,0,['this is the og problem'],['for loop'],"['for loop', 'set', 'if statement', 'while loop', 'tuple', 'break statement', 'continue statement', 'misc']","from collections import deque

def solve():
    t = int(input())
    for _ in range(t):
        s = input()
        if len(s) == 1:
            print(-1)
        else:
            q = deque()
            max_len = 0
            for i in range(len(s)):
                q.append(s[i])
                while q and q[0] != s[i+1]:
                    max_len = max(max_len, len(q))
                    q.popleft()
                q.popleft()
            print(max_len)

",False,True,0,0.0
1825A,1,['for loop'],['for loop'],"['for loop', 'set', 'if statement', 'while loop', 'tuple', 'break statement', 'continue statement', 'misc']","from collections import defaultdict

def solve(s):
    n = len(s)
    dp = [[0] * 2 for _ in range(n)]
    next_dp = [[-1] * 2 for _ in range(n)]

    for i in range(n):
        dp[i][0] = 1
        next_dp[i][0] = -1
        for j in range(i, -1, -1):
            if s[j] != s[i]:
                if dp[j][1]:
                    dp[i][1] = max(dp[i][1], dp[j] + 1)
                    next_dp[i] = j
                else:
                    dp[i][0] = max(dp[i][0], dp[j] + 1)

    max_len = max(dp[n - 1])
    if max_len == 0:
        return -1

    res = []
    i = n - 1
    while i != next_dp[i]:
        res.append(s[i])
        i = next_dp[i]
    res.append(s[i])
    return ''.join(res), max_len

",False,False,0,0.0
1825A,2,"['for loop', 'while loop']",['for loop'],"['for loop', 'set', 'if statement', 'while loop', 'tuple', 'break statement', 'continue statement', 'misc']","import functools
from itertools import (accumulate, chain, groupby)

def group_by_length(iterable):
    return accumulate(chain([(1, [next(iterable)])], groupby(iterable, lambda x: len(x))), lambda a, b: a + list(b[1]))

def is_palindrome(s):
    return s == s[::-1]

def solve(s):
    length_to_chars = group_by_length(s)
    for length, chars in length_to_chars:
        if length > 1:
            for sub_chars in chain([chars], reversed(chars)):
                if not is_palindrome(''.join(sub_chars)):
                    return length
    return -1

",False,False,0,0.0
1825A,3,"['for loop', 'while loop', 'if statement']","['recursion', 'for loop', 'if statement']","['for loop', 'set', 'if statement', 'while loop', 'tuple', 'break statement', 'continue statement', 'misc']","import re

def find_longest_non_palindrome(s):
    def is_palindrome(sub):
        return sub == sub[::-1]

    def find_longest_non_palindrome_helper(s, start, length):
        if length == 0:
            return 0
        if length == 1:
            return 1 if not is_palindrome(s[start]) else 0

        max_length = 0
        for i in range(start + 1, len(s) - length + 1):
            sub = s[start:i] + s[i + 1:start + length]
            if not is_palindrome(sub):
                max_length = max(max_length, length + find_longest_non_palindrome_helper(s, i + 1, length - 1))

        return max_length

    return find_longest_non_palindrome_helper(s, 0, len(s)) if len(s) > 0 else -1

def solve():
    t = int(input())
    for _ in range(t):
        s = input()
        print(find_longest_non_palindrome(s))

",False,False,1,0.3333333333333333
1825A,4,"['for loop', 'while loop', 'if statement', 'set']",['for loop'],"['for loop', 'set', 'if statement', 'while loop', 'tuple', 'break statement', 'continue statement', 'misc']","from collections import deque

def solve():
    def is_palindrome(s):
        return s == s[::-1]

    def dfs(index, current_subseq):
        if index == n:
            return len(current_subseq)
        for i in range(index, n):
            if not is_palindrome(s[index:i+1]):
                dfs(i+1, current_subseq + s[index:i+1])

    t = int(input())
    for _ in range(t):
        s = input()
        n = len(s)
        if n == 1:
            print(-1)
        else:
            print(dfs(0, """"))

",False,False,0,0.0
1825A,5,"['for loop', 'while loop', 'if statement', 'set', 'matrix operation']",['for loop'],"['for loop', 'set', 'if statement', 'while loop', 'tuple', 'break statement', 'continue statement', 'misc']","import functools
from itertools import accumulate, groupby

def solve(s):
    n = len(s)
    dp = [0] * n
    for i in range(1, n):
        for j in range(i):
            if s[j] != s[i]:
                dp[i] = max(dp[i], dp[j] + 1)
    dp_sum = functools.reduce(lambda x, y: x + y, dp)
    groups = list(groupby(reversed(s)))
    groups_sum = sum(1 + len(list(g)) for _, g in groups)
    return max(dp_sum - groups_sum, 0) if dp_sum > groups_sum else -1

",False,False,0,0.0
1823A,0,['this is the og problem'],"['if statement', 'for loop', 'misc']","['for loop', 'if statement', 'tuple', 'while loop', 'misc', 'break statement', 'matrix operation']","import itertools
import sys

def solve():
    t = int(input())
    for _ in range(t):
        n, k = map(int, input().split())
        if k > (n - 1) * n // 2:
            print(""NO"")
        else:
            if n == 2 and k == 0:
                print(""YES"")
                print(""1 -1"")
            elif n == 3 and k in [1, 2]:
                print(""YES"")
                if k == 1:
                    print(""1 -1 1"")
                else:
                    print(""1 -1 -1"")
            else:
                pairs = k
                a = [1] * (n // 2) + [-1] * (n // 2)
                for i in range(1, n // 2 + 1):
                    for j in range(i + 1, n // 2 + 1):
                        if a[i] * a[j] == 1:
                            pairs -= 1
                            if pairs == 0:
                                break
                            if i + j < n:
                                a[i + j] *= -1
                if pairs == 0:
                    print(""YES"")
                    print(*a)
                else:
                    print(""NO"")

",False,True,0,0.0
1823A,1,['continue statement'],"['if statement', 'for loop', 'set']","['for loop', 'if statement', 'tuple', 'while loop', 'misc', 'break statement', 'matrix operation']","from itertools import combinations
import sys

def solve(n, k):
    if k > (n - 1) * n // 2 or k < 0:
        return ""NO""

    if n == 1:
        return ""YES\n1""

    pairs = set()
    for i in range(1, n):
        for j in range(i + 1, n):
            pairs.add((i, j))
            if (i + j) % 2 == 1:
                pairs.remove((j, i))

    if k == len(pairs):
        res = []
        for i, j in combinations(range(1, n + 1), n):
            if len(set(i - j for i, j in zip(res, i)) & set([1, -1])) == k:
                break
        for i in res:
            print(i, end=' ')
        print()
        return

    for i in range(1, n):
        if i * i > 2 * k:
            break
        for j in range(i + 1, n):
            if (i * j == k or (i + j) * (n - i - j) == k):
                pairs.remove((i, j))
                pairs.remove((j, i))
                res = list(combinations(range(1, n + 1), n))
                for r in res:
                    if len(set(r[i] * r[j] for i, j in zip(r, r[1:])) & set([1, -1])) == k:
                        for e in r:
                            print(e, end=' ')
                        print()
                        return
    return ""NO""

",False,True,1,0.3333333333333333
1823A,2,"['continue statement', 'for loop']","['if statement', 'for loop', 'matrix operation', 'dynamic programming']","['for loop', 'if statement', 'tuple', 'while loop', 'misc', 'break statement', 'matrix operation']","import sys

def solve():
    n, k = map(int, input().strip().split())
    if k > (n - 1) * n // 2:
        print(""NO"")
        return

    dp = [[0] * 2 for _ in range(n)]
    dp[0][0] = dp[0][1] = 1

    for i in range(1, n):
        dp[i][0] = dp[i - 1][0] + dp[i - 1][1]
        dp[i][1] = dp[i - 1][0]

    for i in range(2, n):
        for j in range(i, 0, -1):
            dp[j][1] += dp[j + i][0]

    if dp[n - 1][1] < k:
        print(""NO"")
    else:
        ans = [1]
        for i in range(1, n):
            if dp[i][0] - dp[i - 1][0] >= k - dp[n - 1][1] + dp[i - 1][1]:
                ans.append(-1)
                k -= dp[i][0] - dp[i - 1][0]
        ans.append(1)
        print(""YES"")
        print(*ans)

",False,False,1,0.25
1823A,3,"['continue statement', 'for loop', 'tuple']","['if statement', 'for loop', 'dictionary']","['for loop', 'if statement', 'tuple', 'while loop', 'misc', 'break statement', 'matrix operation']","from collections import defaultdict
from math import ceil, sqrt

def solve(n, k):
    if k > (n - 1) * n // 2 or k < 0:
        return ""NO""

    # Count the number of elements with odd count of 1's in their binary representation
    odd_count = defaultdict(int)
    for i in range(1, int(sqrt(n)) + 1):
        if n % i == 0:
            odd_count[i] += n // i
            odd_count[n // i] += i

    # Check if the remaining elements can form pairs with the elements already found
    remaining = n - sum(odd_count.values())
    if remaining % 2 != k:
        return ""NO""
    pairs = min(remaining // 2, k)

    # Generate the array
    a = [1]
    for _ in range(1, n):
        a.append(-1 if a[-1] == 1 else 1)
        if len(a) - pairs > 1:
            a[::-1].pop()
            break

    return ""YES\n"" + ""\n"".join(map(str, a))

",False,False,1,0.3333333333333333
1823A,4,"['continue statement', 'for loop', 'tuple', 'if statement']",['for loop'],"['for loop', 'if statement', 'tuple', 'while loop', 'misc', 'break statement', 'matrix operation']","from collections import defaultdict
from math import comb
import sys

def solve():
    t = int(input())
    for _ in range(t):
        n, k = map(int, input().split())
        if k > comb(n, 2):
            print(""NO"")
        else:
            adj_list = defaultdict(list)
            a = [1]
            for _ in range(2, n+1):
                a.append(-1)
                for j in range(1, _):
                    if a[j] * a[_] == 1:
                        adj_list[a[j]].append(_)
                        adj_list[_].append(j)
                        k -= 1
                        if k == 0:
                            break
            if k > 0:
                print(""NO"")
            else:
                for i in range(1, n):
                    if len(adj_list[a[i]]) == 1:
                        j = adj_list[a[i]][0]
                        a[j] *= -1
                print(""YES"")
                print(*a)

",False,False,0,0.0
1823A,5,"['continue statement', 'for loop', 'tuple', 'if statement', 'recursion']",['for loop'],"['for loop', 'if statement', 'tuple', 'while loop', 'misc', 'break statement', 'matrix operation']","from collections import defaultdict
from math import ceil, sqrt

def solve():
    t = int(input())
    for _ in range(t):
        n, k = map(int, input().split())
        if k > (n - 1) * n // 2:
            print(""NO"")
        else:
            a = [1]
            count = 1
            for i in range(2, n + 1):
                if count > k:
                    break
                if i % 2 == 1:
                    a.append(-1)
                    count += 1
                else:
                    if len(a) > 1 and a[-1] == a[-2]:
                        a[-1] *= -1
                    a.append(1)
                    count += 1
            print(""YES"")
            print(*a)

",False,False,0,0.0
1822C,0,['this is the og problem'],"['if statement', 'if statement']","['for loop', 'if statement', 'misc', 'while loop']","from math import sqrt, pi

def solve(n: int) -> int:
    if n <= 6:
        return [2, 3, 5, 13, 37, 101][n - 1]

    k = sqrt(2 * n) // 2
    return int((4 * k + 1) * (k * k - 1) / 2 * (pi * k - 4) + (n - k * k + 1) * (pi * k - 2))

",False,True,0,0.0
1822C,1,['for loop'],['if statement'],"['for loop', 'if statement', 'misc', 'while loop']","from math import sqrt, pi

def solve(n: int):
    if n <= 5:
        return 2 * n + 4 if n == 4 else 3 * n - 4

    # Calculate the number of layers
    layers = int(sqrt(8 * n - 7))

    # Calculate the length of the chocolate layer for each layer
    chocolate_length = 2 * (layers - 1) * (4 * layers - 5) + 4

    # Calculate the remaining chocolate length for the last layer
    remaining_chocolate = 2 * (n - layers * layers)

    # Add the chocolate length for the last layer
    chocolate_length += remaining_chocolate

    return chocolate_length

",False,True,0,0.0
1822C,2,"['for loop', 'while loop']",['if statement'],"['for loop', 'if statement', 'misc', 'while loop']","import math

def solve(n):
    # Base case for n=4
    if n == 4:
        return 26

    # Calculate the number of layers in the n-th cinnabon roll
    layers = math.log(n, 2) + 1

    # Calculate the length of the chocolate layer in the central part
    central_chocolate = 4

    # Calculate the length of the chocolate layer in the outer part
    outer_chocolate = 4 * (n - 1) * layers

    # Calculate the total length of the chocolate layer
    total_chocolate = central_chocolate + outer_chocolate

    return total_chocolate

",False,True,0,0.0
1822C,3,"['for loop', 'while loop', 'recursion']","['if statement', 'recursion', 'for loop']","['for loop', 'if statement', 'misc', 'while loop']","from math import sqrt, pi

def solve():
    def chocolate_length(n):
        # Base case for n=4
        if n == 4:
            return 26

        # Calculate the side length of the square for the next larger size
        next_side = sqrt(2) * (1 + sqrt(2)) * (1 + (1 + sqrt(2)) ** (n - 4))

        # Calculate the number of chocolate segments in the next larger size
        next_segments = (next_side - 1) * 4

        # Calculate the number of chocolate segments in the current size
        segments = (next_segments - 4) * (1 + sqrt(2)) ** (n - 5)

        # Calculate the total length of the chocolate layer
        return int(segments * pi)

    t = int(input())
    for _ in range(t):
        n = int(input())
        print(chocolate_length(n))

",False,False,1,0.3333333333333333
1822C,4,"['for loop', 'while loop', 'recursion', 'tuple']","['recursion', 'if statement', 'for loop']","['for loop', 'if statement', 'misc', 'while loop']","import math

def solve():
    def chocolate_length(n):
        if n <= 5:
            return [2, 3, 5, 13, 40][n - 1]

        half_n = math.floor(n / 2)
        chocolate_length_half = chocolate_length(half_n)
        return 4 * chocolate_length_half + (n - half_n) * (chocolate_length_half[0] + chocolate_length_half[-1])

    t = int(input())
    for _ in range(t):
        n = int(input())
        print(chocolate_length(n))

# Run the function
",False,False,1,0.3333333333333333
1822C,5,"['for loop', 'while loop', 'recursion', 'tuple', 'if statement']","['recursion', 'for loop', 'if statement']","['for loop', 'if statement', 'misc', 'while loop']","from math import sqrt, factorial, gcd

def solve():
    def lucas(n):
        if n <= 1:
            return 1
        if n % 2 == 0:
            return lucas(n // 2) * lucas(n // 2)
        else:
            return lucas((n - 1) // 2) * lucas((n + 1) // 2) * 2

    def catalan(n):
        return factorial(2 * n) // (factorial(n) * factorial(n + 1) // 2)

    def chocolate_length(n):
        return 4 * lucas(n) - 4 * catalan(n - 1)

    t = int(input())
    for _ in range(t):
        n = int(input())
        print(chocolate_length(n))

",False,False,1,0.3333333333333333
1822B,0,['this is the og problem'],"['for loop', 'if statement', 'sorting']","['for loop', 'sorting', 'matrix operation', 'while loop', 'tuple', 'if statement']","import heapq

def solve():
    t = int(input())
    for _ in range(t):
        n = int(input())
        a = list(map(int, input().split()))

        # Sort the array in non-increasing order
        a.sort(reverse=True)

        # If the array has an even length, remove the smallest element
        if n % 2 == 0:
            a.pop(0)

        # Calculate the maximum beauty by multiplying the first and last elements
        beauty = a[0] * a[-1]
        print(beauty)

",False,True,0,0.0
1822B,1,['for loop'],"['heap', 'for loop', 'while loop']","['for loop', 'sorting', 'matrix operation', 'while loop', 'tuple', 'if statement']","import heapq

def solve():
    t = int(input())
    for _ in range(t):
        n = int(input())
        a = list(map(int, input().split()))

        # Initialize a min-heap with the first two elements
        heap = [(a[0] * a[1], 0, 1, 1)]
        for i in range(2, n):
            heapq.heappush(heap, (a[i] * heapq.heappop(heap)[0], i, i - 1, a[i]))

        # Calculate the maximum beauty by popping elements from the heap
        max_beauty = 0
        while heap:
            _, _, l, r = heapq.heappop(heap)
            max_beauty = max(max_beauty, l + r + a[r + 1:n])

        print(max_beauty)

",False,False,1,0.3333333333333333
1822B,2,"['for loop', 'recursion']","['for loop', 'heap', 'if statement', 'while loop']","['for loop', 'sorting', 'matrix operation', 'while loop', 'tuple', 'if statement']","from the heap and add the current element with all elements larger than it. The maximum product will be the maximum of the current product and the maximum product in the heap.

Here is the Python code:

```python
import heapq

def solve():
    t = int(input())
    for _ in range(t):
        n = int(input())
        a = list(map(int, input().split()))
        heap = []
        max_product = 0
        for num in a:
            while heap and heap[-1][1] < num:
                heapq.heappop(heap)
            if not heap:
                heap.append((num, num))
            else:
                heapq.heappush(heap, (num, num * heap[-1][0]))
            max_product = max(max_product, heap[-1][0])
        print(max_product)

",False,False,1,0.25
1822B,3,"['for loop', 'recursion', 'tuple']",['for loop'],"['for loop', 'sorting', 'matrix operation', 'while loop', 'tuple', 'if statement']","import heapq

def solve():
    t = int(input())
    for _ in range(t):
        n = int(input())
        a = list(map(int, input().split()))
        if n == 2:
            print(max(a))
        else:
            heap = a[:]
            heapq.heapify(heap)
            max_product = heap[0] * heap[1]
            for i in range(2, n):
                heapq.heappop(heap)
                new_top = heapq.heappop(heap)
                max_product = max(max_product, new_top * heap[0])
            print(max_product)

",False,False,0,0.0
1822B,4,"['for loop', 'recursion', 'tuple', 'while loop']",['for loop'],"['for loop', 'sorting', 'matrix operation', 'while loop', 'tuple', 'if statement']","import heapq

def solve():
    t = int(input())
    for _ in range(t):
        n = int(input())
        a = list(map(int, input().split()))
        if n == 2:
            print(max(a))
        else:
            heap = a[:2]
            for i in range(2, n):
                heapq.heappush(heap, a[i])
                if len(heap) > 2:
                    heapq.heappop(heap)
            print(heapq.heappop(heap) * heapq.heappop(heap))

",False,False,0,0.0
1822B,5,"['for loop', 'recursion', 'tuple', 'while loop', 'if statement']",['for loop'],"['for loop', 'sorting', 'matrix operation', 'while loop', 'tuple', 'if statement']","import heapq
import sys

def solve():
    t = int(input())
    for _ in range(t):
        n = int(input())
        a = list(map(int, input().split()))

        # Initialize the min-heap with the first two elements
        heap = [(a[0], 0), (a[1], 1)]
        heapq.heapify(heap)

        # Process the remaining elements
        for i in range(2, n):
            # Remove the last element from the heap
            _ = heapq.heappop(heap)

            # Update the current element with the maximum of its product with the last element and the product with the new element
            heapq.heappush(heap, (max(a[i] * heap[0][0], a[i] * heap[-1][0]), i))

        # The maximum beauty is the maximum product in the heap
        print(heapq.heappop(heap)[0])

",False,False,0,0.0
1822A,0,['this is the og problem'],"['if statement', 'for loop', 'while loop', 'tuple', 'heap']","['for loop', 'if statement', 'tuple', 'while loop', 'matrix operation', 'two pointers']","import sys
import heapq

def solve():
    q = int(input())
    for _ in range(q):
        n, t = map(int, input().split())
        a, b = map(list, zip(*[list(map(int, input().split())) for _ in range(n)]))
        videos = [(a[i], b[i], i) for i in range(n)]
        heapq.heapify(videos)
        total_time = 0
        result = -1
        while total_time < t and videos:
            time, _, idx = heapq.heappop(videos)
            if total_time + time <= t:
                total_time += time
                result = idx
        print(result)

",False,True,1,0.2
1822A,1,['for loop'],"['tuple', 'heap', 'while loop', 'if statement', 'for loop']","['for loop', 'if statement', 'tuple', 'while loop', 'matrix operation', 'two pointers']","import heapq

def solve(n, t, a, b):
    videos = list(zip(a, b))
    heapq.heapify(videos)

    total_time = 0
    index = 0
    while total_time + videos[index][0] <= t:
        total_time += videos[index][0]
        index += 1

    if index == len(videos):
        return -1

    max_entertainment = max(b[i] for i in range(index))
    for i in range(index - 1, -1, -1):
        if videos[i][1] == max_entertainment:
            return i + 1

",False,False,1,0.2
1822A,2,"['for loop', 'while loop']",['for loop'],"['for loop', 'if statement', 'tuple', 'while loop', 'matrix operation', 'two pointers']","import heapq

def solve(q):
    for _ in range(q):
        n, t = map(int, input().split())
        a = list(map(int, input().split()))
        b = list(map(int, input().split()))

        # Create a heap of (entertainment value, duration) tuples
        heap = [(b[i], a[i]) for i in range(n)]
        heapq.heapify(heap)

        # Simulate watching videos
        total_time = 0
        current_video = 0
        while total_time < t:
            entertainment, duration = heapq.heappop(heap)
            if duration > t - total_time:
                return print(-1)
            total_time += duration
            if total_time == t:
                print(current_video + 1)
                break
            current_video += 1
            if current_video < n:
                heapq.heappush(heap, (b[current_video], a[current_video]))

# Read the number of test cases from the command line
",False,False,0,0.0
1822A,3,"['for loop', 'while loop', 'if statement']","['recursion', 'heap', 'if statement', 'tuple']","['for loop', 'if statement', 'tuple', 'while loop', 'matrix operation', 'two pointers']","import heapq

def solve(n, t, a, b, index, max_entertainment, max_time):
    if index > n:
        return -1

    if max_time < 0:
        return -1

    if max_time >= a[index]:
        max_entertainment = max(max_entertainment, b[index])
        max_time -= a[index]

    heapq.heappush(max_entertainment_heap, (-b[index], index))

    result = solve(n, t, a, b, index + 1, max_entertainment, max_time)

    if result != -1:
        return result

    while max_entertainment_heap and max_time:
        _, index = heapq.heappop(max_entertainment_heap)
        max_time -= 1
        max_entertainment -= b[index]
        result = index

    return result

",False,False,2,0.5
1822A,4,"['for loop', 'while loop', 'if statement', 'recursion']","['heap', 'for loop', 'if statement', 'break statement', 'tuple']","['for loop', 'if statement', 'tuple', 'while loop', 'matrix operation', 'two pointers']","from heapq import nlargest

def solve(n, t, a, b):
    q = [(b[i], i, a[i]) for i in range(n)]
    heapq = nlargest(1, q)
    total_time = heapq[0][2]
    if total_time > t:
        return -1
    answer = heapq[0][1]
    for i, (_, next_index, next_time) in enumerate(q[1:], 1):
        if total_time + next_time > t:
            answer = next_index
            break
        total_time += next_time
    return answer

",False,False,2,0.4
1821A,0,['this is the og problem'],['for loop'],"['for loop', 'if statement', 'recursion', 'tuple', 'matrix operation', 'continue statement', 'while loop', 'misc']","import itertools
import re

def solve():
    t = int(input())
    for _ in range(t):
        s = input()
        pattern = re.compile(r'(\?+)')
        matches = pattern.findall(s)
        total = 0
        for length in range(1, len(matches) + 1):
            combs = itertools.combinations(range(1, 10), length)
            for comb in combs:
                num = ''.join(map(str, comb))
                if re.match(s.replace(matches[0], num), s):
                    total += 1
        print(total)

",False,True,0,0.0
1821A,1,['if statement'],['for loop'],"['for loop', 'if statement', 'recursion', 'tuple', 'matrix operation', 'continue statement', 'while loop', 'misc']","import itertools
import re

def solve():
    t = int(input())
    pattern = re.compile(r'(\?*)(\d+)(\?*)')

    for _ in range(t):
        s = input()
        matches = 0
        for num in itertools.count(1):
            if re.match(pattern, s.replace('?', '.').replace('0', '.' + str(num))) and num != int(s.replace('?', '0').replace('0', '')):
                matches += 1
        print(matches)

",False,True,0,0.0
1821A,2,"['if statement', 'matrix operation']","['if statement', 'for loop']","['for loop', 'if statement', 'recursion', 'tuple', 'matrix operation', 'continue statement', 'while loop', 'misc']","import re
import math

def solve():
    t = int(input())
    pattern = re.compile(r'(\?*)(\d+)(\?*)')

    for _ in range(t):
        s = input()
        match = pattern.match(s)
        if match:
            left, digits, right = match.groups()
            left_len = len(left)
            right_len = len(right)
            digits_len = len(digits)
            total_digits = math.factorial(digits_len)
            if left:
                total_digits *= len(str(math.pow(10, left_len)))
            if right:
                total_digits *= len(str(math.pow(10, right_len)))
            print(total_digits)

",False,False,0,0.0
1821A,3,"['if statement', 'matrix operation', 'hashmap']",['for loop'],"['for loop', 'if statement', 'recursion', 'tuple', 'matrix operation', 'continue statement', 'while loop', 'misc']","import re
import itertools

def solve():
    t = int(input())
    patterns = []
    for _ in range(t):
        s = input()
        patterns.append(re.compile(r'^(' + '|'.join(itertools.chain(range(10), '?' * (5 - len(s)))) + r')$'))

    for pattern in patterns:
        print(sum(1 for _ in range(10**5 + 1) if pattern.match(str(i))))

",False,True,0,0.0
1821A,4,"['if statement', 'matrix operation', 'hashmap', 'for loop']","['if statement', 'for loop']","['for loop', 'if statement', 'recursion', 'tuple', 'matrix operation', 'continue statement', 'while loop', 'misc']","import re
import math

def solve():
    t = int(input())
    pattern = re.compile(r'(\?+)')
    for _ in range(t):
        s = input()
        template = list(s)
        question_marks_count = len(template) - sum(1 for c in template if c != '?')
        if question_marks_count > len(str(math.factorial(len(template)))):
            print(0)
            continue
        matches = 0
        for i in range(1, int(10 ** len(template)) + 1):
            if str(i).count('0') < question_marks_count:
                matches += 1
        groups = pattern.findall(s)
        for group in groups:
            matches += math.factorial(len(group)) * (10 ** len(group)) ** (len(s) - len(group))
        print(matches)

",False,False,0,0.0
1821A,5,"['if statement', 'matrix operation', 'hashmap', 'for loop', 'while loop']",['for loop'],"['for loop', 'if statement', 'recursion', 'tuple', 'matrix operation', 'continue statement', 'while loop', 'misc']","import re
import math

def solve():
    t = int(input())
    pattern = re.compile(r'(\?*)(\d+)(\?*)')

    for _ in range(t):
        s = input()
        matches = 0
        for i in range(1, int(math.pow(10, len(s)) + 1):
            if re.match(pattern.format(s.replace('?', '(\\d)'), '(\\d+)', s.replace('?', '(\\d)')), str(i)):
                matches += 1
        print(matches)

",False,False,0,0.0
1820A,0,['this is the og problem'],"['if statement', 'for loop']","['while loop', 'if statement', 'for loop', 'continue statement', 'tuple', 'misc']","import re

def solve(s):
    smileys = ['^_^', '^^']
    for smiley in smileys:
        if not re.search(smiley, s):
            return len(s) + 1
    return 0

",False,True,0,0.0
1820A,1,['for loop'],"['if statement', 'for loop', 'misc']","['while loop', 'if statement', 'for loop', 'continue statement', 'tuple', 'misc']","import re

def solve(s):
    smileys = ['^_^', '^^']
    for smiley in smileys:
        if not re.search(smiley, s):
            return len(smiley)
    return 0

",False,False,0,0.0
1820A,2,"['for loop', 'while loop']","['for loop', 'if statement', 'misc']","['while loop', 'if statement', 'for loop', 'continue statement', 'tuple', 'misc']","import re

def solve(s):
    smileys = ['^_^', '^^']
    for smiley in smileys:
        if not re.search(smiley, s):
            return len(s) + 1 if smiley == '^_^' else len(s) + 2
    return 0

",False,False,0,0.0
1820A,3,"['for loop', 'while loop', 'recursion']","['if statement', 'for loop']","['while loop', 'if statement', 'for loop', 'continue statement', 'tuple', 'misc']","import re

def solve(s):
    smileys = ['^_^', '^^']
    for smiley in smileys:
        if not re.search(smiley, s):
            return len(smiley)
    return 0

",False,False,0,0.0
1820A,4,"['for loop', 'while loop', 'recursion', 'if statement']",['for loop'],"['while loop', 'if statement', 'for loop', 'continue statement', 'tuple', 'misc']","from collections import deque

def solve(s):
    queue = deque()
    smiley_count = 0
    for i in range(len(s)):
        if s[i] == '^':
            if not queue or queue[-1] != '_':
                queue.append(i)
            smiley_count += 1
        elif s[i] == '_':
            if queue and queue[0] == i:
                queue.popleft()
                smiley_count -= 1
            queue.append(i)

    missing_smileys = len(s) - smiley_count
    if not missing_smileys:
        return 0

    if not queue:
        return missing_smileys

    for i in range(len(s), len(s) + missing_smileys):
        if i - len(s) % 2 == 1:
            queue.append(i)
        else:
            queue.append('_')

    result = ''
    for i in range(len(s)):
        if i in queue:
            result += '^'
        else:
            result += '_'

    return len(result) - len(s)

",False,False,0,0.0
1818A,0,['this is the og problem'],['for loop'],"['for loop', 'if statement', 'two pointers', 'misc', 'hashmap', 'tuple', 'while loop', 'matrix operation']","from collections import defaultdict
from itertools import combinations

def solve(n, k, opinions):
    # Create a dictionary to store the number of agreements and disagreements for each opinion
    counts = defaultdict(lambda: [0, 0])
    for member in opinions:
        for i in range(k):
            if member[i] == '+':
                counts[i][0] += 1
            else:
                counts[i][1] += 1

    # Find the opinions with the minimum number of agreements and maximum number of disagreements
    min_agree, max_disagree = float('inf'), -float('inf')
    for opinion, (agree, disagree) in counts.items():
        min_agree = min(min_agree, agree)
        max_disagree = max(max_disagree, disagree)

    # Calculate the maximum number of members that can remain in the club
    max_members = n - min_agree + max_disagree - k + 1
    return max_members

",False,True,0,0.0
1818A,1,['break statement'],['for loop'],"['for loop', 'if statement', 'two pointers', 'misc', 'hashmap', 'tuple', 'while loop', 'matrix operation']","from collections import defaultdict
from itertools import combinations

def solve(n, k, members):
    # Create a dictionary to store the number of agreements and disagreements for each opinion
    counts = defaultdict(lambda: [0, 0])
    for member in members:
        for i in range(k):
            if member[i] == '+':
                counts[i][0] += 1
            else:
                counts[i][1] += 1

    # Find the opinions with the minimum number of agreements and maximum number of disagreements
    min_agree, max_disagree = float('inf'), -float('inf')
    for count in counts.values():
        min_agree = min(min_agree, count[0])
        max_disagree = max(max_disagree, count[1])

    # If there is a tie, return 0 as no members can stay
    if min_agree == max_disagree:
        return 0

    # Find the maximum number of members that can stay by considering all possible subsets of members
    max_members = 1
    for subset in combinations(range(1, n+1), n-1):
        # Check if the subset agrees on all opinions except the one with the minimum number of agreements
        if all(members[i][min_agree-1] == '+' for i in subset):
            # Check if the remaining member disagrees on the opinion with the maximum number of disagreements
            if members[n] != members[subset[0]][max_disagree-1]:
                max_members = max(max_members, len(subset) + 1)

    return max_members

",False,True,0,0.0
1818A,2,"['break statement', 'for loop']",['if statement'],"['for loop', 'if statement', 'two pointers', 'misc', 'hashmap', 'tuple', 'while loop', 'matrix operation']","from collections import Counter

def solve(n, k, members):
    # Initialize a counter to keep track of the number of agreements and disagreements for each opinion
    counts = Counter()
    for member in members:
        for opinion in member:
            counts[opinion] += 1

    # Find the opinions with the minimum number of agreements and disagreements
    min_agree, min_disagree = float('inf'), float('inf')
    for opinion, count in counts.items():
        if count > 0:
            min_agree = min(min_agree, count)
        if count > 0:
            min_disagree = min(min_disagree, n - count)

    # If there is a tie, return 0 as no members can stay
    if min_agree == min_disagree:
        return 0

    # Calculate the maximum number of members that can stay
    max_members = min(min_agree, min_disagree) + 1

    # Return the maximum number of members that can stay, including the president
    return max_members + 1

",False,True,0,0.0
1818A,3,"['break statement', 'for loop', 'recursion']","['if statement', 'for loop', 'dictionary', 'break statement']","['for loop', 'if statement', 'two pointers', 'misc', 'hashmap', 'tuple', 'while loop', 'matrix operation']","from collections import Counter
import sys

def solve():
    t = int(input())
    for _ in range(t):
        n, k = map(int, input().split())
        members = [input() for _ in range(n)]
        max_members = n

        # Preprocess the data to count agreements and disagreements for each opinion
        counts = Counter()
        for member in members:
            for opinion in member:
                counts[opinion] += 1

        # Check for the opinions with a majority agreement or disagreement
        for opinion in counts:
            if counts[opinion] > (n - counts[opinion]) // 2:
                max_members -= (n - counts[opinion])
                break

        print(max_members)

",False,False,2,0.5
1816A,0,['this is the og problem'],['if statement'],"['for loop', 'tuple', 'while loop', 'matrix operation', 'if statement', 'misc']","import math
import sys

def solve(a, b):
    # Calculate the Manhattan distance between (0, 0) and (a, b)
    distance = math.abs(a) + math.abs(b)

    # If the distance is odd, Ian cannot reach Mary in 2 jumps
    if distance % 2 == 1:
        return 3

    # Calculate the midpoint between (0, 0) and (a, b)
    mid_x = a // 2
    mid_y = b // 2

    # If the midpoint is not (0, 0), Ian needs to jump to the midpoint first
    if mid_x != 0 or mid_y != 0:
        print(2)
        print(0, 0)
        print(mid_x, mid_y)

    # Calculate the new midpoint after the first jump
    new_mid_x = a - mid_x
    new_mid_y = b - mid_y

    # Print the second jump to reach Mary
    print(2)
    print(new_mid_x, new_mid_y)
    print(a, b)

",False,True,0,0.0
1816A,1,['for loop'],"['if statement', 'tuple']","['for loop', 'tuple', 'while loop', 'matrix operation', 'if statement', 'misc']","import math
import sys

def solve(a, b):
    if a == b == 0:
        return 0

    # Calculate the Manhattan distance between (0, 0) and (a, b)
    distance = abs(a) + abs(b)

    # If the distance is odd, Ian cannot reach Mary in 2 jumps
    if distance % 2 == 1:
        return 2

    # Calculate the midpoint between (0, 0) and (a, b)
    mid_x = a // 2
    mid_y = b // 2

    # If the midpoint is not (0, 0), Ian needs to jump towards the midpoint
    if mid_x != 0 or mid_y != 0:
        return 2, mid_x, mid_y

    # If the distance is even and the midpoint is (0, 0), Ian can reach Mary in 1 jump
    return 1, a, b

",False,True,0,0.0
1816A,2,"['for loop', 'matrix operation']",['if statement'],"['for loop', 'tuple', 'while loop', 'matrix operation', 'if statement', 'misc']","import math
import sys

def solve(a, b):
    # Calculate the Manhattan distance between (0, 0) and (a, b)
    distance = math.abs(a) + math.abs(b)

    # If the distance is odd, Ian cannot reach Mary in 2 jumps
    if distance % 2 == 1:
        return 3

    # Calculate the midpoint between (0, 0) and (a, b)
    mid_x = a // 2
    mid_y = b // 2

    # If the midpoint is not (0, 0), Ian needs to jump to the midpoint first
    if mid_x != 0 or mid_y != 0:
        return 3, mid_x, mid_y

    # If the distance is even, Ian can reach Mary in 2 jumps
    return 2

",False,True,0,0.0
1816A,3,"['for loop', 'matrix operation', 'while loop']","['if statement', 'while loop', 'set', 'tuple', 'heap', 'queue', 'graph traversal']","['for loop', 'tuple', 'while loop', 'matrix operation', 'if statement', 'misc']","import math
import heapq

def solve(a, b):
    # Define the set of reachable points from (0, 0) with at most 2 jumps
    reachable = {(0, 0), (0, 1), (1, 0), (1, 1)}
    queue = [((0, 0), 1)]  # (current position, number of jumps)

    while queue:
        pos, jumps = heapq.heappop(queue)

        if pos[0] == a and pos[1] == b:
            return jumps, pos

        for dx, dy in ((0, 1), (1, 0), (1, 1), (1, -1)):
            x, y = pos[0] + dx, pos[1] + dy
            if 0 <= x <= 10 ** 9 and 0 <= y <= 10 ** 9 and (x, y) not in reachable:
                reachable.add((x, y))
                heapq.heappush(queue, ((x, y), jumps + 1))

    # If no solution is found, return 2 jumps and the point (a, b)
    return 2, (a, b)

",False,False,4,0.5714285714285714
1816A,4,"['for loop', 'matrix operation', 'while loop', 'recursion']","['matrix operation', 'heap', 'greedy algorithm', 'tuple', 'set', 'while loop', 'continue statement', 'if statement']","['for loop', 'tuple', 'while loop', 'matrix operation', 'if statement', 'misc']","import math
import heapq

def manhattan_distance(a, b):
    return abs(a[0] - b[0]) + abs(a[1] - b[1])

def dijkstra(start, end, grid):
    queue = [(0, start)]
    visited = set()
    while queue:
        _, current = heapq.heappop(queue)
        if current in visited:
            continue
        visited.add(current)
        for dx, dy in [(1, 0), (-1, 0), (0, 1), (0, -1)]:
            next_point = (current[0] + dx, current[1] + dy)
            if 0 <= next_point[0] <= 10**9 and 0 <= next_point[1] <= 10**9 and next_point not in visited:
                new_distance = current[0] + 1
                if next_point == end:
                    return new_distance
                heapq.heappush(queue, (new_distance, next_point))

def solve(a, b):
    start = (0, 0)
    end = (a, b)
    if manhattan_distance(start, end) <= 2:
        return 1, start, end
    shortest_distance = dijkstra(start, end, set())
    if shortest_distance <= 2:
        return shortest_distance + 1, (0, 0), (shortest_distance // 2, shortest_distance % 2) if shortest_distance % 2 else (shortest_distance // 2, shortest_distance // 2)
    return 2, (0, 0), (shortest_distance // 2, 0), (shortest_distance // 2, shortest_distance // 2)

",False,False,4,0.5
1814A,0,['this is the og problem'],"['if statement', 'while loop']","['for loop', 'if statement', 'misc', 'tuple', 'while loop']","from math import gcd

def solve(n, k):
    if gcd(n, k) != 1:
        return ""NO""

    if k > n:
        n, k = k, n

    if k == 2:
        return ""YES""

    x, y = n // k, n
    while x > y:
        x = (n + k - y) // k
        y = (n + k - x) // k
    if x == y:
        return ""YES""
    return ""NO""

",False,True,0,0.0
1814A,1,['for loop'],"['recursion', 'if statement', 'for loop', 'tuple']","['for loop', 'if statement', 'misc', 'tuple', 'while loop']","import math

def extended_euclidean_algorithm(a, b):
    if b == 0:
        x, y = 1, 0
        x1, y1 = 0, 1
    else:
        x1, y1 = extended_euclidean_algorithm(b, a % b)
        x, y = y1 - (a // b) * x1, x1
    return x, y, a * x1 - b * y1

def solve():
    t = int(input())
    for _ in range(t):
        n, k = map(int, input().split())
        if k == 2:
            print(""NO"")
        elif k > 2 and math.gcd(n, k) != 1:
            print(""NO"")
        else:
            x, _, _ = extended_euclidean_algorithm(n, k)
            if x >= 0:
                print(""YES"")
            else:
                print(""YES"", end="" "")
                print(""NO"" if x < 0 else ""YES"")

",False,False,1,0.25
1814A,2,"['for loop', 'misc']","['recursion', 'if statement', 'for loop', 'tuple', 'misc']","['for loop', 'if statement', 'misc', 'tuple', 'while loop']","import math

def extended_euclidean_algorithm(a, b):
    if b == 0:
        return (1, 0, a, 0)
    else:
        g, y, x1, x0 = extended_euclidean_algorithm(b, a % b)
        return (y, x0 - a // b * x1, g, x1)

def solve():
    t = int(input())
    for _ in range(t):
        n, k = map(int, input().split())
        if k == 2:
            print(""NO"")
        else:
            g, x, _, _ = extended_euclidean_algorithm(n, k)
            if g != 1:
                print(""NO"")
            else:
                print(""YES"")

",False,False,1,0.2
1814A,3,"['for loop', 'misc', 'while loop']","['if statement', 'while loop']","['for loop', 'if statement', 'misc', 'tuple', 'while loop']","from math import gcd

def solve(n, k):
    if gcd(n, k) != 1:
        return ""NO""

    x, y = n, 0
    while x > 0:
        if x >= k:
            x -= k
            y += 1
        else:
            y += x // 2
            x = (x % 2) * (x + 1) // 2

    return ""YES"" if y >= 1 else ""NO""

",False,False,0,0.0
1814A,4,"['for loop', 'misc', 'while loop', 'if statement']",['for loop'],"['for loop', 'if statement', 'misc', 'tuple', 'while loop']","from collections import defaultdict

def solve():
    for _ in range(int(input())):
        n, k = map(int, input().split())
        if n % 2 == 0 and k > 2 or n % k != 0:
            print(""NO"")
        else:
            dp = defaultdict(int)
            dp[0] = 1
            for i in range(2, n+1):
                dp[i] = dp[i - 2] + dp[i - k]
            if dp[n] > 0:
                print(""YES"")
            else:
                print(""NO"")

",False,False,0,0.0
1814A,5,"['for loop', 'misc', 'while loop', 'if statement', 'matrix operation']","['recursion', 'for loop', 'if statement', 'tuple']","['for loop', 'if statement', 'misc', 'tuple', 'while loop']","import math

def extended_euclidean_algorithm(a, b):
    if b == 0:
        return (1, 0, a, 0)
    else:
        g, y, x1, x0 = extended_euclidean_algorithm(b, a % b)
        return (x0 - (a // b) * x1, x1, g, x0)

def solve():
    t = int(input())
    for _ in range(t):
        n, k = map(int, input().split())
        g, x1, y1, _ = extended_euclidean_algorithm(n, k)
        if g != 1:
            print(""NO"")
        else:
            print(""YES"")

",False,False,1,0.25
1811A,0,['this is the og problem'],"['for loop', 'tuple', 'misc']","['while loop', 'if statement', 'break statement', 'for loop', 'tuple', 'matrix operation']","import itertools

def solve():
    t = int(input())
    for _ in range(t):
        n, d = map(int, input().split())
        num = list(map(int, input()))
        max_index = max(range(n), key=lambda i: sum(num[:i]) + sum(num[i+1:]))
        num.insert(max_index, d)
        print(''.join(map(str, num)))

",False,True,1,0.3333333333333333
1811A,1,['break statement'],"['for loop', 'tuple']","['while loop', 'if statement', 'break statement', 'for loop', 'tuple', 'matrix operation']","from functools import reduce
from itertools import accumulate

def solve():
    t = int(input())
    for _ in range(t):
        n, d = map(int, input().split())
        num = list(map(int, input()))
        num.insert(max(accumulate(reversed(num)), key=lambda x: n - x), d)
        print(''.join(map(str, num)))

",False,True,0,0.0
1811A,2,"['break statement', 'for loop']","['for loop', 'tuple', 'if statement', 'hashmap', 'recursion']","['while loop', 'if statement', 'break statement', 'for loop', 'tuple', 'matrix operation']","import functools
import sys
from itertools import accumulate

def solve():
    t = int(input())
    for _ in range(t):
        n, d = map(int, input().split())
        num = list(map(int, input()))
        num.insert(max(accumulate(reversed(num), functools.reduce), key=lambda x: x + d))
        print(''.join(map(str, num)))

",False,False,2,0.4
1811A,3,"['break statement', 'for loop', 'while loop']",['for loop'],"['while loop', 'if statement', 'break statement', 'for loop', 'tuple', 'matrix operation']","import functools
import itertools

def solve():
    t = int(input())
    for _ in range(t):
        n, d = map(int, input().split())
        num = list(map(int, input()))
        max_index = max(range(n), key=lambda i: functools.reduce(lambda x, y: x * 10 + y, num[i + 1:]))
        num.insert(max_index, d)
        num.sort(reverse=True)
        print(''.join(map(str, num)))

",False,False,0,0.0
1811A,4,"['break statement', 'for loop', 'while loop', 'recursion']","['for loop', 'if statement', 'misc', 'tuple']","['while loop', 'if statement', 'break statement', 'for loop', 'tuple', 'matrix operation']","import itertools
import functools

def solve():
    t = int(input())
    for _ in range(t):
        n, d = map(int, input().split())
        num = list(map(int, input()))
        max_index = max(range(n), key=functools.reduce)
        max_index += 1 if num[max_index] < d else max_index
        result = num[:max_index] + [d] + num[max_index:]
        print(''.join(map(str, result)))

",False,False,1,0.25
1811A,5,"['break statement', 'for loop', 'while loop', 'recursion', 'dictionary']",['for loop'],"['while loop', 'if statement', 'break statement', 'for loop', 'tuple', 'matrix operation']","import functools
from typing import List

def solve():
    def max_insert_digit(num: str, digit: int) -> str:
        @functools.lru_cache(maxsize=None)
        def dp(i: int) -> int:
            if i == len(num) + 1:
                return 0
            if i == len(num):
                return 10 * digit + int(num)
            return max(
                dp(i + 2) + (10 * digit + int(num[i:])),
                dp(i + 1) + (10 * digit + int(num[:i]) + int(num[i]))
            )
        return str(dp(1) + digit)

    t = int(input())
    for _ in range(t):
        n, d = map(int, input().split())
        num = input()
        print(max_insert_digit(num, d))

",False,False,0,0.0
1810B,0,['this is the og problem'],['for loop'],"['for loop', 'if statement', 'while loop', 'stack', 'misc', 'continue statement', 'break statement', 'recursion', 'matrix operation']","import sys

def solve():
    for _ in range(int(input())):
        n = int(input())
        if n == 1:
            print(0)
        elif n % 2 == 1:
            print(-1)
        else:
            m = 0
            sequence = []
            while n > 1:
                if n % 2 == 0:
                    sequence.append(2)
                    n += 2
                    m += 1
                else:
                    sequence.append(1)
                    n = (n - 1) // 2
                    m += 1
            print(m)
            print(*sequence)

",False,True,0,0.0
1810B,1,['misc'],['for loop'],"['for loop', 'if statement', 'while loop', 'stack', 'misc', 'continue statement', 'break statement', 'recursion', 'matrix operation']","import sys

def solve():
    n = int(input())
    if n == 1:
        return 0, []

    candies = [1]
    spells = []
    while candies[-1] != n:
        if candies[-1] % 2 == 0 and 2 * candies[-1] <= n:
            candies.append(2 * candies[-1])
        elif candies[-1] % 4 == 3 and 2 * candies[-1] + 1 <= n:
            candies.append(2 * candies[-1] + 1)
        else:
            spells.append(2)
            candies.append(2 * candies[-1] + 1)

    spells.append(1)
    candies.append(2 * candies[-1] - 1)

    while len(candies) > 1 and candies[-1] > candies[-2]:
        candies.pop()
        spells.pop()

    return len(spells), spells

",False,True,0,0.0
1810B,2,"['misc', 'if statement']","['if statement', 'for loop', 'tuple']","['for loop', 'if statement', 'while loop', 'stack', 'misc', 'continue statement', 'break statement', 'recursion', 'matrix operation']","import math

def solve(n):
    if n == 1:
        return 0, []

    steps, spells = math.ceil(math.log2(n - 1)) * 2, []

    for _ in range(steps):
        if n & 1:
            spells.append(2)
            n += 2
        else:
            spells.append(1)
            n -= 1

    return steps, spells

",False,False,1,0.3333333333333333
1810B,3,"['misc', 'if statement', 'for loop']",['for loop'],"['for loop', 'if statement', 'while loop', 'stack', 'misc', 'continue statement', 'break statement', 'recursion', 'matrix operation']","import math

def solve():
    t = int(input())
    for _ in range(t):
        n = int(input())
        if n == 1:
            print(-1)
            continue
        candies = [1]
        spells = 0
        while candies[-1] != n:
            if candies[-1] % 2 == 0 and candies[-2] * 2 + 1 <= n:
                candies.pop()
                candies.append(candies[-1] * 2 + 1)
                spells += 1
            elif candies[-1] % 2 == 1 and candies[-2] * 2 - 1 >= 1:
                candies.pop()
                candies.append(candies[-1] * 2 - 1)
                spells += 1
            else:
                print(-1)
                break
        print(spells, *[1 if a == candies[-1] - candies[-2] else 2 for a in reversed(candies)])

",False,False,0,0.0
1810B,4,"['misc', 'if statement', 'for loop', 'recursion']","['if statement', 'for loop']","['for loop', 'if statement', 'while loop', 'stack', 'misc', 'continue statement', 'break statement', 'recursion', 'matrix operation']","import math

def solve(n):
    if n == 1:
        return 0, []

    steps, spells = math.ceil(math.log2(n)) if n & 1 else math.ceil(math.log2(n)) + 1, []

    for _ in range(steps):
        if n & 1:
            spells.append(2)
            n = 2 * n + 1
        else:
            spells.append(1)
            n = 2 * n - 1

    return steps, spells

",False,False,0,0.0
1810A,0,['this is the og problem'],"['for loop', 'if statement', 'break statement']","['for loop', 'if statement', 'break statement', 'recursion', 'misc']","import sys

def solve():
    t = int(input())
    for _ in range(t):
        n = int(input())
        a = list(map(int, input().split()))
        good_subseq = False
        for i in range(1, n+1):
            if a.count(i) > 0 and a.count(i) == a.count(i) // i:
                good_subseq = True
                break
        print(""YES"" if good_subseq else ""NO"")

",False,True,0,0.0
1810A,1,['if statement'],"['if statement', 'for loop', 'recursion', 'misc']","['for loop', 'if statement', 'break statement', 'recursion', 'misc']","import itertools

def solve(arr):
    for i in range(1, len(arr)+1):
        if i in arr:
            return ""YES""
    for subset in itertools.combinations(arr, len(arr)//2):
        if all(x in subset for x in range(1, len(subset)+1)):
            return ""YES""
    return ""NO""

",False,False,0,0.0
1810A,2,"['if statement', 'set']","['for loop', 'if statement', 'break statement']","['for loop', 'if statement', 'break statement', 'recursion', 'misc']","import itertools

def solve():
    t = int(input())
    for _ in range(t):
        n = int(input())
        a = list(map(int, input().split()))
        for subsequence in itertools.permutations(a):
            if any(i == j for i, j in zip(subsequence, range(1, len(subsequence) + 1))):
                print(""YES"")
                break
        else:
            print(""NO"")

",False,False,0,0.0
1810A,3,"['if statement', 'set', 'for loop']",['for loop'],"['for loop', 'if statement', 'break statement', 'recursion', 'misc']","from collections import deque

def solve():
    t = int(input())
    for _ in range(t):
        n = int(input())
        a = list(map(int, input().split()))
        q = deque()
        for i in range(1, n+1):
            q.append(i)
        flag = False
        for i in range(n):
            if a[i] == q[0]:
                flag = True
                q.popleft()
            else:
                q.append(a[i])
        if not q:
            print(""YES"")
        else:
            print(""NO"")

",False,False,0,0.0
1810A,4,"['if statement', 'set', 'for loop', 'while loop']","['queue', 'set', 'for loop', 'if statement']","['for loop', 'if statement', 'break statement', 'recursion', 'misc']","from collections import deque

def beautiful_sequence(arr):
    q = deque()
    visited = set()
    for i in arr:
        if i not in visited:
            q.append(i)
            visited.add(i)
        elif q and q[0] == i:
            q.popleft()
    return len(q) > 0

def solve():
    t = int(input())
    for _ in range(t):
        n = int(input())
        arr = list(map(int, input().split()))
        print(""YES"" if beautiful_sequence(arr) else ""NO"")

",False,False,2,0.5
1809A,0,['this is the og problem'],"['for loop', 'queue', 'while loop', 'if statement', 'continue statement']","['set', 'for loop', 'if statement', 'misc', 'tuple', 'dictionary', 'hashmap', 'while loop', 'sorting', 'continue statement']","from collections import deque

def solve():
    n = int(input())
    for _ in range(n):
        s = list(map(int, input()))
        q = deque(s)
        count = 0
        while len(q) > 1:
            if q[0] == q[1]:
                q.popleft()
            else:
                q.append(q.popleft())
                count += 1
        if len(q) > 0:
            print(-1)
        else:
            print(count)

",False,True,1,0.2
1809A,1,['misc'],['dictionary'],"['set', 'for loop', 'if statement', 'misc', 'tuple', 'dictionary', 'hashmap', 'while loop', 'sorting', 'continue statement']","from collections import deque

def solve():
    t = int(input())
    for _ in range(t):
        s = list(map(int, input().strip()))
        q = deque(s)
        count = 0
        while len(q) > 1:
            if q[0] == q[1]:
                q.popleft()
            else:
                q.appendleft(q.popleft() ^ 1)
                count += 1
        if len(q) > 0:
            print(-1)
        else:
            print(count)

",False,True,0,0.0
1809A,2,"['misc', 'for loop']",['for loop'],"['set', 'for loop', 'if statement', 'misc', 'tuple', 'dictionary', 'hashmap', 'while loop', 'sorting', 'continue statement']","from collections import defaultdict

def solve():
    def dfs(node, color, visited, bulbs):
        if len(visited) == len(bulbs):
            return 1
        for n in graph[node]:
            if n not in visited and abs(bulbs[node] - bulbs[n]) == 1:
                visited.add(n)
                res[node] = dfs(n, bulbs[n], visited, bulbs)
                if res[node] != -1:
                    return res[node] + 1
        res[node] = -1
        return -1

    n = int(input())
    for _ in range(n):
        bulbs = list(map(int, input().split()))
        graph = defaultdict(list)
        for i in range(len(bulbs)):
            for j in range(i + 1, len(bulbs)):
                if abs(bulbs[i] - bulbs[j]) == 1:
                    graph[i].append(j)
                    graph[j].append(i)
        res = {i: -1 for i in range(len(bulbs))}
        for i in range(len(bulbs)):
            if res[i] == -1:
                visited = set()
                res[i] = dfs(i, bulbs[i], visited, bulbs)
        print(-1 if res[i] == -1 for i in range(len(bulbs)))

",False,False,0,0.0
1809A,3,"['misc', 'for loop', 'if statement']","['for loop', 'while loop', 'if statement', 'continue statement', 'queue', 'tuple']","['set', 'for loop', 'if statement', 'misc', 'tuple', 'dictionary', 'hashmap', 'while loop', 'sorting', 'continue statement']","from collections import deque

def solve():
    t = int(input())
    for _ in range(t):
        s = list(map(int, input().strip()))
        n = len(s)
        visited = [0] * n
        q = deque()
        q.append((0, -1))
        while q:
            i, prev = q.popleft()
            if visited[i] == 1:
                continue
            visited[i] = 1
            if s[i] == 0:
                s[i] = 1
            else:
                s[i] = 0
            if i != prev and all(s[j] != s[i] for j in range(n) if j != i):
                for j in range(n):
                    if not visited[j]:
                        q.append((j, i))
        result = sum(s)
        if result == n * 2:
            print(len(s) - 1)
        else:
            print(-1)

",False,False,1,0.16666666666666666
1809A,4,"['misc', 'for loop', 'if statement', 'set']","['queue', 'while loop', 'if statement', 'for loop']","['set', 'for loop', 'if statement', 'misc', 'tuple', 'dictionary', 'hashmap', 'while loop', 'sorting', 'continue statement']","from collections import deque

def solve():
    q = deque()
    visited = [0] * 16  # 16 possible states for 4 light bulbs (0000 to 1111)
    q.append((0, 0))  # (state, operations)

    while q:
        state, operations = q.popleft()
        if state == 15:  # all bulbs are on
            return operations
        for i in range(4):
            if not visited[state ^ (1 << i)]:
                visited[state ^ (1 << i)] = 1
                q.append((state ^ (1 << i), operations + 1))

    return -1

",True,False,1,0.25
1809A,5,"['misc', 'for loop', 'if statement', 'set', 'while loop']",['if statement'],"['set', 'for loop', 'if statement', 'misc', 'tuple', 'dictionary', 'hashmap', 'while loop', 'sorting', 'continue statement']","from collections import deque

def solve(colors):
    n = len(colors)
    if n != 4:
        return -1

    visited = [0] * n
    queue = deque([(i, 0) for i in range(n) if colors[i] != visited[0]])
    directions = [(-1, 0), (1, 0), (0, -1), (0, 1)]

    while queue:
        bulb, count = queue.popleft()
        if visited[bulb] == colors[bulb]:
            continue
        visited[bulb] = colors[bulb]
        if all(visited == colors):
            return count + 1
        for dx, dy in directions:
            next_bulb = (bulb + dx * n + dy) % n
            if not visited[next_bulb] and colors[next_bulb] != visited[bulb]:
                queue.append((next_bulb, count + 1))

    return -1

",False,False,0,0.0
1807C,0,['this is the og problem'],"['for loop', 'if statement']","['for loop', 'if statement', 'set', 'break statement', 'while loop', 'dictionary', 'matrix operation', 'misc']","import re

def solve():
    t = int(input())
    for _ in range(t):
        n = int(input())
        s = input()
        if re.match(r'^(0|1)*$', s) and n > 1:
            print(""YES"")
        elif n == 1:
            print(""YES"")
        else:
            print(""NO"")

",False,True,0,0.0
1807C,1,['for loop'],"['if statement', 'for loop', 'set']","['for loop', 'if statement', 'set', 'break statement', 'while loop', 'dictionary', 'matrix operation', 'misc']","import re

def solve(s):
    if len(s) <= 1:
        return ""YES"" if s == ""0"" or s == ""1"" else ""NO""

    # Check if the string can be converted to an alternating binary string
    # by replacing a character with 0 and another character with 1
    for char in set(s):
        new_s = s.replace(char, ""0"").replace(char, ""1"")
        if re.match(r""^(?:0|1)*1(?:0|1)*$"", new_s):
            return ""YES""

    return ""NO""

",False,False,0,0.0
1807C,2,"['for loop', 'if statement']",['if statement'],"['for loop', 'if statement', 'set', 'break statement', 'while loop', 'dictionary', 'matrix operation', 'misc']","import re

def solve(s):
    pattern = re.compile(r'(.)\1{' + str(len(s) - 1) + ',}')
    if pattern.search(s):
        return ""NO""
    else:
        return ""YES""

",False,False,0,0.0
1807C,3,"['for loop', 'if statement', 'recursion']",['for loop'],"['for loop', 'if statement', 'set', 'break statement', 'while loop', 'dictionary', 'matrix operation', 'misc']","import re

def solve():
    import re

    def is_alternating(s):
        if len(s) < 2:
            return True
        return (s[0] != s[1]) and is_alternating(s[1:] + s[0])

    def can_make_alternating(s):
        return re.match(r'^(0|1)*0(0|1)*$', s)

    t = int(input())
    for _ in range(t):
        n = int(input())
        s = input()
        if can_make_alternating(s):
            print(""YES"")
        elif is_alternating(s):
            print(""NO"")
        else:
            print(""YES"")

",False,False,0,0.0
1807C,4,"['for loop', 'if statement', 'recursion', 'while loop']","['if statement', 'for loop', 'hashmap', 'misc']","['for loop', 'if statement', 'set', 'break statement', 'while loop', 'dictionary', 'matrix operation', 'misc']","from collections import Counter
import re

def solve(s):
    count = Counter(s)
    odd_count = sum(1 for k, v in count.items() if v % 2 != 0)
    if odd_count > 1:
        return ""NO""

    pattern = re.compile('(.)\1{' + str(min(v for k, v in count.items() if v > 1)) + '}')
    groups = pattern.findall(s)
    for group in groups:
        if len(group) > 1 and group[0] == group[1]:
            return ""NO""

    result = """"
    for k, v in count.items():
        result += v * ('0' if v % 2 == 1 else '1')

    return ""YES""

",False,False,1,0.25
1807B,0,['this is the og problem'],"['for loop', 'if statement', 'sorting']","['for loop', 'if statement', 'tuple', 'matrix operation', 'sorting', 'while loop']","import sys

def solve():
    n = int(input())
    a = list(map(int, input().split()))

    # Sort the array in non-increasing order
    a.sort(reverse=True)

    # Initialize Mihai and Bianca's candies
    mihai_candies = 0
    bianca_candies = 0

    # Iterate through the sorted array
    for candies in a:
        if candies % 2 == 0:
            mihai_candies += candies
        else:
            bianca_candies += candies

    # Check if Mihai always has more candies than Bianca
    if mihai_candies > bianca_candies:
        return ""YES""
    else:
        return ""NO""

# Read the number of test cases
",True,True,0,0.0
1807B,1,['for loop'],"['if statement', 'misc']","['for loop', 'if statement', 'tuple', 'matrix operation', 'sorting', 'while loop']","from functools import reduce

def solve(a):
    n = len(a)
    total = sum(a)
    xor_sum = reduce(lambda x, y: x ^ y, a)

    # If the total number of candies is even, Mihai can always have more candies than Bianca
    if total % 2 == 0:
        return ""YES""

    # If the XOR sum of candies is non-zero, it means that there is at least one bag with an odd number of candies,
    # and Mihai can take that bag to have more candies than Bianca
    if xor_sum != 0:
        return ""YES""

    # If the total number of candies is odd and the XOR sum is zero, it means that all bags have an even number of candies,
    # and Mihai can't have more candies than Bianca no matter how the bags are reordered
    return ""NO""

",False,True,1,0.5
1807B,2,"['for loop', 'while loop']","['queue', 'while loop', 'if statement']","['for loop', 'if statement', 'tuple', 'matrix operation', 'sorting', 'while loop']","from collections import deque

def solve(n, a):
    q = deque(a)
    mihai, bianca = 0, 0

    while len(q) > 1:
        candies = q.popleft()
        if candies % 2 == 0:
            mihai += candies
        else:
            bianca += candies

        if mihai > bianca + 1:
            return ""YES""
        elif mihai < bianca:
            q.append(candies)
            mihai = 0
            bianca += candies

    return ""YES"" if mihai > bianca else ""NO""

",False,False,1,0.3333333333333333
1807B,3,"['for loop', 'while loop', 'tuple']","['if statement', 'for loop']","['for loop', 'if statement', 'tuple', 'matrix operation', 'sorting', 'while loop']","import math

def solve(n, a):
    total = sum(a)
    if total % 2 == 0:
        return ""YES""
    if n % 2 == 1:
        return ""NO""

    # Calculate the maximum number of candies that can be moved from one player to another
    max_move = math.ceil(total / 2)

    # Initialize the number of candies for Mihai and Bianca
    mihai = 0
    bianca = 0

    # Iterate through the bags
    for candies in a:
        # If the number of candies is even, Mihai takes the candies
        if candies % 2 == 0:
            mihai += candies
        else:
            bianca += candies

        # Check if Mihai can move candies from Bianca to have more candies
        if mihai < bianca:
            if mihai + max_move >= bianca:
                mihai += max_move
                bianca -= max_move
                max_move = 0
            else:
                max_move -= (bianca - mihai)
                mihai += (bianca - mihai)

    # Check if Mihai has more candies than Bianca after the last move
    if mihai > bianca:
        return ""YES""
    return ""NO""

# Test cases
",False,False,0,0.0
1807B,4,"['for loop', 'while loop', 'tuple', 'if statement']","['if statement', 'while loop', 'queue']","['for loop', 'if statement', 'tuple', 'matrix operation', 'sorting', 'while loop']","from collections import deque

def solve(n, a):
    q = deque(a)
    mihai, bianca = 0, 0

    while len(q) > 1:
        candies = q.popleft()
        if candies % 2 == 0:
            mihai += candies
        else:
            bianca += candies

        if mihai > bianca + len(q) - 1:
            return ""YES""
        if bianca > mihai + len(q) - 1:
            return ""NO""

    return ""YES"" if mihai > bianca else ""NO""

",False,False,1,0.3333333333333333
1807A,0,['this is the og problem'],"['for loop', 'if statement', 'misc']","['for loop', 'if statement', 'tuple', 'while loop']","def solve():
    for _ in range(int(input())):
        a, b, c = map(int, input().split())
        if a + b == c:
            print(""+"")
        elif a - b == c:
            print(""-"")
        else:
            raise ValueError(""Invalid input"")

",True,True,1,0.3333333333333333
1807A,1,['for loop'],['if statement'],"['for loop', 'if statement', 'tuple', 'while loop']","from functools import reduce
import sys

def solve(a, b, c):
    return ""+"" if a + b == c else ""-""

# Read the number of test cases
",False,True,0,0.0
1807A,2,"['for loop', 'tuple']","['for loop', 'if statement', 'matrix operation']","['for loop', 'if statement', 'tuple', 'while loop']","import sympy as sp

def solve():
    t = int(input())
    for _ in range(t):
        a, b, c = map(int, input().split())
        eq = sp.Eq(a + b, c) | sp.Eq(a - b, c)
        sol = sp.solve(eq, c)
        if len(sol) > 0:
            print('+') if sol[0] == c else print('-')

",True,False,1,0.3333333333333333
1807A,3,"['for loop', 'tuple', 'if statement']","['for loop', 'if statement']","['for loop', 'if statement', 'tuple', 'while loop']","import sys
from functools import reduce

def solve():
    t = int(input())
    for _ in range(t):
        a, b, c = map(int, input().split())
        result = '+' if reduce(lambda x, y: x * y >= 0 and x + y == c, [a, b, c], 1) else '-'
        print(result)

",False,False,0,0.0
1807A,4,"['for loop', 'tuple', 'if statement', 'recursion']","['for loop', 'if statement', 'dictionary', 'misc']","['for loop', 'if statement', 'tuple', 'while loop']","import sympy as sp

def solve():
    t = int(input())
    for _ in range(t):
        a, b, c = map(int, input().split())
        eq = sp.Eq(a + b, c) | sp.Eq(a - b, c)
        sol = sp.solve(eq, 1, dict=True)
        if sol:
            print('+') if sol[0] == 1 else print('-')

",True,False,2,0.5
1806A,0,['this is the og problem'],"['if statement', 'for loop']","['for loop', 'if statement', 'tuple', 'while loop', 'misc', 'continue statement']","import math

def manhattan_distance(a, b, c, d):
    return abs(a - c) + abs(b - d)

def solve():
    t = int(input())
    for _ in range(t):
        a, b, c, d = map(int, input().split())
        if manhattan_distance(a, b, c, d) & 1:  # If the distance is odd, it's impossible
            print(-1)
        else:
            moves = manhattan_distance(a, b, c, d) // 2
            print(moves)

",False,True,0,0.0
1806A,1,['matrix operation'],"['if statement', 'for loop', 'continue statement', 'while loop']","['for loop', 'if statement', 'tuple', 'while loop', 'misc', 'continue statement']","from math import gcd

def solve():
    for _ in range(int(input())):
        abcd = list(map(int, input().split()))
        x, y, cx, dy = abcd
        if x == cx and y != dy:
            print(-1)
            continue
        if x != cx and y == dy:
            print(-1)
            continue
        x1, y1 = x, y
        moves = 0
        while x1 != cx or y1 != dy:
            if x1 < cx:
                x1 += 1
            if y1 < dy:
                y1 += 1
            moves += 1
        print(moves)

",False,True,0,0.0
1806A,2,"['matrix operation', 'if statement']","['if statement', 'for loop', 'tuple']","['for loop', 'if statement', 'tuple', 'while loop', 'misc', 'continue statement']","from math import gcd, sqrt

def solve():
    for _ in range(int(input())):
        a, b, c, d = map(int, input().split())
        if a == c and b == d:
            print(0)
        elif gcd(abs(a - c), abs(b - d)) > 1:
            print(-1)
        else:
            x, y = abs(a - c), abs(b - d)
            if x > y:
                print(2 * y + (x - y) // 2)
            else:
                print(2 * x + (y - x) // 2)

",False,False,0,0.0
1806A,3,"['matrix operation', 'if statement', 'for loop']","['queue', 'set', 'while loop']","['for loop', 'if statement', 'tuple', 'while loop', 'misc', 'continue statement']","import collections
import math

def manhattan_distance(a, b, c, d):
    return abs(a - c) + abs(b - d)

def solve():
    q = collections.deque([(0, 1, 0)])
    visited = set()
    dx = [0, 0, -1, 1]
    dy = [-1, 1, 0, 0]

    while q:
        moves, x, y = q.popleft()
        if (x, y) == (c, d):
            return moves
        visited.add((x, y))

        for i in range(4):
            nx = x + dx[i]
            ny = y + dy[i]
            if 0 <= nx <= 10 ** 8 and 0 <= ny <= 10 ** 8 and (nx, ny) not in visited:
                q.append((moves + manhattan_distance(x, y, nx, ny), nx, ny))

    return -1

",False,True,2,0.6666666666666666
1806A,4,"['matrix operation', 'if statement', 'for loop', 'hashmap']",['if statement'],"['for loop', 'if statement', 'tuple', 'while loop', 'misc', 'continue statement']","import math

def solve(a, b, c, d):
    x_diff = abs(c - a)
    y_diff = abs(d - b)

    # Check if the difference in x and y coordinates is even
    if (x_diff + y_diff) % 2 == 1:
        return -1

    moves = max(x_diff, y_diff)

    # If the difference in x and y coordinates is equal, then we can move diagonally
    if x_diff == y_diff:
        moves //= 2

    return moves

",False,False,0,0.0
1805B,0,['this is the og problem'],"['for loop', 'heap', 'tuple', 'matrix operation']","['for loop', 'while loop', 'hashmap', 'if statement', 'continue statement', 'set', 'sorting', 'misc', 'break statement', 'tuple']","import heapq

def solve():
    t = int(input())
    for _ in range(t):
        n = int(input())
        s = input()
        min_heap = [(ord(c), i) for i, c in enumerate(s)]
        heapq.heapify(min_heap)
        min_index, _ = heapq.heappop(min_heap)
        new_s = s[:min_index] + s[min_index] + s[min_index + 1:]
        print(new_s)

",False,True,2,0.5
1805B,1,['for loop'],['for loop'],"['for loop', 'while loop', 'hashmap', 'if statement', 'continue statement', 'set', 'sorting', 'misc', 'break statement', 'tuple']","from collections import defaultdict, deque
from functools import reduce
import string

def char_index(c):
    return ord(c) - ord('a')

def topological_sort(adj_list):
    indegrees = defaultdict(int)
    for node, neighbors in adj_list.items():
        for neighbor in neighbors:
            indegrees[neighbor] += 1

    queue = deque([node for node in adj_list if indegrees[node] == 0])
    result = []

    while queue:
        node = queue.popleft()
        result.append(node)
        for neighbor in adj_list[node]:
            indegrees[neighbor] -= 1
            if indegrees[neighbor] == 0:
                queue.append(neighbor)

    return result

def solve():
    t = int(input())
    for _ in range(t):
        n = int(input())
        s = input()
        adj_list = defaultdict(list)
        for i in range(1, n):
            if s[i] > s[i - 1]:
                adj_list[i - 1].append(i)

        index = topological_sort(adj_list)[-1]
        print(s[:index] + s[index])

",False,False,0,0.0
1805B,2,"['for loop', 'if statement']",['for loop'],"['for loop', 'while loop', 'hashmap', 'if statement', 'continue statement', 'set', 'sorting', 'misc', 'break statement', 'tuple']","from functools import lru_cache
from typing import List

def solve():
    n = int(input())
    s = input()

    @lru_cache(maxsize=None)
    def min_char(l, r):
        if l == r:
            return s[l - 1]
        mid = (l + r) // 2
        left_min = min_char(l, mid)
        right_min = min_char(mid + 1, r)
        return min(left_min, right_min) if left_min <= right_min else right_min

    min_char_index = s.index(min_char(1, n))
    result = s[:min_char_index] + s[min_char_index] + s[min_char_index + 1:]
    print(result)

# Test cases
",False,False,0,0.0
1805B,3,"['for loop', 'if statement', 'tuple']","['if statement', 'for loop', 'break statement', 'heap', 'stack', 'misc']","['for loop', 'while loop', 'hashmap', 'if statement', 'continue statement', 'set', 'sorting', 'misc', 'break statement', 'tuple']","import heapq

def solve():
    t = int(input())
    for _ in range(t):
        n = int(input())
        s = input()
        stack = list(s)
        heapq.heapify(stack)

        for i in range(1, n):
            if stack[i] < stack[i - 1]:
                break

        if i == n:
            print(s)
        else:
            stack[i], stack[0] = stack[0], stack[i]
            heapq.heapify(stack)
            for j in range(i + 1, n):
                heapq.heappush(stack, stack[j])
            del stack[i]
            for j in range(i - 1, -1, -1):
                heapq.heappop(stack)
            print(''.join(stack))

",False,False,2,0.3333333333333333
1805B,4,"['for loop', 'if statement', 'tuple', 'while loop']","['for loop', 'queue', 'if statement']","['for loop', 'while loop', 'hashmap', 'if statement', 'continue statement', 'set', 'sorting', 'misc', 'break statement', 'tuple']","from collections import deque
import sys

def solve():
    t = int(input())
    for _ in range(t):
        n = int(input())
        s = input()
        q = deque(s)
        min_index = 0
        for i in range(1, n):
            if q[i] < q[min_index]:
                min_index = i
        q.rotate(-min_index)
        print(q.popleft() + ''.join(q))

",False,False,1,0.3333333333333333
1805A,0,['this is the og problem'],"['for loop', 'if statement']","['if statement', 'for loop', 'break statement', 'misc', 'tuple', 'while loop', 'hashmap', 'matrix operation']","from functools import reduce

def solve():
    t = int(input())
    for _ in range(t):
        n = int(input())
        a = list(map(int, input().split()))
        xor_sum = reduce(lambda a, b: a ^ b, a)
        if xor_sum == 0:
            print(-1)
        else:
            for i in range(256):
                if reduce(lambda a, b: a ^ b, [a[0] ^ i, *[a[j] ^ i for j in range(1, n)]) == 0:
                    print(i)
                    break

",False,True,0,0.0
1805A,1,['break statement'],"['if statement', 'for loop', 'break statement', 'misc']","['if statement', 'for loop', 'break statement', 'misc', 'tuple', 'while loop', 'hashmap', 'matrix operation']","from functools import reduce

def solve():
    t = int(input())
    for _ in range(t):
        n = int(input())
        a = list(map(int, input().split()))
        if reduce(lambda x, y: x ^ y, a) == 0:
            print(-1)
        else:
            for i in range(256):
                if reduce(lambda x, y: x ^ y, [a[j] ^ i for j in range(n)]) == 0:
                    print(i)
                    break

",False,False,0,0.0
1805A,2,"['break statement', 'misc']","['for loop', 'if statement', 'break statement', 'matrix operation', 'hashmap']","['if statement', 'for loop', 'break statement', 'misc', 'tuple', 'while loop', 'hashmap', 'matrix operation']","from collections import defaultdict

def solve():
    t = int(input())
    for _ in range(t):
        n = int(input())
        a = list(map(int, input().split()))
        for x in range(256):
            b = [a[i] ^ x for i in range(n)]
            if sum(b) == 0:
                print(x)
                break
        else:
            print(-1)

",False,False,0,0.0
1805A,3,"['break statement', 'misc', 'if statement']","['if statement', 'for loop', 'recursion', 'hashmap']","['if statement', 'for loop', 'break statement', 'misc', 'tuple', 'while loop', 'hashmap', 'matrix operation']","from math import log2, sin, cos
from cmath import exp

def nfft(a):
    n = len(a)
    if n == 1:
        return a
    even = nfft(a[::2])
    odd = nfft(a[1::2])
    evens = [even[i] + exp(2j * 2 * pi * k / n) * even[i + n // 2] for i in range(n // 2)]
    odds = [odd[i] + exp(2j * 2 * pi * k / n) * odd[i + n // 2] for i in range(n // 2)]
    return [evens[i] + odds[i] for i in range(n)]

def inv_fft(a):
    n = len(a)
    a_inv = [1] * n
    for k in range(1, n):
        for i in range(k):
            p = (k // 2 ** i) << i
            a_inv[i] += a_inv[i + p]
            a_inv[i + p] -= a_inv[i]
    for k in range(n - 1, 0, -1):
        for i in range(k):
            p = (k // 2 ** (k - i)) << (k - i)
            a_inv[i] += a_inv[i + p]
            a_inv[i + p] -= a_inv[i]
    for i in range(n):
        a_inv[i] /= n
    return [round(x.real) for x in a_inv]

def solve():
    t = int(input())
    for _ in range(t):
        n = int(input())
        a = list(map(int, input().split()))
        if sum(a) == 0:
            print(-1)
        else:
            fft_a = nfft(a)
            fft_a[0] /= n
            xor_sum = fft_a[0].real
            for i in range(1, len(fft_a)):
                if fft_a[i].real != 0:
                    print(-1)
                    break
                xor_sum -= 2 * fft_a[i].real * (1 / n) * sin(2 * pi * i / n)
            x = inv_fft([xor_sum])[0]
            print(x if 0 <= x < 256 else -1)

",False,False,1,0.25
1805A,4,"['break statement', 'misc', 'if statement', 'for loop']","['for loop', 'if statement']","['if statement', 'for loop', 'break statement', 'misc', 'tuple', 'while loop', 'hashmap', 'matrix operation']","from functools import reduce
from sys import stdout

def solve():
    t = int(input())
    for _ in range(t):
        n = int(input())
        a = list(map(int, input().split()))

        # Calculate the number of 1's in the binary representation of each number
        ones = [bin(x).count('1') for x in a]

        # If the number of 1's is even for all numbers, then XOR with 0 will give 0
        if all(x % 2 == 0 for x in ones):
            x = 0
        else:
            # Find the number that has an odd number of 1's and XOR it with 1 to make it even
            odd_ones = [x for x in ones if x % 2 != 0]
            if odd_ones:
                x = reduce(lambda a, b: a ^ b, odd_ones) ^ 1
            else:
                x = -1

        stdout.write(str(x) + '\n')

",True,False,0,0.0
1805A,5,"['break statement', 'misc', 'if statement', 'for loop', 'tuple']",['for loop'],"['if statement', 'for loop', 'break statement', 'misc', 'tuple', 'while loop', 'hashmap', 'matrix operation']","from functools import reduce

def solve():
    t = int(input())
    for _ in range(t):
        n = int(input())
        a = list(map(int, input().split()))

        # Calculate the XOR of all numbers in the array
        xor_sum = reduce((lambda x, y: x ^ y), a)

        # If the XOR sum is not zero, it's impossible to find a number x such that b_1 XOR b_2 XOR ... XOR b_n equals 0
        if xor_sum != 0:
            print(-1)
        else:
            # Find the least significant bit (LSB) that is set in the XOR sum
            lsb_index = xor_sum.bit_length() - 1

            # Calculate the mask for the LSB
            mask = 1 << lsb_index

            # Find the number x such that x & mask == LSB and x ^ a[i] == 0 for all i in [1, n]
            x = mask
            for i in range(1, n+1):
                x ^= a[i-1] & mask
                if x & mask != mask:
                    x ^= mask

            print(x)

",False,False,0,0.0
1804A,0,['this is the og problem'],"['queue', 'while loop', 'if statement', 'for loop', 'tuple', 'dictionary', 'width first search']","['for loop', 'if statement', 'tuple', 'while loop', 'minimax', 'misc', 'two pointers', 'matrix operation', 'sorting']","from the starting position (0, 0) to the target position (a, b). The `visited` dictionary is used to keep track of the cells that have been visited to avoid visiting the same cell twice in two consecutive seconds.

```python
import collections
import sys

def bfs(board, start, target):
    queue = collections.deque([start])
    visited = {start: 0}

    moves = [(0, 0), (0, 1), (0, -1), (1, 0), (-1, 0)]

    while queue:
        pos = queue.popleft()
        if pos == target:
            return visited[pos]

        for dx, dy in moves:
            next_pos = (pos[0] + dx, pos[1] + dy)
            if -100 <= next_pos[0] <= 100 and -100 <= next_pos[1] <= 100 and next_pos not in visited:
                queue.append(next_pos)
                visited[next_pos] = visited[pos] + 1

    return -1

def solve():
    t = int(input())
    for _ in range(t):
        a, b = map(int, input().split())
        print(bfs(((r, c) for r in range(-100, 101) for c in range(-100, 101)), (0, 0), (a, b)))

",False,True,3,0.42857142857142855
1804A,1,['if statement'],"['queue', 'set', 'while loop', 'for loop', 'if statement', 'tuple', 'width first search', 'matrix operation']","['for loop', 'if statement', 'tuple', 'while loop', 'minimax', 'misc', 'two pointers', 'matrix operation', 'sorting']","import collections
import sys

def bfs(board, start, end):
    queue = collections.deque([(start, 0)])
    visited = set()
    moves = [(0, 0), (0, 1), (0, -1), (1, 0), (-1, 0)]

    while queue:
        pos, steps = queue.popleft()

        if pos == end:
            return steps

        visited.add(pos)

        for dx, dy in moves:
            next_pos = (pos[0] + dx, pos[1] + dy)

            if 0 <= next_pos[0] < len(board) and 0 <= next_pos[1] < len(board[0]) and next_pos not in visited:
                queue.append((next_pos, steps + 1))

    return -1

def solve():
    cases = int(input())

    for _ in range(cases):
        a, b = map(int, input().split())
        board = [[0] * 201 for _ in range(201)]
        board[0][0] = 1

        result = bfs(board, (0, 0), (a, b))
        print(result)

",False,False,3,0.375
1804A,2,"['if statement', 'tuple']",['for loop'],"['for loop', 'if statement', 'tuple', 'while loop', 'minimax', 'misc', 'two pointers', 'matrix operation', 'sorting']","from the starting position (0, 0) to the target position (a, b). We will also use a visited set to keep track of the cells that have already been visited to ensure that the king does not make the same move twice in a row.

Here is the Python code for the `solve()` function:

",False,True,0,0.0
1804A,3,"['if statement', 'tuple', 'matrix operation']",['for loop'],"['for loop', 'if statement', 'tuple', 'while loop', 'minimax', 'misc', 'two pointers', 'matrix operation', 'sorting']","import collections

def bfs(board, start, end):
    queue = collections.deque([(start, [0])])
    visited = set()

    dx = [0, -1, 0, 1, 0]
    dy = [0, 0, -1, 0, 1]

    while queue:
        pos, moves = queue.popleft()
        x, y = pos
        if x == end[0] and y == end[1]:
            return moves[-1]

        visited.add(pos)
        for i in range(4):
            nx = x + dx[i]
            ny = y + dy[i]

            if 0 <= nx < 201 and 0 <= ny < 201 and (nx, ny) not in visited:
                queue.append(((nx, ny), moves + [i]) )

    return -1

def solve():
    t = int(input())
    for _ in range(t):
        a, b = map(int, input().split())
        print(bfs(((row := [0] + [0] + list(range(1, 201)) + [0]) * 201,) + list(map(list, zip(*[[0] + [0] + list(range(1, 201)) + [0] for _ in range(201)))), (0, 0), (a, b)))

",False,True,0,0.0
1804A,4,"['if statement', 'tuple', 'matrix operation', 'for loop']","['queue', 'while loop', 'if statement', 'for loop', 'tuple', 'set']","['for loop', 'if statement', 'tuple', 'while loop', 'minimax', 'misc', 'two pointers', 'matrix operation', 'sorting']","import collections
import math

def bfs(board_size, start, end):
    queue = collections.deque([(start, [start])])
    visited = set()
    visited.add(start)

    moves = [(0, 0), (0, 1), (0, -1), (1, 0), (-1, 0)]

    while queue:
        pos, path = queue.popleft()

        if pos == end:
            return len(path)

        for dx, dy in moves:
            next_pos = (pos[0] + dx, pos[1] + dy)

            if (next_pos[0] >= -100 and next_pos[0] <= 100) and (next_pos[1] >= -100 and next_pos[1] <= 100) and next_pos not in visited:
                queue.append((next_pos, path + [next_pos]))
                visited.add(next_pos)

    return -1

def solve():
    t = int(input())
    for _ in range(t):
        a, b = map(int, input().split())
        board_size = 201
        start = (0, 0)
        end = (a, b)
        result = bfs(board_size, start, end)
        print(result)

",False,False,2,0.3333333333333333
1804A,5,"['if statement', 'tuple', 'matrix operation', 'for loop', 'while loop']",['for loop'],"['for loop', 'if statement', 'tuple', 'while loop', 'minimax', 'misc', 'two pointers', 'matrix operation', 'sorting']","from the starting position to the target position. We will also use a visited set to keep track of the cells that have been visited to avoid visiting the same cell twice in a row. Since we cannot make the same move twice in a row, we will use a direction mask to keep track of the possible moves for each cell.

Here is the Python code for the `solve()` function:

",False,False,0,0.0
1802A,0,['this is the og problem'],['for loop'],"['for loop', 'if statement', 'tuple', 'while loop']","from collections import deque

def solve():
    t = int(input())
    for _ in range(t):
        n = int(input())
        a = list(map(int, input().split()))
        max_likes = [0] * (n + 1)
        min_likes = [0] * (n + 1)
        likes = deque()
        for i, like in enumerate(a):
            if like > 0:
                likes.append(like)
            elif likes and like * -1 == likes[-1]:
                likes.pop()
            max_likes[i + 1] = max(max_likes[i], len(likes))
            min_likes[i + 1] = max_likes[i] - len(likes)
        print(*max_likes[1:])
        print(*min_likes[1:])

",False,True,0,0.0
1802A,1,['set'],['for loop'],"['for loop', 'if statement', 'tuple', 'while loop']","def solve():
    t = int(input())
    for _ in range(t):
        n = int(input())
        a = list(map(int, input().split()))
        max_likes, min_likes = [0] * (n + 1), [0] * (n + 1)
        max_likes[-1] = min_likes[-1] = 0

        for i in range(n - 1, -1, -1):
            max_likes[i] = max(max_likes[i + 1], max_likes[i + 2] + a[i + 1])
            min_likes[i] = min(min_likes[i + 1], min_likes[i + 2] + a[i + 1])

        print(*max_likes[1:])
        print(*min_likes[1:])

",False,True,0,0.0
1802A,2,"['set', 'for loop']","['if statement', 'for loop', 'stack', 'two pointers', 'hashmap', 'dynamic programming', 'misc']","['for loop', 'if statement', 'tuple', 'while loop']","from collections import deque

def solve():
    t = int(input())
    for _ in range(t):
        n = int(input())
        a = list(map(int, input().split()))
        stack = deque()
        max_likes = [0] * (n + 1)
        min_likes = [0] * (n + 1)
        max_likes[-1] = min_likes[-1] = 0

        for i in range(1, len(a) + 1):
            while stack and stack[-1] < i - a[i - 1]:
                max_likes[stack.pop()] = min_likes[stack.pop()] = 0
            if a[i - 1] > 0:
                max_likes[i] = max_likes[i - a[i - 1]] + 1
                min_likes[i] = max(min_likes[i - a[i - 1]], min_likes[i])
            else:
                max_likes[i] = max_likes[i - abs(a[i - 1])]
                min_likes[i] = min(min_likes[i - abs(a[i - 1])], max_likes[i - abs(a[i - 1])] - 1)
            stack.append(i)

        print(*max_likes[1:])
        print(*min_likes[1:])

",False,False,5,0.7142857142857143
1802A,3,"['set', 'for loop', 'if statement']",['for loop'],"['for loop', 'if statement', 'tuple', 'while loop']","import functools

@functools.lru_cache(maxsize=None)
def solve(a, n):
    max_likes = [0] * (n + 1)
    min_likes = [0] * (n + 1)

    for i, val in enumerate(a):
        max_likes[i + 1] = max(max_likes[i] + val, val)
        min_likes[i + 1] = min(min_likes[i] + val, val)

    for i in range(n - 1, -1, -1):
        max_likes[i] = max(max_likes[i], max_likes[i + 1])
        min_likes[i] = min(min_likes[i], min_likes[i + 1])

    return max_likes[1:], min_likes[1:]

",False,False,0,0.0
1800A,0,['this is the og problem'],"['if statement', 'for loop', 'misc']","['for loop', 'if statement', 'misc', 'continue statement', 'while loop']","import re

def solve():
    t = int(input())
    for _ in range(t):
        n = int(input())
        s = input()
        if re.match(r'^[mM][eE][oO][wW]$', s) or re.match(r'^[mM][eE][\w\W]*[oO][\w\W]*[wW]$', s):
            print(""YES"")
        else:
            print(""NO"")

",False,True,0,0.0
1800A,1,['for loop'],"['for loop', 'if statement']","['for loop', 'if statement', 'misc', 'continue statement', 'while loop']","import re

def solve(t):
    for _ in range(t):
        n = int(input())
        s = input()
        if re.match(r'^[Mm][Ee][Oo][Ww]$', s) or re.match(r'^[Mm][Ee][Oo][Ww][^Ww]$', s):
            print(""YES"")
        else:
            print(""NO"")
",False,False,0,0.0
1800A,2,"['for loop', 'tuple']","['for loop', 'if statement']","['for loop', 'if statement', 'misc', 'continue statement', 'while loop']","import re

def solve():
    t = int(input())
    for _ in range(t):
        n = int(input())
        s = input()
        if re.match(r'^[mM][eE][oO][wW]$', s) and len(s) == 4:
            print(""YES"")
        elif re.match(r'^[mM][eE][oO][wW]+$', s):
            print(""YES"")
        else:
            print(""NO"")

",False,False,0,0.0
1800A,3,"['for loop', 'tuple', 'while loop']","['if statement', 'for loop']","['for loop', 'if statement', 'misc', 'continue statement', 'while loop']","def solve():
    import re

    def is_meowing(s):
        pattern = r'^[mM][eE][oO][wW]$'
        return bool(re.match(pattern, s))

    t = int(input())
    for _ in range(t):
        n = int(input())
        s = input()
        if is_meowing(s):
            print(""YES"")
        else:
            print(""NO"")

",False,False,0,0.0
1800A,4,"['for loop', 'tuple', 'while loop', 'recursion']","['for loop', 'if statement']","['for loop', 'if statement', 'misc', 'continue statement', 'while loop']","import re

def solve(t):
    for _ in range(t):
        n = int(input())
        s = input()
        if re.match(r'^[mM][eE][oO][wW]$', s) and len(s) == 4:
            print(""YES"")
        elif re.match(r'^[mM][eE][oO][wW]+$', s):
            print(""YES"")
        else:
            print(""NO"")

",False,False,0,0.0
1800A,5,"['for loop', 'tuple', 'while loop', 'recursion', 'if statement']","['for loop', 'if statement']","['for loop', 'if statement', 'misc', 'continue statement', 'while loop']","import re

def solve():
    t = int(input())
    for _ in range(t):
        n = int(input())
        s = input()
        if re.match(r'^[mM][eE][oO][wW]$', s) and all(c in 'meow' for c in s):
            print(""YES"")
        else:
            print(""NO"")

",False,False,0,0.0
1799A,0,['this is the og problem'],"['for loop', 'if statement', 'queue']","['for loop', 'if statement', 'while loop', 'dictionary', 'set', 'tuple', 'break statement', 'continue statement', 'misc']","from collections import deque
import sys

def solve():
    t = int(input())
    for _ in range(t):
        n, m = map(int, input().split())
        actions = list(map(int, input().split()))
        recent_actions = deque([i for i in range(1, n + 1))]
        times = [-1] * n
        for action in actions:
            if recent_actions[0] == action:
                recent_actions.rotate(-1)
            else:
                recent_actions.append(recent_actions.popleft())
                times[recent_actions[0] - 1] = actions.index(action) + 1
        print(*[times[i] for i in range(n) if times[i] != -1])
        print()

",False,True,1,0.3333333333333333
1799A,1,['for loop'],"['for loop', 'queue', 'if statement', 'sorting']","['for loop', 'if statement', 'while loop', 'dictionary', 'set', 'tuple', 'break statement', 'continue statement', 'misc']","from collections import deque

def solve(n, m, actions):
    recent = deque([i for i in range(1, n + 1))]
    removal_times = [-1] * n
    actions.sort()

    for action in actions:
        if recent[0] == action:
            recent.rotate(-1)
        else:
            recent.append(recent.popleft())
            removal_times[recent[0] - 1] = actions.index(action) + 1

    return removal_times

",False,False,2,0.5
1799A,2,"['for loop', 'queue']",['for loop'],"['for loop', 'if statement', 'while loop', 'dictionary', 'set', 'tuple', 'break statement', 'continue statement', 'misc']","from collections import defaultdict, deque
import sys
input = sys.stdin.readline

def solve(n, m, actions):
    recent_actions = deque([i for i in range(1, n + 1))]
    action_map = defaultdict(list)
    for i, action in enumerate(actions):
        action_map[action].append(i + 1)

    times = [-1] * n
    for i, action in enumerate(action_map):
        action_index = action_map[action]
        action_time = action_index[0]
        post = recent_actions[0]
        for _ in range(action_time):
            recent_actions.rotate(-1)
        times[post - 1] = action_time
        recent_actions.popleft()
        recent_actions.append(action)

    return times

",False,False,0,0.0
1799A,3,"['for loop', 'queue', 'recursion']",['for loop'],"['for loop', 'if statement', 'while loop', 'dictionary', 'set', 'tuple', 'break statement', 'continue statement', 'misc']","from collections import deque
import sys

def solve():
    n, m = map(int, input().split())
    actions = list(map(int, input().split()))
    recent_actions = deque([i for i in range(1, n + 1))]

    times = [-1] * n
    for action in actions:
        if action <= n:
            times[recent_actions[0] - 1] = action
            recent_actions.rotate(-1)
        else:
            recent_actions.append(action)
            recent_actions.popleft()
            times[recent_actions[0] - 1] = action

    print(*times)

",False,False,0,0.0
1799A,4,"['for loop', 'queue', 'recursion', 'if statement']",['for loop'],"['for loop', 'if statement', 'while loop', 'dictionary', 'set', 'tuple', 'break statement', 'continue statement', 'misc']","from collections import deque
import sys

def solve():
    t = int(input())
    for _ in range(t):
        n, m = map(int, input().split())
        actions = list(map(int, input().split()))
        recent_actions = deque([i for i in range(1, n + 1))]
        times = [-1] * n
        for action in actions:
            if action <= n:
                times[recent_actions[0] - 1] = action
                recent_actions.rotate(-1)
            else:
                recent_actions.append(action)
                recent_actions.popleft()
                times[recent_actions[0] - 1] = action
        print(*[times[i] for i in range(n)])

",False,False,0,0.0
1799A,5,"['for loop', 'queue', 'recursion', 'if statement', 'dictionary']","['for loop', 'if statement']","['for loop', 'if statement', 'while loop', 'dictionary', 'set', 'tuple', 'break statement', 'continue statement', 'misc']","from collections import deque

def solve(n, m, actions):
    recent = deque([i for i in range(1, n + 1))]
    removal_times = [-1] * n
    for action, time in zip(actions, range(1, m + 1)):
        if recent[0] == action:
            recent.rotate(-1)
        else:
            recent.popleft()
            removal_times[action - n - 1] = time
    return removal_times

",False,False,0,0.0
1798A,0,['this is the og problem'],"['if statement', 'for loop', 'tuple', 'break statement']","['for loop', 'if statement', 'tuple', 'sorting', 'break statement', 'matrix operation', 'while loop', 'misc']","import sys

def solve():
    t = int(input())
    for _ in range(t):
        n = int(input())
        a = list(map(int, input().split()))
        b = list(map(int, input().split()))

        # Check if the arrays are already in the desired order
        if a[-1] == max(a) and b[-1] == max(b):
            print(""Yes"")
        else:
            # Swap elements to make a[n-1] and b[n-1] the maximum
            for i in range(1, n):
                if a[i] > a[i - 1] and b[i] > b[i - 1]:
                    a[i], a[i - 1] = a[i - 1], a[i]
                    b[i], b[i - 1] = b[i - 1], b[i]
                    break

            # Check if the arrays are still not in the desired order
            if a[-1] == max(a) and b[-1] == max(b):
                print(""Yes"")
            else:
                print(""No"")

",False,True,0,0.0
1798A,1,['for loop'],"['if statement', 'for loop', 'recursion', 'tuple', 'misc']","['for loop', 'if statement', 'tuple', 'sorting', 'break statement', 'matrix operation', 'while loop', 'misc']","import sys

def solve():
    t = int(input())
    for _ in range(t):
        n = int(input())
        a = list(map(int, input().split()))
        b = list(map(int, input().split()))

        def check(arr):
            return arr[-1] == max(arr)

        if check(a) and check(b):
            print(""Yes"")
        elif a[-1] != max(a) or b[-1] != max(b):
            a[-1], b[-1] = b[-1], a[-1]
            check(a) and check(b) or solve()
        else:
            print(""No"")

",False,False,1,0.2
1798A,2,"['for loop', 'if statement']",['for loop'],"['for loop', 'if statement', 'tuple', 'sorting', 'break statement', 'matrix operation', 'while loop', 'misc']","import sys
from collections import deque

def solve():
    t = int(input())
    for _ in range(t):
        n = int(input())
        a = list(map(int, input().split()))
        b = list(map(int, input().split()))

        stack = deque()
        a_max = max(a)
        b_max = max(b)

        if a[-1] == a_max and b[-1] == b_max:
            print(""Yes"")
        else:
            stack.append((a_max, b_max, a[-1], b[-1]))

            for i in range(n - 1, -1, -1):
                if a[i] > a[i + 1]:
                    a[i], a[i + 1] = a[i + 1], a[i]
                    b[i], b[i + 1] = b[i + 1], b[i]

                    if a[-1] == a_max and b[-1] == b_max:
                        print(""Yes"")
                        break

                    stack.append((a_max, b_max, a[-1], b[-1]))

            while stack:
                a_max, b_max, a_last, b_last = stack.pop()

                if a_last == a_max and b_last == b_max:
                    print(""Yes"")
                    break

                if a[-1] < a_max:
                    a[-1], a[0] = a[0], a[-1]
                    b[-1], b[0] = b[0], b[-1]

                    if a[-1] == a_max and b[-1] == b_max:
                        print(""Yes"")
                        break

                    stack.append((a_max, b_max, a[-1], b[-1]))

",False,False,0,0.0
1798A,3,"['for loop', 'if statement', 'tuple']","['if statement', 'for loop', 'recursion']","['for loop', 'if statement', 'tuple', 'sorting', 'break statement', 'matrix operation', 'while loop', 'misc']","import sys

def solve():
    t = int(input())
    for _ in range(t):
        n = int(input())
        a = list(map(int, input().split()))
        b = list(map(int, input().split()))

        def check(i, a, b):
            if i == n:
                return a[n] == max(a) and b[n] == max(b)
            if a[i] > a[n] or b[i] > b[n]:
                return False
            return check(i + 1, a, b) or check(i + 1, a[::] + b[i:i+1], b[::] + a[i:i+1])

        print(""Yes"" if check(0, a, b) else ""No"")

",False,False,1,0.3333333333333333
1798A,4,"['for loop', 'if statement', 'tuple', 'while loop']","['if statement', 'for loop', 'recursion', 'misc']","['for loop', 'if statement', 'tuple', 'sorting', 'break statement', 'matrix operation', 'while loop', 'misc']","from the first array with the maximum element from the second array, and recursively checks the rest of the arrays.

```python
def solve():
    t = int(input())
    for _ in range(t):
        n = int(input())
        a = list(map(int, input().split()))
        b = list(map(int, input().split()))

        if a[-1] == max(a) and b[-1] == max(b):
            print(""Yes"")
        elif n == 1:
            print(""No"")
        else:
            max_a = max(a)
            max_b = max(b)
            if max_a < max_b:
                a[n - 1], b[n - 1] = b[n - 1], a[n - 1]
                solve()
            else:
                max_a_idx = a.index(max_a)
                max_b_idx = b.index(max_b)
                if max_a_idx != max_b_idx:
                    a[max_a_idx], b[max_b_idx] = b[max_b_idx], a[max_a_idx]
                    a[n - 1], b[n - 1] = b[n - 1], a[n - 1]
                    solve()

",False,False,1,0.25
1798A,5,"['for loop', 'if statement', 'tuple', 'while loop', 'recursion']","['for loop', 'if statement', 'sorting']","['for loop', 'if statement', 'tuple', 'sorting', 'break statement', 'matrix operation', 'while loop', 'misc']","import sys

def solve():
    t = int(input())
    for _ in range(t):
        n = int(input())
        a = list(map(int, input().split()))
        b = list(map(int, input().split()))

        # Swap elements if necessary to make a[n] and b[n] the maximum
        a[n], a[max(range(n))] = a[max(range(n))], a[n]
        b[n], b[max(range(n))] = b[max(range(n))], b[n]

        # Sort the lists and check if they are equal
        if sorted(a) == sorted(b):
            print(""Yes"")
        else:
            print(""No"")

",False,False,0,0.0
1797A,0,['this is the og problem'],"['queue', 'set', 'tuple', 'matrix operation', 'width first search', 'for loop', 'while loop']","['if statement', 'while loop', 'min function', 'comparison operator', 'subtract operator', 'output stream operator', 'input stream operator', 'for loop', 'matrix operation', 'misc', 'break statement', 'tuple']","from collections import deque

def bfs(grid, start, end):
    queue = deque([start])
    visited = set([start])
    while queue:
        current = queue.popleft()
        for dx, dy in ((0, 1), (1, 0), (0, -1), (-1, 0)):
            next_x, next_y = current[0] + dx, current[1] + dy
            if 0 <= next_x < len(grid) and 0 <= next_y < len(grid[0]) and grid[next_x][next_y] == 0 and (next_x, next_y) not in visited:
                queue.append((next_x, next_y))
                visited.add((next_x, next_y))
                if next_x == end[0] and next_y == end[1]:
                    return len(visited) - len(queue) - 1
    return float('inf')

def solve():
    t = int(input())
    for _ in range(t):
        n, m = map(int, input().split())
        grid = [[0] * m for _ in range(n)]
        x1, y1, x2, y2 = map(int, input().split())
        for _ in range(bfs(grid, (x1, y1), (x2, y2))):
            grid[x1][y1] = 1
            x1, y1 = (x1 - 1) // 2 * 2 + 1, (y1 - 1) // 2 * 2 + 1
        print(len(grid[x1:x2+1][y1:y2+1]) - 1)

",False,True,3,0.42857142857142855
1797A,1,['for loop'],['for loop'],"['if statement', 'while loop', 'min function', 'comparison operator', 'subtract operator', 'output stream operator', 'input stream operator', 'for loop', 'matrix operation', 'misc', 'break statement', 'tuple']","from the source and destination. This approach is based on the idea that if we can't find a path between the source and destination, then we can place an obstacle in the cell with the minimum number of accessible neighbors.

Here's the Python code for the `solve()` function:

",False,False,0,0.0
1797A,2,"['for loop', 'while loop']",['for loop'],"['if statement', 'while loop', 'min function', 'comparison operator', 'subtract operator', 'output stream operator', 'input stream operator', 'for loop', 'matrix operation', 'misc', 'break statement', 'tuple']","import sys
import collections
from collections import defaultdict

def solve():
    n, m = map(int, input().split())
    grid = [list(map(int, input().split())) for _ in range(n)]
    start, end = map(tuple, zip(*map(lambda x: (x[0], 0) if x[1] == 0 else (0, x[0]), enumerate(map(tuple, zip(*grid)))))
    visited, path, components = set(), set(), defaultdict(int)

    def dfs(x, y):
        if (x, y) in visited or grid[x][y] == -1:
            return 0
        visited.add((x, y))
        path.add((x, y))
        components[x, y] += 1
        count = 0
        for dx, dy in ((-1, 0), (1, 0), (0, -1), (0, 1)):
            nx, ny = x + dx, y + dy
            count += dfs(nx, ny)
        components[x, y] -= count
        if (x, y) in path:
            count += 1
        return count

    dfs(start[0], start[1])
    if start in components or end in components:
        return float('inf')

    for x, y in components:
        if start in components[x, y] or end in components[x, y]:
            return components[x, y]

    return -1

",False,False,0,0.0
1797A,3,"['for loop', 'while loop', 'recursion']","['graph', 'heap', 'dictionary']","['if statement', 'while loop', 'min function', 'comparison operator', 'subtract operator', 'output stream operator', 'input stream operator', 'for loop', 'matrix operation', 'misc', 'break statement', 'tuple']","import sys
from collections import defaultdict
from heapq import heappush, heappop

input = sys.stdin.readline

def solve():
    n, m = map(int, input().split())
    x1, y1, x2, y2 = map(int, input().split())

    # Initialize the graph and union-find data structure
    graph = defaultdict(list)
    parents = list(range(n * m))
    ranks = [0] * (n * m)

    def find(x):
        if x != parents[x]:
            parents[x] = find(parents[x])
        return parents[x]

    def union(x, y):
        root_x = find(x)
        root_y = find(y)

        if root_x == root_y:
            return

        if ranks[root_x] < ranks[root_y]:
            parents[root_x] = root_y
            ranks[root_y] += ranks[root_x]
        else:
            parents[root_y] = root_x
            ranks[root_x] += ranks[root_y]

    def add_edge(x, y):
        u = x * m + y
        for nbr in graph[u]:
            v = nbr
            if find(u) != find(v):
                union(u, v)
        for nbr in graph[y] + graph[m * x + y]:
            v = nbr
            if find(v) != find(u):
                union(u, v)

    def bfs(src):
        visited = set()
        queue = [(src, 0)]
        while queue:
            u, dist = heappop(queue)
            if u not in visited:
                visited.add(u)
                for nbr in graph[u]:
                    heappush(queue, (nbr, dist + 1))
        return visited

    # Build the graph and find the connected components
    for i in range(n):
        row = input().rstrip()
        for j, c in enumerate(row):
            if c == '#':
                continue
            if i > 0:
                add_edge(i * m + j, (i - 1) * m + j)
            if j > 0:
                add_edge(i * m + j, i * m + j - 1)
            if i < n - 1:
                add_edge(i * m + j, (i + 1) * m + j)
            if j < m - 1:
                add_edge(i * m + j, i * m + j + 1)

    start_comp = bfs(x1 * m + y1)
    end_comp = bfs(x2 * m + y2)

    # Find the minimum number of obstacles to place
    obstacles = 0
    for u in range(n * m):
        if find(
",False,True,3,1.0
1797A,4,"['for loop', 'while loop', 'recursion', 'if statement']","['if statement', 'while loop', 'dictionary', 'set']","['if statement', 'while loop', 'min function', 'comparison operator', 'subtract operator', 'output stream operator', 'input stream operator', 'for loop', 'matrix operation', 'misc', 'break statement', 'tuple']","from collections import defaultdict

def find(x, parents):
    if parents[x] != x:
        parents[x] = find(parents[x], parents)
    return parents[x]

def union(x, y, parents):
    root_x = find(x, parents)
    root_y = find(y, parents)
    parents[root_x] = root_y

def solve(n, m, x1, y1, x2, y2):
    parents = list(range(n * m + 1))
    obstacles = 0

    # Create adjacency list
    adjacency_list = defaultdict(list)
    for i in range(n):
        for j in range(m):
            if i > 0:
                adjacency_list[(i, j)].append((i - 1, j))
            if i < n - 1:
                adjacency_list[(i, j)].append((i + 1, j))
            if j > 0:
                adjacency_list[(i, j)].append((i, j - 1))
            if j < m - 1:
                adjacency_list[(i, j)].append((i, j + 1))

    # Mark start and end points as visited
    visited = set()
    visited.add((x1, y1))
    stack = [(x1, y1)]

    while stack:
        x, y = stack.pop()
        for neighbor in adjacency_list[(x, y)]:
            if find(neighbor) != find((x, y)):
                union(neighbor, (x, y), parents)
                obstacles += 1
            if (neighbor not in visited):
                visited.add(neighbor)
                stack.append(neighbor)

    # Mark start and end points' connected components as visited
    visited.add((x2, y2))
    stack = [(x2, y2)]
    while stack:
        x, y = stack.pop()
        for neighbor in adjacency_list[(x, y)]:
            if find(neighbor) != find((x2, y2)):
                union(neighbor, (x, y), parents)
                obstacles += 1

    return obstacles

",False,False,2,0.5
1797A,5,"['for loop', 'while loop', 'recursion', 'if statement', 'dictionary']",['for loop'],"['if statement', 'while loop', 'min function', 'comparison operator', 'subtract operator', 'output stream operator', 'input stream operator', 'for loop', 'matrix operation', 'misc', 'break statement', 'tuple']","from the start point without using dictionaries, if statements, recursion, while loops, or for loops.

Here's the Python code for the `solve()` function:

",False,False,0,0.0
1796A,0,['this is the og problem'],"['hashmap', 'for loop', 'if statement', 'set']","['if statement', 'for loop', 'tuple', 'while loop']","import collections

def solve(t):
    freq = collections.Counter('FB' * (t * 2))
    for _ in range(1, t * 2 + 1):
        freq['F'] -= 1
        freq['B'] -= 1
        if freq['F'] >= 0 and freq['B'] >= 0:
            freq['FB'] += 1

    for _ in range(t * 2 + 1, 0, -1):
        freq['FB'] -= 1
        freq['F'] += 1
        freq['B'] += 1

    for s in input_strings:
        if all(freq[c] >= s.count(c) for c in set(s)):
            print(""YES"")
        else:
            print(""NO"")

",False,True,2,0.5
1796A,1,['for loop'],['for loop'],"['if statement', 'for loop', 'tuple', 'while loop']","import collections

def solve(t):
    fb_count = collections.Counter('FB' * (t * 10))
    for _ in range(t * 10, t * 100):
        fb_count['F'] += 1
        fb_count['B'] += 1

    for _ in range(t * 100, t * 1000):
        fb_count['F'] += 2

    for _ in range(t * 1000, t * 10000):
        fb_count['B'] += 2

    for i in range(1, t * 10 + 1):
        fb_string = ''.join(fb_count.keys())[i - 1]
        if fb_string == s:
            return 'YES'

    return 'NO'

",False,False,0,0.0
1796A,2,"['for loop', 'matrix operation']",['for loop'],"['if statement', 'for loop', 'tuple', 'while loop']","import collections

def solve(t):
    freq = collections.Counter('FB' * (t * 10))
    for _ in range(t * 10, t * 10 + 10):
        freq['F'] -= 1
        freq['B'] -= 1

    for _ in range(t * 10 + 11, t * 10 + 100):
        freq[s[_] + s[0]] -= 1
        s = s[1:] + s[0]

    return freq[''.join(s)] == 0

",False,False,0,0.0
1796A,3,"['for loop', 'matrix operation', 'if statement']","['for loop', 'if statement', 'set', 'hashmap']","['if statement', 'for loop', 'tuple', 'while loop']","import collections
import re

def solve():
    fb_string = ""FB""
    freq = collections.Counter(fb_string)
    pattern = re.compile(r""(F|B){1,10}"")

    for _ in range(int(input())):
        k = int(input())
        s = input()
        if pattern.match(s) and all(freq[c] >= s.count(c) for c in set(s)):
            print(""YES"")
        else:
            print(""NO"")

",False,False,2,0.5
1796A,4,"['for loop', 'matrix operation', 'if statement', 'while loop']","['for loop', 'if statement', 'dictionary', 'hashmap']","['if statement', 'for loop', 'tuple', 'while loop']","import collections

def solve():
    fb_string = ""FB""
    freq = collections.Counter(fb_string)

    for _ in range(3, 1000, 2):
        fb_string += ""F"" if _ % 3 == 0 else ""B""
        freq[""F""] += 1 if _ % 3 == 0 else 0
        freq[""B""] += 1 if _ % 5 == 0 else 0

    pattern_freq = collections.Counter(input().strip())

    if pattern_freq == freq:
        print(""YES"")
    elif all(pattern_freq[c] <= freq[c] for c in pattern_freq):
        print(""YES"")
    else:
        print(""NO"")

# Test cases
",False,False,2,0.5
1795A,0,['this is the og problem'],"['for loop', 'if statement']","['for loop', 'if statement', 'tuple', 'misc', 'while loop', 'break statement', 'matrix operation', 'stack']","import re

def solve():
    t = int(input())
    for _ in range(t):
        n, m = map(int, input().split())
        tower1, tower2 = input(), input()
        if n > 1 and m > 1:
            if (re.search(r'(BB|RR)', tower1) or re.search(r'(BB|RR)', tower2)):
                print(""NO"")
            else:
                print(""YES"")

",False,True,0,0.0
1795A,1,['for loop'],"['if statement', 'for loop', 'stack', 'queue', 'continue statement', 'break statement']","['for loop', 'if statement', 'tuple', 'misc', 'while loop', 'break statement', 'matrix operation', 'stack']","from collections import deque

def solve():
    t = int(input())
    for _ in range(t):
        n, m = map(int, input().split())
        tower1 = input()
        tower2 = input()

        stack1 = deque(tower1)
        stack2 = deque(tower2)

        if len(stack1) < 2 or len(stack2) < 2:
            print(""YES"")
            continue

        while stack1 and stack2:
            if stack1[-1] == stack2[-1]:
                print(""NO"")
                break

            if len(stack1) > 2 and stack1[-2] != stack1[-1]:
                stack1.pop()
            if len(stack2) > 2 and stack2[-2] != stack2[-1]:
                stack2.pop()

        if not stack1 and not stack2:
            print(""YES"")
        else:
            print(""NO"")

",False,False,2,0.3333333333333333
1795A,2,"['for loop', 'if statement']","['if statement', 'for loop', 'break statement', 'queue', 'stack']","['for loop', 'if statement', 'tuple', 'misc', 'while loop', 'break statement', 'matrix operation', 'stack']","from collections import deque

def solve():
    t = int(input())
    for _ in range(t):
        n, m = map(int, input().split())
        tower1, tower2 = input(), input()

        stack1 = deque(tower1)
        stack2 = deque(tower2)

        red_on_red = False
        blue_on_blue = False

        while stack1 or stack2:
            if stack1 and stack2:
                if stack1[-1] == stack2[-1]:
                    red_on_red = blue_on_blue = True
                    break
                else:
                    stack2.append(stack1.pop())
            elif stack1:
                if red_on_red or blue_on_blue:
                    print(""NO"")
                    break
                else:
                    stack2.append(stack1.pop())
            elif stack2:
                if red_on_red or blue_on_blue:
                    print(""NO"")
                    break
                else:
                    stack1.append(stack2.popleft())

        if not red_on_red and not blue_on_blue:
            print(""YES"")

",True,False,1,0.2
1795A,3,"['for loop', 'if statement', 'recursion']",['for loop'],"['for loop', 'if statement', 'tuple', 'misc', 'while loop', 'break statement', 'matrix operation', 'stack']","import collections

def solve():
    t = int(input())
    for _ in range(t):
        n, m = map(int, input().split())
        tower1, tower2 = input(), input()
        red_count1, blue_count1 = collections.Counter(tower1)['R'], collections.Counter(tower1)['B']
        red_count2, blue_count2 = collections.Counter(tower2)['R'], collections.Counter(tower2)['B']

        if max(red_count1, blue_count1) > 1 and max(red_count2, blue_count2) > 1:
            print(""YES"")
        else:
            print(""NO"")

",False,False,0,0.0
1794A,0,['this is the og problem'],"['for loop', 'if statement', 'break statement', 'dictionary']","['if statement', 'for loop', 'recursion', 'sorting', 'while loop', 'tuple', 'break statement', 'stack']","from collections import defaultdict
import re

def solve():
    t = int(input())
    for _ in range(t):
        n = int(input())
        s = input()
        pre_suf_dict = defaultdict(list)
        for i in range(1, n+1):
            pre = s[:i]
            suf = s[n-i+1:]
            pre_suf_dict[pre].append(suf)
        for key in pre_suf_dict:
            if key != key[::-1] or any(key != pre for pre in pre_suf_dict[key]):
                break
        else:
            print(""YES"")
        print()

",True,True,1,0.25
1794A,1,['dictionary'],"['if statement', 'for loop', 'dictionary', 'recursion']","['if statement', 'for loop', 'recursion', 'sorting', 'while loop', 'tuple', 'break statement', 'stack']","import collections

def create_trie(prefixes_suffixes):
    trie = collections.defaultdict(collections.defaultdict, {'#': None})
    for prefix_suffix in prefixes_suffixes:
        current = trie
        for char in reversed(prefix_suffix):
            if char not in current:
                current[char] = collections.defaultdict(collections.defaultdict, {'#': None})
            current = current[char]
    return trie

def is_palindrome(trie, prefix_suffix):
    current = trie
    for char in prefix_suffix:
        if char not in current:
            return False
        current = current[char]
    return current['#'] is not None

def solve():
    t = int(input())
    for _ in range(t):
        n = int(input())
        prefixes_suffixes = list(map(str, input().split()))
        trie = create_trie(prefixes_suffixes)
        s = prefixes_suffixes[0][::-1]
        if is_palindrome(trie, s):
            print(""YES"")
        else:
            print(""NO"")

",False,False,1,0.25
1794A,2,"['dictionary', 'for loop']",['for loop'],"['if statement', 'for loop', 'recursion', 'sorting', 'while loop', 'tuple', 'break statement', 'stack']","from the end have the same children. Here is the Python code:

```python
from collections import defaultdict

def solve():
    t = defaultdict(lambda: defaultdict(int))
    for n, strings in map(int, input().split()):
        for s in strings.split():
            node = t
            for c in s[::-1]:
                node = node[c]
            node[0] += 1

        root = t
        for depth in range(1, n):
            node = t
            for c in s:
                node = node[c]
            if node[0] != root[s]:
                print(""NO"")
                return
        print(""YES"")

",False,False,0,0.0
1794A,3,"['dictionary', 'for loop', 'if statement']",['for loop'],"['if statement', 'for loop', 'recursion', 'sorting', 'while loop', 'tuple', 'break statement', 'stack']","import collections
import sys

def solve():
    n = int(input())
    for _ in range(n):
        s = input().strip()
        n = len(s)
        edges = collections.defaultdict(list)
        for _ in range(2 * n - 2):
            a = input().strip()
            i = s.index(a[0])
            j = n - 1 - i
            edges[a[0] + a[1:i+1]].append(a[i+1:])
            edges[a[j:]].append(a[:j])

        tree = [[] for _ in range(n + 1)]
        for node, children in edges.items():
            for child in children:
                tree[len(child) + 1].append(node)

        leaf_count = [0] * (n + 1)
        for node, children in enumerate(tree):
            if not children:
                leaf_count[node] = 1
            else:
                for child in children:
                    leaf_count[child] -= 1
        for node in range(1, n + 1):
            if leaf_count[node] != 1:
                print(""NO"")
                break
        else:
            print(""YES"")

",False,False,0,0.0
1794A,4,"['dictionary', 'for loop', 'if statement', 'misc']","['recursion', 'set', 'sorting', 'depth first search']","['if statement', 'for loop', 'recursion', 'sorting', 'while loop', 'tuple', 'break statement', 'stack']","from collections import defaultdict
from itertools import chain, islice

def solve():
    def dfs(prefixes, suffixes, i, visited):
        if i == len(prefixes):
            return True if len(suffixes) == 0 else False
        p = prefixes[i]
        s = suffixes[len(suffixes) - i - 1]
        if p == s and p not in visited:
            visited.add(p)
            if dfs(prefixes, suffixes[i:], i + 1, visited):
                return True
            visited.remove(p)
        return dfs(prefixes, suffixes, i + 1, visited)

    t = int(input())
    for _ in range(t):
        n = int(input())
        prefixes = list(map(str, input().split()))
        suffixes = list(map(str, input().split()))
        prefixes, suffixes = sorted(prefixes), sorted(suffixes, reverse=True)
        visited = set()
        if dfs(prefixes, suffixes, 0, set()):
            print(""YES"")
        else:
            print(""NO"")

",False,True,2,0.5
1794A,5,"['dictionary', 'for loop', 'if statement', 'misc', 'recursion']","['dictionary', 'for loop', 'if statement', 'misc']","['if statement', 'for loop', 'recursion', 'sorting', 'while loop', 'tuple', 'break statement', 'stack']","import collections
import sys

def solve():
    t = int(input())
    for _ in range(t):
        n = int(input())
        prefixes = collections.defaultdict(int)
        for i in range(1, n+1):
            input()  # discard the current prefix
            prefix = input().strip()
            prefixes[prefix] += 1
        for i in range(n-1, -1, -1):
            input()  # discard the current suffix
            suffix = input().strip()
            prefixes[suffix] -= 1
        odd_count = 0
        for count in prefixes.values():
            if count & 1:
                odd_count += 1
        if odd_count > 1:
            print(""NO"")
        elif odd_count == 1:
            print(""YES"")
        else:
            print(""YES"", end=""\n"")

",False,False,2,0.5
1793A,0,['this is the og problem'],"['if statement', 'for loop']","['for loop', 'tuple', 'if statement', 'matrix operation', 'hashmap', 'while loop', 'misc', 'greedy algorithm']","def solve():
    t = int(input())
    for _ in range(t):
        a, b, n, m = map(int, input().split())
        cost = 0
        if n >= m:
            cost += a
            n -= m
            cost += n * b
        else:
            cost += a
            cost += (n + m - 1) * b
        print(cost)

",False,True,0,0.0
1793A,1,['for loop'],"['for loop', 'if statement']","['for loop', 'tuple', 'if statement', 'matrix operation', 'hashmap', 'while loop', 'misc', 'greedy algorithm']","import math

def solve():
    t = int(input())
    for _ in range(t):
        a, b, n, m = map(int, input().split())
        total_potatoes = n + m
        if total_potatoes <= a:
            print(a * total_potatoes)
        else:
            potato_price = min(a, b)
            coins = math.ceil((total_potatoes - m) / (1 + 1/m)) * potato_price
            print(coins)

",False,False,0,0.0
1793A,2,"['for loop', 'recursion']","['if statement', 'for loop']","['for loop', 'tuple', 'if statement', 'matrix operation', 'hashmap', 'while loop', 'misc', 'greedy algorithm']","import math

def solve():
    t = int(input())
    for _ in range(t):
        a, b, n, m = map(int, input().split())
        total_potatoes = n + m
        if total_potatoes <= a:
            print(a * total_potatoes)
        else:
            first_day_potatoes = math.floor(total_potatoes / (m + 1))
            first_day_coins = first_day_potatoes * a
            remaining_potatoes = total_potatoes - first_day_potatoes * (m + 1)
            second_day_coins = remaining_potatoes * b
            print(first_day_coins + second_day_coins)

",False,False,0,0.0
1793A,3,"['for loop', 'recursion', 'tuple']","['if statement', 'for loop']","['for loop', 'tuple', 'if statement', 'matrix operation', 'hashmap', 'while loop', 'misc', 'greedy algorithm']","import math

def solve():
    t = int(input())
    for _ in range(t):
        a, b, n, m = map(int, input().split())
        cost_first_day = a + (m - 1)
        cost_second_day = n - (n // m) * cost_first_day
        print(min(cost_first_day * a + cost_second_day * b, cost_first_day * b + cost_second_day * a))

",False,False,0,0.0
1793A,4,"['for loop', 'recursion', 'tuple', 'while loop']",['for loop'],"['for loop', 'tuple', 'if statement', 'matrix operation', 'hashmap', 'while loop', 'misc', 'greedy algorithm']","import math

def solve():
    t = int(input())
    for _ in range(t):
        a, b, n, m = map(int, input().split())
        days_cost = [a, b]
        if m > 0:
            days_cost[0] -= 1
        days_cost.append(min(days_cost))
        total_potatoes = [0, n]
        for i in range(2, len(days_cost)):
            total_potatoes.append(total_potatoes[i - 1] + math.ceil((total_potatoes[i - 2] - total_potatoes[i - 1]) / (days_cost[i] - days_cost[i - 1])) * (days_cost[i] - days_cost[i - 1]))
        print(total_potatoes[-1])

",False,False,0,0.0
1792A,0,['this is the og problem'],"['for loop', 'while loop', 'if statement']","['for loop', 'if statement', 'dictionary', 'tuple', 'hashmap']","def solve():
    for _ in range(int(input())):
        n = int(input())
        health = list(map(int, input().split()))
        spells = 0
        while sum(health) > 0:
            min_health = min(health)
            if min_health > 1:
                spells += min_health - 1
                health[health.index(min_health)] = 0
            else:
                idx = health.index(min_health)
                spells += 1
                del health[idx]
                if len(health) > 0:
                    spells += 1
        print(spells)

",False,True,1,0.3333333333333333
1792A,1,['for loop'],"['for loop', 'while loop', 'if statement', 'heap', 'sorting']","['for loop', 'if statement', 'dictionary', 'tuple', 'hashmap']","import heapq

def solve():
    t = int(input())
    for _ in range(t):
        n = int(input())
        monsters = list(map(int, input().split()))
        monsters = sorted(monsters, reverse=True)
        spells = 0
        while monsters:
            if len(monsters) >= 2:
                heapq.heapify(monsters)
                a, b = heapq.heappop(monsters), heapq.heappop(monsters)
                spells += 1
                if a > 1:
                    heapq.heappush(monsters, a - 1)
                if b > 1:
                    heapq.heappush(monsters, b - 1)
            else:
                spells += 1
                break
        print(spells)
",False,False,3,0.6
1792A,2,"['for loop', 'while loop']","['if statement', 'for loop', 'while loop', 'heap']","['for loop', 'if statement', 'dictionary', 'tuple', 'hashmap']","import heapq

def solve():
    t = int(input())
    for _ in range(t):
        n = int(input())
        monsters = list(map(int, input().split()))
        heapq.heapify(monsters)
        count = 0
        while len(monsters) > 1:
            a, b = heapq.heappop(monsters), heapq.heappop(monsters)
            if a > 1:
                heapq.heappush(monsters, a - 1)
            count += 2
            if b > 1:
                heapq.heappush(monsters, b - 1)
            count += 1
            if b == 1:
                count += 1
        print(count)

",False,False,2,0.5
1792A,3,"['for loop', 'while loop', 'tuple']",['matrix operation'],"['for loop', 'if statement', 'dictionary', 'tuple', 'hashmap']","import itertools

def solve(health):
    n = len(health)
    if n == 1:
        return health[0]

    min_spells = float('inf')
    for i, h in enumerate(health):
        if h == 0:
            continue
        pairs = list(itertools.combinations(range(n), 2))
        for pair in pairs:
            if pair[0][0] == i or pair[1][0] == i:
                continue
            if health[pair[0][0]] > 1 and health[pair[1][0]] > 1:
                new_health = health.copy()
                new_health[pair[0][0]] -= 1
                new_health[pair[1][0]] -= 1
                if not any(new_health):
                    return 1 + solve(new_health)

        # If we can't kill the current monster with one spell, try to kill it with two spells
        if health[i] > 1:
            new_health = health.copy()
            new_health[i] -= 2
            if not any(new_health):
                min_spells = min(min_spells, 1 + solve(new_health))

    # If we can't kill all monsters with one or two spells, we need to kill them one by one
    if min_spells == float('inf'):
        min_spells = n
        for h in health:
            min_spells += h - 1

    return min_spells

",False,True,1,1.0
1792A,4,"['for loop', 'while loop', 'tuple', 'recursion']","['for loop', 'while loop', 'if statement', 'heap', 'misc']","['for loop', 'if statement', 'dictionary', 'tuple', 'hashmap']","import heapq

def solve():
    t = int(input())
    for _ in range(t):
        n = int(input())
        health = list(map(int, input().split()))
        heapq.heapify(health)

        count = 0
        while len(health) > 1:
            h1, h2 = heapq.heappop(health), heapq.heappop(health)
            if h1 > h2:
                count += 2
                heapq.heappush(health, h1 - 1)
                heapq.heappush(health, h2 - 1)
            else:
                count += 1
                heapq.heappush(health, h2 - 1)

        count += 1
        print(count)

",False,False,3,0.6
1791C,0,['this is the og problem'],"['for loop', 'queue', 'while loop']","['for loop', 'while loop', 'if statement', 'break statement', 'two pointers', 'matrix operation']","from collections import deque

def solve():
    t = int(input())
    for _ in range(t):
        n = int(input())
        s = input()
        q = deque(s)
        length = len(s)
        while len(q) < length:
            q.appendleft(q.pop())
        print(length)

",False,True,1,0.3333333333333333
1791C,1,['for loop'],"['for loop', 'if statement']","['for loop', 'while loop', 'if statement', 'break statement', 'two pointers', 'matrix operation']","import re

def solve():
    t = int(input())
    for _ in range(t):
        n = int(input())
        s = input()
        # Find the longest common prefix and suffix of length greater than 0
        prefix_len = max(len(x) for x in re.findall(r'(0+|1+)', s) if x)
        suffix_len = max(len(x[::-1]) for x in re.findall(r'(0+|1+)', s[::-1]) if x)
        # The length of the shortest possible string is the sum of prefix_len, suffix_len, and the length of the remaining part (if any)
        remaining_part = s[prefix_len:n-suffix_len]
        print(prefix_len + suffix_len + len(remaining_part) if remaining_part else prefix_len + suffix_len)

",False,False,0,0.0
1791C,2,"['for loop', 'while loop']","['for loop', 'if statement', 'dictionary', 'hashmap']","['for loop', 'while loop', 'if statement', 'break statement', 'two pointers', 'matrix operation']","import collections

def solve():
    t = int(input())
    for _ in range(t):
        n = int(input())
        s = input()
        # Initialize a counter for each character
        counter = collections.Counter(s)
        # If the number of 0's is more than the number of 1's, we add 1's to the beginning
        # and 0's to the end until they are equal
        if counter['0'] > counter['1']:
            missing_ones = counter['0'] - counter['1']
            result = missing_ones + n
            print(result)
        # If the number of 1's is more than the number of 0's, we add 0's to the beginning
        # and 1's to the end until they are equal
        elif counter['1'] > counter['0']:
            missing_zeros = counter['1'] - counter['0']
            result = n + missing_zeros
            print(result)
        # If the number of 0's and 1's are equal, the original string could have been empty
        else:
            print(0)

",False,False,2,0.5
1791C,3,"['for loop', 'while loop', 'misc']","['for loop', 'if statement', 'queue', 'set']","['for loop', 'while loop', 'if statement', 'break statement', 'two pointers', 'matrix operation']","from collections import deque

def solve():
    t = int(input())
    for _ in range(t):
        n = int(input())
        s = input()
        zeros, ones = 0, 0
        for i in range(n):
            if s[i] == '0':
                zeros += 1
            else:
                ones += 1
        if zeros > ones:
            q = deque(('0' for _ in range(zeros - ones)))
            s = deque(s)
            s.extendleft(q)
        elif ones > zeros:
            q = deque(('1' for _ in range(ones - zeros)))
            s = deque(s)
            s.extendleft(q)
        print(len(s))

",False,False,2,0.5
1791C,4,"['for loop', 'while loop', 'misc', 'if statement']","['if statement', 'for loop', 'recursion']","['for loop', 'while loop', 'if statement', 'break statement', 'two pointers', 'matrix operation']","def solve(s):
    if len(s) == 0:
        return 0
    elif len(s) == 1:
        return 1
    else:
        min_len = len(s) * 2
        for i in range(1, len(s)):
            left_part = s[:i]
            right_part = s[i:]
            left_len = solve(left_part)
            right_len = solve(right_part)
            min_len = min(min_len, left_len + right_len + 1)
        return min_len

# Test cases
",False,False,1,0.3333333333333333
1791C,5,"['for loop', 'while loop', 'misc', 'if statement', 'recursion']","['for loop', 'if statement', 'queue', 'while loop']","['for loop', 'while loop', 'if statement', 'break statement', 'two pointers', 'matrix operation']","from collections import deque

def solve():
    t = int(input())
    for _ in range(t):
        n = int(input())
        s = input()
        zeros, ones = deque(), deque()
        for i in range(n):
            if s[i] == '0':
                zeros.append(i)
            else:
                ones.append(i)
        ans = 0
        while zeros and ones and zeros[0] < ones[0]:
            ans += ones[0] - zeros[0]
            zeros.popleft()
        while zeros and ones and ones[0] < zeros[0]:
            ans += zeros[0] - ones[0] - 1
            ones.popleft()
        print(ans)

",False,False,1,0.25
1791B,0,['this is the og problem'],"['for loop', 'if statement', 'break statement']","['for loop', 'if statement', 'while loop', 'dictionary', 'misc', 'hashmap', 'break statement', 'matrix operation', 'continue statement']","def solve():
    test_cases = int(input())
    for _ in range(test_cases):
        n = int(input())
        moves = input()
        x, y = 0, 0
        for move in moves:
            if move == 'L':
                x -= 1
            elif move == 'R':
                x += 1
            elif move == 'U':
                y += 1
            elif move == 'D':
                y -= 1
            if x == 1 and y == 1:
                print(""YES"")
                break
        else:
            print(""NO"")

",True,True,0,0.0
1791B,1,['if statement'],"['for loop', 'set', 'queue', 'tuple', 'if statement', 'break statement']","['for loop', 'if statement', 'while loop', 'dictionary', 'misc', 'hashmap', 'break statement', 'matrix operation', 'continue statement']","from collections import deque

def solve(t):
    for _ in range(t):
        n = int(input())
        s = input()
        x, y = 0, 0
        visited = set()
        directions = [(0, 1), (1, 0), (0, -1), (-1, 0)]
        q = deque([(x, y)])
        visited.add((x, y))

        for move in s:
            x, y = x + directions[(move == 'U')][0], y + directions[(move == 'R')][1]
            if x == 1 and y == 1:
                print(""YES"")
                break
            visited.add((x, y))
            q.append((x, y))

        while q:
            x, y = q.popleft()
            for dx, dy in directions:
                nx, ny = x + dx, y + dy
                if nx == 1 and ny == 1 and (nx, ny) not in visited:
                    print(""YES"")
                    break

",False,False,3,0.5
1791B,2,"['if statement', 'for loop']","['if statement', 'recursion', 'for loop']","['for loop', 'if statement', 'while loop', 'dictionary', 'misc', 'hashmap', 'break statement', 'matrix operation', 'continue statement']","def solve():
    def move(x, y, direction):
        if direction == 'L':
            return x - 1, y
        elif direction == 'R':
            return x + 1, y
        elif direction == 'U':
            return x, y - 1
        elif direction == 'D':
            return x, y + 1
        else:
            raise ValueError(""Invalid direction"")

    def is_at_candy(x, y):
        return x == 1 and y == 1

    def check_path(s, x, y):
        if len(s) == 0:
            return x == 1 and y == 1
        direction = s[0]
        next_x, next_y = move(x, y, direction)
        return is_at_candy(next_x, next_y) or check_path(s[1:], next_x, next_y)

    t = int(input())
    for _ in range(t):
        n = int(input())
        s = input()
        if check_path(s, 0, 0):
            print(""YES"")
        else:
            print(""NO"")
",False,False,1,0.3333333333333333
1791B,3,"['if statement', 'for loop', 'while loop']","['for loop', 'while loop', 'tuple', 'queue', 'set', 'if statement']","['for loop', 'if statement', 'while loop', 'dictionary', 'misc', 'hashmap', 'break statement', 'matrix operation', 'continue statement']","from collections import deque

def solve(t):
    for _ in range(t):
        n = int(input())
        s = input()
        candy = [(1, 1)]
        pos = deque([(0, 0)])
        visited = set()
        visited.add((0, 0))

        while pos or candy:
            while pos and pos[-1] not in visited:
                x, y = pos.pop()
                visited.add((x, y))
                if (x, y) == candy[0]:
                    print(""YES"")
                    break
                if s[0] == 'U':
                    pos.append((x, y + 1))
                elif s[0] == 'D':
                    pos.append((x, y - 1))
                elif s[0] == 'L':
                    pos.append((x - 1, y))
                elif s[0] == 'R':
                    pos.append((x + 1, y))
                s = s[1:]

            if candy and candy[0] in visited:
                candy.popleft()

        else:
            print(""NO"")

# Read the number of test cases from the command line
",False,False,3,0.5
1791B,4,"['if statement', 'for loop', 'while loop', 'tuple']","['for loop', 'queue', 'tuple', 'break statement', 'while loop']","['for loop', 'if statement', 'while loop', 'dictionary', 'misc', 'hashmap', 'break statement', 'matrix operation', 'continue statement']","from collections import deque

def solve(t):
    for _ in range(t):
        n = int(input())
        s = input()
        candy = [(1, 1)]
        moves = deque()
        moves.append((0, 0))

        while moves:
            x, y = moves.popleft()
            if (x, y) == candy[0]:
                print(""YES"")
                break

            dx, dy = 0, 0
            if s[0] == 'U':
                dy = -1
                s = s[1:]
            elif s[0] == 'D':
                dy = 1
                s = s[1:]
            elif s[0] == 'L':
                dx = -1
                s = s[1:]
            elif s[0] == 'R':
                dx = 1
                s = s[1:]

            moves.append((x + dx, y + dy))

        else:
            print(""NO"")

",False,False,2,0.4
1791A,0,['this is the og problem'],"['for loop', 'if statement']","['for loop', 'if statement', 'set', 'tuple', 'misc']","import re

def solve():
    test_cases = int(input())
    for _ in range(test_cases):
        c = input().lower()
        if re.search(r'[acf]"", c):
            print(""YES"")
        else:
            print(""NO"")

",False,True,0,0.0
1791A,1,['if statement'],"['for loop', 'if statement']","['for loop', 'if statement', 'set', 'tuple', 'misc']","import re

def solve():
    t = int(input())
    for _ in range(t):
        c = input().lower()
        if re.search(r'[a-f]', c):
            print(""YES"")
        else:
            print(""NO"")

",False,False,0,0.0
1791A,2,"['if statement', 'dictionary']",['while loop'],"['for loop', 'if statement', 'set', 'tuple', 'misc']","import re

def solve():
    codeforces = re.compile(r'[a-f]')
    while True:
        try:
            c = input().lower()
            if codeforces.match(c):
                print(""YES"")
            else:
                print(""NO"")
        except EOFError:
            break

",False,True,1,1.0
1791A,3,"['if statement', 'dictionary', 'for loop']","['for loop', 'if statement']","['for loop', 'if statement', 'set', 'tuple', 'misc']","import re

def solve():
    t = int(input())
    for _ in range(t):
        c = input().lower()
        if re.search(r'codeforces', c):
            print(""YES"")
        else:
            print(""NO"")

",False,False,0,0.0
1791A,4,"['if statement', 'dictionary', 'for loop', 'while loop']","['for loop', 'if statement']","['for loop', 'if statement', 'set', 'tuple', 'misc']","import re

def solve():
    codeforces = re.compile(r'[acf]')
    for _ in range(int(input())):
        c = input()
        print(""YES"" if codeforces.search(c) else ""NO"")

",False,False,0,0.0
1791A,5,"['if statement', 'dictionary', 'for loop', 'while loop', 'tuple']","['for loop', 'if statement']","['for loop', 'if statement', 'set', 'tuple', 'misc']","import re

def solve():
    codeforces = ""codeforces""
    pattern = re.compile(r'[a-z]')

    t = int(input())
    for _ in range(t):
        c = input().lower()
        if re.search(c, codeforces):
            print(c.upper())
        else:
            print(""NO"")

",False,False,0,0.0
1790B,0,['this is the og problem'],['for loop'],"['while loop', 'for loop', 'if statement', 'misc', 'tuple']","from itertools import combinations

def solve(n, s, r):
    # Calculate the sum of all possible values for the remaining n-1 dice
    total = (6 * n - r) // (n - 1)

    # Find the maximum value that can be on the stolen die
    max_value = min(6, s - total)

    # Generate all possible combinations of values for the remaining n-1 dice
    for combination in combinations(range(1, 7), n - 1):
        # Calculate the sum of the values in the combination
        combination_sum = sum(combination)

        # If the sum of the combination plus the maximum value equals s, then we have found a solution
        if combination_sum + max_value == s:
            # Sort the combination in descending order and add the maximum value at the end
            solution = sorted(combination, reverse=True) + [max_value]
            return solution

    # If no solution is found, print an error message
    print(""No solution found."")

# Read the number of test cases
",False,True,0,0.0
1790B,1,['for loop'],"['for loop', 'if statement', 'set', 'break statement', 'tuple']","['while loop', 'for loop', 'if statement', 'misc', 'tuple']","import itertools

def solve():
    for _ in range(int(input())):
        n, s, r = map(int, input().split())
        max_val = max(set(list(range(1, n+1))))
        for perm in itertools.permutations(range(1, n+1)):
            if sum(perm) == s - max_val and sum(sorted(perm)[0:n-1]) == r:
                print(*perm)
                break

",True,False,2,0.4
1790B,2,"['for loop', 'if statement']","['if statement', 'for loop', 'continue statement', 'dictionary', 'break statement', 'hashmap']","['while loop', 'for loop', 'if statement', 'misc', 'tuple']","import itertools

def solve(n, s, r):
    if n == 2:
        return [6, 1] if r == 1 else [6, 6]

    dp = {}
    for i in range(2, n + 1):
        for j in range(i + 1, min(i + 6, n + 1)):
            if (i, j) in dp:
                continue
            for k in range(1, 7):
                if k > j:
                    break
                if s - k - (j - i) not in dp:
                    dp[(i, j)] = [k] + dp[(i + 1, j - 1)]
                else:
                    dp[(i, j)] = dp[(i, j)] + dp[(i + 1, j - 1)]

    solutions = []
    for i in range(2, n + 1):
        for j in range(i + 1, min(i + 6, n + 1)):
            if (i, j) in dp:
                solutions.append(dp[(i, j)] + [r])

    return list(itertools.chain.from_iterable(solutions))

",False,False,4,0.6666666666666666
1790B,3,"['for loop', 'if statement', 'recursion']",['for loop'],"['while loop', 'for loop', 'if statement', 'misc', 'tuple']","import itertools
import sys

def solve():
    for n, s, r in map(int, input().strip().split()):
        max_val = max(s - r, 6)
        perms = [list(perm) for perm in itertools.permutations(range(1, max_val + 1) if len(perm) == n - 1]
        for perm in perms:
            total = sum(perm)
            if total + max_val == s and sum(perm) == r:
                print(*(max_val) + list(perm))
                break

",False,False,0,0.0
1790B,4,"['for loop', 'if statement', 'recursion', 'while loop']",['for loop'],"['while loop', 'for loop', 'if statement', 'misc', 'tuple']","import math

def solve():
    n, s, r = map(int, input().split())
    max_val = n * 6
    dp = [0] * (max_val + 1)
    for i in range(1, max_val + 1):
        dp[i] = math.inf
        for j in range(1, min(i, 6) + 1):
            dp[i] = min(dp[i], dp[i - j] + j)

    for i in range(max_val, s - r + 1, -1):
        if dp[i] + r <= s:
            for j in range(1, min(i, 6) + 1):
                if dp[i - j] + r + j <= s:
                    ans = [0] * n
                    for k in range(1, 7):
                        if (1 << k) & i:
                            ans[dp[i - k]] = k
                    print(*ans)
                    return

    print(*[1] * n)

",False,False,0,0.0
1790A,0,['this is the og problem'],"['for loop', 'misc']","['for loop', 'if statement', 'break statement', 'while loop', 'pass statement', 'misc']","import math

def solve():
    pi_digits = str(math.pi)[2:]
    for _ in range(int(input())):
        n = input()
        count = sum(digit == pi_digit for digit, pi_digit in zip(n, pi_digits))
        print(count)

",False,True,0,0.0
1790A,1,['break statement'],['for loop'],"['for loop', 'if statement', 'break statement', 'while loop', 'pass statement', 'misc']","import math

def solve():
    pi_digits = str(math.pi)[2:]
    for _ in range(int(input())):
        n = input()
        count = sum(digit == pi_digit for digit, pi_digit in zip(n, pi_digits))
        print(count)

",False,True,0,0.0
1790A,2,"['break statement', 'for loop']",['for loop'],"['for loop', 'if statement', 'break statement', 'while loop', 'pass statement', 'misc']","import math

def solve(n):
    pi_str = str(math.pi)[2:]
    return len(list(filter(lambda x: x == pi_str[i], n)))

",False,False,0,0.0
1790A,3,"['break statement', 'for loop', 'recursion']",['for loop'],"['for loop', 'if statement', 'break statement', 'while loop', 'pass statement', 'misc']","import math

def solve():
    pi_digits = str(math.pi)[2:]
    test_cases = int(input())

    for _ in range(test_cases):
        user_input = input()
        count = sum(digit == pi_digit for digit, pi_digit in zip(user_input, pi_digits))
        print(count)

",False,False,0,0.0
1790A,4,"['break statement', 'for loop', 'recursion', 'while loop']","['for loop', 'if statement']","['for loop', 'if statement', 'break statement', 'while loop', 'pass statement', 'misc']","import math

def solve():
    pi_digits = str(math.pi)[2:]
    test_cases = int(input())

    for _ in range(test_cases):
        user_input = input()
        count = sum(digit == pi_digit for digit, pi_digit in zip(user_input, pi_digits))
        print(count)

",False,False,0,0.0
1790A,5,"['break statement', 'for loop', 'recursion', 'while loop', 'if statement']",['for loop'],"['for loop', 'if statement', 'break statement', 'while loop', 'pass statement', 'misc']","import math

def solve():
    import sys
    from itertools import islice

    pi_digits = str(math.pi).replace('0.', '').replace('.', '')

    for test_case in sys.stdin:
        n = test_case.strip()
        if n == pi_digits:
            print(len(n))
        else:
            common_prefix = max(filter(lambda x: x in n, pi_digits))
            print(len(common_prefix))

",True,False,0,0.0
1789B,0,['this is the og problem'],"['for loop', 'while loop', 'if statement', 'queue', 'break statement']","['for loop', 'if statement', 'break statement', 'continue statement', 'while loop', 'two pointers', 'matrix operation', 'misc']","from collections import deque

def solve():
    t = int(input())
    for _ in range(t):
        n = int(input())
        s = list(map(int, input().split()))
        q = deque()
        for i in range(n):
            while q and s[i] != s[n - i - 1]:
                if not q.popleft():
                    break
            q.append(s[i])
        if not q:
            print(""Yes"")
        else:
            print(""No"")

",False,True,1,0.2
1789B,1,['for loop'],"['for loop', 'queue', 'if statement', 'while loop', 'break statement']","['for loop', 'if statement', 'break statement', 'continue statement', 'while loop', 'two pointers', 'matrix operation', 'misc']","from collections import deque

def solve():
    t = int(input())
    for _ in range(t):
        n = int(input())
        s = list(map(int, input().split()))
        q = deque()
        for i in range(n):
            while q and s[i] != s[q[-1]]:
                q.pop()
            q.append(i)
        if len(q) == 1 and q[0] == n - 1:
            print(""Yes"")
        else:
            print(""No"")

",False,False,1,0.2
1789B,2,"['for loop', 'set']","['if statement', 'for loop', 'misc']","['for loop', 'if statement', 'break statement', 'continue statement', 'while loop', 'two pointers', 'matrix operation', 'misc']","import re

def solve():
    t = int(input())
    for _ in range(t):
        n = int(input())
        s = input()
        if re.match(r'^(0*10*|10*0*)$', s) or re.match(r'^(0*|1*)$', s):
            print(""Yes"")
        else:
            print(""No"")

",False,False,0,0.0
1789B,3,"['for loop', 'set', 'if statement']","['for loop', 'queue', 'while loop', 'if statement']","['for loop', 'if statement', 'break statement', 'continue statement', 'while loop', 'two pointers', 'matrix operation', 'misc']","from collections import deque

def solve():
    t = int(input())
    for _ in range(t):
        n = int(input())
        s = list(map(int, input().split()))
        q = deque()
        for i in range(n):
            while q and s[i] != s[len(q) - 1]:
                q.pop()
            q.append(s[i])
        if len(q) == 1:
            print(""Yes"")
        else:
            print(""No"")

",False,False,1,0.25
1789B,4,"['for loop', 'set', 'if statement', 'matrix operation']","['for loop', 'if statement', 'break statement', 'continue statement', 'queue']","['for loop', 'if statement', 'break statement', 'continue statement', 'while loop', 'two pointers', 'matrix operation', 'misc']","from collections import deque

def solve():
    t = int(input())
    for _ in range(t):
        n = int(input())
        s = list(map(int, input()))
        q = deque()
        for i in range(n):
            q.append(s[i])
        is_palindrome = True
        for i in range(n // 2):
            if q.popleft() != q[-1 - i]:
                is_palindrome = False
                break
        if is_palindrome:
            print(""Yes"")
        else:
            for i in range(n):
                for j in range(i, n):
                    temp = s[:i] + s[j:]
                    temp_q = deque(temp)
                    if len(temp_q) % 2 == 1:
                        continue
                    for k in range(len(temp_q) // 2):
                        if temp_q.popleft() != temp_q[-1 - k]:
                            break
                    else:
                        s[:] = temp
                        break
            if s == list(reversed(s)):
                print(""Yes"")
            else:
                print(""No"")

",False,False,1,0.2
1789A,0,['this is the og problem'],"['if statement', 'for loop', 'recursion', 'sorting', 'if statement', 'for loop', 'recursion', 'sorting']","['for loop', 'if statement', 'misc', 'sorting', 'break statement', 'matrix operation', 'while loop', 'hashmap', 'tuple']","import math
import sys

def gcd(a, b):
    if b == 0:
        return a
    return gcd(b, a % b)

def is_good(arr):
    g = arr[0]
    for num in arr:
        g = math.gcd(g, num)
        if g > len(arr):
            return False
    return True

def is_beautiful(arr):
    for i in range(1, len(arr)):
        if not is_good(arr[:i]):
            return False
    return True

def solve():
    t = int(input())
    for _ in range(t):
        n = int(input())
        arr = list(map(int, input().split()))
        if is_beautiful(arr):
            print(""Yes"")
        else:
            arr.sort(reverse=True)
            for i in range(1, len(arr)):
                if not is_good(arr[:i]):
                    print(""No"")
                    break
            if i == len(arr):
                print(""Yes"")

",False,True,1,0.125
1789A,1,['for loop'],['for loop'],"['for loop', 'if statement', 'misc', 'sorting', 'break statement', 'matrix operation', 'while loop', 'hashmap', 'tuple']","import functools

def gcd(a, b):
    return functools.reduce(lambda x, y: x * y // gcd(y, x % y), (a, b))

def is_good(arr):
    return gcd(*arr) <= len(arr)

def is_beautiful(arr):
    for i in range(1, len(arr)):
        if not is_good(arr[:i]):
            return False
    return True

def solve():
    t = int(input())
    for _ in range(t):
        n = int(input())
        arr = list(map(int, input().split()))
        if is_beautiful(arr):
            print(""Yes"")
        else:
            arr.sort(reverse=True)
            for i in range(1, n):
                if is_good(arr[:i]):
                    print(""Yes"")
                    break
            else:
                print(""No"")

",False,False,0,0.0
1789A,2,"['for loop', 'if statement']",['for loop'],"['for loop', 'if statement', 'misc', 'sorting', 'break statement', 'matrix operation', 'while loop', 'hashmap', 'tuple']","import math
import functools

def gcd(a, b):
    while b:
        a, b = b, a % b
    return a

@functools.lru_cache(maxsize=None)
def is_good(arr):
    if len(arr) < 2:
        return True
    g = arr[0]
    for a in arr[1:]:
        g = gcd(g, a)
        if g > len(arr):
            return False
    return True

@functools.lru_cache(maxsize=None)
def is_beautiful(arr):
    if len(arr) < 2:
        return is_good(arr)
    for i in range(1, len(arr)):
        if not is_good(arr[:i]):
            return False
    return True

def solve():
    t = int(input())
    for _ in range(t):
        n = int(input())
        arr = list(map(int, input().split()))
        if is_beautiful(arr):
            print(""Yes"")
        else:
            print(""No"")

",False,False,0,0.0
1789A,3,"['for loop', 'if statement', 'while loop']","['recursion', 'hashmap', 'while loop', 'tuple']","['for loop', 'if statement', 'misc', 'sorting', 'break statement', 'matrix operation', 'while loop', 'hashmap', 'tuple']","import math
import functools

def gcd(a, b):
    while b:
        a, b = b, a % b
    return a

@functools.lru_cache(maxsize=None)
def prefix_gcd(arr, i):
    if i == 1:
        return arr[0]
    return gcd(prefix_gcd(arr, i - 1), arr[i - 1])

def solve():
    t = int(input())
    for _ in range(t):
        n = int(input())
        arr = list(map(int, input().split()))
        if all(prefix_gcd(arr, i) <= i for i in range(2, n + 1)):
            print(""Yes"")
        else:
            print(""No"")

",False,False,1,0.25
1789A,4,"['for loop', 'if statement', 'while loop', 'tuple']",['for loop'],"['for loop', 'if statement', 'misc', 'sorting', 'break statement', 'matrix operation', 'while loop', 'hashmap', 'tuple']","import math
import functools

def gcd(a, b):
    while b:
        a, b = b, a % b
    return a

@functools.lru_cache(maxsize=None)
def prefix_gcd(arr, n):
    if n == 1:
        return arr[0]
    return gcd(arr[0], prefix_gcd(arr[1:], n - 1))

def solve():
    t = int(input())
    for _ in range(t):
        n = int(input())
        arr = list(map(int, input().split()))
        if all(prefix_gcd(arr, i) <= i for i in range(2, n + 1)):
            print(""Yes"")
        else:
            print(""No"")

",False,False,0,0.0
1788A,0,['this is the og problem'],"['for loop', 'if statement', 'break statement']","['for loop', 'if statement', 'continue statement', 'break statement', 'while loop', 'misc', 'dictionary', 'matrix operation', 'hashmap', 'tuple']","from itertools import accumulate

def solve():
    t = int(input())
    for _ in range(t):
        n = int(input())
        a = list(map(int, input().split()))
        a_prod = list(accumulate(a))
        for k in range(1, n - 1):
            if a_prod[k] == a_prod[-(n - k - 1)]:
                print(k)
                break
        else:
            print(-1)

",False,True,0,0.0
1788A,1,['matrix operation'],"['if statement', 'for loop', 'queue', 'break statement']","['for loop', 'if statement', 'continue statement', 'break statement', 'while loop', 'misc', 'dictionary', 'matrix operation', 'hashmap', 'tuple']","from collections import deque

def solve():
    t = int(input())
    for _ in range(t):
        n = int(input())
        a = list(map(int, input().split()))
        if all(a[i] == a[n - i] for i in range(1, n // 2 + 1)):
            print(-1)
        else:
            left, right = deque([a[0]]), deque(reversed(a[1:]))
            for i in range(1, n - 1):
                if left[-1] != right[0]:
                    break
                left.popleft()
                 right.popleft()
            else:
                print(n - len(left) - 1)

",False,True,1,0.25
1788A,2,"['matrix operation', 'if statement']",['for loop'],"['for loop', 'if statement', 'continue statement', 'break statement', 'while loop', 'misc', 'dictionary', 'matrix operation', 'hashmap', 'tuple']","from collections import defaultdict

def solve():
    t = int(input())
    for _ in range(t):
        n = int(input())
        a = list(map(int, input().split()))
        dp_l = defaultdict(int, {a[0]: 1})
        dp_r = defaultdict(int, {a[-1]: 1})
        max_len = 1
        min_k = n
        for i in range(1, n):
            if a[i] in dp_l:
                dp_r[a[i]] = dp_l[a[i]]
                max_len = max(max_len, dp_l[a[i]] + dp_r[a[i]])
                dp_l = {}
            dp_l[a[i]] = dp_l.get(a[i], 0) + 1
        if max_len < n:
            print(max_len)
        else:
            print(-1)

",False,True,0,0.0
1788A,3,"['matrix operation', 'if statement', 'for loop']",['for loop'],"['for loop', 'if statement', 'continue statement', 'break statement', 'while loop', 'misc', 'dictionary', 'matrix operation', 'hashmap', 'tuple']","from collections import defaultdict

def solve():
    t = int(input())
    for _ in range(t):
        n = int(input())
        a = list(map(int, input().split()))
        dp = defaultdict(int)
        dp[a[0]] = 1
        for i in range(1, n):
            dp[a[i]] += dp[a[i-1]]
        for i in range(1, n):
            for j in range(i+1, n):
                if dp[a[j]] - dp[a[i-1]] == j - i:
                    print(i)
                    break
        else:
            print(-1)

",False,False,0,0.0
1788A,4,"['matrix operation', 'if statement', 'for loop', 'break statement']",['for loop'],"['for loop', 'if statement', 'continue statement', 'break statement', 'while loop', 'misc', 'dictionary', 'matrix operation', 'hashmap', 'tuple']","from collections import defaultdict

def solve():
    t = int(input())
    for _ in range(t):
        n = int(input())
        a = list(map(int, input().split()))
        dp = defaultdict(int)
        dp[a[0]] = 1
        for i in range(1, n):
            dp[a[i]] += dp[a[i-1]]
        for i in range(1, n):
            for j in range(i+1, n):
                if dp[a[j]] >= dp[a[i]]:
                    print(i)
                    break
            else:
                print(-1)
                break

",False,False,0,0.0
1787A,0,['this is the og problem'],"['while loop', 'for loop', 'if statement']","['for loop', 'if statement', 'tuple', 'while loop']","import math

def gcd(a, b):
    while b:
        a, b = b, a % b
    return a

def solve():
    for x in range(1, 10001):
        for y in range(1, x + 1):
            if x ** y * y + y ** x * x == n:
                print(x, y)
                return
    print(-1)

",False,True,0,0.0
1787A,1,['if statement'],"['for loop', 'while loop', 'if statement', 'break statement']","['for loop', 'if statement', 'tuple', 'while loop']","import math
import sympy as sp

def solve():
    for _ in range(int(input())):
        n = int(input())
        x, y = 2, 2
        while True:
            x_new = (y * (n - y ** x) / (x ** y - y))
            y_new = (x * (n - x ** y) / (y ** x - x))
            if abs(x - x_new) < 1e-9 and abs(y - y_new) < 1e-9:
                print(int(x_new), int(y_new))
                break
            x, y = x_new, y_new
        else:
            print(-1)

",False,False,1,0.25
1787A,2,"['if statement', 'for loop']",['for loop'],"['for loop', 'if statement', 'tuple', 'while loop']","import math

def solve(n):
    def f(x, y):
        return x**y * y + y**x * x - n

    def df_dx(x, y):
        return y * (x**y * math.log(x) - n)

    def df_dy(x, y):
        return x * (y**x * math.log(y) - n)

    def newton_raphson(x, y, epsilon=1e-9):
        while True:
            dx = df_dx(x, y)
            dy = df_dy(x, y)
            if abs(dx) < epsilon and abs(dy) < epsilon:
                return x, y
            x_new = x - f(x, y) / df_dx(x, y)
            y_new = y - f(x, y) / df_dy(x, y)
            if abs(x_new - x) < epsilon and abs(y_new - y) < epsilon:
                x, y = x_new, y_new
                continue
            x, y = x_new, y_new

    x, y = 1, 1
    while True:
        x_new, y_new = newton_raphson(x, y)
        if x_new >= 1 and x_new <= n and y_new >= 1 and y_new <= n:
            return x_new, y_new
        x, y = x_new, y_new

    return -1

",False,False,0,0.0
1787A,3,"['if statement', 'for loop', 'tuple']",['for loop'],"['for loop', 'if statement', 'tuple', 'while loop']","import math
from sympy import symbols, fsolve

def solve():
    x, y = symbols('x y')
    n = int(input())
    f = lambda x, y: (x**y * y + y**x * x - n) / (2 * x * y)

    # Find the fixed points of the function
    fixed_points = fsolve([f - x, f - y], [x, y], ics=[n / 2, n / 2])

    # Check if the fixed points are integers and within the given range
    for point in fixed_points:
        if all(math.isintegral(i) for i in point) and 1 <= point[0] <= n and 1 <= point[1] <= n:
            print(*point)
            break
    else:
        print(-1)

# Main function to run the test cases
",False,False,0,0.0
1787A,4,"['if statement', 'for loop', 'tuple', 'matrix operation']","['if statement', 'for loop', 'break statement', 'continue statement']","['for loop', 'if statement', 'tuple', 'while loop']","import math
import sys

def solve():
    t = int(input())
    for _ in range(t):
        n = int(input())
        for x in range(1, n+1):
            for y in range(1, n+1):
                if math.isqrt(n - x**y - y**x) ** 2 == x*y:
                    print(x, y)
                    break
            else:
                continue
            break
        else:
            print(-1)

",False,False,2,0.5
1787A,5,"['if statement', 'for loop', 'tuple', 'matrix operation', 'while loop']",['for loop'],"['for loop', 'if statement', 'tuple', 'while loop']","import math
import sys

def solve():
    t = int(input())
    for _ in range(t):
        n = int(input())
        x, y = 1, n
        def f(a, b):
            return a**b * b + b**a * a - n
        def df(a, b):
            return b**(a-1) * a + a**(b-1) * b - 1
        while True:
            a, b = (a + f(a, b) / df(a, b), b - f(a, b) / df(a, b))
            if abs(a - x) < 1e-9 and abs(b - y) < 1e-9:
                print(int(a), int(b))
                break
            x, y = a, b

",False,False,0,0.0
1786A2,0,['this is the og problem'],['for loop'],"['if statement', 'while loop', 'for loop', 'break statement', 'misc', 'matrix operation']","from collections import defaultdict

def solve(n):
    deck = [0] * n
    deck[0] = 1
    deck[1] = 1
    deck[0] *= 2
    deck[1] *= 2
    alice_white, alice_black, bob_white, bob_black = 0, 0, 0, 0

    for i in range(2, n):
        color = deck[i] % 2
        if i % 2 == 0:
            alice_white += deck[i]
            alice_black += deck[i - 1]
            if i < n - 1:
                deck[i + 1] = deck[i] * 3
                deck[i + 2] = deck[i]
        else:
            bob_white += deck[i]
            bob_black += deck[i - 1]
            if i < n - 1:
                deck[i + 1] = deck[i] * 3
                deck[i + 2] = deck[i] * 2

    return alice_white, alice_black, bob_white, bob_black

",False,True,0,0.0
1786A2,1,['if statement'],"['for loop', 'if statement', 'tuple']","['if statement', 'while loop', 'for loop', 'break statement', 'misc', 'matrix operation']","from collections import defaultdict

def solve(n):
    alice_white, alice_black, bob_white, bob_black = 1, 0, 0, 0
    for i in range(2, n + 1):
        if i % 2 == 1:
            player = alice_white, alice_black, bob_white, bob_black
            cards_dealt = i
        else:
            player = alice_black, alice_white, bob_black, bob_white
            cards_dealt = i // 2

        alice_white, alice_black, bob_white, bob_black = (
            a + cards_dealt for a, _ in zip(player, (alice_white, alice_black, bob_white, bob_black))
        )

    return alice_white, alice_black, bob_white, bob_black

",False,False,1,0.3333333333333333
1786A2,2,"['if statement', 'for loop']",['for loop'],"['if statement', 'while loop', 'for loop', 'break statement', 'misc', 'matrix operation']","import collections
import math

def solve(n):
    deck = collections.Counter([0] + list(range(1, n + 1)) * math.floor((n - 1) / 2))
    alice_white, alice_black, bob_white, bob_black = 0, 0, 0, 0

    for i in range(1, n + 1):
        if i % 2 == 1:
            alice_white += deck[i]
            if i < n:
                bob_white += deck[i + 1]
            deck[i] = 0
        else:
            alice_black += deck[i]
            if i < n:
                bob_black += deck[i + 1]
            deck[i] = 0

    return alice_white, alice_black, bob_white, bob_black

",False,False,0,0.0
1786A1,0,['this is the og problem'],"['while loop', 'if statement']","['for loop', 'if statement', 'while loop', 'misc', 'break statement', 'dictionary', 'tuple']","from collections import defaultdict

def solve(n):
    alice, bob = 0, 0
    while n > 0:
        step = min(n, 8)
        if step % 2 == 1:
            alice += step
        else:
            bob += step
        n -= step
    return alice, bob

",False,True,0,0.0
1786A1,1,['if statement'],"['for loop', 'if statement', 'break statement']","['for loop', 'if statement', 'while loop', 'misc', 'break statement', 'dictionary', 'tuple']","from collections import defaultdict

def solve(n):
    alice, bob = 0, 0
    steps = [1, 3, 5, 7, 9]

    for step in steps:
        if n < step:
            alice += n
            break
        alice += step
        n -= step
        bob += n // step
        n %= step

    print(alice, bob)

",False,False,0,0.0
1786A1,2,"['if statement', 'for loop']","['for loop', 'queue', 'break statement', 'continue statement', 'tuple', 'misc']","['for loop', 'if statement', 'while loop', 'misc', 'break statement', 'dictionary', 'tuple']","from collections import deque

def solve(n):
    alice, bob = deque([0]), deque([0])
    steps = [1, 2, 3, 4, 5, 6, 7, 8]
    for step in steps:
        if len(alice) + len(bob) < step:
            break
        cards_to_give = min(step, len(alice))
        alice.popleft()
        alice.extend([0] * cards_to_give)
        alice += alice[:step]
        bob.extend(alice.pop())
        if step % 2 == 1:
            continue
        cards_to_give = min(step, len(bob))
        bob.popleft()
        bob.extend([0] * cards_to_give)
        bob += bob[:step]
    return len(alice), len(bob)

",False,False,2,0.3333333333333333
1786A1,3,"['if statement', 'for loop', 'while loop']","['queue', 'for loop', 'if statement']","['for loop', 'if statement', 'while loop', 'misc', 'break statement', 'dictionary', 'tuple']","from collections import deque

def solve(n):
    alice, bob = deque([0]), deque([0])
    steps = [1, 2, 3, 4, 5, 6, 7, 8]
    for step in steps:
        cards = min(step, n)
        alice.append(cards)
        n -= cards
        if n > 0:
            bob.append(n)
            n = 0
    if n > 0:
        alice.append(n)
    print(len(alice), len(bob))

",False,False,1,0.3333333333333333
1786A1,4,"['if statement', 'for loop', 'while loop', 'tuple']","['queue', 'for loop']","['for loop', 'if statement', 'while loop', 'misc', 'break statement', 'dictionary', 'tuple']","from collections import deque

def solve(n):
    alice_cards = deque([0])
    bob_cards = deque([0])
    steps = [1, 2, 3, 4, 5, 6, 7, 8]

    for i in range(9, n):
        step = (i + 1) // 9
        step_size = step if (i + 1) % 9 != 0 else (n - (i + 1) + 1)
        alice_cards.rotate(-step_size)
        bob_cards.extend(alice_cards)
        alice_cards.clear()
        alice_cards.extend(bob_cards[-step_size:])
        bob_cards = bob_cards[:-step_size]

    return len(alice_cards) + len(bob_cards)

",False,False,1,0.5
1783A,0,['this is the og problem'],"['for loop', 'if statement', 'sorting', 'heap']","['for loop', 'if statement', 'set', 'sorting', 'tuple', 'hashmap', 'stack', 'misc']","import heapq

def solve():
    t = int(input())
    for _ in range(t):
        n = int(input())
        a = list(map(int, input().split()))
        if is_ugly(a):
            print(""NO"")
        else:
            a = sorted(a)
            a = beautiful_array(a)
            print(""YES"")
            print(*a)

",False,True,1,0.25
1783A,1,['sorting'],['for loop'],"['for loop', 'if statement', 'set', 'sorting', 'tuple', 'hashmap', 'stack', 'misc']","import heapq

def solve():
    t = int(input())
    for _ in range(t):
        n = int(input())
        a = list(map(int, input().split()))
        if is_ugly(a):
            print(""YES"")
            print(*a)
        else:
            a = sorted(a, reverse=True)
            heap = []
            for i in range(len(a)):
                while heap and heap[0] + a[i] <= a[i]:
                    heapq.heappop(heap)
                heapq.heappush(heap, a[i])
            a = [heap[0]] + list(heap) + a[len(heap):]
            print(""YES"")
            print(*a)

",False,True,0,0.0
1783A,2,"['sorting', 'if statement']","['if statement', 'for loop', 'heap', 'misc']","['for loop', 'if statement', 'set', 'sorting', 'tuple', 'hashmap', 'stack', 'misc']","import heapq

def solve():
    t = int(input())
    for _ in range(t):
        n = int(input())
        a = list(map(int, input().split()))

        if all(x != sum(a[:i]) for i, x in enumerate(a) if i > 0):
            print(""YES"")
            heapq.heapify(a)
            for _ in range(n - 1):
                heapq.heappop(a)
                heapq.heappush(a, heapq.heappop(a) + heapq.heappop(a))
            print(*a)
        else:
            print(""NO"")

",False,False,1,0.25
1783A,3,"['sorting', 'if statement', 'for loop']","['if statement', 'for loop', 'continue statement', 'break statement', 'set', 'tuple']","['for loop', 'if statement', 'set', 'sorting', 'tuple', 'hashmap', 'stack', 'misc']","from 1 to the maximum number in the array. Then, we iterate through the array and remove the smallest number that is greater than or equal to the current number from the set. If the current number is in the set, the array is ugly, so we print ""NO"" and move to the next test case. Otherwise, we print ""YES"" and the reordered array, which is the remaining numbers in the set in increasing order.

Here is the Python code:

```python
import math
import sys

def solve():
    t = int(input())
    for _ in range(t):
        n = int(input())
        a = list(map(int, input().split()))
        if len(set(a)) < n or max(a) - min(a) < n - 1:
            print(""NO"")
            continue
        s = set(range(1, max(a) + 1))
        for num in a:
            s -= {num}
            if num in s:
                print(""NO"")
                break
        else:
            s = list(sorted(s))
            print(""YES"")
            print(*s)

",False,False,2,0.3333333333333333
1783A,4,"['sorting', 'if statement', 'for loop', 'tuple']",['for loop'],"['for loop', 'if statement', 'set', 'sorting', 'tuple', 'hashmap', 'stack', 'misc']","import sys
from collections import deque

def solve():
    t = int(input())
    for _ in range(t):
        n = int(input())
        a = list(map(int, input().split()))
        stack = deque()
        for i in range(n):
            while stack and a[i] <= stack[-1][0]:
                stack.pop()
            stack.append((a[i], a[i] + stack[-1][0] if stack else a[i]))
        if stack:
            print(""NO"")
        else:
            print(""YES"")
            print(*[x[1] for x in stack])

",False,False,0,0.0
1781A,0,['this is the og problem'],"['if statement', 'for loop', 'tuple']","['if statement', 'for loop', 'tuple', 'matrix operation', 'while loop', 'misc']","import math

def manhattan_distance(a, b, f, g):
    return abs(a - f) + abs(b - g)

def solve():
    t = int(input())
    for _ in range(t):
        w, d, h, a, b, f, g = map(int, input().split())
        # Calculate the distance between the laptop and the projector along the x-axis and y-axis
        x_dist = abs(f - a)
        y_dist = abs(g - b)

        # If the distance is the same along both axes, the cable can be placed along the diagonal
        if x_dist == y_dist:
            cable_length = math.sqrt(2) * max(w, d)
        else:
            # Otherwise, the cable must be placed along the walls, floor, or ceiling
            cable_length = max(x_dist * (h if x_dist > y_dist else d) + (w - x_dist) * (h if x_dist <= y_dist else d),
                              y_dist * (h if y_dist > x_dist else w) + (d - y_dist) * (h if y_dist <= x_dist else w))

        print(cable_length)

",False,True,0,0.0
1781A,1,['if statement'],['recursion'],"['if statement', 'for loop', 'tuple', 'matrix operation', 'while loop', 'misc']","import math
import itertools

def manhattan_distance(a, b, f, g):
    return abs(a - f) + abs(b - g)

def solve():
    t = int(input())
    for _ in range(t):
        w, d, h, a, b, f, g = map(int, input().split())
        # Generate all possible paths along walls, floor, and ceiling
        paths = list(itertools.chain.from_iterable(
            itertools.product(range(0, w, max(1, w - a)),
                              range(0, d, max(1, d - b)),
                              range(0, h, max(1, h - g)))))
        # Filter out paths that are not parallel to the edges
        paths = [p for p in paths if (p[0] == w or p[1] == d or p[2] == h) or (p[0] == 0 and p[1] == 0 and p[2] == 0)]
        # Find the minimum path length
        min_length = float('inf')
        for path in paths:
            length = manhattan_distance(a, b, f + path[2], g + path[2]) + math.sqrt((path[0] - a)**2 + (path[1] - b)**2)
            min_length = min(min_length, length)
        print(min_length)

",False,True,1,1.0
1781A,2,"['if statement', 'tuple']",['for loop'],"['if statement', 'for loop', 'tuple', 'matrix operation', 'while loop', 'misc']","import math
import itertools

def manhattan_distance(a, b):
    return abs(a[0] - b[0]) + abs(a[1] - b[1])

def solve():
    t = int(input())
    for _ in range(t):
        w, d, h, a, b, f, g = map(int, input().split())
        # Generate possible directions for the cable
        directions = [(0, 1), (1, 0), (0, -1), (-1, 0)]
        # Check if the cable can go along the walls, ceiling, or floor
        for dx, dy in itertools.product(directions, repeat=2):
            x1, y1 = a, b
            x2, y2 = f, g + h
            if dx == 0:
                x2 = f
                y2 = min(y1, y2) if dy > 0 else max(y1, y2)
            elif dy == 0:
                y2 = g
                x2 = min(x1, x2) if dx > 0 else max(x1, x2)
            # Check if the cable stays within the cuboid
            if 0 <= x1 <= w and 0 <= y1 <= d and 0 <= x2 <= w and 0 <= y2 <= d:
                # Calculate the length of the cable
                length = manhattan_distance((x1, y1), (x2, y2))
                print(length)
                break
        else:
            print(1002)

",False,True,0,0.0
1781A,3,"['if statement', 'tuple', 'matrix operation']","['while loop', 'if statement', 'queue', 'matrix operation']","['if statement', 'for loop', 'tuple', 'matrix operation', 'while loop', 'misc']","from the laptop to the projector while ensuring that the path only follows the walls, floor, and ceiling parallel to the cuboid's edges.

```python
import heapq

def solve():
    while True:
        w, d, h = map(int, input().split())
        if not w or not d or not h:
            break

        a, b, f, g = map(int, input().split())

        grid = [[0] * (d + 2) for _ in range(w + 2)]
        grid[a][b] = 1
        grid[-1][g] = -1

        directions = [(0, 1), (0, -1), (1, 0), (-1, 0)]
        queue = [(a, b, 0)]
        visited = set()
        visited.add((a, b))

        while queue:
            x, y, length = queue.pop(0)

            for dx, dy in directions:
                nx, ny = x + dx, y + dy
                if 0 <= nx < w + 2 and 0 <= ny < d + 2 and grid[nx][ny] == 0:
                    grid[nx][ny] = grid[x][y] + 1
                    queue.append((nx, ny, grid[nx][ny]))
                    visited.add((nx, ny))

                    if nx == f and ny == g:
                        print(grid[f][g] - 1)
                        break

        print()

",False,False,1,0.25
1781A,4,"['if statement', 'tuple', 'matrix operation', 'for loop']","['for loop', 'matrix operation', 'if statement']","['if statement', 'for loop', 'tuple', 'matrix operation', 'while loop', 'misc']","import math
import numpy as np

def solve():
    t = int(input())
    for _ in range(t):
        w, d, h, a, b, f, g = map(int, input().split())
        laptop = np.array([a, b, 0])
        projector = np.array([f, g, h])
        diff = laptop - projector
        length = abs(diff[0]) + abs(diff[1]) + abs(diff[2])
        print(length)

",False,False,0,0.0
1781A,5,"['if statement', 'tuple', 'matrix operation', 'for loop', 'while loop']",['for loop'],"['if statement', 'for loop', 'tuple', 'matrix operation', 'while loop', 'misc']","from the laptop to the projector.

```python
from collections import deque

def solve():
    t = int(input())
    for _ in range(t):
        w, d, h, a, b, f, g = map(int, input().split())
        grid = [[0] * (d + 2) for _ in range(w + 2)]
        grid[a + 1][b + 1] = 1
        grid[f + 1][g + h] = 2

        directions = [(0, 1), (1, 0), (0, -1), (-1, 0)]
        queue = deque([((a + 1, b + 1), (0, 0))])
        visited = set()
        visited.add((a + 1, b + 1))

        while queue:
            x, y, dist, _ = queue.popleft()
            for dx, dy in directions:
                nx, ny = x + dx * (w - 1), y + dy * (h - 1)
                if 0 <= nx < w + 2 and 0 <= ny < d + 2 and grid[nx][ny] == 0:
                    grid[nx][ny] = 3
                    queue.append(((nx, ny), (dist + 1, (nx - x) * (w - 1) + (ny - y) * (h - 1)))

        length = float('inf')
        for i in range(1, w + 1):
            for j in range(1, d + 1):
                if grid[i][j] == 3:
                    if grid[i][j - 1] == 2:
                        length = min(length, j * (h - 1))
                    if grid[i - 1][j] == 2:
                        length = min(length, (w - i + 1) * (h - 1))

        print(length)

",False,False,0,0.0
1780A,0,['this is the og problem'],"['for loop', 'if statement', 'set', 'break statement']","['for loop', 'if statement', 'tuple', 'while loop', 'matrix operation', 'hashmap', 'continue statement', 'recursion', 'misc', 'break statement']","import sys

def solve():
    t = int(input())
    for _ in range(t):
        n = int(input())
        a = list(map(int, input().split()))
        odd_sums = set()
        for i in range(n):
            for j in range(i+1, n):
                for k in range(j+1, n):
                    sum_abc = a[i] + a[j] + a[k]
                    if sum_abc % 2 != 0:
                        odd_sums.add(sum_abc)
        if len(odd_sums) > 0:
            print(""YES"")
            for s in odd_sums:
                if s in [a[i] + a[j] + a[k] for i in range(n) for j in range(i+1, n) for k in range(j+1, n) if i != j != k]:
                    print(f""{i+1} {j+1} {k+1}"")
                    break
        else:
            print(""NO"")

",False,True,1,0.25
1780A,1,['for loop'],"['if statement', 'for loop', 'break statement', 'tuple', 'misc']","['for loop', 'if statement', 'tuple', 'while loop', 'matrix operation', 'hashmap', 'continue statement', 'recursion', 'misc', 'break statement']","import itertools

def solve():
    t = int(input())
    for _ in range(t):
        n = int(input())
        a = list(map(int, input().split()))
        triplet = []
        for i, j in itertools.combinations(range(n), 2):
            for k in range(i+1, j):
                if a[i] + a[j] + a[k] & 1 == 1:
                    triplet = [i+1, j+1, k+1]
                    break
            if triplet:
                break
        if triplet:
            print(""YES"")
            print(*triplet)
        else:
            print(""NO"")

",False,False,0,0.0
1780A,2,"['for loop', 'while loop']",['for loop'],"['for loop', 'if statement', 'tuple', 'while loop', 'matrix operation', 'hashmap', 'continue statement', 'recursion', 'misc', 'break statement']","import itertools

def solve():
    t = int(input())
    for _ in range(t):
        n = int(input())
        a = list(map(int, input().split()))
        odd_sums = [sum(tup) for tup in itertools.combinations(a, 3) if sum(tup) & 1]
        if odd_sums:
            print(""YES"")
            print(*[i+1 for i, s in enumerate(odd_sums) if s not in odd_sums])
        else:
            print(""NO"")

",False,False,0,0.0
1780A,3,"['for loop', 'while loop', 'tuple']","['if statement', 'for loop', 'tuple']","['for loop', 'if statement', 'tuple', 'while loop', 'matrix operation', 'hashmap', 'continue statement', 'recursion', 'misc', 'break statement']","import collections

def solve():
    n = int(input())
    a = list(map(int, input().split()))
    odd_count = sum(1 for num in a if num % 2 != 0)
    if odd_count < 3:
        print(""NO"")
        return

    odd_indices = [i for i, num in enumerate(a) if num % 2 != 0]
    if len(odd_indices) < 3:
        print(""NO"")
        return

    odd_indices.sort()
    print(""YES"")
    print(*odd_indices[0:3])

",False,False,0,0.0
1780A,4,"['for loop', 'while loop', 'tuple', 'recursion']","['for loop', 'if statement', 'set', 'sorting']","['for loop', 'if statement', 'tuple', 'while loop', 'matrix operation', 'hashmap', 'continue statement', 'recursion', 'misc', 'break statement']","import itertools

def solve():
    import sys
    import itertools

    t = int(input())

    for _ in range(t):
        n = int(input())
        a = list(map(int, input().split()))
        odd_sums = set()

        for i, j in itertools.combinations(range(n), 2):
            for k in range(i+1, j):
                sum_abk = a[i] + a[j] + a[k]
                if sum_abk & 1 == 1:
                    odd_sums.add(sum_abk)

        if odd_sums:
            print(""YES"")
            print(*sorted(odd_sums))
        else:
            print(""NO"")

",False,False,2,0.5
1780A,5,"['for loop', 'while loop', 'tuple', 'recursion', 'if statement']",['for loop'],"['for loop', 'if statement', 'tuple', 'while loop', 'matrix operation', 'hashmap', 'continue statement', 'recursion', 'misc', 'break statement']","import functools

def solve():
    from collections import defaultdict

    def bit_count(n):
        return functools.reduce(lambda a, x: a + (x // 2 ^ x % 2), range(1, n + 1), 0)

    t = int(input())
    for _ in range(t):
        n = int(input())
        a = list(map(int, input().split()))
        odd_count = bit_count(n)
        if odd_count < 3:
            print(""NO"")
            continue
        odd_indices = defaultdict(list)
        for i, num in enumerate(a):
            if num & 1:
                odd_indices[bit_count(num)].append(i)
        for i in range(1, len(odd_indices)):
            if odd_indices[i] and odd_indices[odd_count - i]:
                j, k = odd_indices[i]
                l = [x for x in odd_indices[odd_count - i] if x != j and x != k]
                if l:
                    print(""YES"")
                    print(f""{j + 1} {k + 1} {l[0] + 1}"")
                else:
                    print(""YES"")
                    print(f""{j + 1} {k + 1} {n + 1 - j - k}"")

",False,False,0,0.0
1779A,0,['this is the og problem'],"['if statement', 'for loop', 'break statement']","['for loop', 'if statement', 'set', 'dictionary', 'while loop', 'continue statement', 'break statement']","import collections

def solve():
    t = int(input())
    for _ in range(t):
        n = int(input())
        s = list(input())
        if any(not sum(s[:i]) and not sum(s[i+1:]) for i in range(n-1)):
            print(-1)
        else:
            for i in range(1, n):
                if not sum(s[:i]) and sum(s[i+1:]):
                    print(i)
                    break
            else:
                print(0)

",False,True,0,0.0
1779A,1,['if statement'],"['if statement', 'for loop', 'while loop', 'continue statement', 'queue', 'set', 'break statement']","['for loop', 'if statement', 'set', 'dictionary', 'while loop', 'continue statement', 'break statement']","from collections import deque

def solve():
    t = int(input())
    for _ in range(t):
        n = int(input())
        s = list(input())

        # Check if all trophies are illuminated initially
        if all(s[i] == 'L' or s[i] == 'R' for i in range(n)):
            print(0)
            continue

        # Use BFS to find a pair of lamps that can be swapped to illuminate all trophies
        q = deque([(0, 0)])
        visited = set()
        while q:
            i, direction_sum = q.popleft()
            if i == n - 1:
                print(i)
                break
            if (i, -direction_sum) not in visited:
                q.append((i + 1, -direction_sum))
                visited.add((i, -direction_sum))
            if (i + 1, direction_sum + 2) not in visited:
                q.append((i + 2, direction_sum + 2))
                visited.add((i + 2, direction_sum + 2))
        else:
            print(-1)

",False,False,1,0.14285714285714285
1779A,2,"['if statement', 'for loop']","['for loop', 'queue', 'if statement', 'continue statement']","['for loop', 'if statement', 'set', 'dictionary', 'while loop', 'continue statement', 'break statement']","from collections import deque

def solve(n, s):
    q = deque()
    for i in range(n):
        if s[i] == 'L':
            q.append(i)
        elif q:
            q.pop()
    if not q:
        return -1
    return q[0] if not q[1:] else q[1]

",False,False,1,0.25
1779A,3,"['if statement', 'for loop', 'while loop']",['for loop'],"['for loop', 'if statement', 'set', 'dictionary', 'while loop', 'continue statement', 'break statement']","from collections import deque

def solve(n, s):
    q = deque([(0, 0)])
    visited = set()
    visited.add(0)

    while q:
        i, count = q.popleft()
        if count == n:
            return i
        for j in range(i - 1, -1, -1):
            if s[j] == 'L' and j not in visited:
                visited.add(j)
                q.append((j, count + 1))
        for j in range(i + 1, n):
            if s[j] == 'R' and j not in visited:
                visited.add(j)
                q.append((j, count + 1))

    return -1

",False,False,0,0.0
1778A,0,['this is the og problem'],"['if statement', 'for loop']","['for loop', 'if statement', 'break statement', 'tuple', 'misc', 'matrix operation', 'continue statement', 'hashmap', 'dictionary', 'while loop']","from itertools import accumulate

def solve():
    t = int(input())
    for _ in range(t):
        n = int(input())
        a = list(map(int, input().split()))
        a_sum = sum(a)
        if a_sum < 0:
            a[0], a[1] = -a[0], -a[1]
            a_sum += 2
        print(a_sum)

",False,True,0,0.0
1778A,1,['for loop'],"['for loop', 'if statement']","['for loop', 'if statement', 'break statement', 'tuple', 'misc', 'matrix operation', 'continue statement', 'hashmap', 'dictionary', 'while loop']","import functools
import sys

def solve():
    t = int(input())
    for _ in range(t):
        n = int(input())
        a = list(map(int, input().split()))
        max_sum = functools.reduce(lambda x, y: x ^ y, a)
        for i in range(1, n):
            temp = a[i] ^ a[i-1]
            if temp > max_sum:
                max_sum = temp
        print(max_sum)

",False,False,0,0.0
1778A,2,"['for loop', 'tuple']","['if statement', 'for loop', 'dynamic programming']","['for loop', 'if statement', 'break statement', 'tuple', 'misc', 'matrix operation', 'continue statement', 'hashmap', 'dictionary', 'while loop']","import sys

def solve():
    n = int(input())
    a = list(map(int, input().split()))

    dp_even, dp_odd = [0] * n, [0] * n
    dp_even[0] = a[0]
    dp_odd[1] = a[1]

    for i in range(2, n):
        dp_even[i] = max(dp_even[i - 2] + a[i], dp_even[i - 1])
        dp_odd[i] = max(dp_odd[i - 2] + a[i], dp_odd[i - 1])

        if i > 1 and a[i - 1] != a[i]:
            dp_even[i] = max(dp_even[i], dp_odd[i - 1])
            dp_odd[i] = max(dp_odd[i], dp_even[i - 1])

    print(max(dp_even[-1], dp_odd[-1]))

",False,False,1,0.3333333333333333
1778A,3,"['for loop', 'tuple', 'while loop']",['for loop'],"['for loop', 'if statement', 'break statement', 'tuple', 'misc', 'matrix operation', 'continue statement', 'hashmap', 'dictionary', 'while loop']","import functools
import sys

def solve():
    t = int(input())
    for _ in range(t):
        n = int(input())
        a = list(map(int, input().split()))
        max_sum = functools.reduce(lambda x, y: x ^ y, a)
        for i in range(1, n):
            max_sum = max(max_sum, functools.reduce(lambda x, y: x ^ y, [a[i], a[i+1]]) + a[i-1] ^ a[i] ^ a[i+1])
        print(max_sum)

",False,False,0,0.0
1778A,4,"['for loop', 'tuple', 'while loop', 'hashmap']","['if statement', 'for loop', 'tuple', 'matrix operation', 'misc']","['for loop', 'if statement', 'break statement', 'tuple', 'misc', 'matrix operation', 'continue statement', 'hashmap', 'dictionary', 'while loop']","import sys
from itertools import accumulate

def solve():
    n = int(input())
    a = list(map(int, input().split()))

    # Calculate the cumulative sum of the array
    cumulative_sum = list(accumulate(a))

    # Initialize the maximum sum as the sum of the first element
    max_sum = a[0]

    # Iterate through the cumulative sum, and for each element, check if the current element is less than the previous element
    # If it is, then the maximum sum can be increased by the difference between the current and previous element
    for i in range(1, len(cumulative_sum)):
        if cumulative_sum[i] < cumulative_sum[i - 1]:
            max_sum += cumulative_sum[i - 1] - cumulative_sum[i]

    print(max_sum)

# Call the solve function
",False,False,0,0.0
1778A,5,"['for loop', 'tuple', 'while loop', 'hashmap', 'if statement']","['if statement', 'for loop', 'recursion', 'dynamic programming', 'matrix operation']","['for loop', 'if statement', 'break statement', 'tuple', 'misc', 'matrix operation', 'continue statement', 'hashmap', 'dictionary', 'while loop']","def solve():
    n = int(input())
    a = list(map(int, input().split()))

    # Base case: maximum sum for a single element is the element itself
    dp = [a[0]]
    for i in range(1, n):
        dp.append(max(dp[-1], a[i]))

    # Main recursive part
    for i in range(2, n):
        dp[i] = max(dp[i], dp[i - 2] + 2 * a[i - 1])

    # Find the maximum sum over the entire array
    max_sum = dp[0]
    for i in range(1, n):
        max_sum = max(max_sum, dp[i])

    print(max_sum)

# Test cases
",False,False,2,0.4
1777A,0,['this is the og problem'],['for loop'],"['while loop', 'for loop', 'if statement', 'tuple', 'matrix operation']","from collections import deque
import sys

def solve():
    t = int(input())
    for _ in range(t):
        n = int(input())
        a = list(map(int, input().split()))
        q = deque()
        odd_count = 0
        for i in range(n):
            if i > 0 and (a[i] % 2 == a[i-1] % 2):
                q.append((i, a[i]))
                odd_count += 1
        operations = 0
        while q:
            index, num = q.popleft()
            if odd_count > 0:
                a[index] = num * a[index-odd_count]
                odd_count -= 1
            else:
                operations += 1
        print(operations)

",False,True,0,0.0
1777A,1,['if statement'],['for loop'],"['while loop', 'for loop', 'if statement', 'tuple', 'matrix operation']","from collections import deque

def solve():
    cases = int(input())
    for _ in range(cases):
        n = int(input())
        arr = list(map(int, input().split()))
        parity = [0] * n
        for i in range(n):
            parity[i] = arr[i] % 2
        operations = 0
        q = deque()
        for i in range(n - 1):
            if parity[i] == parity[i + 1]:
                q.append((i, i + 1))
                while q and parity[q[0][0]] == parity[q[-1][1]]:
                    start, end = q.popleft(), q[-1]
                    operations += arr[start] * arr[end]
                    parity[start] = 1 - parity[start]
                    parity[end] = 1 - parity[end]
                    q.append((start, end))
        print(operations)

",False,True,0,0.0
1777A,2,"['if statement', 'matrix operation']",['for loop'],"['while loop', 'for loop', 'if statement', 'tuple', 'matrix operation']","from collections import deque

def solve():
    t = int(input())
    for _ in range(t):
        n = int(input())
        arr = list(map(int, input().split()))
        parity = [0] * n
        parity[0] = arr[0] % 2
        q = deque([(0, 1)])
        operations = 0

        while q:
            i, j = q.popleft()
            if j < n - 1 and (arr[j] % 2 == arr[j + 1] % 2 == parity[i]):
                operations += 1
                new_val = arr[j] * arr[j + 1]
                parity[j] = (parity[j] + 1) % 2
                arr[j] = new_val
                q.append((j, j + 1))
            if j + 1 < n:
                q.append((j + 1, j + 2))

        print(operations)

",False,True,0,0.0
1777A,3,"['if statement', 'matrix operation', 'for loop']","['for loop', 'stack', 'if statement', 'queue', 'misc']","['while loop', 'for loop', 'if statement', 'tuple', 'matrix operation']","from collections import deque

def solve():
    t = int(input())
    for _ in range(t):
        n = int(input())
        a = list(map(int, input().split()))
        stack = deque([a[0]])
        parity = 0
        for i in range(1, n):
            if stack[-1] & 1 == a[i] & 1:
                stack.pop()
                stack.append(stack[-1] * a[i])
                parity ^= 1
            else:
                stack.append(a[i])
        print(len(stack) - 1)

",False,False,3,0.6
1777A,4,"['if statement', 'matrix operation', 'for loop', 'tuple']","['for loop', 'if statement', 'stack', 'while loop', 'misc']","['while loop', 'for loop', 'if statement', 'tuple', 'matrix operation']","from collections import deque

def solve():
    t = int(input())
    for _ in range(t):
        n = int(input())
        a = list(map(int, input().split()))
        stack = deque([a[0]])
        parity = stack[-1] % 2
        operations = 0
        for i in range(1, n):
            if a[i] % 2 == parity:
                operations += 1
                parity = (parity + 1) % 2
            stack.append(a[i])
        while len(stack) > 1:
            if stack[-2] % 2 == stack[-1] % 2:
                operations += 1
                stack.pop()
                stack.pop()
                stack.append(stack.pop() * stack.pop())
        print(operations)

",False,False,2,0.4
1777A,5,"['if statement', 'matrix operation', 'for loop', 'tuple', 'break statement']",['for loop'],"['while loop', 'for loop', 'if statement', 'tuple', 'matrix operation']","from collections import deque

def solve():
    t = int(input())
    for _ in range(t):
        n = int(input())
        a = list(map(int, input().split()))
        odd_count = sum(1 for i in a if i % 2)
        even_count = n - odd_count
        if odd_count == 0 or even_count == 0:
            print(0)
            continue
        q = deque([(i, a[i]) for i in range(n - 1) if a[i] == a[i + 1]])
        operations = 0
        while q:
            i, x = q.popleft()
            if x == a[i + 1]:
                operations += 1
                a[i] = x * a[i + 1]
                del a[i + 1]
                q = deque([(i + j, a[i + j]) for j in range(1, min(n - i, len(q) + 1)) if a[i + j] == a[i + j + 1]])
            else:
                odd_count -= 1
                even_count -= 1
                if odd_count == 0:
                    a[i] = x
                elif even_count == 0:
                    a[i] = x * a[i + 1]
                    del a[i + 1]
                else:
                    break
        print(operations)

",False,False,0,0.0
1776A,0,['this is the og problem'],"['if statement', 'for loop', 'queue', 'break statement', 'if statement', 'for loop', 'queue', 'break statement']","['for loop', 'if statement', 'while loop', 'tuple', 'matrix operation', 'break statement']","from collections import deque

def solve():
    t = int(input())
    for _ in range(t):
        n = int(input())
        times = list(map(int, input().split()))
        walks = deque()
        for time in times:
            if not walks or time - 120 >= walks[0]:
                walks.append(time)
            elif time + 120 <= walks[-1]:
                walks.append(time)
                if len(walks) > 2:
                    print(""YES"")
                    break
        else:
            print(""NO"")

",False,True,1,0.125
1776A,1,['if statement'],"['if statement', 'for loop', 'queue', 'dictionary']","['for loop', 'if statement', 'while loop', 'tuple', 'matrix operation', 'break statement']","from collections import deque

def solve():
    t = int(input())
    for _ in range(t):
        n = int(input())
        times = list(map(int, input().split()))
        walks = deque()
        for time in times:
            if not walks or time - walks[0] >= 120:
                walks.append(time)
            elif time - walks[-1] <= 120:
                walks.pop()
        if len(walks) >= 2:
            print(""YES"")
        else:
            print(""NO"")

",False,False,2,0.5
1776A,2,"['if statement', 'for loop']","['for loop', 'if statement', 'queue']","['for loop', 'if statement', 'while loop', 'tuple', 'matrix operation', 'break statement']","from collections import deque

def solve():
    t = int(input())
    for _ in range(t):
        n = int(input())
        times = list(map(int, input().split()))
        walks = deque()
        for time in times:
            while walks and time - walks[-1][0] < 120:
                walks.pop()
            if not walks or time - walks[-1][1] >= 120:
                walks.append((time, time + 120))
            else:
                walks[-1] = (time, time + 120)
        print(""YES"" if walks else ""NO"")

",False,False,1,0.3333333333333333
1776A,3,"['if statement', 'for loop', 'recursion']","['for loop', 'queue', 'if statement', 'while loop', 'break statement']","['for loop', 'if statement', 'while loop', 'tuple', 'matrix operation', 'break statement']","from collections import deque

def solve():
    t = int(input())
    for _ in range(t):
        n = int(input())
        times = list(map(int, input().split()))
        gaps = deque([0])
        for time in times:
            while gaps and time - gaps[-1] <= 120:
                gaps.pop()
            gaps.append(time + 120)
        if len(gaps) >= 3:
            print(""YES"")
        else:
            print(""NO"")

",False,False,1,0.2
1776A,4,"['if statement', 'for loop', 'recursion', 'while loop']","['for loop', 'while loop', 'if statement', 'queue', 'break statement']","['for loop', 'if statement', 'while loop', 'tuple', 'matrix operation', 'break statement']","from collections import deque

def solve():
    t = int(input())
    for _ in range(t):
        n = int(input())
        times = list(map(int, input().split()))
        q = deque()
        for time in times:
            while q and time - q[0] < 120:
                q.popleft()
            if not q or time - q[-1] >= 120:
                q.append(time)
            else:
                print(""YES"")
                break
        else:
            print(""NO"")

",False,False,1,0.2
1775A1,0,['this is the og problem'],"['if statement', 'for loop', 'recursion']","['for loop', 'if statement', 'break statement', 'while loop', 'misc', 'tuple']","import itertools
import re

def solve(s):
    if len(s) % 3 != 0:
        return "":(""

    patterns = ['aaa', 'aba', 'bba', 'bbb']
    for pattern in patterns:
        if re.search(pattern, s, re.IGNORECASE):
            return ' '.join(pattern)

    # If no pattern is found, try all possible combinations
    for a, b, c in itertools.product('aaabbb', repeat=3):
        if a + b + c == s and (b >= a and (b >= c or c >= a)) or (b <= a and (b <= c or c <= a)):
            return ' '.join([a, b, c])

    return "":(""

",False,True,1,0.3333333333333333
1775A1,1,['for loop'],"['if statement', 'for loop', 'tuple', 'misc']","['for loop', 'if statement', 'break statement', 'while loop', 'misc', 'tuple']","import itertools
import re

def solve(s):
    if len(s) % 3 != 0:
        return "":(""

    patterns = ['aaa', 'aba', 'bba', 'bbb']
    for pattern in patterns:
        if re.search(pattern, s, re.IGNORECASE):
            return ' '.join(pattern)

    # If no pattern is found, try all possible combinations
    for a, b, c in itertools.product('aaab', repeat=3):
        if a + b + c == s and (b >= a and (b >= c or a == c)) or (b <= a and (b <= c or a == c)):
            return ' '.join([a, b, c])

    return "":(""

",False,False,0,0.0
1775A1,2,"['for loop', 'if statement']",['for loop'],"['for loop', 'if statement', 'break statement', 'while loop', 'misc', 'tuple']","import itertools
import string

def solve(s):
    if len(s) % 3 != 0:
        return "":(""

    letters = list(set(s))
    if len(letters) != 2 or letters[0] != 'a' or letters[1] != 'b':
        return "":(""

    n = len(s) // 3
    for a, b, c in itertools.product(letters, repeat=3):
        if all(a <= b <= c for b in zip(a, c)) or all(c <= b <= a for b in zip(a, c)):
            return "" "".join(a * n + b * (n + 1) + c * (n + 2))

    return "":(""

",False,False,0,0.0
1775A1,3,"['for loop', 'if statement', 'recursion']",['for loop'],"['for loop', 'if statement', 'break statement', 'while loop', 'misc', 'tuple']","import itertools
import string

def solve(s):
    if len(s) % 3 != 0:
        return "":(""

    letters = list(s)
    n = len(letters) // 3

    for a, b, c in itertools.product(string.ascii_lowercase * n, repeat=3):
        if all(a[i] <= b[i] for i in range(n)) and all(b[i] <= c[i] for i in range(n)):
            return "" "".join(a) + "" "" + "" "".join(b) + "" "" + "" "".join(c)

    return "":(""

",False,False,0,0.0
1775A1,4,"['for loop', 'if statement', 'recursion', 'while loop']","['if statement', 'tuple', 'misc']","['for loop', 'if statement', 'break statement', 'while loop', 'misc', 'tuple']","import itertools
import string

def solve(s):
    if len(s) % 3 != 0:
        return "":(""

    letters = list(s)
    n = len(letters) // 3
    a, b, c = [''.join(itertools.islice(itertools.groupby(letters), i, i + n)) for i in range(3)]

    if (b[0] == 'a' and (a[0] == 'b' or c[0] == 'b')) or (b[0] == 'b' and (a[0] == 'a' or c[0] == 'a')):
        return ' '.join([a, b, c])
    else:
        return "":(""

",False,False,0,0.0
1774A,0,['this is the og problem'],"['for loop', 'if statement', 'tuple', 'hashmap']","['for loop', 'if statement', 'matrix operation', 'tuple', 'misc', 'continue statement', 'while loop']","import sys

def solve():
    cases = int(input())
    for _ in range(cases):
        n = int(input())
        a = list(map(int, input().split()))
        odd_count, even_count = 0, 0
        for num in a:
            if num % 2 == 1:
                odd_count += 1
            else:
                even_count += 1
        if odd_count > even_count:
            print('+'.join(['-'] * (odd_count - 1)) + '+')
        elif odd_count < even_count:
            print('+'.join(['+'] * (even_count - 1)) + '-')
        else:
            print('+-' * (n - 1))

",False,True,1,0.25
1774A,1,['if statement'],['for loop'],"['for loop', 'if statement', 'matrix operation', 'tuple', 'misc', 'continue statement', 'while loop']","import sys
from functools import lru_cache

def solve():
    t = int(input())
    for _ in range(t):
        n = int(input())
        a = list(map(int, input().split()))
        dp = [0] * (n + 1)
        dp[1] = abs(a[0])
        for i in range(2, n + 1):
            dp[i] = min(dp[i - 1] + abs(a[i - 1] - a[i]), dp[i - 2] + abs(a[i - 2] - a[i]))
        print(' '.join(map(lambda x: '-' if x == dp[i] else '+', range(1, n)))

",False,True,0,0.0
1774A,2,"['if statement', 'for loop']",['for loop'],"['for loop', 'if statement', 'matrix operation', 'tuple', 'misc', 'continue statement', 'while loop']","import sys
import functools

def solve():
    def abs_diff(a):
        n = len(a)
        dp = [[0] * 2 for _ in range(n)]
        for i in range(1, n):
            for j in range(i):
                dp[i][0] = min(dp[i][0], dp[j][1] + abs(int(''.join(a[j:i]), 2)) + (i - j - 1) * 2)
                dp[i][1] = min(dp[i][1], dp[j][0] + (i - j))
        return dp[n - 1][0]

    t = int(input())
    for _ in range(t):
        n = int(input())
        a = list(map(int, input()))
        print(' '.join(map(str, list(map(lambda x: '-' if x == 0 else '+', range(1, len(a)))))) if abs_diff(a) % 2 == 0 else ' '.join(map(str, list(reversed(map(lambda x: '-' if x == 0 else '+', range(1, len(a))))))) if abs_diff(a) % 2 == 1 else ' '.join(map(str, list(map(lambda x: '-' if x == 0 else '+', range(1, len(a))))))

",False,False,0,0.0
1774A,3,"['if statement', 'for loop', 'hashmap']",['for loop'],"['for loop', 'if statement', 'matrix operation', 'tuple', 'misc', 'continue statement', 'while loop']","from the beginning to the index `i`.

Here is the Python code for the function `solve()`:

",False,False,0,0.0
1774A,4,"['if statement', 'for loop', 'hashmap', 'tuple']",['for loop'],"['for loop', 'if statement', 'matrix operation', 'tuple', 'misc', 'continue statement', 'while loop']","import sys
from functools import lru_cache

def solve(a):
    n = len(a)
    @lru_cache(None)
    def dp(i):
        if i == n:
            return 0
        res = float('inf')
        for j in range(i, n):
            res = min(res, abs(int(a[i] + a[j]) + dp(j + 1)))
        return res

    return ''.join(('+' if x > 0 else '-') for x in dp(1))

",False,False,0,0.0
1774A,5,"['if statement', 'for loop', 'hashmap', 'tuple', 'while loop']",['for loop'],"['for loop', 'if statement', 'matrix operation', 'tuple', 'misc', 'continue statement', 'while loop']","from the beginning to the index `i`.

Here is the Python code for the function `solve()`:

",False,False,0,0.0
1772B,0,['this is the og problem'],['for loop'],"['if statement', 'while loop', 'for loop', 'misc', 'tuple', 'continue statement']","from collections import Counter
import itertools

def solve():
    t = int(input())
    for _ in range(t):
        a, b = map(list, zip(*map(int, input().split())))
        c = Counter(a + b)
        if len(c) == 2:
            if a[0] < a[1] and b[0] < b[1]:
                print(""YES"")
            else:
                print(""NO"")
        else:
            rotations = list(itertools.permutations([0, 1, 2, 3]) for _ in range(4))
            for rotation in rotations:
                a_, b_ = zip(*map(list, zip(*map(lambda x, r: x[r], [a, b], rotation))))
                if a_[0] < a_[1] and b_[0] < b_[1]:
                    print(""YES"")
                    break
            else:
                print(""NO"")

",False,True,0,0.0
1772B,1,['matrix operation'],['for loop'],"['if statement', 'while loop', 'for loop', 'misc', 'tuple', 'continue statement']","from collections import Counter
import itertools

def solve():
    t = int(input())
    for _ in range(t):
        a, b = map(list, zip(*map(int, input().split())))
        if a[0] < a[1] and b[0] < b[1]:
            print(""YES"")
        else:
            c = Counter(a + b)
            for perm in itertools.permutations(a + b):
                if c[perm[0]] > 1 and c[perm[1]] > 1 and all(x < y for x, y in zip(perm, perm[1:])):
                    print(""YES"")
                    break
            else:
                print(""NO"")

",False,True,0,0.0
1772B,2,"['matrix operation', 'for loop']","['for loop', 'if statement', 'matrix operation', 'tuple']","['if statement', 'while loop', 'for loop', 'misc', 'tuple', 'continue statement']","import itertools

def solve():
    rotations = 0
    for row in itertools.permutations([0, 1, 2, 3]):
        matrix = [[0, 0], [0, 0]]
        for i, r in enumerate(row):
            matrix[i][r] = i + 1
        if all(matrix[i][0] < matrix[i][1] for i in range(2)) and all(matrix[0][i] < matrix[1][i] for i in range(2)):
            return ""YES""
        matrix = list(zip(*matrix))
        rotations += 1
        if rotations > 3:
            return ""NO""
    return ""NO""

",False,False,1,0.25
1772B,3,"['matrix operation', 'for loop', 'while loop']",['for loop'],"['if statement', 'while loop', 'for loop', 'misc', 'tuple', 'continue statement']","import itertools
import functools

def solve():
    t = int(input())
    for _ in range(t):
        a, b = map(list, zip(*map(int, input().split())))
        if a[0] < a[1] and b[0] < b[1]:
            print(""YES"")
        else:
            rotations = 0
            for row in itertools.permutations(a + b):
                if row[0] < row[1] and row[2] < row[3]:
                    print(""YES"")
                    break
                rotations += 1
            if rotations == len(set(a + b)):
                print(""NO"")

",False,False,0,0.0
1772B,4,"['matrix operation', 'for loop', 'while loop', 'recursion']",['for loop'],"['if statement', 'while loop', 'for loop', 'misc', 'tuple', 'continue statement']","import itertools

def is_beautiful(matrix):
    rows = matrix
    cols = list(zip(*matrix))

    for row in (rows, cols):
        if not all(x <= y for x, y in zip(row, row[1:])):
            return False

    return True

def solve():
    t = int(input())
    for _ in range(t):
        matrix = list(map(int, input().split()))
        rotations = 0

        while not is_beautiful(matrix):
            rotations += 1
            matrix = list(map(list, zip(*matrix)))
            matrix = list(map(reversed, matrix))

        print(""YES"" if rotations > 0 else ""NO"")

",False,False,0,0.0
1772A,0,['this is the og problem'],['for loop'],"['for loop', 'recursion', 'misc', 'if statement']","def solve():
    import re

    for _ in range(int(input())):
        expression = input()
        a, b = map(int, re.findall(r'\d+', expression))
        print(a + b)

",True,True,0,0.0
1772A,1,['for loop'],"['for loop', 'if statement']","['for loop', 'recursion', 'misc', 'if statement']","from functools import reduce

def solve():
    t = int(input())
    for _ in range(t):
        a, b = map(int, input().split('+'))
        print(a + b)

",True,False,0,0.0
1772A,2,"['for loop', 'while loop']","['for loop', 'if statement']","['for loop', 'recursion', 'misc', 'if statement']","from functools import reduce

def solve():
    t = int(input())
    for _ in range(t):
        a, b = map(int, input().split('+'))
        print(a + b)

",True,False,0,0.0
1772A,3,"['for loop', 'while loop', 'if statement']",['for loop'],"['for loop', 'recursion', 'misc', 'if statement']","from functools import reduce

def str_to_int(c):
    return int(c)

def add(a, b):
    return a + b

def solve():
    t = int(input())
    expressions = [input().split('+') for _ in range(t)]
    results = list(map(lambda x: reduce(add, x, 0), expressions))
    for result in results:
        print(result)

",False,False,0,0.0
1772A,4,"['for loop', 'while loop', 'if statement', 'recursion']",['for loop'],"['for loop', 'recursion', 'misc', 'if statement']","from functools import reduce

def solve():
    # Read the number of test cases
    t = int(input())

    # Define a function to add two numbers
    add = lambda x, y: int(str(x) + str(y))

    # Use reduce to apply the add function to the list of numbers in each test case
    for _ in range(t):
        numbers = list(map(int, input().split()))
        result = reduce(add, numbers)
        print(result)

",False,False,0,0.0
1772A,5,"['for loop', 'while loop', 'if statement', 'recursion', 'misc']",['for loop'],"['for loop', 'recursion', 'misc', 'if statement']","from functools import reduce

def str_to_int(c):
    return int(c)

def add(a, b):
    return a + b

def solve():
    expressions = list(map(str_to_int, input().split()))
    result = reduce(add, expressions)
    print(result)

",False,False,0,0.0
1768A,0,['this is the og problem'],"['recursion', 'while loop', 'if statement', 'break statement']","['for loop', 'if statement', 'misc']","import math
import itertools

def factorial(n):
    if n == 0:
        return 1
    return n * factorial(n - 1)

def gcd(a, b):
    while b:
        a, b = b, a % b
    return a

def solve():
    for k in map(int, input().split()):
        for x in range(1, k):
            if gcd(k, (factorial(x) + factorial(x - 1))) == 1:
                print(x)
                break
        else:
            print(-1)

",True,True,3,0.75
1768A,1,['matrix operation'],[],"['for loop', 'if statement', 'misc']",,False,True,0,0.0
1768A,2,"['matrix operation', 'for loop']",[],"['for loop', 'if statement', 'misc']",,False,True,0,0.0
1768A,3,"['matrix operation', 'for loop', 'if statement']",[],"['for loop', 'if statement', 'misc']",,False,True,0,0.0
1768A,4,"['matrix operation', 'for loop', 'if statement', 'while loop']","['while loop', 'if statement', 'recursion', 'misc']","['for loop', 'if statement', 'misc']","from math import factorial as fac
import sympy as sp

def is_multiple(a, b):
    return sp.is_integer(a / b)

def solve():
    k = int(input())
    x = 1
    while True:
        if is_multiple(x * fac(x) + (x - 1) * fac(x - 1), k):
            return x
        x += 1
    return -1

",False,False,2,0.5
1768A,5,"['matrix operation', 'for loop', 'if statement', 'while loop', 'tuple']",[],"['for loop', 'if statement', 'misc']",,False,True,0,0.0
1767B,0,['this is the og problem'],['for loop'],"['for loop', 'if statement', 'sorting', 'continue statement', 'matrix operation', 'misc', 'tuple', 'heap']","from the second tower to the first tower, if possible. This ensures that the first tower always has the maximum block from all the towers except the first one. We continue this process until no more moves are possible.

Here is the Python code for the `solve()` function:

",False,True,0,0.0
1767B,1,['for loop'],['for loop'],"['for loop', 'if statement', 'sorting', 'continue statement', 'matrix operation', 'misc', 'tuple', 'heap']","from other towers to tower 1.

Here is the Python code:

```python
import heapq

def solve():
    t = int(input())
    for _ in range(t):
        n = int(input())
        towers = list(map(int, input().split()))
        heap = [(-x, i) for i, x in enumerate(towers)]
        heapq.heapify(heap)
        max_blocks = 0
        while heap:
            _, i = heapq.heappop(heap)
            max_blocks += 1
            while heap and -heap[0][0] < towers[i]:
                _, j = heapq.heappop(heap)
                towers[i] += 1
            if towers[i] > 0:
                heapq.heappush(heap, (-towers[i], i))
        print(max_blocks)

",False,False,0,0.0
1767B,2,"['for loop', 'recursion']","['for loop', 'heap', 'continue statement']","['for loop', 'if statement', 'sorting', 'continue statement', 'matrix operation', 'misc', 'tuple', 'heap']","import heapq

def solve():
    t = int(input())
    for _ in range(t):
        n = int(input())
        towers = list(map(int, input().split()))
        heap = [(-x, i) for i, x in enumerate(towers)]
        heapq.heapify(heap)
        max_blocks = 0
        while heap:
            _, i = heapq.heappop(heap)
            if max_blocks >= towers[i]:
                continue
            max_blocks += 1
            if i > 1:
                heapq.heappush(heap, (-towers[i] - 1, i - 1))
        print(max_blocks)

",False,False,0,0.0
1767B,3,"['for loop', 'recursion', 'if statement']",['for loop'],"['for loop', 'if statement', 'sorting', 'continue statement', 'matrix operation', 'misc', 'tuple', 'heap']","from larger towers to the first tower (tower 1) as long as the condition is met. Here's the Python code:

```python
import heapq

def solve():
    t = int(input())
    for _ in range(t):
        n = int(input())
        towers = list(map(int, input().split()))
        heap = towers[:]
        heapq.heapify(heap)

        max_blocks = 0
        while heap:
            blocks = heapq.heappop(heap)
            if blocks > max_blocks:
                max_blocks += 1
                if max_blocks == 1:
                    break
                heapq.heappush(heap, blocks - 1)

        print(max_blocks)

",False,False,0,0.0
1767B,4,"['for loop', 'recursion', 'if statement', 'hashmap']",['for loop'],"['for loop', 'if statement', 'sorting', 'continue statement', 'matrix operation', 'misc', 'tuple', 'heap']","import heapq

def solve():
    t = int(input())
    for _ in range(t):
        n = int(input())
        towers = list(map(int, input().split()))
        heap = [(tower, -blocks) for tower, blocks in enumerate(towers)]
        heapq.heapify(heap)
        max_blocks = 0
        while heap:
            tower, blocks = heapq.heappop(heap)
            if blocks > 0:
                max_blocks = max(max_blocks, -blocks)
            if not blocks:
                if heap:
                    heapq.heappush(heap, (heap[0][0], -1))
                    heapq.heappop(heap)
        print(max_blocks)

",False,False,0,0.0
1767A,0,['this is the og problem'],"['if statement', 'for loop', 'tuple', 'matrix operation', 'misc', 'if statement', 'for loop', 'tuple', 'matrix operation', 'misc']","['for loop', 'set', 'if statement', 'while loop', 'hashmap', 'tuple', 'misc']","import math

def is_valid_line(x1, y1, x2, y2, x3, y3, x4, y4):
    # Check if the line is horizontal or vertical
    if x1 == x2 and x3 != x4 or y1 == y2 and y3 != y4:
        return False

    # Calculate the area of the quadrilateral formed by the given points
    area = abs((x1*(y2-y4) + x2*(y4-y1) + x4*(y1-y2)) / 2)

    # Calculate the area of the triangle formed by the first three points
    triangle_area = math.sqrt((x1*(y2-y3) + x2*(y3-y1) + x3*(y1-y2)) / 2)

    # Check if the area of the quadrilateral is equal to the sum of the areas of the two triangles
    if abs(area - triangle_area - triangle_area) < 1e-9:
        return True
    return False

def solve():
    t = int(input())
    for _ in range(t):
        x1, y1 = map(int, input().split())
        x2, y2 = map(int, input().split())
        x3, y3 = map(int, input().split())
        x4, y4 = map(int, input().split())
        if is_valid_line(x1, y1, x2, y2, x3, y3, x4, y4):
            print(""YES"")
        else:
            print(""NO"")

",False,True,1,0.1
1767A,1,['if statement'],"['tuple', 'if statement', 'for loop', 'recursion']","['for loop', 'set', 'if statement', 'while loop', 'hashmap', 'tuple', 'misc']","import math

def determinant(p, q):
    return p[0]*q[1] - p[1]*q[0]

def area(x1, y1, x2, y2, x3, y3):
    return abs(determinant((x1, y1), (x2, y2)) + determinant((x2, y2), (x3, y3)) + determinant((x3, y3), (x1, y1))) / 2

def is_horizontal_or_vertical(x1, y1, x2, y2):
    return abs(x1 - x2) == 0 or abs(y1 - y2) == 0

def solve():
    t = int(input())
    for _ in range(t):
        x1, y1, x2, y2, x3, y3 = map(int, input().split())
        if area(x1, y1, x2, y2, x3, y3) > 0:
            for i in range(3):
                for j in range(i+1, 3):
                    if is_horizontal_or_vertical(x1, y1, x2, y2) or is_horizontal_or_vertical(x2, y2, x3, y3) or is_horizontal_or_vertical(x3, y3, x1, y1):
                        if is_horizontal_or_vertical(x1, y1, x2, y2) and is_horizontal_or_vertical(x2, y2, x3, y3):
                            print(""YES"")
                            break
                        elif (determinant((x1, y1), (x2, y2)) == 0 and determinant((x2, y2), (x3, y3)) == 0) or (determinant((x1, y1), (x3, y3)) == 0 and determinant((x3, y3), (x1, y1)) == 0):
                            print(""YES"")
                            break
                    else:
                        continue
                else:
                    print(""NO"")
                    break
        else:
            print(""NO"")

",False,False,1,0.25
1767A,2,"['if statement', 'misc']","['if statement', 'for loop', 'tuple']","['for loop', 'set', 'if statement', 'while loop', 'hashmap', 'tuple', 'misc']","import math
import itertools

def slope(x1, y1, x2, y2):
    if x1 == x2:
        return None
    return (y2 - y1) / (x2 - x1)

def is_horizontal(slope):
    return slope is None or slope == 0

def is_vertical(slope):
    return slope is None or slope == float('inf')

def cut_triangle(x1, y1, x2, y2, x3, y3):
    points = [(x1, y1), (x2, y2), (x3, y3)]
    areas = abs(0.5 * math.fabs(sum(map(lambda p1, p2: (p1[0] * p2[1] - p1[1] * p2[0]), zip(points[1:], points[:-1]))))
    if areas == 0:
        return False

    slopes = [slope(x1, y1, x2, y2), slope(x2, y2, x3, y3), slope(x3, y3, x1, y1)]
    if any(is_horizontal(slope) and any(is_vertical(slope2) for slope2 in slopes) for slope in slopes):
        return True
    return False

def solve():
    t = int(input())
    for _ in range(t):
        x1, y1 = map(int, input().split())
        x2, y2 = map(int, input().split())
        x3, y3 = map(int, input().split())
        print(""YES"" if cut_triangle(x1, y1, x2, y2, x3, y3) else ""NO"")

",False,False,0,0.0
1767A,3,"['if statement', 'misc', 'for loop']",['for loop'],"['for loop', 'set', 'if statement', 'while loop', 'hashmap', 'tuple', 'misc']","import math

def area(x1, y1, x2, y2, x3, y3):
    return abs(0.5 * math.fabs(x1 * (y2 - y3) + x2 * (y3 - y1) + x3 * (y1 - y2)))

def solve():
    n = int(input())
    for _ in range(n):
        x1, y1 = map(int, input().split())
        x2, y2 = map(int, input().split())
        x3, y3 = map(int, input().split())

        # Check if the triangle is non-degenerate
        if area(x1, y1, x2, y2, x3, y3) == 0:
            print(""NO"")
            continue

        # Calculate the centroid of the triangle
        x_centroid, y_centroid = (x1 + x2 + x3) / 3, (y1 + y2 + y3) / 3

        # Check if the centroid is on the x-axis or y-axis
        if x_centroid - x1 == x2 - x1 == x3 - x1:
            print(""YES"")
        elif y_centroid - y1 == y2 - y1 == y3 - y1:
            print(""YES"")
        else:
            print(""NO"")

",False,False,0,0.0
1767A,4,"['if statement', 'misc', 'for loop', 'while loop']","['if statement', 'for loop', 'continue statement', 'tuple']","['for loop', 'set', 'if statement', 'while loop', 'hashmap', 'tuple', 'misc']","import math

def centroid(x1, y1, x2, y2, x3, y3):
    x = (x1 + x2 + x3) / 3
    y = (y1 + y2 + y3) / 3
    return x, y

def solve():
    cases = int(input())
    for _ in range(cases):
        x1, y1 = map(int, input().split())
        x2, y2 = map(int, input().split())
        x3, y3 = map(int, input().split())

        area = abs((x1 * (y2 - y3) + x2 * (y3 - y1) + x3 * (y1 - y2)) / 2)
        if area <= 0:
            print(""NO"")
            continue

        x, y = centroid(x1, y1, x2, y2, x3, y3)
        if x == int(x) and y == int(y):
            print(""YES"")
        else:
            print(""NO"")

",False,False,1,0.25
1766A,0,['this is the og problem'],"['for loop', 'if statement']","['for loop', 'misc', 'tuple', 'if statement', 'while loop', 'recursion', 'matrix operation']","from collections import Counter

def solve():
    t = int(input())
    for _ in range(t):
        n = int(input())
        count = sum(1 for num in str(n) if num != '0') if len(str(n)) > 1 else 0
        print(count)

",False,True,0,0.0
1766A,1,['for loop'],"['for loop', 'if statement']","['for loop', 'misc', 'tuple', 'if statement', 'while loop', 'recursion', 'matrix operation']","import math
import re

def solve():
    t = int(input())
    for _ in range(t):
        n = int(input())
        count = 0
        for i in range(1, n + 1):
            if len(str(i)) == 1 or (len(str(i)) == 2 and str(i)[0] == '1'):
                count += 1
        print(count)

",False,False,0,0.0
1766A,2,"['for loop', 'while loop']","['for loop', 'if statement']","['for loop', 'misc', 'tuple', 'if statement', 'while loop', 'recursion', 'matrix operation']","from collections import Counter
import re

def solve():
    t = int(input())
    for _ in range(t):
        n = int(input())
        count = sum(1 for num in str(n) if num != '0' and len(str(num)) == 1)
        print(count)

",False,False,0,0.0
1766A,3,"['for loop', 'while loop', 'recursion']","['for loop', 'dictionary', 'if statement']","['for loop', 'misc', 'tuple', 'if statement', 'while loop', 'recursion', 'matrix operation']","from collections import defaultdict

def solve():
    # Create a dictionary to store the count of extremely round numbers for each digit
    count_dict = defaultdict(int)
    count_dict[0] = 9  # 000, 00, 0, 01, 02, 03, 04, 05, 06, 07, 08, 09 are extremely round numbers
    count_dict[1] = 1  # 1 is the only one-digit number that is extremely round
    count_dict[2] = 1  # 2 is the only two-digit number that is extremely round

    # Iterate through digits from 3 to 9
    for digit in range(3, 10):
        # Calculate the count for the current digit and the next digit
        next_count = count_dict[digit - 1]
        count = next_count + count_dict[digit]

        # If the current digit is 5 or 0, add the count of the previous digit (except for 00)
        if digit in (5, 0):
            count += count_dict[digit - 2] if digit != 0 else 0

        # Update the count for the current digit
        count_dict[digit] = count

    # Read the number of test cases
    t = int(input())

    # Iterate through test cases
    for _ in range(t):
        n = int(input())
        # Calculate the count of extremely round numbers in the given range
        count = sum(count_dict[digit] for digit in str(n))
        print(count)

",False,False,1,0.3333333333333333
1766A,4,"['for loop', 'while loop', 'recursion', 'misc']","['for loop', 'if statement', 'misc']","['for loop', 'misc', 'tuple', 'if statement', 'while loop', 'recursion', 'matrix operation']","import re

def solve():
    test_cases = int(input())
    for _ in range(test_cases):
        n = int(input())
        count = sum(1 for num in range(1, n + 1) if len(re.findall(r'\d', str(num))) == 1)
        print(count)

",False,False,0,0.0
1766A,5,"['for loop', 'while loop', 'recursion', 'misc', 'if statement']","['for loop', 'if statement']","['for loop', 'misc', 'tuple', 'if statement', 'while loop', 'recursion', 'matrix operation']","from math import log10, floor

def solve():
    for _ in range(int(input())):
        n = int(input())
        count = 0
        for i in range(1, n + 1):
            if floor(log10(i)) == 1 and i != 10:
                count += 1
        print(count)

",False,False,0,0.0
1765B,0,['this is the og problem'],"['if statement', 'for loop', 'break statement']","['if statement', 'for loop', 'matrix operation', 'break statement', 'set', 'misc', 'while loop', 'recursion']","import math

def solve():
    t = int(input())
    for _ in range(t):
        n = int(input())
        s = input()
        if math.gcd(n, 2) != 1:
            print(""NO"")
        else:
            odd_count = 0
            for char in s:
                if odd_count % 2 == 1:
                    if s.count(char) % 2 != 1:
                        print(""NO"")
                        break
                odd_count += 1
            else:
                print(""YES"")

",False,True,0,0.0
1765B,1,['break statement'],"['for loop', 'if statement', 'dictionary']","['if statement', 'for loop', 'matrix operation', 'break statement', 'set', 'misc', 'while loop', 'recursion']","import collections

def solve():
    t = int(input())
    for _ in range(t):
        n = int(input())
        word = input()
        count = collections.Counter(word)
        odd_count = sum(1 for k, v in count.items() if v % 2 != 0)
        if odd_count > 1:
            print(""NO"")
        else:
            print(""YES"")

",False,True,1,0.3333333333333333
1765B,2,"['break statement', 'if statement']",['for loop'],"['if statement', 'for loop', 'matrix operation', 'break statement', 'set', 'misc', 'while loop', 'recursion']","from collections import Counter

def solve(words):
    for word in words:
        count = Counter()
        for i in range(len(word)):
            count[word[i]] += (i // 2 + 1)
        if all(count[c] % 2 == 0 for c in word):
            print(""YES"")
        else:
            print(""NO"")

",False,True,0,0.0
1765B,3,"['break statement', 'if statement', 'while loop']","['for loop', 'dictionary']","['if statement', 'for loop', 'matrix operation', 'break statement', 'set', 'misc', 'while loop', 'recursion']","from collections import Counter

def solve(words):
    for word in words:
        count = Counter()
        for i in range(len(word)):
            count[word[i]] += (i // 2 + 1)
        if len(count) != len(set(count.values())):
            print(""NO"")
        else:
            print(""YES"")

",False,True,1,0.5
1765B,4,"['break statement', 'if statement', 'while loop', 'hashmap']",['for loop'],"['if statement', 'for loop', 'matrix operation', 'break statement', 'set', 'misc', 'while loop', 'recursion']","def solve():
    import itertools

    def is_valid(word):
        # Generate all possible sequences of pressing a key twice and once
        sequences = list(itertools.chain.from_iterable(itertools.product([True, False], repeat=len(word))))

        # Check if any sequence results in the given word
        for sequence in sequences:
            current_letter = ''
            for i, is_double in enumerate(sequence):
                if is_double:
                    current_letter += word[i] * 2
                else:
                    current_letter += word[i]
            if current_letter == word:
                return True
        return False

    t = int(input())
    for _ in range(t):
        n = int(input())
        word = input()
        if is_valid(word):
            print(""YES"")
        else:
            print(""NO"")

",False,True,0,0.0
1765B,5,"['break statement', 'if statement', 'while loop', 'hashmap', 'for loop']","['recursion', 'if statement', 'dynamic programming']","['if statement', 'for loop', 'matrix operation', 'break statement', 'set', 'misc', 'while loop', 'recursion']","from functools import lru_cache

@lru_cache(maxsize=None)
def count_bits(n: int) -> int:
    return bin(n).count('1')

def solve(word: str) -> str:
    n = len(word)
    if n == 1:
        return 'YES' if count_bits(1) % 2 == 0 else 'NO'

    return 'YES' if count_bits(n) % 2 == 0 else 'NO'

",False,False,1,0.3333333333333333
1764A,0,['this is the og problem'],"['for loop', 'dictionary', 'break statement']","['for loop', 'tuple', 'misc', 'if statement', 'matrix operation', 'while loop']","from collections import defaultdict
import sys

def solve():
    n = int(input())
    a = list(map(int, input().split()))
    freq = defaultdict(int)
    for num in a:
        freq[num] += 1
    max_freq = max(freq.values())
    max_count = sum(freq.values())
    ans = [0, 0]
    for i in range(1, n):
        freq[a[i-1]] -= 1
        freq[a[i]] += 1
        count = sum(freq.values())
        while count < max_count:
            freq[a[ans[1]]] -= 1
            ans[1] += 1
            if a[ans[1]] not in freq:
                break
            freq[a[ans[1]]] += 1
            count += 1
        ans[1] += 1
        if a[ans[1]] not in freq:
            break
        ans[1] += 1
    print(ans[0], ans[1])

",False,True,2,0.6666666666666666
1764A,1,['sliding window'],['for loop'],"['for loop', 'tuple', 'misc', 'if statement', 'matrix operation', 'while loop']","from collections import defaultdict

def solve():
    n = int(input())
    a = list(map(int, input().split()))
    freq = defaultdict(int)
    for num in a:
        freq[num] += 1
    max_freq = max(freq.values())
    max_count = sum(freq.values())
    ans = [0, 0]
    for i in range(1, n):
        freq[a[i-1]] -= 1
        freq[a[i]] += 1
        while max_freq < max_count - len(freq):
            freq[a[ans[1]]] -= 1
            ans[1] += 1
            a[ans[1]] = a[ans[1] % n]
        while max_freq > freq[a[ans[1]]]:
            freq[a[ans[0]]] -= 1
            ans[0] += 1
        ans[1] += 1
        freq[a[ans[1]]] += 1
        if max_freq < freq[a[ans[1]]]:
            max_freq = freq[a[ans[1]]]
        if ans[1] - ans[0] > max_count - max_freq:
            max_count = ans[1] - ans[0]
    print(ans[0]+1, ans[1]+1)

",False,True,0,0.0
1764A,2,"['sliding window', 'for loop']","['tree', 'recursion', 'if statement', 'heap']","['for loop', 'tuple', 'misc', 'if statement', 'matrix operation', 'while loop']","import sys
import heapq
from typing import List

class SegmentTree:
    def __init__(self, n: int):
        self.n = n
        self.size = 4 * n
        self.tree = [0] * self.size
        self.lazy = [0] * self.size

    def build(self, arr: List[int], k: int, l: int, r: int):
        if l == r:
            self.tree[k] = arr[l]
            return arr[l]

        m = (l + r) // 2
        self.build(arr, 2 * k, l, m)
        self.build(arr, 2 * k + 1, m + 1, r)
        self.tree[k] = min(self.tree[2 * k], self.tree[2 * k + 1])
        return self.tree[k]

    def update(self, k: int, l: int, r: int, i: int, x: int, v: int):
        if i < l or r < i:
            return
        if l == r:
            self.tree[k] = v
            self.lazy[k] = v
            return

        m = (l + r) // 2
        if i <= m:
            self.update(2 * k, l, m, i, x, v)
        else:
            self.update(2 * k + 1, m + 1, r, i, x, v)
        self.tree[k] = min(self.tree[2 * k], self.tree[2 * k + 1])

    def query(self, k: int, l: int, r: int, i: int, j: int) -> int:
        if self.lazy[k]:
            self.update(2 * k, 1, self.n, i, j, self.lazy[k])
            self.lazy[k] = 0
        if i > r or j < l:
            return sys.maxsize
        if i <= l and r <= j:
            return self.tree[k]
        m = (l + r) // 2
        return min(self.query(2 * k, l, m, i, j), self.query(2 * k + 1, m + 1, r, i, j))

    def range_sum(self, l: int, r: int) -> int:
        return self.query(1, 1, self.n, l, r)

def solve():
    n = int(input())
    a = list(map(int, input().split()))
    seg_tree = SegmentTree(n)
    seg_tree.build(a, 1, 1, n)
    ans = (0, 0)
    for i in range(1, n):
        c = seg_tree.range_sum(i + 1, n)
        r = seg_tree.range_sum(1, i) + c
       
",False,True,3,0.75
1764A,3,"['sliding window', 'for loop', 'dictionary']",['for loop'],"['for loop', 'tuple', 'misc', 'if statement', 'matrix operation', 'while loop']","import sys
import bisect

def solve():
    n = int(input())
    a = list(map(int, input().split()))
    a.sort()

    def count_distinct(r):
        return bisect.bisect_right(a, a[r]) - r

    l, r = 0, 1
    max_len = 0
    for i in range(1, n):
        while r < n and count_distinct(r) <= r - i:
            r += 1
        max_len = max(max_len, r - i)
        l = i

    print(l+1, l+max_len)

",False,False,0,0.0
1763A,0,['this is the og problem'],"['for loop', 'if statement', 'continue statement', 'set', 'heap', 'while loop']","['while loop', 'if statement', 'for loop', 'matrix operation', 'hashmap', 'tuple', 'sorting']","import heapq

def solve():
    t = int(input())
    for _ in range(t):
        n = int(input())
        a = list(map(int, input().split()))
        if n == 1:
            print(0)
            continue
        min_heap = [(-x, i) for i, x in enumerate(a)]
        max_heap = []
        heapq.heapify(min_heap)
        swapped = set()
        while min_heap and max_heap and min_heap[0][0] <= max_heap[0][0] * 2:
            _, i = heapq.heappop(min_heap)
            _, j = heapq.heappop(max_heap)
            b = len(bin(a[i])[2:]) - len(bin(a[j])[2:])
            if b > 0:
                a[i] ^= (1 << (b - 1))
                a[j] ^= (1 << (b - 1))
                swapped.add(i)
                swapped.add(j)
            else:
                a[i] ^= (1 << b)
                a[j] ^= (1 << b)
                swapped.add(i)
                swapped.add(j)
            heapq.heappush(min_heap, (-a[i], i))
            heapq.heappush(max_heap, (a[j], j))
        max_val = max(a)
        min_val = min(a)
        for i in swapped:
            max_val -= a[i]
            min_val -= a[i]
        print(max_val - min_val)

",False,True,3,0.5
1763A,1,['if statement'],"['for loop', 'while loop', 'if statement', 'sorting', 'binary search', 'misc']","['while loop', 'if statement', 'for loop', 'matrix operation', 'hashmap', 'tuple', 'sorting']","from functools import reduce
from math import ceil

def solve():
    for _ in range(int(input())):
        n = int(input())
        a = list(map(int, input().split()))
        a = sorted(a)
        for i in range(len(a) - 1):
            a[i] ^= a[i + 1]
        def diff(mid):
            max_val = a[0]
            min_val = a[0]
            for num in a:
                max_val = max(max_val, num | (1 << (len(bin(num)) - len(bin(mid)) - 1)))
                min_val = min(min_val, num & ~(1 << (len(bin(num)) - len(bin(mid)) - 1)))
            return max_val - min_val
        left = 0
        right = a[-1]
        while left < right:
            mid = (left + right) // 2
            if diff(mid) >= diff(right):
                right = mid
            else:
                left = mid + 1
        print(diff(left))

",False,False,2,0.3333333333333333
1763A,2,"['if statement', 'for loop']",['for loop'],"['while loop', 'if statement', 'for loop', 'matrix operation', 'hashmap', 'tuple', 'sorting']","from functools import reduce

def solve():
    def xor(a):
        return reduce(lambda x, y: x ^ y, a)

    def swap_bits(a, i, j, b):
        mask = (1 << b) - 1
        return [(a[i] ^ (mask << (b+1))) | (a[j] & ~mask), (a[j] ^ (mask << (b+1))) | (a[i] & ~mask)]

    def solve_internal(a):
        if len(a) == 1:
            return a[0]
        xor_val = xor(a)
        for i in range(len(a)):
            for j in range(i+1, len(a)):
                for b in range(len(bin(a[i])) - 2, -1, -1):
                    a[i], a[j] = swap_bits(a, i, j, b)
                    if xor(a) > xor_val:
                        xor_val = xor(a)
                    a[i], a[j] = a[j], a[i]
        return xor_val

    t = int(input())
    for _ in range(t):
        n = int(input())
        a = list(map(int, input().split()))
        print(solve_internal(a))

",False,False,0,0.0
1763A,3,"['if statement', 'for loop', 'set']","['if statement', 'for loop']","['while loop', 'if statement', 'for loop', 'matrix operation', 'hashmap', 'tuple', 'sorting']","from functools import reduce
from operator import xor

def solve():
    def xor_bits(a, b, pos):
        return (a << pos) ^ (b << pos) | (a >> (32 - pos)) ^ (b >> (32 - pos))

    def process(arr):
        n = len(arr)
        max_val = float('-inf')
        min_val = float('inf')

        for i in range(n):
            for j in range(i + 1, n):
                for pos in range(32):
                    new_arr = arr.copy()
                    new_arr[i] = xor_bits(new_arr[i], new_arr[j], pos)
                    new_arr[j] = xor_bits(new_arr[i], new_arr[j], pos)
                    if max(new_arr) - min(new_arr) > max_val - min_val:
                        max_val = max(new_arr)
                        min_val = min(new_arr)

        return max_val - min_val

    t = int(input().strip())
    for _ in range(t):
        n = int(input().strip())
        arr = list(map(int, input().strip().split()))
        print(process(arr))

",False,False,0,0.0
1763A,4,"['if statement', 'for loop', 'set', 'misc']",['for loop'],"['while loop', 'if statement', 'for loop', 'matrix operation', 'hashmap', 'tuple', 'sorting']","import heapq

def solve():
    t = int(input())
    for _ in range(t):
        n = int(input())
        a = list(map(int, input().split()))
        h = [(-x, i) for i, x in enumerate(a)]
        pq = [(i, -a[i]) for i in range(n)]
        heapq.heapify(pq)

        while pq:
            i, x = heapq.heappop(pq)
            if x != -h[0][0]:
                j, y = heapq.heappop(pq)
                b = (i // (2 ** len(bin(i)[2:])) if i > j else j // (2 ** len(bin(j)[2:])))
                a[i], a[j] = a[j], a[i]
                h[i], h[j] = h[j], h[i]
                heapq.heappush(pq, (i, -a[i]))
                heapq.heappush(pq, (j, -a[j]))

        print(h[0][0] - h[-1][0])

",False,False,0,0.0
1762A,0,['this is the og problem'],['for loop'],"['for loop', 'if statement', 'while loop', 'break statement', 'continue statement', 'minimax', 'hashmap', 'matrix operation', 'misc', 'queue', 'cin statement', 'cout statement', 'minimized operation', 'arithmetic operation', 'tuple', 'stack']","from math import floor

def solve():
    t = int(input())
    for _ in range(t):
        n = int(input())
        a = list(map(int, input().split()))
        total = sum(a)
        operations = 0

        if total & 1:  # check if total is odd
            operations += total // 2  # if total is odd, we need to make it even, so divide by 2
            for i in range(n):
                a[i] += total // 2  # add half of total to each element to make total even

        for i in range(n):
            if a[i] % 2 != 0:  # check if each element is even
                operations += 1  # if not, add 1 to operations
                a[i] = floor(a[i] / 2)  # divide each odd element by 2

        print(operations)

",False,True,0,0.0
1762A,1,['continue statement'],['for loop'],"['for loop', 'if statement', 'while loop', 'break statement', 'continue statement', 'minimax', 'hashmap', 'matrix operation', 'misc', 'queue', 'cin statement', 'cout statement', 'minimized operation', 'arithmetic operation', 'tuple', 'stack']","from math import floor

def solve():
    t = int(input())
    for _ in range(t):
        n = int(input())
        a = list(map(int, input().split()))
        sum_a = sum(a)
        operations = 0
        while sum_a % 2 != 0:
            operations += 1
            new_sum = sum_a
            for i in range(n):
                new_sum -= a[i]
                a[i] = floor(a[i] / 2)
                new_sum += 2 * floor(a[i] / 2)
            sum_a = new_sum
        print(operations)

",False,True,0,0.0
1762A,2,"['continue statement', 'hashmap']","['recursion', 'divide & conquer', 'matrix operation']","['for loop', 'if statement', 'while loop', 'break statement', 'continue statement', 'minimax', 'hashmap', 'matrix operation', 'misc', 'queue', 'cin statement', 'cout statement', 'minimized operation', 'arithmetic operation', 'tuple', 'stack']","def solve():
    import sys
    from itertools import accumulate
    input = sys.stdin.readline

    def sum_mod(a, m):
        return (sum(a) % m + m) % m

    def solve_subarray(a, low, high):
        if low == high:
            return 0 if a[low] % 2 == 0 else 1
        mid = (low + high) // 2
        left = solve_subarray(a, low, mid)
        right = solve_subarray(a, mid + 1, high)
        if sum_mod(accumulate(a[mid:high + 1]), 2) == 0:
            return min(left, right)
        else:
            return 1 + min(left + right - (high - mid), left + solve_subarray(a, low, mid))

    t = int(input())
    for _ in range(t):
        n = int(input())
        a = list(map(int, input().split()))
        print(solve_subarray(a, 0, n - 1))

",False,True,2,0.6666666666666666
1762A,3,"['continue statement', 'hashmap', 'if statement']","['while loop', 'if statement', 'break statement', 'for loop', 'dictionary']","['for loop', 'if statement', 'while loop', 'break statement', 'continue statement', 'minimax', 'hashmap', 'matrix operation', 'misc', 'queue', 'cin statement', 'cout statement', 'minimized operation', 'arithmetic operation', 'tuple', 'stack']","from math import floor

def solve():
    while True:
        n = int(input())
        if n == 0:
            break
        a = list(map(int, input().split()))
        sum_a = sum(a)
        operations = 0
        if sum_a % 2 != 0:
            for i in range(n):
                a[i] = floor(a[i] + (2 - sum_a % 2))
                operations += 1
        print(operations)

",False,False,1,0.2
1762A,4,"['continue statement', 'hashmap', 'if statement', 'while loop']",['for loop'],"['for loop', 'if statement', 'while loop', 'break statement', 'continue statement', 'minimax', 'hashmap', 'matrix operation', 'misc', 'queue', 'cin statement', 'cout statement', 'minimized operation', 'arithmetic operation', 'tuple', 'stack']","from math import floor

def solve():
    def dfs(arr, target, index=0):
        if index == len(arr):
            return target == 0
        res = float('inf')
        res = min(res, dfs(arr, target, index + 1))
        if arr[index] > target:
            res = min(res, 1 + dfs(arr, target - arr[index], index + 1))
        return res

    while True:
        t = int(input())
        if not t:
            break
        n = int(input())
        a = list(map(int, input().split()))
        print(dfs(a, sum(a) // 2))

",False,True,0,0.0
1762A,5,"['continue statement', 'hashmap', 'if statement', 'while loop', 'matrix operation']","['recursion', 'divide & conquer', 'while loop']","['for loop', 'if statement', 'while loop', 'break statement', 'continue statement', 'minimax', 'hashmap', 'matrix operation', 'misc', 'queue', 'cin statement', 'cout statement', 'minimized operation', 'arithmetic operation', 'tuple', 'stack']","from math import floor

def solve():
    def divide_and_conquer(arr, start, end):
        if start == end:
            return 0 if sum(arr) % 2 == 0 else 1

        mid = (start + end) // 2
        left_sum = divide_and_conquer(arr, start, mid)
        right_sum = divide_and_conquer(arr, mid + 1, end)

        if left_sum + right_sum > left_sum + (right_sum - left_sum) // 2:
            return left_sum + (right_sum - left_sum) // 2
        else:
            return left_sum + right_sum

    while True:
        try:
            n = int(input())
            a = list(map(int, input().split()))
            print(divide_and_conquer(a, 0, len(a) - 1))
        except EOFError:
            break
",False,False,2,0.6666666666666666
1761A,0,['this is the og problem'],['for loop'],"['for loop', 'if statement', 'while loop', 'tuple', 'misc']","from itertools import permutations
import sys

def solve():
    t = int(input())
    for _ in range(t):
        n, a, b = map(int, input().split())
        if n < max(a, b):
            print(""No"")
            continue
        p = list(permutations(range(1, n+1)))
        for i, perm in enumerate(p):
            if i == len(p) - 1:
                break
            p_len = len(perm)
            if p_len < a or (p_len > a and perm[-a] != p[i+1][0]):
                continue
            suffix = perm[1:] + perm[:a]
            if any(suffix == p[j][1:] for j in range(i+1, len(p))):
                if len(suffix) == b or (len(suffix) > b and suffix[-b:] == p[i+1][1:]):
                    print(""Yes"")
                    break
        else:
            print(""No"")

",True,True,0,0.0
1761A,1,['for loop'],"['recursion', 'dynamic programming', 'if statement', 'for loop']","['for loop', 'if statement', 'while loop', 'tuple', 'misc']","import sys
from functools import lru_cache

def lcs(x, y, m, n):
    if m == 0 or n == 0:
        return 0
    if x[m - 1] == y[n - 1]:
        return 1 + lcs(x, y, m - 1, n - 1)
    else:
        return max(lcs(x, y, m, n - 1), lcs(x, y, m - 1, n))

def lis(arr):
    n = len(arr)
    dp = [1] * n
    for i in range(1, n):
        for j in range(i):
            if arr[j] < arr[i] and dp[i] < dp[j] + 1:
                dp[i] = dp[j] + 1
    return max(dp)

def solve():
    t = int(input())
    for _ in range(t):
        n, a, b = map(int, input().split())
        if lcs(list(range(1, n + 1)), list(reversed(list(range(1, n + 1)))), n, n) == a and lis(list(range(1, n + 1))) - lis(list(reversed(list(range(1, n + 1))))) == b:
            print(""Yes"")
        else:
            print(""No"")

",False,False,2,0.5
1761A,2,"['for loop', 'if statement']",['for loop'],"['for loop', 'if statement', 'while loop', 'tuple', 'misc']","from itertools import permutations
import math

def solve():
    t = int(input())
    for _ in range(t):
        n, a, b = map(int, input().split())
        if a + b > n or a > b:
            print(""No"")
        else:
            # Generate all permutations
            perms = list(permutations(range(1, n+1)))

            # Check for each pair of permutations
            for p, q in zip(perms, perms[1:]):
                # Check if the length of the common prefix is equal to a
                if all(p[i] <= q[i] for i in range(a)):
                    # Check if the length of the common suffix is equal to b
                    if all(p[i] >= q[n-b+i] for i in range(n-b, n)):
                        print(""Yes"")
                        break

    # End of solution

",False,False,0,0.0
1761A,3,"['for loop', 'if statement', 'tuple']","['for loop', 'if statement', 'tuple']","['for loop', 'if statement', 'while loop', 'tuple', 'misc']","from itertools import permutations
import math

def solve():
    t = int(input())
    for _ in range(t):
        n, a, b = map(int, input().split())
        if a + b < n or a > b:
            print(""No"")
        else:
            # Generate all permutations
            perms = list(permutations(range(1, n+1)))

            # Check for each pair of permutations
            for p, q in zip(perms, perms[1:]):
                # Check if the length of the common prefix is equal to a
                if len(list(filter(lambda x: x[0] == x[1][0], zip(p, q)))) == a:
                    # Check if the length of the common suffix is equal to b
                    if len(list(filter(lambda x: x[0] == x[1][-1], zip(p[-a:], q[-a:]))) == b:
                        print(""Yes"")
                        break

            # If no pair was found, print No
            else:
                print(""No"")

",False,False,0,0.0
1760C,0,['this is the og problem'],"['for loop', 'heap', 'if statement', 'dictionary']","['for loop', 'if statement', 'sorting', 'tuple']","import sys
import heapq

def solve():
    t = int(input())
    for _ in range(t):
        n = int(input())
        strengths = list(map(int, input().split()))
        max_strength = max(strengths)
        result = [max_strength - s for s in strengths]
        result[strengths.index(max_strength)] = -1
        print(*result)

",False,True,2,0.5
1760C,1,['for loop'],"['for loop', 'heap', 'tuple', 'if statement']","['for loop', 'if statement', 'sorting', 'tuple']","import heapq

def solve():
    t = int(input())
    for _ in range(t):
        n = int(input())
        strengths = list(map(int, input().split()))
        max_strength = max(strengths)
        heap = [(strength, i) for i, strength in enumerate(strengths) if i != strengths.index(max_strength)]
        heapq.heapify(heap)
        result = []
        for strength, _ in heap:
            result.append(strength - max_strength)
        print(*result)

",False,False,1,0.25
1760C,2,"['for loop', 'while loop']","['if statement', 'for loop', 'heap']","['for loop', 'if statement', 'sorting', 'tuple']","import heapq

def solve():
    t = int(input())
    for _ in range(t):
        n = int(input())
        strengths = list(map(int, input().split()))
        max_strength = max(strengths)
        result = [max_strength - s for s in strengths]
        result[strengths.index(max_strength)] = -1
        heapq.heapify(result)
        print(*result)

",False,False,1,0.3333333333333333
1760C,3,"['for loop', 'while loop', 'if statement']","['heap', 'for loop', 'if statement']","['for loop', 'if statement', 'sorting', 'tuple']","import heapq

def solve(n, strengths):
    max_heaps = []
    for strength in strengths:
        while max_heaps and max_heaps[0] < strength:
            heapq.heappop(max_heaps)
        if max_heaps:
            print(strength - max_heaps[0], end=' ')
        else:
            print(strength, end=' ')
        heapq.heappush(max_heaps, strength)

",False,False,1,0.3333333333333333
1760C,4,"['for loop', 'while loop', 'if statement', 'tuple']","['for loop', 'heap', 'if statement', 'tuple']","['for loop', 'if statement', 'sorting', 'tuple']","import heapq

def solve():
    t = int(input())
    for _ in range(t):
        n = int(input())
        strengths = list(map(int, input().split()))
        max_strength = max(strengths)
        heap = [(strength, i) for i, strength in enumerate(strengths) if i != strengths.index(max_strength)]
        heapq.sort(heap)
        result = [max_strength - heap[i][0] for i in range(n)]
        print(*result)

",False,False,1,0.25
1760C,5,"['for loop', 'while loop', 'if statement', 'tuple', 'set']",['for loop'],"['for loop', 'if statement', 'sorting', 'tuple']","import heapq

def solve(n, strengths):
    max_heaps = [[] for _ in range(n)]
    min_heaps = [[] for _ in range(n)]

    for i, strength in enumerate(strengths):
        heapq.heappush(max_heaps[i], -strength)
        heapq.heappush(min_heaps[i], strength)

        for j in range(i):
            if max_heaps[j] and max_heaps[j][0] > min_heaps[i][0]:
                heapq.heappushpop(max_heaps[i], -min_heaps[j][0])
            if min_heaps[j] and min_heaps[j][0] < max_heaps[i][0]:
                heapq.heappushpop(min_heaps[i], -max_heaps[j][0])

    result = [0] * n
    for i in range(n):
        result[i] = max_heaps[i][0] - strengths[i]

    return result

",False,False,0,0.0
1760B,0,['this is the og problem'],"['for loop', 'if statement', 'set', 'dictionary']","['for loop', 'sorting', 'if statement', 'misc', 'while loop', 'tuple', 'hashmap', 'matrix operation', 'set']","from collections import Counter

def solve():
    t = int(input())
    for _ in range(t):
        n = int(input())
        s = input()
        count = Counter(s)
        alphabet_size = len(set(s))
        missing_letters = 26 - alphabet_size
        if missing_letters > 0:
            missing_letters = min(missing_letters, sum(count.values()))
        print(min(alphabet_size + missing_letters, 26))

",False,True,1,0.25
1760B,1,['if statement'],"['for loop', 'dictionary']","['for loop', 'sorting', 'if statement', 'misc', 'while loop', 'tuple', 'hashmap', 'matrix operation', 'set']","from collections import Counter

def solve():
    t = int(input())
    for _ in range(t):
        n = int(input())
        s = input()
        counter = Counter(s)
        alphabet_size = max(counter.keys()) + 1
        print(alphabet_size)

",False,True,1,0.5
1760B,2,"['if statement', 'for loop']","['for loop', 'dictionary', 'misc']","['for loop', 'sorting', 'if statement', 'misc', 'while loop', 'tuple', 'hashmap', 'matrix operation', 'set']","from collections import Counter

def solve():
    t = int(input())
    for _ in range(t):
        n = int(input())
        s = input()
        counter = Counter(s)
        alphabet_size = len(sorted(list(counter.keys())))
        print(alphabet_size)

",False,False,1,0.3333333333333333
1760B,3,"['if statement', 'for loop', 'set']","['for loop', 'dictionary']","['for loop', 'sorting', 'if statement', 'misc', 'while loop', 'tuple', 'hashmap', 'matrix operation', 'set']","import collections

def solve():
    for _ in range(int(input())):
        n = int(input())
        s = input()
        freq = collections.Counter(s)
        alphabet_size = len(sorted(list(freq.keys())))
        print(alphabet_size)

",False,False,1,0.5
1760B,4,"['if statement', 'for loop', 'set', 'hashmap']","['for loop', 'set', 'if statement']","['for loop', 'sorting', 'if statement', 'misc', 'while loop', 'tuple', 'hashmap', 'matrix operation', 'set']","from math import ceil, log2
import string

def solve():
    for _ in range(int(input())):
        n = int(input())
        s = input()
        alphabet = set(s)
        alphabet_size = len(list(alphabet))
        missing_bits = 26 - alphabet_size
        required_bits = ceil(log2(missing_bits))
        print(required_bits + alphabet_size)

",False,False,0,0.0
1760B,5,"['if statement', 'for loop', 'set', 'hashmap', 'recursion']","['if statement', 'for loop', 'dictionary', 'misc']","['for loop', 'sorting', 'if statement', 'misc', 'while loop', 'tuple', 'hashmap', 'matrix operation', 'set']","import collections
import string

def solve():
    t = int(input())
    for _ in range(t):
        n = int(input())
        s = input()
        alphabet = collections.Counter(s)
        min_alphabet = len(string.ascii_lowercase)
        for char in alphabet:
            min_alphabet = min(min_alphabet, len(string.ascii_lowercase[:alphabet[char]]) + 1)
        print(min_alphabet)

",False,False,1,0.25
1760A,0,['this is the og problem'],"['if statement', 'for loop']","['for loop', 'sorting', 'tuple', 'misc']","import sys

def solve():
    for _ in range(int(input())):
        a, b, c = map(int, input().split())
        if a < b < c or a > b > c:
            print(b)
        elif a < c < b or a > c > b:
            print(c)
        else:
            print(a)

",True,True,1,0.5
1760A,1,['for loop'],"['for loop', 'if statement']","['for loop', 'sorting', 'tuple', 'misc']","import sys

def solve():
    n = int(input())
    for _ in range(n):
        a, b, c = map(int, input().split())
        if a < b < c or a > b > c:
            print(b)
        elif a < c < b or a > c > b:
            print(c)
        else:
            print(a)

",True,False,1,0.5
1760A,2,"['for loop', 'while loop']","['if statement', 'for loop']","['for loop', 'sorting', 'tuple', 'misc']","import sys

def solve():
    n = int(input())
    for _ in range(n):
        a, b, c = map(int, input().split())
        if a < b < c or a > b > c:
            print(b)
        elif a < c < b or a > c > b:
            print(c)
        else:
            print(a)

",True,False,1,0.5
1760A,3,"['for loop', 'while loop', 'tuple']","['for loop', 'if statement']","['for loop', 'sorting', 'tuple', 'misc']","import sys

def solve():
    n = int(input())
    for _ in range(n):
        a, b, c = map(int, input().split())
        if a < b < c or a > b > c:
            print(b)
        elif a < c < b or a > c > b:
            print(c)
        else:
            print(a)

",True,False,1,0.5
1760A,4,"['for loop', 'while loop', 'tuple', 'recursion']","['if statement', 'for loop']","['for loop', 'sorting', 'tuple', 'misc']","import sys

def solve():
    n = int(input())
    for _ in range(n):
        a, b, c = map(int, input().split())
        if a < b < c or a > b > c:
            print(b)
        elif a < c < b or a > c > b:
            print(c)
        else:
            print(a)

",True,False,1,0.5
1760A,5,"['for loop', 'while loop', 'tuple', 'recursion', 'if statement']","['if statement', 'for loop', 'heap']","['for loop', 'sorting', 'tuple', 'misc']","import sys
import heapq

def solve():
    n = int(input())
    for _ in range(n):
        a, b, c = map(int, input().split())
        if a < b < c or a > b > c:
            print(b)
        elif a < c < b or a > c > b:
            print(c)
        else:
            heap = [a, b, c]
            heapq.heapify(heap)
            print(heapq.heappop(heap))

",False,False,2,0.6666666666666666
1759B,0,['this is the og problem'],['for loop'],"['while loop', 'if statement', 'for loop', 'break statement', 'set', 'misc', 'hashmap', 'dictionary', 'tuple', 'matrix operation', 'array']","from itertools import permutations
import sys

def solve():
    t = int(input())
    for _ in range(t):
        m, s = map(int, input().split())
        b = list(map(int, input().split()))
        total = sum(b) + s
        if total != m * (m + 1) // 2:
            print(""NO"")
            continue
        used = set(b)
        for i in range(1, m + 1):
            if i not in used:
                if total - i in used:
                    print(""YES"")
                else:
                    print(""NO"")
                    break
            else:
                if total - i != i:
                    print(""NO"")
                    break

",False,True,0,0.0
1759B,1,['if statement'],"['if statement', 'set', 'tuple', 'for loop', 'if statement', 'set', 'tuple', 'for loop', 'misc']","['while loop', 'if statement', 'for loop', 'break statement', 'set', 'misc', 'hashmap', 'dictionary', 'tuple', 'matrix operation', 'array']","from itertools import permutations
import math

def solve(m, s, b):
    total = sum(b)
    if total != s:
        return ""NO""

    # Generate all permutations of numbers from 1 to m+s
    perms = list(permutations(range(1, m+s+1)))

    # Check if any permutation contains the found numbers and the remaining sum
    for perm in perms:
        found = set(b)
        remaining = set(perm) - found
        if len(remaining) == s - total and len(found) == m:
            return ""YES""

    return ""NO""

",False,False,0,0.0
1759B,2,"['if statement', 'for loop']",['for loop'],"['while loop', 'if statement', 'for loop', 'break statement', 'set', 'misc', 'hashmap', 'dictionary', 'tuple', 'matrix operation', 'array']","from itertools import permutations

def solve(b, s):
    total = sum(b)
    if total != s:
        return ""NO""

    missing = s - total
    candidates = set(range(1, len(b) + 1)) - set(b)
    if missing not in candidates:
        return ""NO""

    perms = list(permutations(candidates))
    for perm in perms:
        if sum(perm) == missing:
            result = b + list(perm)
            result.sort()
            return ""YES""

    return ""NO""

",False,False,0,0.0
1759B,3,"['if statement', 'for loop', 'hashmap']","['if statement', 'for loop', 'set', 'if statement', 'for loop', 'set', 'misc']","['while loop', 'if statement', 'for loop', 'break statement', 'set', 'misc', 'hashmap', 'dictionary', 'tuple', 'matrix operation', 'array']","from itertools import permutations

def solve(m, s, b):
    n = len(b) + (s - sum(b))
    if n > 50 or n < 1:
        return ""NO""

    for perm in permutations(range(1, n + 1)):
        if sum(perm) == s and set(perm) == set(b + list(perm)):
            return ""YES""

    return ""NO""

",False,False,0,0.0
1759B,4,"['if statement', 'for loop', 'hashmap', 'matrix operation']","['if statement', 'recursion', 'back tracking']","['while loop', 'if statement', 'for loop', 'break statement', 'set', 'misc', 'hashmap', 'dictionary', 'tuple', 'matrix operation', 'array']","from math import ceil

def solve(b, s, n, used, permutation):
    if s == 0:
        permutation.sort()
        return True

    if not s or n == 0:
        return False

    if used[b[n - 1]]:
        return False

    used[b[n - 1]] = True
    if solve(b, s - b[n - 1], n - 1, used, permutation):
        permutation.append(b[n - 1])
        return True

    used[b[n - 1]] = False
    for i in range(b[n - 1] + 1, -1, -ceil(b[n - 1] / n) * n):
        if i + b[n - 1] <= s and not used[i]:
            used[i] = True
            if solve(b, s - (i + b[n - 1]), n, used, permutation):
                permutation.append(i)
                permutation.append(b[n - 1])
                return True
            used[i] = False
    return False

",False,False,2,0.6666666666666666
1759B,5,"['if statement', 'for loop', 'hashmap', 'matrix operation', 'while loop']",['for loop'],"['while loop', 'if statement', 'for loop', 'break statement', 'set', 'misc', 'hashmap', 'dictionary', 'tuple', 'matrix operation', 'array']","import math
import itertools

def solve(m, s, b):
    n = m + math.ceil(math.log2(s))
    perms = list(itertools.permutations(range(1, n+1)))
    for perm in perms:
        if sum(perm) == s and set(perm[:m]) == set(b):
            return ""YES""
    return ""NO""

",False,False,0,0.0
1759A,0,['this is the og problem'],['misc'],"['for loop', 'if statement', 'stack']","import re

def solve(s):
    yes_pattern = re.compile(r'(yes|YES|yEs|yes|YEs|yes|Ye|Yes|YES|YEs|yEs|Yes|YES|yes|YEs|Ye|Yes|YES|yEs|Yes|YES|yes|YEs|Ye|Yes|YES|yEs|Yes|YES|yes|YEs|Ye|Yes|YES|yEs|Yes|YES|yes|YEs|Ye|Yes|YES|yEs|Yes|YES|yes|YEs|Ye|Yes|YES|yEs|Yes|YES|yes|YEs|Ye|Yes|YES|yEs|Yes|YES|yes|YEs|Ye|Yes|YES|yEs|Yes|YES|yes|YEs|Ye|Yes|YES|yEs|Yes|YES|yes|YEs|Ye|Yes|YES|yEs|Yes|YES|yes|YEs|Ye|Yes|YES|yEs|Yes|YES|yes|YEs|Ye|Yes|YES|yEs|Yes|YES|yes|YEs|Ye|Yes|YES|yEs|Yes|YES|yes|YEs|Ye|Yes|YES|yEs|Yes|YES|yes|YEs|Ye|Yes|YES|yEs|Yes|YES|yes|YEs|Ye|Yes|YES|yEs|Yes|YES|yes|YEs|Ye|Yes|YES|yEs|Yes|YES|yes|YEs|Ye|Yes|YES|yEs|Yes|YES|yes|YEs|Ye|Yes|YES|yEs|Yes|YES|yes|YEs|Ye|Yes|YES|yEs|Yes|YES|yes|YEs|Ye|Yes|YES|yEs|Yes|YES|yes|YEs|Ye|Yes|YES|yEs|Yes|YES|yes|YEs|Ye|Yes|YES|yEs|Yes|YES|yes|YEs|Ye|Yes|YES|yEs|Yes|YES|yes|YEs|Ye|Yes|YES|yEs|Yes|YES|yes|YEs|Ye|Yes|YES|yEs|Yes|YES|yes|YEs|Ye|Yes|YES|yEs|Yes|YES|yes|YEs|Ye|Yes|YES|yEs|Yes|YES|yes|YEs|Ye|Yes|YES|yEs|Yes|YES|yes|YEs|Ye|Yes|YES|yEs|Yes|YES|yes|YEs|Ye|Yes|YES|yEs|Yes|YES|yes|YEs|Ye|Yes|YES|yEs|Yes|YES|yes|YEs|Ye|Yes|YES|yEs|Yes|YES|yes|YEs|Ye|Yes|YES|yEs|Yes|YES|yes|YEs|Ye|Yes|YES|yEs|Yes|YES|yes|YEs|Ye|Yes|YES|yEs|
",False,True,1,1.0
1759A,1,['for loop'],['if statement'],"['for loop', 'if statement', 'stack']","import re

def solve(s):
    if re.search(r'Yes*', s, re.IGNORECASE):
        return 'YES'
    else:
        return 'NO'

# Test cases
",False,True,0,0.0
1759A,2,"['for loop', 'recursion']","['for loop', 'if statement']","['for loop', 'if statement', 'stack']","import re

def solve():
    tests = int(input())
    for _ in range(tests):
        s = input()
        if re.search(r'Yes*'+s+'Yes*', 'Yes'*1000):
            print(""YES"")
        else:
            print(""NO"")

",False,False,0,0.0
1759A,3,"['for loop', 'recursion', 'if statement']",['if statement'],"['for loop', 'if statement', 'stack']","import re

def solve(s):
    yes_pattern = r'(yes|y(es|s))'
    return bool(re.search(yes_pattern, s.lower()))

",False,False,0,0.0
1758A,0,['this is the og problem'],['for loop'],"['for loop', 'while loop', 'misc', 'matrix operation', 'tuple']","from collections import Counter
import functools

def solve(s):
    count = Counter(s)
    n = len(s)
    double_count = {k: v * 2 for k, v in count.items()}
    odd_count = sum(1 for k, v in double_count.items() if v % 2 != 0)

    if odd_count > 1:
        return ""Impossible""
    elif odd_count == 1:
        mid = n // 2
        for k in double_count:
            if double_count[k] > 1:
                double_count[k] -= 2
            else:
                double_count[k] = 0
                mid -= 1
        middle = functools.reduce(lambda x, y: x + y, double_count.values(), """")
        return middle + middle[::-1] + (s[mid] if odd_count else """") + middle[::-1]
    else:
        return """".join(functools.reduce(lambda x, y: x + y * 2, s, """")[::-1])

",False,True,0,0.0
1758A,1,['for loop'],['for loop'],"['for loop', 'while loop', 'misc', 'matrix operation', 'tuple']","from functools import (reduce)
from operator import (add)

def solve(s):
    double_s = list(s) * 2
    sorted_double_s = sorted(double_s)
    palindrome = ''.join(reduce(add, [sorted_double_s[i:] + sorted_double_s[:i][::-1] for i in range(len(sorted_double_s))])[1:])
    return palindrome

",False,False,0,0.0
1758A,2,"['for loop', 'hashmap']","['while loop', 'if statement', 'stack', 'for loop', 'continue statement']","['for loop', 'while loop', 'misc', 'matrix operation', 'tuple']","from collections import deque

def solve():
    while True:
        n = int(input())
        if n == 0:
            break
        s = input()
        double_s = s * 2
        stack = deque()
        palindrome = """"

        for i, char in enumerate(double_s):
            while stack and stack[-1] != char:
                palindrome += stack.pop()
            stack.append(char)
            if i != len(double_s) - 1:
                palindrome += stack.pop()

        while stack:
            palindrome += stack.pop()
        print(palindrome * 2)

",False,False,3,0.6
1758A,3,"['for loop', 'hashmap', 'if statement']","['while loop', 'if statement', 'break statement', 'stack', 'queue']","['for loop', 'while loop', 'misc', 'matrix operation', 'tuple']","from collections import deque

def solve():
    while True:
        n = int(input())
        if n == 0:
            break
        s = input()
        double_s = s * 2
        stack = deque()
        palindrome = """"

        for i, char in enumerate(double_s):
            while stack and stack[-1] != char:
                palindrome += stack.pop()
            stack.append(char)
            palindrome += char

        while stack:
            palindrome += stack.pop()

        print(palindrome)

",False,False,4,0.8
1758A,4,"['for loop', 'hashmap', 'if statement', 'sorting']","['for loop', 'while loop', 'stack']","['for loop', 'while loop', 'misc', 'matrix operation', 'tuple']","from the stack and insert them at the appropriate position to form a palindrome. Here's the Python code:

```python
from collections import deque

def solve(s):
    n = len(s)
    double_s = s * 2
    stack = deque()
    for i in range(n):
        stack.append((i, double_s[i]))

    palindrome = []
    for i in range(n * 2):
        while stack and palindrome and stack[-1][1] != palindrome[-1]:
            last_popped = stack.pop()
            last_inserted = palindrome.pop()
            palindrome.insert(2 * last_inserted - i - 1, last_popped[1])
        if stack:
            palindrome.insert(2 * stack[-1][0] - i, stack[-1][1])

    return ''.join(palindrome)

",False,False,1,0.3333333333333333
1758A,5,"['for loop', 'hashmap', 'if statement', 'sorting', 'while loop']","['stack', 'for loop', 'if statement']","['for loop', 'while loop', 'misc', 'matrix operation', 'tuple']","from the stack and insert them at their original positions. If the current character is not in the stack, we simply insert it at the end of the result string. Here's the Python code:

```python
from collections import deque

def solve(s):
    n = len(s)
    double_s = s * 2
    stack = deque()
    result = """"

    for i in range(n):
        stack.append((i, s[i]))

    for i in range(n, 2 * n):
        if stack:
            j = stack[-1][0]
            stack.pop()
            result += s[j] * 2
            result = result[:j] + result[j + 1:] + result[j:j + 1]
        else:
            result += double_s[i]

    return result

",False,False,2,0.6666666666666666
1754B,0,['this is the og problem'],"['for loop', 'if statement', 'sorting']","['for loop', 'if statement', 'while loop', 'misc', 'tuple']","import math

def solve():
    for _ in range(int(input())):
        n = int(input())
        arr = list(range(1, n + 1))
        arr.sort(reverse=True)
        for i in range(len(arr) - 1):
            if arr[i + 1] - arr[i] < n - i:
                arr[i], arr[i + 1] = arr[i + 1], arr[i]
        print(*arr)

",False,True,1,0.3333333333333333
1754B,1,['for loop'],"['if statement', 'for loop']","['for loop', 'if statement', 'while loop', 'misc', 'tuple']","import math
import sys

def solve():
    n = int(input())
    if n == 1:
        print(1)
        return

    max_num = n
    min_num = 1
    permutation = [min_num]

    for i in range(2, n + 1):
        permutation.append(max_num)
        diff = max_num - permutation[-2]
        max_num = min(max_num - diff, n)
        min_num = max(min_num + diff, 1)

    print(*permutation)

",False,False,0,0.0
1754B,2,"['for loop', 'recursion']",['for loop'],"['for loop', 'if statement', 'while loop', 'misc', 'tuple']","from vertex u to vertex v, u comes before v in the sorted order.

Here's the Python code for the `solve()` function:

",False,False,0,0.0
1754B,3,"['for loop', 'recursion', 'while loop']","['for loop', 'heap', 'if statement']","['for loop', 'if statement', 'while loop', 'misc', 'tuple']","import heapq

def solve():
    for _ in range(int(input())):
        n = int(input())
        nums = list(range(1, n + 1))
        heapq.heapify(nums)

        result = []
        for _ in range(n):
            result.append(heapq.heappop(nums))
            if len(nums) > 0:
                heapq.heappush(nums, heapq.heappop(nums) + 1)

        print(*result)

",False,False,1,0.3333333333333333
1754B,4,"['for loop', 'recursion', 'while loop', 'stack']","['for loop', 'while loop']","['for loop', 'if statement', 'while loop', 'misc', 'tuple']","from math import gcd

def solve():
    for _ in range(int(input())):
        n = int(input())
        arr = list(range(1, n+1))
        i, j = 0, 1
        gcd_val = gcd(arr[i], arr[j])
        while gcd_val > 1:
            i, j = (j+1) % n, (i+2) % n
            gcd_val = gcd(arr[i], arr[j])
        print(*arr)

",False,False,0,0.0
1754B,5,"['for loop', 'recursion', 'while loop', 'stack', 'if statement']","['for loop', 'while loop', 'if statement', 'tuple', 'two pointers', 'misc']","['for loop', 'if statement', 'while loop', 'misc', 'tuple']","import math

def solve():
    for _ in range(int(input())):
        n = int(input())
        arr = list(range(1, n + 1))
        max_diff = 0
        left, right = 0, 1

        while right < n:
            diff = abs(arr[left] - arr[right])
            if diff > max_diff:
                max_diff = diff
                temp = arr[left]
                for i in range(right, n):
                    arr[i - right] = arr[i]
                arr[n - right] = temp + (n - 1 - left)
                left += 1
                right += 1
            elif diff == max_diff:
                right += 1
            else:
                left += 1

        print(*arr)

",False,False,1,0.16666666666666666
1754A,0,['this is the og problem'],"['for loop', 'if statement']","['for loop', 'if statement', 'while loop', 'misc', 'break statement']","import re

def solve():
    t = int(input())
    for _ in range(t):
        n = int(input())
        dialog = input()
        if re.search(r'Q+[A]*$', dialog) and re.search(r'^Q', dialog) and re.search(r'[A]+Q*$', dialog):
            print(""Yes"")
        else:
            print(""No"")

",False,True,0,0.0
1754A,1,['for loop'],"['for loop', 'queue', 'set', 'if statement', 'break statement']","['for loop', 'if statement', 'while loop', 'misc', 'break statement']","from collections import deque

def solve():
    t = int(input())
    for _ in range(t):
        n = int(input())
        messages = list(input())
        queue = deque([messages[0]])
        answered = set()

        for m in messages[1:]:
            if m == 'Q':
                if queue and queue[-1] == 'A':
                    answered.add(queue.popleft())
                else:
                    print(""No"")
                    break
            else:
                if m == 'A' and queue and queue[-1] == 'Q':
                    answered.add(queue.pop())
                else:
                    print(""No"")
                    break

        else:
            if not messages or len(answered) != len(set(messages)):
                print(""No"")
            else:
                print(""Yes"")

",False,False,2,0.4
1754A,2,"['for loop', 'if statement']","['for loop', 'queue', 'set', 'if statement', 'break statement']","['for loop', 'if statement', 'while loop', 'misc', 'break statement']","from collections import deque

def solve():
    t = int(input())
    for _ in range(t):
        n = int(input())
        messages = list(input())
        queue = deque([messages[0]])
        answered = set()

        for m in messages[1:]:
            if m == 'Q':
                if queue and queue[-1] == 'A':
                    answered.add(queue.popleft())
                else:
                    print(""No"")
                    break
            else:
                if m == 'A' and queue and queue[-1] == 'Q':
                    answered.add(queue.pop())
                else:
                    print(""No"")
                    break

        else:
            if not messages or (messages and messages[-1] == 'A' and not answered):
                print(""No"")
            elif len(answered) == len(set(answered)):
                print(""Yes"")
            else:
                print(""No"")

",False,False,2,0.4
1754A,3,"['for loop', 'if statement', 'misc']",['for loop'],"['for loop', 'if statement', 'while loop', 'misc', 'break statement']","from collections import deque

def solve():
    t = int(input())
    for _ in range(t):
        n = int(input())
        dialog = list(input())
        queue = deque([dialog[0]])
        answered = set()

        for message in dialog[1:]:
            if message == 'Q':
                if queue:
                    if queue[-1] == 'A':
                        answered.add(queue.popleft())
                    else:
                        break
                else:
                    break
            else:
                if message not in answered:
                    answered.add(message)
                    queue.append(message)

        if not dialog or len(answered) == len(dialog):
            print(""Yes"")
        else:
            print(""No"")

",False,False,0,0.0
1754A,4,"['for loop', 'if statement', 'misc', 'recursion']","['if statement', 'for loop', 'queue', 'break statement']","['for loop', 'if statement', 'while loop', 'misc', 'break statement']","import collections

def solve():
    t = int(input())
    for _ in range(t):
        n = int(input())
        dialog = list(input())
        if dialog[0] == 'Q':
            queue = collections.deque([dialog[0]])
            for i in range(1, n):
                if dialog[i] == 'Q':
                    if queue:
                        queue.popleft()
                    else:
                        print(""No"")
                        break
                else:
                    queue.append(dialog[i])
            else:
                print(""Yes"")

",False,False,1,0.25
1750B,0,['this is the og problem'],"['for loop', 'queue', 'if statement', 'while loop']","['for loop', 'if statement', 'greedy algorithm', 'misc', 'dictionary', 'tuple', 'hashmap', 'while loop', 'queue']","from collections import deque

def solve():
    t = int(input())
    for _ in range(t):
        n = int(input())
        s = input()
        max_cost = 0
        q = deque()
        zeros = ones = 0
        for i in range(n):
            if s[i] == '0':
                zeros += 1
            else:
                ones += 1
            while q and q[-1] == '0' and zeros > ones:
                zeros -= q.popleft()
            max_cost = max(max_cost, zeros * ones if ones > 0 and zeros > 0 else zeros ** 2 if ones == 0 else ones ** 2)
            q.append(i)
        print(max_cost)

",False,True,0,0.0
1750B,1,['if statement'],"['for loop', 'if statement', 'dynamic programming']","['for loop', 'if statement', 'greedy algorithm', 'misc', 'dictionary', 'tuple', 'hashmap', 'while loop', 'queue']","import sys

def solve():
    t = int(input())
    for _ in range(t):
        n = int(input())
        s = input().strip()
        dp = [0] * (n + 1)
        for i in range(1, n + 1):
            dp[i] = dp[i - 1]
            if s[i - 1] == '0':
                dp[i] = max(dp[i], dp[i - 2] * 2)
            else:
                dp[i] = max(dp[i], dp[i - 1] * 2)
        print(dp[n])

",False,False,1,0.3333333333333333
1750B,2,"['if statement', 'for loop']","['for loop', 'if statement', 'queue', 'stack', 'hashmap']","['for loop', 'if statement', 'greedy algorithm', 'misc', 'dictionary', 'tuple', 'hashmap', 'while loop', 'queue']","from the `collections` library to solve the problem efficiently without using for loops or if statements.

```python
from collections import deque

def solve():
    t = int(input())
    for _ in range(t):
        n = int(input())
        s = input()
        q = deque()
        max_cost = 0
        for i in range(n):
            if s[i] == '0':
                while q and q[-1] == '1':
                    q.pop()
                q.append(s[i])
            else:
                while q and q[-1] == '0':
                    q.pop()
                q.append(s[i])
            max_cost = max(max_cost, len(q))
        print(max_cost**2)

",False,False,1,0.2
1750B,3,"['if statement', 'for loop', 'break statement']","['for loop', 'if statement', 'dynamic programming']","['for loop', 'if statement', 'greedy algorithm', 'misc', 'dictionary', 'tuple', 'hashmap', 'while loop', 'queue']","import sys

def solve():
    t = int(input())
    for _ in range(t):
        n = int(input())
        s = input().strip()
        dp = [0] * (n + 1)
        for i in range(1, n + 1):
            dp[i] = dp[i - 1]
            if s[i - 1] == '0':
                dp[i] = max(dp[i], dp[i - 2] * 2)
            else:
                dp[i] = max(dp[i], dp[i - 1] * 2)
        print(dp[n])

",False,False,1,0.3333333333333333
1750B,4,"['if statement', 'for loop', 'break statement', 'while loop']",['for loop'],"['for loop', 'if statement', 'greedy algorithm', 'misc', 'dictionary', 'tuple', 'hashmap', 'while loop', 'queue']","from functools import reduce
from operator import mul

def solve():
    t = int(input())
    for _ in range(t):
        n = int(input())
        s = input()
        dp = [0] * (n + 1)
        for i in range(1, n + 1):
            dp[i] = dp[i - 1]
            if s[i - 1] == '1':
                dp[i] += dp[i - 2] if i > 1 else 0
            else:
                dp[i] += dp[i - 2] * 2 if i > 2 else 0
        print(dp[-1])

",False,False,0,0.0
1750A,0,['this is the og problem'],['for loop'],"['if statement', 'for loop', 'while loop', 'misc', 'sorting']","import sys
from collections import Counter

def solve():
    n = int(input())
    a = list(map(int, input().split()))
    c = Counter(a)
    for i in range(n - 2):
        for j in range(i + 1, n - 1):
            for k in range(j + 1, n):
                if a[i] > a[k] and c[a[i] + a[j]]:
                    a[i] += a[j]
                    del a[j]
                    a.insert(i + 1, a[j])
                    c[a[i]] -= 1
                    c[a[j]] -= 1
                    c[a[i] - a[j]] += 1
                    break
                elif a[j] > a[k]:
                    a[j], a[k] = a[k], a[j]
    if all(sorted(a)):
        print(""Yes"")
    else:
        print(""No"")

",False,True,0,0.0
1750A,1,['for loop'],"['if statement', 'for loop', 'break statement']","['if statement', 'for loop', 'while loop', 'misc', 'sorting']","from itertools import permutations

def is_sorted(a):
    for i in range(1, len(a)):
        if a[i] < a[i-1]:
            return False
    return True

def solve():
    t = int(input())
    for _ in range(t):
        n = int(input())
        a = list(map(int, input().split()))
        for perm in permutations(a):
            if is_sorted(perm):
                print(""Yes"")
                break
        else:
            print(""No"")

",False,False,1,0.3333333333333333
1750A,2,"['for loop', 'if statement']",['for loop'],"['if statement', 'for loop', 'while loop', 'misc', 'sorting']","from functools import reduce
from operator import xor

def solve(a):
    n = len(a)
    def dfs(i):
        if i == n:
            return True
        for j in range(i+1, n):
            for k in range(j+1, n):
                if a[i] > a[k] and a[j] < a[k]:
                    a[i], a[k] = a[k], a[i] + a[j]
                    if dfs(i+1):
                        return True
                    a[i], a[k] = a[k], a[i]
                elif a[i] < a[j] and a[j] > a[k]:
                    a[j], a[k] = a[k], a[j]
                    if dfs(i+1):
                        return True
                    a[j], a[k] = a[k], a[j]
        return False
    return dfs(0) and all(x <= y for x, y in zip(a, a[1:]))

",False,False,0,0.0
1750A,3,"['for loop', 'if statement', 'recursion']","['for loop', 'if statement', 'stack', 'heap', 'tuple']","['if statement', 'for loop', 'while loop', 'misc', 'sorting']","import heapq

def solve():
    for _ in range(int(input())):
        n = int(input())
        a = list(map(int, input().split()))
        heapq.heapify(a)
        stack = []
        for i in range(n - 1):
            if a[i] > a[i + 1]:
                stack.append((a[i], i, i + 1))
        for _ in range(len(stack) // 3):
            i, j, k = stack.pop()
            if a[i] > a[k]:
                a[i] += a[j]
                heapq.heappush(a, a.pop(i))
            else:
                a[j], a[k] = a[k], a[j]
        if not stack and all(x <= y for x, y in zip(a, a[1:])):
            print(""Yes"")
        else:
            print(""No"")

",False,False,3,0.6
1750A,4,"['for loop', 'if statement', 'recursion', 'matrix operation']","['for loop', 'set', 'if statement', 'continue statement', 'hashmap', 'sorting']","['if statement', 'for loop', 'while loop', 'misc', 'sorting']","from functools import reduce
from math import gcd

def solve():
    t = int(input())
    for _ in range(t):
        n = int(input())
        a = list(map(int, input().split()))
        a_set = set(a)
        if len(a_set) != n:
            print(""No"")
            continue

        # Calculate the gcd of all pairs of elements in the set
        gcds = [gcd(x, y) for x in a_set for y in a_set if x < y]

        # If the gcd of all pairs is 1, the array can be sorted
        if all(gcd == 1 for gcd in gcds):
            print(""Yes"")
        else:
            print(""No"")

",False,False,3,0.5
1749A,0,['this is the og problem'],['for loop'],"['for loop', 'if statement', 'while loop', 'tuple', 'matrix operation']","from collections import defaultdict

def solve():
    t = int(input())
    for _ in range(t):
        n, m = map(int, input().split())
        rooks = [list(map(int, input().split())) for _ in range(m)]

        # Initialize a dictionary to store the attacks for each cell
        attacks = defaultdict(int)
        for x, y in rooks:
            attacks[x] += 1
            attacks[y] += 1
            attacks[x - 1:x + 2] += [-1, 0, 1]
            attacks[y - 1:y + 2] += [-1, -1, 0, 0, 1, 1]

        # Check if there is a cell that can be moved to without creating new attacks
        for i in range(1, n + 1):
            if attacks[i] == 0:
                for j in range(1, n + 1):
                    if attacks[(i, j)] == 1:
                        attacks[(i, j)] = 0
                        break
                else:
                    print(""YES"")
                    break
        else:
            print(""NO"")

",False,True,0,0.0
1749A,1,['set'],['for loop'],"['for loop', 'if statement', 'while loop', 'tuple', 'matrix operation']","import collections
import itertools

def solve():
    t = int(input())
    for _ in range(t):
        n, m = map(int, input().split())
        rooks = [list(map(int, input().split())) for _ in range(m)]

        # Initialize a visited list and a deque to store possible moves for each rook
        visited = [[False] * n for _ in range(n)]
        moves = [[collections.deque() for _ in range(n)] for _ in range(n)]

        # Fill the deque with possible moves for each rook
        for r, c in rooks:
            for i in range(r + 1, n):
                moves[i][c].append((i, c))
            for j in range(c + 1, n):
                moves[r][j].append((r, j))

        # Check if it's possible to move one rook without attacking another
        for comb in itertools.combinations(range(m), 2):
            r1, c1 = rooks[comb[0]]
            r2, c2 = rooks[comb[1]]
            if not (r1 == r2 or c1 == c2):
                if not (moves[r1][c1] and moves[r2][c2]):
                    print(""NO"")
                    break

        # If no conflict was found, find a rook that can move to an unoccupied cell
        for i in range(m):
            r, c = rooks[i]
            for move in moves[r][c]:
                if not visited[move[0]][move[1]]:
                    visited[move[0]][move[1]] = True
                    for j in range(m):
                        if rooks[j] != (move[0], move[1]):
                            if moves[rooks[j][0]][rooks[j][1]]:
                                visited[move[0]][move[1]] = False
                                break
                    else:
                        print(""YES"")
                        break

        # If no rook can move to an unoccupied cell without attacking another, print ""NO""
        else:
            print(""NO"")

",False,True,0,0.0
1749A,2,"['set', 'matrix operation']","['depth first search', 'for loop', 'if statement', 'matrix operation', 'recursion']","['for loop', 'if statement', 'while loop', 'tuple', 'matrix operation']","from collections import defaultdict
import sys

def is_valid_move(board, rooks, r, c, new_r, new_c):
    for x, y in rooks:
        if (x == new_r or y == new_c) and (x != r or y != c):
            return False
    return True

def dfs(board, rooks, r, c, visited, moves):
    if len(moves) == 1:
        return True

    visited[r][c] = True
    for dr, dc in [(-1, 0), (1, 0), (0, -1), (0, 1)]:
        new_r, new_c = r + dr, c + dc
        if 0 <= new_r < len(board) and 0 <= new_c < len(board) and not visited[new_r][new_c]:
            if is_valid_move(board, rooks, r, c, new_r, new_c):
                visited[new_r][new_c] = True
                if dfs(board, rooks, new_r, new_c, visited, moves - 1):
                    return True
                visited[new_r][new_c] = False
    visited[r][c] = False
    return False

def solve():
    t = int(input())
    for _ in range(t):
        n, m = map(int, input().split())
        rooks = []
        board = [['.' for _ in range(n)] for _ in range(n)]
        for _ in range(m):
            x, y = map(int, input().split())
            rooks.append((x - 1, y - 1))
            board[x - 1][y - 1] = 'R'

        visited = [[False for _ in range(n)] for _ in range(n)]
        for r in range(n):
            for c in range(n):
                if not visited[r][c] and dfs(board, rooks, r, c, visited, m - 1):
                    print(""YES"")
                    break
            if not visited[r][c]:
                break
        else:
            print(""NO"")

",False,False,2,0.4
1749A,3,"['set', 'matrix operation', 'for loop']",['for loop'],"['for loop', 'if statement', 'while loop', 'tuple', 'matrix operation']","from collections import defaultdict
import sys

def is_valid_move(board, rooks, x, y):
    n = len(board)
    for rx, ry in rooks:
        if x == rx or y == ry or abs(x - rx) == abs(y - ry):
            return False
    return True

def dfs(board, rooks, x, y, moves, visited):
    n = len(board)
    if len(moves) == n * n - 1:
        return True

    for dx, dy in [(-1, 0), (1, 0), (0, -1), (0, 1)]:
        nx, ny = x + dx * n, y + dy * n
        if 0 <= nx < n and 0 <= ny < n and not visited[nx][ny] and is_valid_move(board, rooks, nx, ny):
            visited[nx][ny] = True
            moves.append((nx, ny))
            if dfs(board, rooks, nx, ny, moves, visited.copy()):
                return True
            visited[nx][ny] = False
            moves.pop()

    return False

def solve():
    t = int(input())
    for _ in range(t):
        n, m = map(int, input().split())
        board = [[0] * n for _ in range(n)]
        rooks = []
        for _ in range(m):
            x, y = map(int, input().split())
            board[x - 1][y - 1] = 1
            rooks.append((x - 1, y - 1))

        visited = [[False] * n for _ in range(n)]
        moves = []
        for i in range(n):
            for j in range(n):
                if not board[i][j] and not visited[i][j] and is_valid_move(board, rooks, i, j):
                    visited[i][j] = True
                    moves.append((i, j))
                    if dfs(board, rooks, i, j, moves, visited.copy()):
                        print(""YES"")
                    visited[i][j] = False
                    moves.pop()
        else:
            print(""NO"")

",False,False,0,0.0
1749A,4,"['set', 'matrix operation', 'for loop', 'while loop']","['if statement', 'for loop', 'recursion', 'depth first search', 'matrix operation', 'hashmap']","['for loop', 'if statement', 'while loop', 'tuple', 'matrix operation']","from collections import defaultdict

def is_valid_move(board, rooks, x, y):
    n = len(board)
    for rx, ry in rooks:
        if (x == rx and y != ry) or (x != rx and y == ry):
            return False
    return True

def dfs(board, rooks, x, y, moves, visited, result):
    n = len(board)
    if len(moves) == n * n - 1:
        result.append(True)
        return

    for i in range(n):
        for j in range(n):
            if not visited[i][j] and is_valid_move(board, rooks, i, j):
                visited[i][j] = True
                moves.append((i, j))
                dfs(board, rooks, i, j, moves, visited, result)
                visited[i][j] = False
                moves.pop()

def solve():
    t = int(input())
    for _ in range(t):
        n, m = map(int, input().split())
        board = [[0] * n for _ in range(n)]
        rooks = []
        for _ in range(m):
            x, y = map(int, input().split())
            board[x - 1][y - 1] = 1
            rooks.append((x - 1, y - 1))

        visited = defaultdict(lambda: [0] * n)
        result = []
        for i in range(n):
            for j in range(n):
                if not visited[i][j] and is_valid_move(board, rooks, i, j):
                    visited[i][j] = True
                    dfs(board, rooks, i, j, [(i, j)], visited, result)
                    visited[i][j] = False

        print(""YES"" if result else ""NO"")

",False,False,3,0.5
1749A,5,"['set', 'matrix operation', 'for loop', 'while loop', 'if statement']","['for loop', 'if statement', 'continue statement', 'set', 'dictionary', 'break statement']","['for loop', 'if statement', 'while loop', 'tuple', 'matrix operation']","from collections import defaultdict
from itertools import permutations

def solve():
    t = int(input())
    for _ in range(t):
        n, m = map(int, input().split())
        rooks = [list(map(int, input().split())) for _ in range(m)]

        # Check if it's possible to move one rook without violating the conditions
        moves = set()
        for r in rooks:
            moves |= {(r[0] - 1, r[1]), (r[0] + 1, r[1]), (r[0], r[1] - 1), (r[0], r[1] + 1)}
        if len(moves) < m:
            print(""NO"")
            continue

        # Try all possible permutations of rooks and check if any of them is valid
        for perm in permutations(rooks):
            board = defaultdict(int)
            for r in perm:
                board[r] += 1
                if board[r] > 1 or any(abs(r[i] - perm[j][i]) == 1 for i, j in enumerate(range(len(perm))) if i != j):
                    break
            else:
                print(""YES"")
                break
        else:
            print(""NO"")

",False,False,4,0.6666666666666666
1748A,0,['this is the og problem'],['for loop'],"['for loop', 'if statement', 'misc', 'matrix operation']","from 2 to `n`, we will check if `i` is even or odd. If `i` is even, we can use the maximum side length of the square formed by the first `i/2` blocks (`dp[i/2]`). If `i` is odd, we can use the maximum side length of the square formed by the first `(i-1)/2` blocks (`dp[(i-1)/2]`) and add 1 to it, as the new block will add 1 unit to the side length.

Here is the Python code for the `solve()` function:

",False,True,0,0.0
1748A,1,['for loop'],"['if statement', 'for loop', 'dynamic programming', 'if statement', 'for loop']","['for loop', 'if statement', 'misc', 'matrix operation']","from math import ceil

def solve():
    n = int(input())
    blocks = [0] + list(map(int, input().split()))
    dp = [0] * (n + 1)
    for i in range(1, n + 1):
        for j in range(i, n + 1):
            dp[j] = max(dp[j], dp[i - 1] + ceil((j - i + 1) / 2))
    print(dp[-1])

# Test cases
",False,False,1,0.2
1748A,2,"['for loop', 'recursion']",['for loop'],"['for loop', 'if statement', 'misc', 'matrix operation']","from 1 to `i`.

Here is the Python code for the function `solve()`:

",False,False,0,0.0
1748A,3,"['for loop', 'recursion', 'while loop']",['for loop'],"['for loop', 'if statement', 'misc', 'matrix operation']","import math

def solve():
    n = int(input())
    blocks = [(i, math.ceil(i / 2)) for i in range(1, n + 1)]
    dp = [0] * (n + 1)
    for block in blocks:
        for j in range(block[1], 0, -1):
            if dp[j] + block[0] > dp[block[1]]:
                dp[block[1]] = dp[j] + block[0]
    print(max(dp))

",False,False,0,0.0
1748A,4,"['for loop', 'recursion', 'while loop', 'if statement']",['for loop'],"['for loop', 'if statement', 'misc', 'matrix operation']","from 1 to `i`.

Here is the Python code for the `solve()` function:

",False,False,0,0.0
1747A,0,['this is the og problem'],"['if statement', 'for loop', 'heap', 'two pointers', 'sorting']","['for loop', 'sorting', 'tuple', 'if statement', 'matrix operation', 'misc']","import heapq

def solve():
    t = int(input())
    for _ in range(t):
        n = int(input())
        a = list(map(int, input().split()))
        a.sort()
        s1, s2 = [], []
        for i in range(n):
            if i % 2 == 0:
                heapq.heappush(s1, -a[i])
            else:
                heapq.heappush(s2, a[i])
        ans = 0
        while s1 and s2:
            diff = abs(heapq.heappop(s1) - heapq.heappop(s2))
            ans = max(ans, diff)
        print(ans * 2 if n % 2 == 0 else ans)

",False,True,2,0.4
1747A,1,['for loop'],['for loop'],"['for loop', 'sorting', 'tuple', 'if statement', 'matrix operation', 'misc']","import functools

def abs_diff(arr):
    n = len(arr)
    dp = [[0] * 200005 for _ in range(n)]

    @functools.lru_cache(None)
    def dfs(i, s):
        if i == n:
            return abs(s)
        res = dp[i][s]
        if res != 0:
            return res
        for j in range(i, n):
            dp[i][s + arr[j]] = dfs(j + 1, s + arr[j])
            dp[i][s - arr[j]] = max(dp[i][s - arr[j]], dfs(j + 1, s - arr[j]))
        return res = max(dp[i][s + arr[i]], dp[i][s - arr[i]])

    return dfs(0, 0)

def solve():
    t = int(input())
    for _ in range(t):
        n = int(input())
        arr = list(map(int, input().split()))
        print(abs_diff(arr))

",False,False,0,0.0
1747A,2,"['for loop', 'while loop']",['for loop'],"['for loop', 'sorting', 'tuple', 'if statement', 'matrix operation', 'misc']","from functools import (reduce)

def solve():
    n = int(input())
    a = list(map(int, input().split()))
    dp = [[0] * (1 << n) for _ in range(2)]

    for i in range(n):
        dp[0][1 << i] = abs(a[i])

    for mask in range(1, (1 << n)):
        for prev_mask in range(mask):
            dp[0][mask | prev_mask] = max(dp[0][mask | prev_mask], dp[0][prev_mask] + dp[0][mask ^ prev_mask])

    for bit in range(n - 1, -1, -1):
        for mask in range(1, (1 << n)):
            for prev_mask in range(mask):
                dp[1][mask | prev_mask] = max(dp[1][mask | prev_mask], dp[1][prev_mask] + dp[0][mask ^ prev_mask])
                dp[1][mask] = max(dp[1][mask], dp[0][mask])

    return max(dp[1][(1 << n) - 1] - dp[1][0], dp[0][0] - dp[1][(1 << n) - 1])

",False,False,0,0.0
1747A,3,"['for loop', 'while loop', 'misc']","['recursion', 'dynamic programming', 'for loop', 'if statement']","['for loop', 'sorting', 'tuple', 'if statement', 'matrix operation', 'misc']","import functools

@functools.lru_cache(maxsize=None)
def dp(i, s1, s2):
    if i == 0:
        return abs(s1) - abs(s2)

    res = float('-inf')
    for j in range(i):
        dp_val = dp(i - j - 1, s1 + a[j], s2)
        res = max(res, dp_val)

    return res

def solve():
    n = int(input())
    a = list(map(int, input().split()))
    return dp(n, 0, 0)

",False,False,2,0.5
1747A,4,"['for loop', 'while loop', 'misc', 'if statement']",['for loop'],"['for loop', 'sorting', 'tuple', 'if statement', 'matrix operation', 'misc']","import functools
from typing import List, Dict

@functools.lru_cache(maxsize=None)
def dfs(index: int, group: int, current_sum: int, a: List[int], memo: Dict[str, int]):
    key = f""{index}_{group}_{current_sum}""
    if index == len(a):
        if group == 1:
            return abs(current_sum)
        else:
            return -1 * abs(current_sum)

    if key in memo:
        return memo[key]

    max_diff = -1 * abs(current_sum)
    for i in range(index, len(a)):
        max_diff = max(max_diff, dfs(i + 1, 1 ^ group, current_sum + a[i], a, memo) - dfs(i + 1, group, current_sum, a, memo))

    memo[key] = max_diff
    return max_diff

def solve(a: List[int]):
    return dfs(0, 1, 0, a, {})

",False,False,0,0.0
1747A,5,"['for loop', 'while loop', 'misc', 'if statement', 'tuple']","['heap', 'while loop', 'if statement']","['for loop', 'sorting', 'tuple', 'if statement', 'matrix operation', 'misc']","import heapq

def solve():
    n = int(input())
    a = list(map(int, input().split()))

    # Create a Fibonacci Heap to store the groups
    heap = [(-x, x) for x in a]
    heapq.heapify(heap)

    # Initialize the maximum difference to 0
    max_diff = 0

    # Iterate through the elements in the heap
    while heap:
        # Pop the smallest and second smallest elements
        smallest, second_smallest = heapq.heappop(heap), heapq.heappop(heap)

        # If the second smallest element is not available, add the smallest element to the second group and update the maximum difference
        if not heap:
            max_diff = max(max_diff, -smallest[0])
            break

        # Merge the two groups and add the merged group back to the heap
        merged_group = [-x - y for x, y in zip(smallest, second_smallest)]
        heapq.heappush(heap, merged_group)

        # Update the maximum difference
        max_diff = max(max_diff, -smallest[0] + second_smallest[0])

    print(max_diff)

# Read the number of test cases
",False,False,2,0.6666666666666666
1746B,0,['this is the og problem'],['for loop'],"['for loop', 'hashmap', 'if statement', 'while loop', 'stack', 'tuple', 'matrix operation', 'sorting', 'recursion']","import sys
from itertools import accumulate

def solve():
    t = int(input())
    for _ in range(t):
        n = int(input())
        a = list(map(int, input().split()))
        a = list(accumulate(a))
        operations = 0
        for i in range(1, n):
            if a[i] < a[i - 1]:
                j = i - 1
                while j > 0 and a[j] >= a[i]:
                    j -= 1
                if j > 0:
                    a[j], a[i] = a[i], a[j] + a[i]
                    operations += 1
        print(operations)

",False,True,0,0.0
1746B,1,['for loop'],"['for loop', 'stack', 'while loop']","['for loop', 'hashmap', 'if statement', 'while loop', 'stack', 'tuple', 'matrix operation', 'sorting', 'recursion']","from collections import deque

def solve():
    t = int(input())
    for _ in range(t):
        n = int(input())
        a = list(map(int, input().split()))
        stack = deque()
        for i in range(n):
            while stack and a[i] > stack[-1]:
                stack.pop()
            stack.append(a[i])
        print(len(stack))

",False,False,0,0.0
1746B,2,"['for loop', 'break statement']","['while loop', 'if statement', 'heap', 'for loop']","['for loop', 'hashmap', 'if statement', 'while loop', 'stack', 'tuple', 'matrix operation', 'sorting', 'recursion']","import heapq

def solve():
    while True:
        n = int(input())
        if n == 0:
            break
        a = list(map(int, input().split()))
        if all(b >= a[0] for b in a[1:]):
            print(0)
        else:
            q = []
            for i in range(n):
                heapq.heappush(q, (a[i], i))
            operations = 0
            for i in range(n - 1):
                first, first_index = heapq.heappop(q)
                second, second_index = heapq.heappop(q)
                if first > second:
                    a[first_index] -= 1
                    a[second_index] += 1
                    operations += 1
                    heapq.heappush(q, (a[second_index], second_index))
            print(operations)

",False,False,1,0.25
1746B,3,"['for loop', 'break statement', 'if statement']","['while loop', 'if statement', 'break statement', 'heap', 'for loop', 'tuple']","['for loop', 'hashmap', 'if statement', 'while loop', 'stack', 'tuple', 'matrix operation', 'sorting', 'recursion']","import heapq

def solve():
    while True:
        n = int(input())
        if n == 0:
            break
        a = list(map(int, input().split()))
        if all(a[i] <= a[i+1] for i in range(n-1)):
            print(0)
        else:
            heap = [(a[i], i) for i in range(n)]
            heapq.sort(heap)
            operations = 0
            for i in range(n-1):
                if heap[i][0] > heap[i+1][0]:
                    operations += 1
                    heap[i][0] -= heap[i+1][0]
                    heap[i+1][0] = 0
            print(operations)

",False,False,2,0.3333333333333333
1746B,4,"['for loop', 'break statement', 'if statement', 'while loop']","['while loop', 'if statement', 'for loop', 'continue statement', 'tuple', 'heap']","['for loop', 'hashmap', 'if statement', 'while loop', 'stack', 'tuple', 'matrix operation', 'sorting', 'recursion']","import heapq

def solve():
    while True:
        n = int(input())
        if n == 0:
            break
        a = list(map(int, input().split()))
        q = []
        for i in range(n):
            heapq.heappush(q, (a[i], i))
        count = 0
        for i in range(1, n):
            j = heapq.heappop(q)
            if j[0] > a[i]:
                continue
            else:
                a[i] += j[0]
                a.pop(j[1])
                count += 1
        print(count)

",False,False,2,0.3333333333333333
1746B,5,"['for loop', 'break statement', 'if statement', 'while loop', 'tuple']","['if statement', 'for loop', 'while loop', 'tuple', 'heap']","['for loop', 'hashmap', 'if statement', 'while loop', 'stack', 'tuple', 'matrix operation', 'sorting', 'recursion']","import heapq

def solve():
    n = int(input())
    a = list(map(int, input().split()))
    q = []
    for i in range(n):
        heapq.heappush(q, (a[i], i))

    operations = 0
    for i in range(1, n):
        _, j = heapq.heappop(q)
        while q and q[0][0] > j + 1:
            heapq.heappop(q)
        if q:
            operations += 1
            heapq.heappush(q, (j + a[i] - q[0][0], i))

    print(operations)

",False,False,1,0.2
1746A,0,['this is the og problem'],"['for loop', 'if statement', 'queue', 'break statement']","['for loop', 'if statement', 'tuple', 'while loop', 'continue statement']","from collections import deque
import sys

def solve():
    t = int(input())
    for _ in range(t):
        n, k = map(int, input().split())
        a = list(map(int, input().split()))
        q = deque()
        for i in range(n):
            if a[i] == 1:
                q.append(i)
        while q:
            start = q.popleft()
            end = start + k - 1
            if end >= n:
                break
            if a[start] == 0:
                for i in range(start, min(end+1, n)):
                    if a[i] == 1:
                        q.append(i)
                a[start:end+1] = [1]
            elif end - start + 1 >= k:
                a[start:end+1] = [0]
                for i in range(start, end - k + 2):
                    if a[i] == 1:
                        q.append(i)
        if a[0] == 1:
            print(""YES"")
        else:
            print(""NO"")

",False,True,2,0.5
1746A,1,['for loop'],['for loop'],"['for loop', 'if statement', 'tuple', 'while loop', 'continue statement']","import sys

def solve(a, k):
    if len(a) == 1:
        return a[0] == 1

    def dfs(i, size):
        if size == 1:
            return a[i] == 1
        for j in range(i+1, min(i+k, len(a))):
            if a[j] == 1:
                a[i:j] = [1] * (j - i)
                if solve(a, k):
                    return True
                a[i:j] = a[i:]
            if j + k - 1 < len(a) and dfs(j, k):
                return True
        return False

    for i in range(len(a)):
        if dfs(i, min(k, len(a) - i + 1)):
            return True
    return False

",False,False,0,0.0
1746A,2,"['for loop', 'tuple']",['for loop'],"['for loop', 'if statement', 'tuple', 'while loop', 'continue statement']","from the `collections` library to efficiently perform the operations.

```python
from collections import deque

def solve():
    t = int(input())
    for _ in range(t):
        n, k = map(int, input().split())
        a = list(map(int, input().split()))
        q = deque(a)

        while q:
            if len(q) >= k:
                q.extend(max(q[:k]))
                q.popleft(k)
            elif len(q) >= 2:
                q.popleft()
                q.popleft()
                q.append(min(q))

        if q:
            print(""NO"")
        else:
            print(""YES"")

",False,False,0,0.0
1746A,3,"['for loop', 'tuple', 'while loop']","['if statement', 'for loop', 'sliding window']","['for loop', 'if statement', 'tuple', 'while loop', 'continue statement']","from collections import deque

def solve():
    t = int(input())
    for _ in range(t):
        n, k = map(int, input().split())
        a = list(map(int, input().split()))

        # Use a deque to simulate the sliding window for the second operation
        q = deque()
        for i in range(n):
            if len(q) < k:
                q.append(a[i])
            else:
                q.popleft()
                q.append(a[i])

        # Check if the maximum of the last k elements is 1
        if q[-k:].count(1) == k:
            print(""YES"")
        else:
            print(""NO"")

",False,False,1,0.3333333333333333
1746A,4,"['for loop', 'tuple', 'while loop', 'if statement']",['for loop'],"['for loop', 'if statement', 'tuple', 'while loop', 'continue statement']","from collections import deque

def solve():
    t = int(input())
    for _ in range(t):
        n, k = map(int, input().split())
        a = list(map(int, input().split()))
        stack = deque()
        max_val = float('-inf')
        min_val = float('inf')
        for i in range(n):
            while stack and a[stack[-1]] < a[i]:
                j = stack.pop()
                if len(stack) >= k:
                    max_val = max(max_val, max(a[j:j+k]))
                if stack:
                    a[stack[-1]] = max_val
                else:
                    break
            stack.append(i)
            if a[i] == 0:
                if len(stack) >= k:
                    min_val = min(min_val, min(a[i-k+1:i+1]))
                if len(stack) > 1 and a[stack[-2]] > min_val:
                    while stack and a[stack[-1]] > min_val:
                        j = stack.pop()
                        if len(stack) >= k:
                            max_val = max(max_val, max(a[j:j+k]))
                        if stack:
                            a[stack[-1]] = max_val
                        else:
                            break
                a[stack[-1]] = min_val
            if len(stack) == 1 and a[stack[0]] != 1:
                print(""NO"")
                break
        else:
            print(""YES"")

",False,False,0,0.0
1744B,0,['this is the og problem'],"['for loop', 'if statement', 'dictionary', 'hashmap']","['while loop', 'if statement', 'for loop', 'tuple', 'hashmap', 'misc', 'matrix operation']","from collections import defaultdict

def solve():
    t = int(input())
    for _ in range(t):
        n, q = map(int, input().split())
        a = list(map(int, input().split()))
        even = defaultdict(int)
        odd = defaultdict(int)
        for num in a:
            if num % 2 == 0:
                even[num] += 1
            else:
                odd[num] += 1
        for _ in range(q):
            type_, x = map(int, input().split())
            if type_ == 0:
                for num in even:
                    even[num] += x
            else:
                for num in odd:
                    odd[num] += x
            sum_a = sum(even[num] * num for num in even) + sum(odd[num] * num for num in odd)
            print(sum_a)

",False,True,1,0.25
1744B,1,['if statement'],"['for loop', 'if statement']","['while loop', 'if statement', 'for loop', 'tuple', 'hashmap', 'misc', 'matrix operation']","from typing import List

def solve():
    t = int(input())
    for _ in range(t):
        n, q = map(int, input().split())
        a = list(map(int, input().split()))
        even_sum, odd_sum = 0, 0
        for num in a:
            even_sum += num if num % 2 == 0 else 0
            odd_sum += num if num % 2 != 0 else 0
        queries = [list(map(int, input().split())) for _ in range(q)]
        for type_, x in queries:
            if type_ == 0:
                even_sum += x * len(a)
                odd_sum -= x
            else:
                odd_sum += x * len(a)
                even_sum -= x
            new_even_sum, new_odd_sum = 0, 0
            for num in a:
                new_even_sum += num + (x if num % 2 == 0 else 0)
                new_odd_sum += num + (x if num % 2 != 0 else 0)
            even_sum, odd_sum = new_even_sum, new_odd_sum
        print(even_sum + odd_sum)

",False,False,0,0.0
1744B,2,"['if statement', 'tuple']",['for loop'],"['while loop', 'if statement', 'for loop', 'tuple', 'hashmap', 'misc', 'matrix operation']","from typing import List
from functools import reduce

def solve():
    t = int(input())
    for _ in range(t):
        n, q = map(int, input().split())
        a = list(map(int, input().split()))
        even_sum, odd_sum = 0, 0
        for num in a:
            even_sum += num if num % 2 == 0 else 0
            odd_sum += num if num % 2 != 0 else 0
        queries = [list(map(int, input().split())) for _ in range(q)]
        for type_, x in queries:
            if type_ == 0:
                even_sum += x * len(a)
                odd_sum -= x
            else:
                odd_sum += x * len(a)
                even_sum -= x
            new_even_sum, new_odd_sum = reduce((lambda x, y: x + y), map(lambda num: num if num % 2 == 0 else 0, a), 0)
            new_odd_sum = reduce((lambda x, y: x + y), map(lambda num: num if num % 2 != 0 else 0, a), 0)
            a = list(range(1, n+1))
            for i, num in enumerate(a):
                if i % 2 == 0:
                    a[i] += new_even_sum // len(a) - even_sum
                else:
                    a[i] += new_odd_sum // len(a) - odd_sum
            even_sum, odd_sum = new_even_sum, new_odd_sum
        print(*[even_sum + odd_sum])

",False,True,0,0.0
1744B,3,"['if statement', 'tuple', 'for loop']","['if statement', 'for loop', 'dictionary', 'tuple']","['while loop', 'if statement', 'for loop', 'tuple', 'hashmap', 'misc', 'matrix operation']","from sys import stdin, stdout
from collections import defaultdict

def solve():
    t = int(input().strip())
    for _ in range(t):
        n, q = map(int, input().strip().split())
        a = list(map(int, input().strip().split()))
        even_sum, odd_sum = 0, 0
        for num in a:
            even_sum += num & 1
            odd_sum += (num >> 1) & 1
        queries = defaultdict(list)
        for _ in range(q):
            type_, x = map(int, input().strip().split())
            queries[type_].append(x)
        for type_, xs in queries.items():
            sum_ = 0
            for x in xs:
                if not type_:
                    even_sum += x
                    odd_sum += (x >> 1)
                else:
                    odd_sum += x
                    even_sum += (x >> 1)
            sum_ = (even_sum << 1) + odd_sum
            stdout.write(str(sum_) + '\n')

",False,False,1,0.25
1744B,4,"['if statement', 'tuple', 'for loop', 'hashmap']",['for loop'],"['while loop', 'if statement', 'for loop', 'tuple', 'hashmap', 'misc', 'matrix operation']","from typing import List

def solve():
    def update_sum(sum_even, sum_odd, op, x):
        if op == 0:
            sum_even += x * (1 << 31)
            sum_odd += x
        else:
            sum_odd += x * (1 << 31)
            sum_even += x
        return sum_even, sum_odd

    def get_sum(sum_even, sum_odd):
        return sum_even + sum_odd

    def process_query(a, sum_even, sum_odd, op, x):
        for i in range(len(a)):
            if (i + 1) & 1:
                a[i] += x
                sum_odd = update_sum(sum_even, sum_odd, op, x)
            else:
                a[i] += x << 32
                sum_even = update_sum(sum_even, sum_odd, op, x)
        return get_sum(sum_even, sum_odd)

    t = int(input())
    for _ in range(t):
        n, q = map(int, input().split())
        a = list(map(int, input().split()))
        sum_even, sum_odd = 0, 0
        for _ in range(q):
            op, x = map(int, input().split())
            sum_even, sum_odd = process_query(a, sum_even, sum_odd, op, x)
        print(sum_even + sum_odd)

",False,False,0,0.0
1744A,0,['this is the og problem'],"['for loop', 'if statement', 'continue statement', 'break statement', 'hashmap']","['for loop', 'if statement', 'dictionary', 'break statement', 'matrix operation', 'while loop', 'hashmap', 'tuple', 'set', 'misc', 'list']","import collections
import re

def solve():
    t = int(input())
    for _ in range(t):
        n = int(input())
        a = list(map(int, input().split()))
        s = input()
        if len(s) != n:
            print(""NO"")
            continue
        count = collections.Counter(a)
        for letter in s:
            if letter not in count or count[letter] == 0:
                print(""NO"")
                break
            count[letter] -= 1
        else:
            print(""YES"")

",False,True,1,0.2
1744A,1,['if statement'],['for loop'],"['for loop', 'if statement', 'dictionary', 'break statement', 'matrix operation', 'while loop', 'hashmap', 'tuple', 'set', 'misc', 'list']","import collections
import re

def solve():
    t = int(input())
    for _ in range(t):
        n = int(input())
        a = list(map(int, input().split()))
        s = input()

        # Create a counter for each letter in the alphabet
        counter = collections.Counter(s)
        # Create a regular expression pattern for the given string
        pattern = re.compile('(' + '|'.join(counter.keys()) + ')')

        # Check if the number of occurrences of each digit in the array is greater than or equal to the number of occurrences of the corresponding letter in the string
        for num in a:
            if counter[chr(ord('a') + num - 1)] > a.count(num):
                print(""NO"")
                break
        else:
            # If no digit violates the condition, print YES
            print(""YES"")

",False,True,0,0.0
1744A,2,"['if statement', 'for loop']","['for loop', 'dictionary', 'if statement', 'break statement', 'set']","['for loop', 'if statement', 'dictionary', 'break statement', 'matrix operation', 'while loop', 'hashmap', 'tuple', 'set', 'misc', 'list']","from the array `a`.

```python
import collections
import itertools

def solve(t):
    for _ in range(t):
        n = int(input())
        a = list(map(int, input().split()))
        s = input()

        # Count the frequency of each number and letter
        num_count = collections.Counter(a)
        char_count = collections.Counter(s)

        # Check if the frequency of numbers in the array is greater than or equal to the frequency of corresponding letters in the string
        if all(num_count[num] >= char_count[char] for num, char in zip(a, s)):
            # If the frequency check passes, we can form the string from the array by replacing numbers with their corresponding letters
            # Check if all permutations of the letters can be formed from the remaining numbers
            for perm in itertools.permutations(a):
                if len(perm) != len(set(perm)) or len(perm) != len(s):
                    # If not, the string cannot be formed from the array
                    print(""NO"")
                    break
            else:
                # If all permutations can be formed, the string can be formed from the array
                print(""YES"")
        else:
            # If the frequency check fails, the string cannot be formed from the array
            print(""NO"")

# Read the number of test cases from the command line
",False,False,0,0.0
1744A,3,"['if statement', 'for loop', 'recursion']","['for loop', 'if statement', 'dictionary', 'break statement', 'for loop', 'if statement']","['for loop', 'if statement', 'dictionary', 'break statement', 'matrix operation', 'while loop', 'hashmap', 'tuple', 'set', 'misc', 'list']","import collections
import re

def solve():
    for _ in range(int(input())):
        n = int(input())
        a = list(map(int, input().split()))
        s = input()

        # Count the frequency of each number and letter
        num_count = collections.Counter(a)
        char_count = collections.Counter(s)

        # Check if the frequency of each letter can be obtained from the numbers
        for char, freq in char_count.items():
            if num_count[freq] < 1 or num_count[freq] < len(re.findall(str(freq), ''.join(map(str, a)))):
                print(""NO"")
                break
        else:
            print(""YES"")

",False,False,0,0.0
1743B,0,['this is the og problem'],"['recursion', 'if statement', 'for loop', 'tuple', 'misc']","['for loop', 'while loop', 'tuple', 'if statement']","import itertools

def is_permutation(arr):
    count = [0] * len(arr)
    for num in arr:
        count[num - 1] += 1
    for i in count:
        if i != 1:
            return False
    return True

def solve(n, arr, index):
    if index == n:
        if is_permutation(arr):
            return arr
        return []

    permutations = []
    for i in range(index, n):
        arr[index], arr[i] = arr[i], arr[index]
        permutations.append(solve(n, arr, index + 1))
        arr[index], arr[i] = arr[i], arr[index]

    return min(permutations, key=lambda x: len(x) if not x else get_value(x))

",False,True,2,0.4
1743B,1,['for loop'],"['while loop', 'if statement', 'for loop', 'tuple', 'recursion', 'two pointers']","['for loop', 'while loop', 'tuple', 'if statement']","from functools import reduce
from itertools import accumulate

def next_permutation(arr):
    n = len(arr)
    i = n - 2
    while i >= 0 and arr[i] >= arr[i + 1]:
        i -= 1
    if i < 0:
        arr.reverse()
        return False
    j = n - 1
    while arr[i] >= arr[j]:
        j -= 1
    arr[i], arr[j] = arr[j], arr[i]
    l, r = i + 1, n - 1
    while l < r:
        arr[l], arr[r] = arr[r], arr[l]
        l += 1
        r -= 1
    return True

def solve():
    t = int(input())
    for _ in range(t):
        n = int(input())
        arr = list(range(1, n + 1))
        next_permutation(arr)
        while next_permutation(arr):
            pass
        print(*arr)

",False,False,2,0.3333333333333333
1743B,2,"['for loop', 'while loop']","['if statement', 'for loop']","['for loop', 'while loop', 'tuple', 'if statement']","import itertools

def is_permutation(perm):
    count = [0] * (len(perm) + 1)
    for num in perm:
        if count[num] > 1 or num < 1 or num > len(perm):
            return False
        count[num] += 1
    return True

def lex_smallest_perm(n):
    perms = list(itertools.permutations(range(1, n + 1)))
    for perm in perms:
        if is_permutation(perm):
            return perm
    return None

def solve():
    t = int(input())
    for _ in range(t):
        n = int(input())
        perm = lex_smallest_perm(n)
        if perm is not None:
            print(*perm)

",False,False,0,0.0
1743B,3,"['for loop', 'while loop', 'tuple']",['for loop'],"['for loop', 'while loop', 'tuple', 'if statement']","from the stack and try another number.

Here is the Python code for the function `solve()`:

",False,False,0,0.0
1743B,4,"['for loop', 'while loop', 'tuple', 'misc']",['for loop'],"['for loop', 'while loop', 'tuple', 'if statement']","from collections import Counter

def is_permutation(arr):
    counter = Counter(arr)
    if len(arr) != len(counter):
        return False
    for count in counter.values():
        if count != 1:
            return False
    return True

def solve(n):
    stack = []
    permutation = [0] * n
    for i in range(1, n + 1):
        while stack and stack[-1] > i:
            j = stack.pop()
            permutation[n - stack[-1]] = j
            stack[-1] -= 1
        permutation[stack[-1]] = i
        stack.append(n - i)
    return permutation

",False,False,0,0.0
1743B,5,"['for loop', 'while loop', 'tuple', 'misc', 'recursion']",['for loop'],"['for loop', 'while loop', 'tuple', 'if statement']","from itertools import permutations, count
from functools import reduce

def is_permutation(arr):
    return len(arr) == len(set(arr)) and all(arr.count(i) == arr.index(i) + 1 for i in arr)

def lex_smallest_permutation(n):
    return list(reduce(lambda x, y: x + y, sorted(permutations(range(1, n + 1)), key=lambda x: ''.join(map(str, x)), reverse=True)))

def solve():
    t = int(input())
    for _ in range(t):
        n = int(input())
        permutation = lex_smallest_permutation(n)
        for i in range(len(permutation) - 1):
            if not is_permutation(permutation[i:]):
                j = min(count(1), key=lambda x: is_permutation(permutation[i:i + x]))
                permutation[i:i + j], permutation[i + j] = permutation[i + j], permutation[i:i + j]
        print(*permutation)

",False,False,0,0.0
1743A,0,['this is the og problem'],['for loop'],"['while loop', 'for loop', 'misc', 'if statement', 'matrix operation', 'tuple', 'hashmap']","from itertools import combinations

def solve():
    t = int(input())
    for _ in range(t):
        n = int(input())
        a = list(map(int, input().split()))
        a.sort()
        count = 0
        for i in range(10):
            if i in a:
                continue
            for j in range(10):
                if j in a:
                    continue
                pairs = [(i, j)] * 2
                for k in range(10):
                    if k in a or k in pairs:
                        continue
                    for l in range(10):
                        if l in a or l in pairs:
                            continue
                        count += 1
                        pairs.append(l)
        print(count)

",False,True,0,0.0
1743A,1,['for loop'],['for loop'],"['while loop', 'for loop', 'misc', 'if statement', 'matrix operation', 'tuple', 'hashmap']","from itertools import combinations

def solve():
    t = int(input())
    for _ in range(t):
        n = int(input())
        a = list(map(int, input().split()))
        a.sort()

        # Calculate the number of combinations for the remaining digits
        remaining_digits = set(range(10)) - set(a)
        combinations_count = len(remaining_digits) ** 4

        # Subtract the combinations where the forbidden digits appear twice
        for i in range(2, len(a)):
            for comb in combinations(a, i):
                if len(comb) == 2:
                    combinations_count -= len(combinations(remaining_digits, 4 - i)) * (combinations_count // (remaining_digits ** (4 - i)))

        print(combinations_count)

",False,False,0,0.0
1743A,2,"['for loop', 'set']",['for loop'],"['while loop', 'for loop', 'misc', 'if statement', 'matrix operation', 'tuple', 'hashmap']","from itertools import combinations, permutations

def solve():
    t = int(input())
    for _ in range(t):
        n = int(input())
        a = list(map(int, input().split()))
        a.sort()
        valid_combinations = set()
        for i in range(10):
            if i not in a:
                for j in range(10):
                    if j not in a and (i, j) not in a:
                        valid_combinations.update(combinations(range(10), 2))
        for combo in valid_combinations:
            for perm in permutations(range(10), 4):
                if (combo[0] in perm) and (combo[1] in perm) and len(set(perm)) == 4:
                    print(perm)
        print(len(set(list(map(tuple, permutations(range(10), 4))))) - len(valid_combinations))

",False,False,0,0.0
1743A,3,"['for loop', 'set', 'while loop']",['for loop'],"['while loop', 'for loop', 'misc', 'if statement', 'matrix operation', 'tuple', 'hashmap']","from itertools import combinations

def solve(t):
    for _ in range(t):
        n = int(input())
        a = list(map(int, input().split()))
        a.sort()

        # Generate all combinations of 2 digits that are not used
        used_combs = set(combinations(range(10), 2))
        for comb in combinations(a, n):
            # Remove the forbidden combinations
            used_combs -= set(combinations(comb, 2))

        # Calculate the number of possible combinations for the remaining digits
        remaining = set(range(10)) - set(a)
        remaining_combs = set(combinations(remaining, 2))
        remaining_combs -= used_combs

        # Calculate the number of ways to arrange the forbidden digits in the remaining 4 positions
        ways = len(remaining) ** 4 - len(remaining_combs) * 3
        print(ways)

",False,False,0,0.0
1743A,4,"['for loop', 'set', 'while loop', 'tuple']","['for loop', 'set', 'misc', 'if statement', 'for loop', 'set', 'misc', 'if statement']","['while loop', 'for loop', 'misc', 'if statement', 'matrix operation', 'tuple', 'hashmap']","from itertools import combinations

def solve(t):
    for _ in range(t):
        n = int(input())
        digits = set(map(int, input().split()))
        valid_combinations = list(combinations(range(10), 4))
        count = 0
        for combination in valid_combinations:
            if len(combination & digits) == 2:
                if all(x not in combination for x in digits) and sum(combination) not in digits:
                    count += 1
        print(count)

",False,False,1,0.125
1742B,0,['this is the og problem'],"['for loop', 'if statement', 'sorting']","['for loop', 'set', 'if statement', 'sorting']","import functools

def solve():
    for _ in range(int(input())):
        n = int(input())
        arr = list(map(int, input().split()))
        sorted_arr = sorted(arr)
        if sorted_arr == arr:
            print(""YES"")
        else:
            print(""NO"")

",False,True,0,0.0
1742B,1,['if statement'],"['if statement', 'heap', 'for loop']","['for loop', 'set', 'if statement', 'sorting']","import heapq

def solve(arr):
    if len(arr) == 1:
        return ""YES""

    heap = arr[:]
    heapq.heapify(heap)

    for num in arr[1:]:
        if num <= heap[0]:
            return ""NO""
        heapq.heappop(heap)
        heapq.heappush(heap, num)

    return ""YES""

",False,False,1,0.3333333333333333
1742B,2,"['if statement', 'hashmap']","['for loop', 'if statement']","['for loop', 'set', 'if statement', 'sorting']","import sys
import operator

def solve():
    for _ in range(int(input())):
        n = int(input())
        a = list(map(int, input().split()))
        if sorted(a) == a:
            print(""YES"")
        else:
            print(""NO"")

",False,False,0,0.0
1742B,3,"['if statement', 'hashmap', 'for loop']","['for loop', 'if statement', 'tuple']","['for loop', 'set', 'if statement', 'sorting']","import sys
from functools import reduce

def solve():
    t = int(input())
    for _ in range(t):
        n = int(input())
        a = list(map(int, input().split()))
        if reduce(lambda x, y: x and y <= x[0] + 1 for x in zip(a, a[1:])):
            print(""YES"")
        else:
            print(""NO"")

",False,False,1,0.3333333333333333
1742B,4,"['if statement', 'hashmap', 'for loop', 'sorting']","['if statement', 'for loop', 'recursion', 'depth first search']","['for loop', 'set', 'if statement', 'sorting']","def solve():
    n = int(input())
    a = list(map(int, input().split()))

    def dfs(i, visited):
        if i == n:
            return True
        for j in range(i, n):
            if not visited[j] and a[i] <= a[j]:
                visited[j] = True
                if dfs(i + 1, visited):
                    return True
                visited[j] = False
        return False

    visited = [0] * n
    for i in range(n):
        if not visited[i] and not dfs(1, visited):
            return ""NO""
    return ""YES""

",False,False,2,0.5
1742B,5,"['if statement', 'hashmap', 'for loop', 'sorting', 'set']",['for loop'],"['for loop', 'set', 'if statement', 'sorting']","import math
import itertools

def solve():
    t = int(input())
    for _ in range(t):
        n = int(input())
        a = list(map(int, input().split()))
        if all(a[i] <= a[i+1] for i in range(n-1)):
            print(""YES"")
        else:
            # Find the first pair of adjacent elements that are not in increasing order
            for i in range(1, n):
                if a[i-1] > a[i]:
                    # Swap the elements and check if the rest of the array can be sorted
                    if all(a[j] <= a[j+1] for j in range(i+1, n)) or all(a[j] >= a[j+1] for j in range(i)):
                        a[i], a[i-1] = a[i-1], a[i]
                        break
            else:
                # If no such pair was found, the array cannot be sorted
                print(""NO"")

",False,False,0,0.0
1742A,0,['this is the og problem'],"['for loop', 'if statement']","['for loop', 'if statement', 'misc', 'sorting', 'tuple', 'while loop']","import sys

def solve():
    for _ in range(int(input())):
        a, b, c = map(int, input().split())
        if a == b + c or b == a + c or c == a + b:
            print(""YES"")
        else:
            print(""NO"")

",True,True,0,0.0
1742A,1,['for loop'],['if statement'],"['for loop', 'if statement', 'misc', 'sorting', 'tuple', 'while loop']","import math

def solve(a, b, c):
    if abs(a - b - c) < 1e-6 or abs(a - c - b) < 1e-6 or abs(b - a - c) < 1e-6:
        return ""YES""
    return ""NO""

# Read the number of test cases
",False,True,0,0.0
1742A,2,"['for loop', 'if statement']","['for loop', 'if statement']","['for loop', 'if statement', 'misc', 'sorting', 'tuple', 'while loop']","import math

def solve():
    import sys
    import math

    t = int(input())

    for _ in range(t):
        a, b, c = map(int, input().split())
        if abs(a - b - c) <= 2 * math.sqrt(a ** 2 + b ** 2 + c ** 2):
            print(""YES"")
        else:
            print(""NO"")

",False,False,0,0.0
1742A,3,"['for loop', 'if statement', 'while loop']","['if statement', 'for loop']","['for loop', 'if statement', 'misc', 'sorting', 'tuple', 'while loop']","from collections import Counter
import math

def solve():
    t = int(input())
    for _ in range(t):
        a, b, c = map(int, input().split())
        if a == b + c or b == a + c or c == a + b:
            print(""YES"")
        else:
            print(""NO"")

",True,False,0,0.0
1742A,4,"['for loop', 'if statement', 'while loop', 'recursion']","['if statement', 'for loop', 'misc']","['for loop', 'if statement', 'misc', 'sorting', 'tuple', 'while loop']","import math
import itertools

def solve():
    for _ in range(int(input())):
        a, b, c = map(int, input().split())
        if abs(a - b - c) <= 2 * math.sqrt(3) * math.sqrt(a ** 2 + b ** 2 + c ** 2):
            print(""YES"")
        else:
            print(""NO"")

",False,False,0,0.0
1741B,0,['this is the og problem'],[],"['for loop', 'if statement', 'tuple', 'while loop', 'continue statement', 'misc', 'break statement']",,False,True,0,0.0
1741B,1,['for loop'],['for loop'],"['for loop', 'if statement', 'tuple', 'while loop', 'continue statement', 'misc', 'break statement']","from the first element and try to place it at every possible position, then move to the next element and repeat the process. We will keep track of the current permutation and check if it is a valid funny permutation at each step.

Here is the Python code:

```python
from itertools import permutations
from collections import deque

def is_funny(p):
    for i in range(len(p)):
        if p[i] == i or (i > 0 and p[i] == p[i - 1]):
            return False
        if i < len(p) - 1 and (abs(p[i] - p[i + 1]) not in [1, len(p) - i - 1]):
            return False
    return True

def solve(n):
    if n == 1:
        return [0]

    candidates = list(permutations(range(1, n + 1)))
    for i, candidate in enumerate(candidates):
        if is_funny(list(candidate)):
            return list(candidate)

    # If no valid permutation is found, try to create one using DFS
    if n > 2:
        graph = [[] for _ in range(n)]
        for i in range(1, n):
            graph[i - 1].append(i)
            graph[i].append(i - 1)
            graph[i].append(i + 1)
            if i < n - 1:
                graph[i].append(i + 2)

        q = deque([(0, [])])
        visited = [False] * n
        while q:
            pos, path = q.popleft()
            if len(path) == n:
                if is_funny(path):
                    return path

            for next_pos in graph[pos]:
                if not visited[next_pos]:
                    visited[next_pos] = True
                    q.append((next_pos, path + [next_pos]))

    return [-1]

",False,False,0,0.0
1741B,2,"['for loop', 'if statement']",['for loop'],"['for loop', 'if statement', 'tuple', 'while loop', 'continue statement', 'misc', 'break statement']","from 1 to n, and there is an edge between two vertices if the difference between their numbers is 1. We will then find a Hamiltonian path in this graph, which corresponds to a permutation that satisfies the conditions.

Here is the Python code that implements this approach:

```python
from collections import deque
from itertools import count, islice

def solve(n):
    if n == 1:
        return [1]

    graph = {i: [] for i in range(1, n + 1)}
    for i in range(1, n):
        graph[i].append(i + 1)
        graph[i + 1].append(i)

    def has_fixed_point(path):
        return any(path[i] == i for i in range(n))

    def has_neighbor_difference(path):
        return all(any(path[i - 1] != path[i] != path[i + 1] for _ in range(1, 3)) for i in range(1, n))

    def dfs(path, visited):
        if len(path) == n and not has_fixed_point(path):
            if has_neighbor_difference(path):
                return path
        for i in islice(count(), 1, n + 1):
            if i not in visited:
                visited.add(i)
                for neighbor in graph[i]:
                    new_path = path + [i]
                    if not has_fixed_point(new_path) and dfs(new_path, visited):
                        return new_path
        return None

    path = deque()
    visited = set()
    for i in range(1, n):
        path.append(i)
        visited.add(i)
        if dfs(path, visited):
            return list(path)

    return [-1]

",False,False,0,0.0
1741B,3,"['for loop', 'if statement', 'misc']","['depth first search', 'graph', 'dictionary', 'set', 'for loop', 'if statement', 'continue statement']","['for loop', 'if statement', 'tuple', 'while loop', 'continue statement', 'misc', 'break statement']","from 1 to n, and edges connect the numbers that are neighbors in the permutation. The condition that at least one of the neighbors of each number differs by 1 can be represented by ensuring that each edge connects a number to its neighbor that is either one less or one more. The condition that there are no fixed points can be represented by ensuring that there is a path from each number to every other number.

We can use Depth-First Search (DFS) to find a cycle that satisfies these conditions. If we find a cycle, we can output the cycle as the permutation. If we cannot find a cycle, we can output -1.

Here is the Python code that implements this approach:

```python
import itertools
from collections import defaultdict

def solve(n):
    if n <= 1:
        return [-1] if n == 1 else []

    graph = defaultdict(list)
    for i in range(1, n + 1):
        for j in (i - 1, i + 1):
            if 1 <= j <= n:
                graph[i].append(j)

    visited = set()
    for i in range(1, n + 1):
        if i in visited:
            continue
        if not dfs(i, graph, visited):
            return [-1]

    permutation = []
    for i in range(1, n + 1):
        permutation.append(visited[i])
    return permutation

",False,False,4,0.5714285714285714
1741B,4,"['for loop', 'if statement', 'misc', 'tuple']",[],"['for loop', 'if statement', 'tuple', 'while loop', 'continue statement', 'misc', 'break statement']",,False,True,0,0.0
1741A,0,['this is the og problem'],"['if statement', 'for loop']","['for loop', 'dictionary', 'if statement', 'while loop', 'tuple', 'recursion', 'pass statement', 'misc', 'queue']","def solve():
    t = int(input())
    for _ in range(t):
        a, b = input().split()
        if a[0] == 'S' and b[0] in ('M', 'L') or a[0] in ('M', 'L') and b[0] == 'S':
            print('<')
        elif a[0] in ('M', 'L') and b[0] in ('M', 'L'):
            if len(a) > len(b):
                print('>')
            elif len(a) < len(b):
                print('<')
            else:
                print('=')
        else:
            print('Invalid T-shirt size')

",False,True,0,0.0
1741A,1,['for loop'],"['if statement', 'dictionary', 'for loop']","['for loop', 'dictionary', 'if statement', 'while loop', 'tuple', 'recursion', 'pass statement', 'misc', 'queue']","from operator import lexical_compare

def solve(a, b):
    def size_compare(size):
        size_map = {'M': 2, 'S': 1, 'L': 3, 'X': -1}
        size_score = 0
        for c in reversed(size):
            size_score += size_map[c]
        return size_score

    a_score = size_compare(a)
    b_score = size_compare(b)

    if a_score < b_score:
        return '<'
    elif a_score > b_score:
        return '>'
    else:
        return '='

",False,False,0,0.0
1741A,2,"['for loop', 'if statement']","['if statement', 'for loop']","['for loop', 'dictionary', 'if statement', 'while loop', 'tuple', 'recursion', 'pass statement', 'misc', 'queue']","import re

def compare_sizes(a, b):
    a_size, b_size = a.upper(), b.upper()
    a_type, a_degree = a_size[0], len(a_size) - a_size[1:].count('X')
    b_type, b_degree = b_size[0], len(b_size) - b_size[1:].count('X')

    if a_type == 'M' and b_type not in ('M', 'S', 'L'):
        return '<'
    elif b_type == 'M' and a_type not in ('M', 'S', 'L'):
        return '>'
    elif a_type == 'S' and b_type == 'S':
        return a_degree < b_degree and '<' or '>'
    elif a_type == 'L' and b_type == 'L':
        return a_degree > b_degree and '>' or '<'
    elif a_type == 'S' and b_type in ('M', 'L'):
        return '<'
    elif a_type == 'L' and b_type in ('M', 'S'):
        return '>'
    elif a_type == 'M' and b_type == 'S':
        return '<' if a_degree < b_degree else '>'
    elif a_type == 'M' and b_type == 'L':
        return '>' if a_degree > b_degree else '<'
    else:
        assert False, f""Invalid T-shirt sizes: {a_size} and {b_size}""

def solve():
    t = int(input())
    for _ in range(t):
        a, b = input().split()
        print(compare_sizes(a, b))

",False,False,0,0.0
1741A,3,"['for loop', 'if statement', 'while loop']",['for loop'],"['for loop', 'dictionary', 'if statement', 'while loop', 'tuple', 'recursion', 'pass statement', 'misc', 'queue']","import operator

def solve(t):
    size_map = {'S': 1, 'M': 2, 'L': 3, 'X': -1}
    size_comparator = operator.itemgetter(*reversed(range(4)))

    for _ in range(t):
        a, b = input().split()
        a_score = sum(size_map[c] for c in reversed(a))
        b_score = sum(size_map[c] for c in reversed(b))
        print(size_comparator([a_score, b_score])[0])

",False,False,0,0.0
1741A,4,"['for loop', 'if statement', 'while loop', 'dictionary']","['for loop', 'if statement', 'dictionary']","['for loop', 'dictionary', 'if statement', 'while loop', 'tuple', 'recursion', 'pass statement', 'misc', 'queue']","import string
import operator

def solve(t):
    size_map = {'S': 1, 'M': 2, 'L': 3, 'X': -1}
    size_comparator = operator.itemgetter(*reversed(range(4)))

    for _ in range(t):
        a, b = input().split()
        a_score = sum(size_map[c] for c in reversed(a))
        b_score = sum(size_map[c] for c in reversed(b))
        if a_score < b_score:
            print('<')
        elif a_score > b_score:
            print('>')
        else:
            print('=')

",False,False,0,0.0
1740B,0,['this is the og problem'],"['recursion', 'dictionary']","['for loop', 'if statement', 'while loop', 'misc', 'tuple', 'matrix operation', 'hashmap', 'recursion', 'heap', 'sorting']","import math
from collections import defaultdict

def find(x):
    if parent[x] != x:
        parent[x] = find(parent[x])
    return parent[x]

def union(x, y):
    px = find(x)
    py = find(y)
    if px > py:
        parent[px] = py
    else:
        parent[py] = px
        if px == py:
            parent[py] += 1

def solve():
    n = int(input())
    rectangles = defaultdict(list)
    for _ in range(n):
        a, b = map(int, input().split())
        rectangles[a].append(b)
        rectangles[b].append(a)

    edges = []
    for k, v in rectangles.items():
        for i in range(1, len(v)):
            x, y = v[i-1], v[i]
            edges.append((math.gcd(x, y), x, y))

    edges.sort()
    parent = list(range(max(rectangles.keys()) + 1))

    mst_cost = 0
    for _, x, y in edges:
        if find(x) != find(y):
            union(x, y)
            mst_cost += x + y - 2 * math.gcd(x, y)

    perimeter = 0
    for k, v in rectangles.items():
        if len(v) == 1:
            perimeter += k * 2
        else:
            root = find(v[0])
            for i in range(1, len(v)):
                perimeter += math.gcd(v[i], v[0]) * 2
            perimeter += parent[root] * 2

    print(perimeter + mst_cost)

",False,True,1,0.5
1740B,1,['for loop'],['for loop'],"['for loop', 'if statement', 'while loop', 'misc', 'tuple', 'matrix operation', 'hashmap', 'recursion', 'heap', 'sorting']","import math
import sys
from collections import defaultdict

def gcd(a, b):
    while b:
        a, b = b, a % b
    return a

def solve():
    n = int(input())
    slices = defaultdict(int)
    for _ in range(n):
        a, b = map(int, input().split())
        slices[a * b] += 1
        slices[a] += 1
        slices[b] += 1

    min_perimeter = max(slices.keys())
    max_perimeter = sum(slices.values()) * 4

    while min_perimeter < max_perimeter:
        mid_perimeter = (min_perimeter + max_perimeter) // 2
        total_slices = 0
        for perimeter in slices.keys():
            if perimeter <= mid_perimeter:
                total_slices += slices[perimeter]
        if total_slices * 4 <= mid_perimeter:
            max_perimeter = mid_perimeter
        else:
            min_perimeter = mid_perimeter + 1

    print(min_perimeter)

",False,False,0,0.0
1740B,2,"['for loop', 'sorting']",['for loop'],"['for loop', 'if statement', 'while loop', 'misc', 'tuple', 'matrix operation', 'hashmap', 'recursion', 'heap', 'sorting']","import math
from collections import defaultdict

def find(x):
    if x != parents[x]:
        parents[x] = find(parents[x])
    return parents[x]

def union(x, y):
    px = find(x)
    py = find(y)
    if px == py:
        return
    if size[px] < size[py]:
        parents[px] = py
        size[py] += size[px]
    else:
        parents[py] = px
        size[px] += size[py]

def solve(n, a, b):
    parents = list(range(n))
    size = [1] * n
    x_max = max(a)
    y_max = max(b)
    x_min = min(a)
    y_min = min(b)
    perimeter = 2 * (x_max + y_max)

    for i in range(n):
        x, y = a[i], b[i]
        if x == x_min:
            union(i, i + 1 if i < n - 1 else 0)
        elif y == y_min:
            union((i - 1) % n, i)

    for i in range(n):
        x, y = a[i], b[i]
        if x == x_min:
            perimeter += 2 * y
        elif y == y_min:
            perimeter += 2 * x
        else:
            perimeter += 2 * math.sqrt((x - x_min) ** 2 + (y - y_min) ** 2)

    return perimeter

",False,False,0,0.0
1740B,3,"['for loop', 'sorting', 'recursion']",['for loop'],"['for loop', 'if statement', 'while loop', 'misc', 'tuple', 'matrix operation', 'hashmap', 'recursion', 'heap', 'sorting']","import math
from collections import defaultdict

def find(x):
    if parent[x] != x:
        parent[x] = find(parent[x])
    return parent[x]

def union(x, y):
    root_x = find(x)
    root_y = find(y)
    if root_x == root_y:
        return
    if height[root_x] < height[root_y]:
        parent[root_x] = root_y
        height[root_y] += height[root_x]
    else:
        parent[root_y] = root_x
        height[root_x] += height[root_y]

def solve():
    n = int(input())
    parent = list(range(n + 1))
    height = [0] * (n + 1)
    edges = defaultdict(list)
    for _ in range(n):
        a, b = map(int, input().split())
        edges[(a, 0)].append((b, 1))
        edges[(b, 1)].append((a, 0))

    for _, edges_list in edges.items():
        for i in range(len(edges_list) - 1):
            x, y = edges_list[i]
            for j in range(i + 1, len(edges_list)):
                a, b = edges_list[j]
                if find(x) != find(y) and find(y) != find(a) and find(x) != find(b):
                    union(x, a)
                    union(y, b)

    result = 0
    for i in range(1, n + 1):
        root = find(i)
        if root == 1:
            continue
        x, y = edges[(i, 0)][0]
        result += 2 * (x + y)
        for j in edges[(i, 0)]:
            result += j[1]

    return result

",False,False,0,0.0
1740B,4,"['for loop', 'sorting', 'recursion', 'if statement']","['for loop', 'while loop', 'stack', 'dictionary', 'sorting', 'tuple', 'break statement']","['for loop', 'if statement', 'while loop', 'misc', 'tuple', 'matrix operation', 'hashmap', 'recursion', 'heap', 'sorting']","from collections import defaultdict
import math
import heapq

def get_convex_hull(points):
    # Get the convex hull of a set of points
    sorted_points = sorted(points, key=lambda x: x[1])
    stack = []
    hull = []
    for point in sorted_points:
        while len(stack) >= 2 and ccw(stack[-2], stack[-1], point) <= 0:
            stack.pop()
        stack.append(point)
    hull += stack
    for point in sorted_points[::-1]:
        while len(stack) >= 2 and ccw(stack[-2], stack[-1], point) <= 0:
            stack.pop()
        stack.append(point)
    hull += stack[::-1]
    return hull

def ccw(a, b, c):
    # Check if the points a, b, c form a counterclockwise direction
    return (b[0] - a[0]) * (c[1] - a[1]) - (b[1] - a[1]) * (c[0] - a[0]) > 0

def solve():
    t = int(input())
    for _ in range(t):
        n = int(input())
        cheese = defaultdict(list)
        for _ in range(n):
            a, b = map(int, input().split())
            cheese[(a, 0)].append((b, 1))
        points = []
        for x, heights in cheese.items():
            for h, y in heights:
                points.append((x, h))
        hull = get_convex_hull(points)
        x_min, y_min = hull[0]
        x_max, y_max = hull[-1]
        width = x_max - x_min + 1
        height = y_max - y_min + 1
        perimeter = 2 * (width + height)
        for i in range(1, len(hull)):
            x1, y1 = hull[i - 1]
            x2, y2 = hull[i]
            perimeter += math.hypot(x2 - x1, y2 - y1)
        print(perimeter)

",False,False,3,0.42857142857142855
1740B,5,"['for loop', 'sorting', 'recursion', 'if statement', 'tuple']","['if statement', 'for loop', 'sorting', 'misc']","['for loop', 'if statement', 'while loop', 'misc', 'tuple', 'matrix operation', 'hashmap', 'recursion', 'heap', 'sorting']","import sys
import math
from scipy.spatial import ConvexHull

def find(x):
    if x != parents[x]:
        parents[x] = find(parents[parents[x]])
    return parents[x]

def union(x, y):
    root_x = find(x)
    root_y = find(y)
    if root_x == root_y:
        return
    if rank[root_x] < rank[root_y]:
        parents[root_x] = root_y
        rank[root_y] += rank[root_x]
    else:
        parents[root_y] = root_x
        rank[root_x] += rank[root_y]

def solve():
    n = int(input())
    for _ in range(n):
        a, b = map(int, input().split())
        parents.append(a)
        rank.append(1)

    hull = ConvexHull(points)
    points_hull = [points[hull.vertices[i]] for i in range(len(hull.vertices))]
    points_hull.sort(key=lambda x: x[0])
    points_hull.sort(key=lambda x: x[1])

    for i in range(1, len(points_hull)):
        x, y = points_hull[i]
        x_, y_ = points_hull[i - 1]
        if x == x_:
            union(y, y_ - 1)
        elif y == y_:
            union(x, x_ + 1)
        else:
            union(x, y_)
            union(x_, y - 1)

    perimeter = 0
    for i in range(1, len(points_hull)):
        x, y = points_hull[i]
        if find(x) != find(x_hull[0][0]):
            perimeter += x - x_hull[0][0] + 1
            union(x, x_hull[0][0])
        if find(y) != find(y_hull[0][1]):
            perimeter += y - y_hull[0][1] + 1
            union(y, y_hull[0][1])

    return perimeter

",False,False,0,0.0
1740A,0,['this is the og problem'],"['if statement', 'for loop', 'while loop', 'break statement', 'stack']","['misc', 'for loop', 'if statement', 'while loop']","from math import sqrt

def is_prime(n):
    if n <= 1:
        return False
    if n <= 3:
        return True
    if n % 2 == 0 or n % 3 == 0:
        return False
    i = 5
    while i * i <= n:
        if n % i == 0 or n % (i + 2) == 0:
            return False
        i += 6
    return True

def solve():
    t = int(input())
    for _ in range(t):
        n = int(input())
        for m in range(2, n + 10000):
            if not is_prime(n + m):
                print(m)
                break

",False,True,2,0.4
1740A,1,['if statement'],"['if statement', 'for loop', 'break statement']","['misc', 'for loop', 'if statement', 'while loop']","import math

def sieve_of_eratosthenes(limit):
    primes = [True] * (limit + 1)
    primes[0] = primes[1] = False
    for i in range(2, int(math.sqrt(limit)) + 1):
        if primes[i]:
            for j in range(i*i, limit + 1, i):
                primes[j] = False
    return [i for i in range(2, len(primes)) if primes[i]]

def solve():
    t = int(input())
    primes = sieve_of_eratosthenes(100005)

    for _ in range(t):
        n = int(input())
        for m in primes:
            if n + m not in primes:
                print(m)
                break

",False,False,1,0.3333333333333333
1740A,2,"['if statement', 'for loop']",['for loop'],"['misc', 'for loop', 'if statement', 'while loop']","import sympy

def is_prime(n):
    if n < 2:
        return False
    if n == 2:
        return True
    if n % 2 == 0:
        return False
    sqrt_n = int(n ** 0.5) + 1
    for i in range(3, sqrt_n, 2):
        if n % i == 0:
            return False
    return True

def sieve_of_eratosthenes(limit):
    primes = [True] * limit
    primes[0] = primes[1] = False
    for i in range(2, int(limit ** 0.5) + 3):
        if primes[i]:
            for j in range(i * i, limit, i):
                primes[j] = False
    return [i for i in range(2, limit) if primes[i]]

def solve():
    t = int(input())
    primes = sieve_of_eratosthenes(100005)
    for _ in range(t):
        n = int(input())
        for m in primes:
            if not is_prime(n + m):
                print(m)
                break

",False,False,0,0.0
1740A,3,"['if statement', 'for loop', 'misc']",['for loop'],"['misc', 'for loop', 'if statement', 'while loop']","from sympy import isprime

def sieve_of_eratosthenes(limit):
    sieve = [True] * limit
    sieve[0] = sieve[1] = False
    for i in range(2, int(limit**0.5) + 1):
        if sieve[i]:
            for j in range(i*i, limit, i):
                sieve[j] = False
    return [i for i in range(2, limit) if sieve[i]]

def find_non_prime(n):
    primes = sieve_of_eratosthenes(100005)
    for m in primes:
        if not isprime(n + m):
            return m

def solve():
    t = int(input())
    for _ in range(t):
        n = int(input())
        m = find_non_prime(n)
        print(m)

",False,False,0,0.0
1740A,4,"['if statement', 'for loop', 'misc', 'recursion']","['if statement', 'for loop', 'break statement']","['misc', 'for loop', 'if statement', 'while loop']","import math
import sympy

def is_prime(n):
    if n < 2:
        return False
    if n == 2:
        return True
    if n % 2 == 0:
        return False
    sqrt_n = math.isqrt(n)
    for i in range(3, sqrt_n + 1, 2):
        if n % i == 0:
            return False
    return True

def sieve_of_eratosthenes(limit):
    primes = [True] * limit
    primes[0] = primes[1] = False
    for i in range(2, int(limit**0.5) + 1):
        if primes[i]:
            for j in range(i*i, limit, i):
                primes[j] = False
    return [i for i in range(2, limit) if primes[i]]

def solve():
    t = int(input())
    primes = sieve_of_eratosthenes(100005)
    for _ in range(t):
        n = int(input())
        for m in primes:
            if not is_prime(n + m):
                print(m)
                break

",False,False,1,0.3333333333333333
1739A,0,['this is the og problem'],"['for loop', 'set', 'matrix operation']","['for loop', 'tuple', 'matrix operation', 'if statement', 'misc', 'while loop']","from collections import defaultdict
import sys

def solve():
    testcases = int(input())

    for _ in range(testcases):
        n, m = map(int, input().split())
        board = [[0] * m for _ in range(n)]

        # Fill the board with knights
        for i in range(n):
            for j in range(m):
                board[i][j] = 1

        # Check for isolated cells
        isolated_cells = set()
        for i in range(n):
            for j in range(m):
                if not can_move((i, j), n, m, board):
                    isolated_cells.add((i, j))

        # If there are isolated cells, print one of them
        if isolated_cells:
            print(*next(iter(isolated_cells)))
        else:
            # If there are no isolated cells, print any cell on the board
            print(*(range(1, n+1), range(1, m+1)))

",False,True,1,0.3333333333333333
1739A,1,['if statement'],"['if statement', 'for loop', 'recursion', 'set', 'matrix operation', 'depth first search']","['for loop', 'tuple', 'matrix operation', 'if statement', 'misc', 'while loop']","from collections import defaultdict

def is_isolated(board, x, y):
    visited = set()
    directions = [(-2, -1), (-2, 1), (-1, 2), (1, 2), (2, 1), (2, -1), (1, -2), (-1, -2)]

    def dfs(x, y):
        if (x, y) in visited:
            return False
        visited.add((x, y))
        for dx, dy in directions:
            nx, ny = x + dx, y + dy
            if 0 <= nx < len(board) and 0 <= ny < len(board[0]) and not dfs(nx, ny):
                return False
        return True

    return dfs(x, y) and not dfs(x, y - 1) and not dfs(x, y + 1)

def solve():
    t = int(input())
    for _ in range(t):
        n, m = map(int, input().split())
        board = [[0] * m for _ in range(n)]
        for i in range(n):
            for j in range(m):
                if is_isolated(board, i, j):
                    print(i + 1, j + 1)
                    break
            else:
                print(1, 1)
                break

",False,False,3,0.5
1739A,2,"['if statement', 'for loop']",['for loop'],"['for loop', 'tuple', 'matrix operation', 'if statement', 'misc', 'while loop']","from collections import defaultdict

def is_isolated(board, x, y):
    visited = set()
    directions = [(-2, -1), (-2, 1), (-1, 2), (1, 2), (2, 1), (2, -1), (1, -2), (-1, -2)]

    def dfs(x, y):
        if (x, y) in visited:
            return False
        visited.add((x, y))
        for dx, dy in directions:
            nx, ny = x + dx, y + dy
            if 0 <= nx < len(board) and 0 <= ny < len(board[0]) and not dfs(nx, ny):
                return False
        return True

    return dfs(x, y) and not dfs(x, y - 1) and not dfs(x, y + 1)

def solve():
    t = int(input())
    for _ in range(t):
        n, m = map(int, input().split())
        board = [['.' for _ in range(m)] for _ in range(n)]
        for i in range(n):
            for j in range(m):
                if is_isolated(board, i, j):
                    print(i + 1, j + 1)
                    break
            else:
                print(1, 1)
                break

",False,False,0,0.0
1739A,3,"['if statement', 'for loop', 'tuple']","['recursion', 'set', 'tuple', 'if statement', 'for loop', 'matrix operation', 'depth first search', 'break statement']","['for loop', 'tuple', 'matrix operation', 'if statement', 'misc', 'while loop']","from collections import defaultdict

def is_isolated(board, r, c):
    visited = set()
    directions = [(-2, -1), (-2, 1), (-1, 2), (1, 2), (2, 1), (2, -1), (1, -2), (-1, -2)]

    def dfs(r, c):
        if (r, c) in visited:
            return False
        visited.add((r, c))
        for dr, dc in directions:
            if 0 <= r + dr < len(board) and 0 <= c + dc < len(board[0]) and not dfs(r + dr, c + dc):
                return False
        return True

    return dfs(r, c) and not dfs(r, c - 1) and not dfs(r, c + 1) and not dfs(r - 1, c) and not dfs(r + 1, c)

def solve():
    t = int(input())
    for _ in range(t):
        n, m = map(int, input().split())
        board = [[0] * m for _ in range(n)]
        for r in range(n):
            for c in range(m):
                if is_isolated(board, r, c):
                    print(r + 1, c + 1)
                    break
            else:
                print(1, 1)
                break

",False,False,4,0.5
1739A,4,"['if statement', 'for loop', 'tuple', 'hashmap']","['recursion', 'tuple', 'set', 'if statement', 'for loop', 'matrix operation']","['for loop', 'tuple', 'matrix operation', 'if statement', 'misc', 'while loop']","import itertools

def solve():
    def dfs(x, y):
        if (x, y) in visited or not (0 < x < n and 0 < y < m):
            return
        visited.add((x, y))
        for dx, dy in itertools.product([-2, 2], repeat=2):
            if dfs((x + dx) // 2 * (dx > 0) + (x + dx) % 2 * (dx < 0), (y + dy) // 2 * (dy > 0) + (y + dy) % 2 * (dy < 0)):
                return True
        isolated_cells.add((x, y))

    n, m = map(int, input().split())
    visited = set()
    isolated_cells = set()
    dfs(1, 1)
    if isolated_cells:
        print(*next(iter(isolated_cells)))
    else:
        print(*(1, 1))

# Test cases
",False,False,2,0.3333333333333333
1739A,5,"['if statement', 'for loop', 'tuple', 'hashmap', 'while loop']",['for loop'],"['for loop', 'tuple', 'matrix operation', 'if statement', 'misc', 'while loop']","import itertools
import sys

def solve():
    n, m = map(int, input().strip().split())
    board = [[0] * m for _ in range(n)]

    def dfs(r, c):
        if r < 0 or r >= n or c < 0 or c >= m or board[r][c]:
            return
        board[r][c] = 1
        for dr, dc in itertools.product([-2, 2], repeat=2):
            if (r + dr, c + dc) == (r, c):
                continue
            dfs(r + dr, c + dc)

    for r in range(n):
        for c in range(m):
            if not board[r][c]:
                dfs(r, c)
                return r + 1, c + 1

    # If no isolated cell is found, return any cell on the board
    return 1, 1

",False,False,0,0.0
1738A,0,['this is the og problem'],"['for loop', 'tuple', 'sorting', 'if statement']","['for loop', 'if statement', 'while loop', 'sorting', 'tuple', 'continue statement', 'pass statement', 'match statement', 'recursion', 'stack', 'queue', 'set', 'dictionary']","from functools import reduce
from operator import xor

def solve():
    t = int(input())
    for _ in range(t):
        n = int(input())
        a = list(map(int, input().split()))
        b = list(map(int, input().split()))

        # Create a list of tuples (type, damage) for each skill
        skills = list(zip(a, b))

        # Sort the skills based on the type XOR the previous type
        skills.sort(key=lambda x: reduce(xor, skills[:x[0]], 0))

        # Calculate the total damage
        total_damage = 0
        for i in range(1, len(skills)):
            total_damage += 2 * skills[i][1] if skills[i - 1][0] != skills[i][0] else skills[i][1]
        total_damage += skills[0][1]

        print(total_damage)

",False,True,0,0.0
1738A,1,['hashmap'],"['if statement', 'for loop']","['for loop', 'if statement', 'while loop', 'sorting', 'tuple', 'continue statement', 'pass statement', 'match statement', 'recursion', 'stack', 'queue', 'set', 'dictionary']","from typing import List

def solve(tests: List[List[int]]):
    for test in tests:
        n = test[0]
        skills = test[1:]
        damages = [0] * n
        max_damage = 0

        for i in range(n):
            if i == 0 or skills[i] != skills[i - 1]:
                damages[i] = skills[i] * skills[i]
            else:
                damages[i] = skills[i] * (damages[i - 1] * 2)
            max_damage = max(max_damage, damages[i])

        print(max_damage)

",False,True,0,0.0
1738A,2,"['hashmap', 'for loop']",['for loop'],"['for loop', 'if statement', 'while loop', 'sorting', 'tuple', 'continue statement', 'pass statement', 'match statement', 'recursion', 'stack', 'queue', 'set', 'dictionary']","from typing import List

def solve(test_cases: List[List[int]]):
    for test in test_cases:
        n = test[0]
        skills = test[1:]
        stack = []
        max_damage = 0
        for skill in skills:
            damage = skill[2]
            if stack and stack[-1][0] != skill[1]:
                damage *= 2
            stack.append((skill[1], damage))
        for damage in stack[-n:]:
            max_damage += damage
        print(max_damage)

",False,False,0,0.0
1738A,3,"['hashmap', 'for loop', 'if statement']","['stack', 'for loop', 'if statement']","['for loop', 'if statement', 'while loop', 'sorting', 'tuple', 'continue statement', 'pass statement', 'match statement', 'recursion', 'stack', 'queue', 'set', 'dictionary']","from typing import List

def solve(n: int, a: List[int], b: List[int]):
    stack = []
    max_damage = 0
    for i in range(n):
        current_damage = b[i]
        if stack and stack[-1] != a[i]:
            current_damage *= 2
        stack.append(a[i])
        max_damage = max(max_damage, current_damage)
    return max_damage

",False,False,0,0.0
1738A,4,"['hashmap', 'for loop', 'if statement', 'recursion']","['for loop', 'if statement', 'dynamic programming']","['for loop', 'if statement', 'while loop', 'sorting', 'tuple', 'continue statement', 'pass statement', 'match statement', 'recursion', 'stack', 'queue', 'set', 'dictionary']","import sys
input = sys.stdin.readline

def solve():
    t = int(input())
    for _ in range(t):
        n = int(input())
        a = list(map(int, input().split()))
        b = list(map(int, input().split()))

        dp = [0] * (n + 1)
        for i in range(1, n + 1):
            if i > 1 and a[i - 1] != a[i - 2]:
                dp[i] = max(dp[i], dp[i - 1] + 2 * b[i - 1])
            dp[i] = max(dp[i], b[i - 1])

        print(dp[n])

",False,False,1,0.3333333333333333
1738A,5,"['hashmap', 'for loop', 'if statement', 'recursion', 'tuple']","['if statement', 'for loop', 'while loop', 'stack']","['for loop', 'if statement', 'while loop', 'sorting', 'tuple', 'continue statement', 'pass statement', 'match statement', 'recursion', 'stack', 'queue', 'set', 'dictionary']","from collections import deque

def solve():
    t = int(input())
    for _ in range(t):
        n = int(input())
        a = list(map(int, input().split()))
        b = list(map(int, input().split()))

        stack = deque()
        total_damage = 0

        for i in range(n):
            while stack and stack[-1][0] != a[i]:
                stack[-1][1] *= 2
            stack.append((a[i], b[i]))

        for skill in stack:
            total_damage += skill[1]

        print(total_damage)

",False,False,0,0.0
1736A,0,['this is the og problem'],"['for loop', 'dictionary', 'if statement']","['for loop', 'if statement', 'misc', 'tuple', 'matrix operation', 'continue statement', 'while loop']","from collections import Counter

def solve():
    t = int(input())
    for _ in range(t):
        n = int(input())
        a = list(map(int, input().split()))
        b = list(map(int, input().split()))
        c = Counter(a)
        d = Counter(b)
        ops = 0
        for k in c.keys():
            ops += max(0, c[k] - d.get(k, 0))
        print(ops)

",False,True,1,0.3333333333333333
1736A,1,['hashmap'],"['for loop', 'if statement', 'matrix operation', 'dynamic programming']","['for loop', 'if statement', 'misc', 'tuple', 'matrix operation', 'continue statement', 'while loop']","def solve():
    t = int(input())
    for _ in range(t):
        n = int(input())
        a = list(map(int, input().split()))
        b = list(map(int, input().split()))

        dp = [[0] * 2 for _ in range(n)]
        for i in range(n):
            dp[i][a[i]] = 1

        for i in range(1, n):
            for j in range(i):
                dp[i][0] = min(dp[i][0], dp[j][1] + 1)
                dp[i][1] = min(dp[i][1], dp[j][0] + 1)

        min_ops = dp[-1][0] if a == b else min(dp[-1][0], dp[-1][1])
        print(min_ops)

",False,True,1,0.25
1736A,2,"['hashmap', 'if statement']","['for loop', 'if statement', 'tuple', 'dictionary']","['for loop', 'if statement', 'misc', 'tuple', 'matrix operation', 'continue statement', 'while loop']","from itertools import accumulate

def solve():
    t = int(input())
    for _ in range(t):
        n = int(input())
        a = list(map(int, input().split()))
        b = list(map(int, input().split()))

        diff = accumulate(map(lambda x, y: x ^ y, a, b), initial=0)
        count = 0
        for i in range(1, n+1):
            if diff[i] != 0:
                count += diff[i]
                diff[i] = 0
        print(count)

",False,False,1,0.25
1736A,3,"['hashmap', 'if statement', 'for loop']","['if statement', 'for loop']","['for loop', 'if statement', 'misc', 'tuple', 'matrix operation', 'continue statement', 'while loop']","from sys import stdin, stdout

def solve():
    t = int(input().strip())
    for _ in range(t):
        n = int(input().strip())
        a = list(map(int, input().strip().split()))
        b = list(map(int, input().strip().split()))

        xor_a = sum(a) ^ sum(b)
        count = 0
        for i in range(n):
            if a[i] != b[i]:
                count += (a[i] ^ b[i])

        stdout.write(f""{count - xor_a}\n"")

",True,False,0,0.0
1736A,4,"['hashmap', 'if statement', 'for loop', 'while loop']",['for loop'],"['for loop', 'if statement', 'misc', 'tuple', 'matrix operation', 'continue statement', 'while loop']","from functools import reduce

def solve(a, b):
    diff = reduce(lambda x, y: x ^ y, a, 0) ^ reduce(lambda x, y: x ^ y, b, 0)
    return len(bin(diff)[2:].count('1'))

",False,False,0,0.0
1736A,5,"['hashmap', 'if statement', 'for loop', 'while loop', 'recursion']",['for loop'],"['for loop', 'if statement', 'misc', 'tuple', 'matrix operation', 'continue statement', 'while loop']","from itertools import accumulate, permutations

def solve():
    t = int(input())
    for _ in range(t):
        n = int(input())
        a = list(map(int, input().split()))
        b = list(map(int, input().split()))

        # Calculate the XOR of both arrays
        xor = list(accumulate([a[i] ^ b[i] for i in range(n)], func=lambda x, y: x ^ y))

        # Find the index where XOR changes from 0 to 1 or vice versa
        for i in range(1, n):
            if xor[i] != xor[i - 1]:
                break
        else:
            i = n

        # Find the minimum number of swaps required to make the prefix sums equal
        swaps = float('inf')
        for perm in permutations(range(i)):
            new_a = [a[perm[i]] for i in range(n)]
            new_xor = list(accumulate([new_a[i] ^ b[i] for i in range(n)], func=lambda x, y: x ^ y))
            if new_xor[i] == 0:
                swaps = min(swaps, sum(map(abs, list(zip(perm, range(n))))) + (i - 1))

        print(swaps)

",False,False,0,0.0
1735A,0,['this is the og problem'],"['dynamic programming', 'for loop', 'if statement']","['for loop', 'if statement', 'queue', 'while loop']","import math

def solve():
    n = int(input())
    days = [0] + list(map(int, input().split()))
    dp = [0] * n

    for i in range(1, n):
        for j in range(i - 2, -1, -1):
            dp[i] = max(dp[i], dp[j] + (days[i] - days[j]))

    return max(dp)

",False,True,1,0.3333333333333333
1735A,1,['for loop'],['for loop'],"['for loop', 'if statement', 'queue', 'while loop']","import math

def solve(n):
    dp = [0] * n
    days_off = 2

    # Base case: days_off = 2 when n = 2
    if n == 2:
        return 1

    # Calculate the maximum difference for each day
    for i in range(2, n):
        # If the current day is a day off, the difference is the maximum difference of the previous days
        dp[i] = max(dp[i - days_off])

        # If the current day is not a day off, the difference is the minimum of the differences of the previous days,
        # but only if the difference is greater than 0 (to ensure the days are not consecutive)
        if i - dp[i - days_off - 1] > 1:
            dp[i] = max(dp[i], i - dp[i - days_off - 1] - 1)

    # The maximum difference is the minimum of the differences of the last three days
    return min(dp[-3], dp[-2] - dp[-3], dp[-1] - dp[-2])

",False,False,0,0.0
1735A,2,"['for loop', 'recursion']","['if statement', 'for loop', 'dynamic programming']","['for loop', 'if statement', 'queue', 'while loop']","import math

def solve():
    n = int(input())
    days = [0] + list(map(int, input().split()))
    dp = [0] * n

    for i in range(1, n):
        for j in range(i - 2, -1, -1):
            dp[i] = max(dp[i], dp[j] + (days[i] - days[j] - 1))

    return max(dp)

",False,False,1,0.3333333333333333
1735A,3,"['for loop', 'recursion', 'while loop']",['for loop'],"['for loop', 'if statement', 'queue', 'while loop']","import math

def solve():
    n = int(input())
    dp = [0] * (n + 1)
    for i in range(3, n + 1):
        for j in range(1, i):
            working_days = i - j - 1
            if working_days > 0:
                dp[i] = max(dp[i], dp[j] + math.inf if j + 3 <= n else dp[j] + (n - i))
                diff = abs(working_days - (i - j - 2))
                dp[i] = min(dp[i], dp[j] + diff)
    return dp[n]

# Test cases
",True,False,0,0.0
1735A,4,"['for loop', 'recursion', 'while loop', 'if statement']","['if statement', 'for loop', 'dynamic programming']","['for loop', 'if statement', 'queue', 'while loop']","import math

def solve():
    n = int(input())
    days = [0] + list(map(int, input().split()))
    dp = [0] * n

    for i in range(1, n):
        for j in range(i - 2, -1, -1):
            dp[i] = max(dp[i], dp[j] + (sum(days[j + 1: i]) - 1))

    return max(dp) - min(dp)

",False,False,1,0.3333333333333333
1735A,5,"['for loop', 'recursion', 'while loop', 'if statement', 'dictionary']",['for loop'],"['for loop', 'if statement', 'queue', 'while loop']","def solve():
    def dfs(n, days_off, days_left):
        if days_left == 2:
            return float('inf')
        if days_left == 1:
            return 0

        res = float('-inf')
        for i in range(1, n):
            if not (days_off & (1 << (i - 1))):
                res = max(res, dfs(n, days_off | (1 << i), days_left - 1) + (i - days_off_days[i] - 1))
        return res

    for _ in range(int(input())):
        n = int(input())
        days_off_days = [0] * n
        days_off = 0
        for i in range(n - 2):
            days_off_days[i] = days_off
            if not (days_off & (1 << i)):
                days_off |= (1 << i)
        days_off_days[n - 1] = days_off
        days_off |= (1 << (n - 1))
        print(dfs(n, days_off, n - 2))

",False,False,0,0.0
1734B,0,['this is the og problem'],"['dynamic programming', 'matrix operation', 'for loop', 'if statement']","['while loop', 'for loop', 'if statement', 'tuple', 'matrix operation', 'continue statement', 'recursion']","import sys

def solve():
    n = int(input())
    dp = [[0] * n for _ in range(n)]
    for i in range(1, n):
        for j in range(1, i+1):
            dp[i][j] = dp[i-1][j-1] + 1
            dp[i][j] += dp[i-1][j]
    max_brightness = max(sum(dp[i]) for i in range(1, n))
    for i in range(1, n):
        if sum(dp[i]) == max_brightness:
            for j in range(1, i+1):
                sys.stdout.write(str(1 if j == 1 else 0) + "" "")
            print()
    print()

",False,True,1,0.25
1734B,1,['if statement'],['for loop'],"['while loop', 'for loop', 'if statement', 'tuple', 'matrix operation', 'continue statement', 'recursion']","from the top-left room (1,1) to that room.

Here is the Python code for the `solve()` function:

",False,True,0,0.0
1734B,2,"['if statement', 'matrix operation']","['dynamic programming', 'matrix operation', 'for loop', 'if statement']","['while loop', 'for loop', 'if statement', 'tuple', 'matrix operation', 'continue statement', 'recursion']","import sys
from collections import deque

def solve():
    n = int(input().strip())
    dp = [[0] * n for _ in range(n)]
    for i in range(1, n):
        for j in range(1, min(i+1, n)):
            dp[i][j] = dp[i-1][j] + 1
            if j < i:
                dp[i][j] = max(dp[i][j], dp[i-1][j+1] + 1)

    max_brilliance = 0
    max_brilliance_pyramid = [[0] * n for _ in range(n)]
    for i in range(1, n):
        for j in range(1, min(i+1, n)):
            if dp[i][j] == i:
                max_brilliance += i
                for k in range(1, i+1):
                    max_brilliance_pyramid[k][j] = 1

    print(max_brilliance)
    for i in range(1, n):
        for j in range(1, min(i+1, n)):
            if max_brilliance_pyramid[i][j] == 1:
                print(*max_brilliance_pyramid[i])
                break

",False,False,1,0.25
1734B,3,"['if statement', 'matrix operation', 'for loop']","['recursion', 'dynamic programming', 'for loop', 'matrix operation', 'misc']","['while loop', 'for loop', 'if statement', 'tuple', 'matrix operation', 'continue statement', 'recursion']","import sys
from functools import lru_cache

def solve():
    n = int(input())
    dp = [0] * (1 << n)
    for i in range(1, 1 << n):
        for j in range(i + 1, 1 << n):
            dp[j] |= i
    for k in range(2, 1 << n):
        for i in range(1, n + 1):
            for j in range(i):
                dp[k] |= dp[(k >> i) & (k >> (j + 1))
                              | (k >> (i - j))]
    for _ in range(n):
        brightness = 0
        mask = 1
        for i in range(1, n + 1):
            brightness += dp[mask]
            mask |= mask << i
        print(brightness)
        for i in range(1, n + 1):
            if (dp[mask] >> i) & 1:
                print(1, end=' ')
            else:
                print(0, end=' ')
        print()

",False,False,2,0.4
1734B,4,"['if statement', 'matrix operation', 'for loop', 'while loop']","['dynamic programming', 'recursion', 'matrix operation']","['while loop', 'for loop', 'if statement', 'tuple', 'matrix operation', 'continue statement', 'recursion']","from collections import defaultdict
from functools import lru_cache

def solve():
    n = int(input())
    dp = defaultdict(int)
    dp[1] = 1

    @lru_cache(None)
    def dfs(i):
        if i > n:
            return 0
        if i in dp:
            return dp[i]
        dp[i] = max(dfs(i + 1) + 1, dfs(i + 2) + 1)
        for j in range(1, i + 1):
            dp[i] = max(dp[i], dfs(j) + dfs(i - j + 1))
        return dp[i]

    brightness = [0] * n
    for i in range(1, n + 1):
        for j in range(1, i + 1):
            brightness[i - 1] = max(brightness[i - 1], dfs(j))

    for i in range(n):
        print(*[int(brightness[i] == brightness[j]) for j in range(i + 1)])

",False,False,1,0.3333333333333333
1734A,0,['this is the og problem'],['for loop'],"['for loop', 'sorting', 'if statement', 'misc', 'while loop', 'tuple', 'matrix operation', 'hashmap', 'two pointers']","import sys
import heapq

def solve():
    t = int(input())
    for _ in range(t):
        n = int(input())
        sticks = list(map(int, input().split()))
        min_diff = float('inf')
        heap = []
        for stick in sticks:
            heapq.heappush(heap, -stick)
            min_diff = min(min_diff, -heap[0])
        operations = 0
        while min_diff > 1:
            if heap[0] < min_diff:
                operations += min_diff - heap[0]
                heapq.heappop(heap)
                heapq.heappush(heap, -(heap[0] - (min_diff - heap[0])))
                min_diff = float('inf')
                for stick in heap:
                    min_diff = min(min_diff, -stick)
            else:
                min_diff -= 1
            operations += 1
        print(operations)

",False,True,0,0.0
1734A,1,['dictionary'],"['for loop', 'if statement', 'while loop', 'break statement', 'sorting']","['for loop', 'sorting', 'if statement', 'misc', 'while loop', 'tuple', 'matrix operation', 'hashmap', 'two pointers']","import sys

def solve():
    t = int(input())
    for _ in range(t):
        n = int(input())
        sticks = list(map(int, input().split()))
        sticks.sort(reverse=True)
        min_ops = 0
        while max(sticks) - min(sticks) > 2:
            min_ops += 1
            shortest = sticks[0]
            for i in range(1, n):
                if sticks[i] == shortest:
                    sticks[i] += 1
                    sticks[i + 1:] = [x - 1 for x in sticks[i + 1:]]
                    break
            else:
                sticks[-1] -= 1
                sticks = sticks[:-1]
        print(min_ops)

",False,True,1,0.2
1734A,2,"['dictionary', 'matrix operation']",['for loop'],"['for loop', 'sorting', 'if statement', 'misc', 'while loop', 'tuple', 'matrix operation', 'hashmap', 'two pointers']","import sys
import math

def solve():
    n = int(input())
    sticks = list(map(int, input().split()))

    # Sort the sticks in non-decreasing order
    sticks.sort()

    # If the number of sticks is odd, it's impossible to form an equilateral triangle
    if n % 2 == 1:
        print(-1)
        return

    # Find the median stick
    median = sticks[n // 2]

    # Calculate the difference between the median and the other sticks
    differences = [abs(sticks[i] - median for i in range(n)]

    # Find the maximum difference and the index of the stick with the maximum difference
    max_diff, max_diff_index = max((diff, i) for i, diff in enumerate(differences))

    # If the maximum difference is greater than 2, it's impossible to form an equilateral triangle
    if max_diff > 2:
        print(-1)
        return

    # Perform the operations to make the stick with the maximum difference have a length equal to the median
    operations = max_diff // 2
    if max_diff % 2 == 1:
        operations += 1

    print(operations)

",False,True,0,0.0
1734A,3,"['dictionary', 'matrix operation', 'if statement']","['for loop', 'binary search', 'sliding window', 'while loop']","['for loop', 'sorting', 'if statement', 'misc', 'while loop', 'tuple', 'matrix operation', 'hashmap', 'two pointers']","import math

def solve():
    for _ in range(int(input())):
        n = int(input())
        sticks = list(map(int, input().split()))

        # Find the minimum and maximum possible lengths of the three sticks
        min_len = int(math.sqrt(3 * (sticks[0] ** 2 + sticks[1] ** 2)))
        max_len = max(sticks)

        # Binary search to find the exact length of the three sticks
        while min_len < max_len:
            mid = (min_len + max_len) // 2
            if can_form_triangle(sticks, mid, mid, mid):
                max_len = mid
            else:
                min_len = mid + 1

        # Perform sliding window to find the minimum number of operations
        window_sum = 0
        operations = 0
        for stick in sticks:
            while window_sum + stick > 3 * min_len:
                window_sum -= sticks.pop(0)
                operations += 1
            window_sum += stick
            if window_sum >= 3 * min_len:
                operations += min_len - window_sum
        print(operations)

",False,True,2,0.5
1734A,4,"['dictionary', 'matrix operation', 'if statement', 'for loop']","['binary search', 'dynamic programming', 'for loop', 'if statement', 'matrix operation']","['for loop', 'sorting', 'if statement', 'misc', 'while loop', 'tuple', 'matrix operation', 'hashmap', 'two pointers']","import bisect

def solve():
    n = int(input())
    a = list(map(int, input().split()))
    dp = [0] * (n + 1)
    dp[0] = 1
    dp[1] = 1
    for i in range(2, n + 1):
        for j in range(1, i):
            if a[j] < a[i]:
                dp[i] = max(dp[i], dp[j] + 1)
    mn = float('inf')
    for i in range(1, n):
        for j in range(i + 1, n):
            k = (a[i] + a[j]) // 2
            if k * 2 <= a[0] + sum(a[1:]):
                l = bisect.bisect_left(a[i + 1:], k)
                r = n - i - l
                if dp[r] + dp[l] + 1 < mn:
                    mn = dp[r] + dp[l] + 1
    print(mn)

",False,False,2,0.4
1733A,0,['this is the og problem'],"['for loop', 'heap']","['for loop', 'tuple', 'matrix operation', 'while loop', 'if statement', 'vector', 'misc', 'hashmap', 'dictionary', 'sorting']","import heapq

def solve():
    t = int(input())

    for _ in range(t):
        n, k = map(int, input().split())
        arr = list(map(int, input().split()))

        scores = []
        for i in range(n - k + 1):
            sub_arr = arr[i:i+k]
            scores.append(sum(sub_arr))

        max_score = max(scores)
        print(max_score)

",False,True,1,0.5
1733A,1,['misc'],"['for loop', 'if statement', 'tuple']","['for loop', 'tuple', 'matrix operation', 'while loop', 'if statement', 'vector', 'misc', 'hashmap', 'dictionary', 'sorting']","from the first swapped index and keep track of the maximum score. Here is the Python code:

```python
import itertools

def solve():
    for _ in range(int(input())):
        n, k = list(map(int, input().split()))
        a = list(map(int, input().split()))
        max_score = 0

        # Iterate through all possible selections of 2 indices
        for i in range(n-k+1):
            for j in range(i+k, n):
                if (i % k == j % k):
                    a[i], a[j] = a[j], a[i]
                    score = sum(a[i:i+k])  # Calculate the sum of k consecutive elements
                    max_score = max(score, max_score)
                    a[i], a[j] = a[j], a[i]  # Swap back to the original array

        print(max_score)

",False,True,0,0.0
1733A,2,"['misc', 'for loop']","['recursion', 'dynamic programming', 'for loop', 'if statement']","['for loop', 'tuple', 'matrix operation', 'while loop', 'if statement', 'vector', 'misc', 'hashmap', 'dictionary', 'sorting']","import functools

@functools.lru_cache(maxsize=None)
def dfs(idx, len_seg):
    if idx >= n:
        return 0

    if len_seg > k:
        return dfs(idx + 1, len_seg % k)

    result = float('-inf')
    for i in range(idx + k, min(n, idx + k + len_seg - 1) + 1):
        result = max(result, a[i] + dfs(i, len_seg + 1))
    return result

def solve():
    for _ in range(int(input())):
        n, k = map(int, input().split())
        a = list(map(int, input().split()))
        result = max(dfs(0, k), dfs(0, 2 * k) - a[0], dfs(1, k) - a[1])
        for i in range(2, n):
            result = max(result, dfs(i, k))
        print(result)

",False,False,2,0.5
1733A,3,"['misc', 'for loop', 'if statement']",[],"['for loop', 'tuple', 'matrix operation', 'while loop', 'if statement', 'vector', 'misc', 'hashmap', 'dictionary', 'sorting']",,False,True,0,0.0
1733A,4,"['misc', 'for loop', 'if statement', 'recursion']","['for loop', 'dictionary', 'queue', 'if statement', 'dynamic programming', 'while loop']","['for loop', 'tuple', 'matrix operation', 'while loop', 'if statement', 'vector', 'misc', 'hashmap', 'dictionary', 'sorting']","import math
from collections import deque

def solve():
    t = int(input())
    for _ in range(t):
        n, k = map(int, input().split())
        a = list(map(int, input().split()))
        dp = [0] * (k * math.floor(n / k) + 1)
        q = deque([])
        max_score = 0
        for i in range(k, n + 1, k):
            while q and a[q[-1]] > a[i]:
                j = q.pop()
                temp = dp[math.floor((j - k) / k)]
                dp[math.floor((i - k) / k)] = max(dp[math.floor((i - k) / k)], temp + a[i] - a[j])
            q.append(i)
        max_score = max(max_score, max(dp))
        print(max_score)

",False,False,2,0.3333333333333333
1733A,5,"['misc', 'for loop', 'if statement', 'recursion', 'queue']",['for loop'],"['for loop', 'tuple', 'matrix operation', 'while loop', 'if statement', 'vector', 'misc', 'hashmap', 'dictionary', 'sorting']","from collections import deque
from itertools import accumulate
import sys

def solve():
    t = int(input().strip())
    for _ in range(t):
        n, k = map(int, input().strip().split())
        a = list(map(int, input().strip().split()))

        # Calculate running sum and its lengths up to k at every index
        rsum = list(accumulate(a))
        rsum_len = [len(list(filter(lambda x: x <= i, rsum[1:k+1])) for i in rsum] + [0] * (n-k)

        # Use a deque to hold the sum of k consecutive elements
        q = deque()
        mx = 0
        for idx, length in enumerate(rsum_len):
            while q and idx - q[0] > k - 1:
                q.popleft()
            while q and length - (q[-1] - q[0]) > k:
                q.pop()
            while len(q) < k:
                while idx + 1 < n and rsum_len[idx + 1] == 0:
                    idx += 1
                q.append(idx + 1)
                idx += rsum_len[idx + 1]

            tmp_sum = sum(rsum[q[i] - q[0] + 1] for i in range(len(q)))
            mx = max(mx, tmp_sum)
            if len(q) == k:
                q.popleft()

        print(mx)

",False,False,0,0.0
1731A,0,['this is the og problem'],['for loop'],"['for loop', 'tuple', 'hashmap', 'dictionary', 'pass statement', 'if statement', 'list', 'multiplication operation', 'addition operation', 'while loop', 'matrix operation', 'misc']","from math import gcd

def gcd_extended(a, b, x, y):
    if b == 0:
        return (x, 1, 0)
    else:
        g, x1, y1 = gcd_extended(b, a % b, y, x - (a // b) * y)
        return (g, y1, x1 - (a // b) * y1)

def solve(a):
    n = len(a)
    dp = [0] * (n + 1)
    dp[0] = 0
    dp[1] = a[0]

    for i in range(1, n):
        for j in range(i, n):
            g, x, y = gcd_extended(a[i], a[j], 1, 1)
            if x > 1 and y > 1:
                dp[i] = max(dp[i], dp[j] + x + y)

    mx = 0
    for val in dp:
        mx = max(mx, val)

    return 2022 * mx

",False,True,0,0.0
1731A,1,['for loop'],['for loop'],"['for loop', 'tuple', 'hashmap', 'dictionary', 'pass statement', 'if statement', 'list', 'multiplication operation', 'addition operation', 'while loop', 'matrix operation', 'misc']","import math
from functools import reduce
from operator import mul

def product_of_range(a, i, j):
    return reduce(mul, a[i:j + 1], 1)

def segment_tree_build(a, n):
    if n == 1:
        return [a[0]]

    size = 2 * n - 1
    squares_size = size // 2
    squares = segment_tree_build(a, squares_size)
    tree = [0] * size

    for i in range(squares_size):
        tree[i] = a[i] * squares[i]
        tree[i + squares_size] = a[i + squares_size] * squares[i]

    for i in range(squares_size - 1, -1, -1):
        tree[i] = tree[2 * i + 1] * tree[2 * i + 2]

    return tree

def segment_tree_query(tree, n, i, j, l, r, prod):
    if j < l or r < i:
        return 0

    if l <= i and r >= j:
        return tree[i] * prod

    mid = (i + j) // 2
    p1 = segment_tree_query(tree, n, mid + 1, j, l, r, prod)
    p2 = segment_tree_query(tree, n, i, mid, l, r, prod)

    return p1 * p2

def segment_tree_update(tree, n, i, j, v, k, x):
    if j < k or r > k:
        return

    if i == k and j == k:
        tree[i] = x
        return

    mid = (i + j) // 2
    segment_tree_update(tree, n, mid + 1, j, k, x)
    segment_tree_update(tree, n, i, mid, k, x)
    tree[i] = tree[i * 2] * tree[i * 2 + 1]

def solve(a):
    n = len(a)
    maximum_product_square = int(math.sqrt(reduce(mul, a, 1) // 2022))

    tree = segment_tree_build(a, n)

    result = 0
    for i in range(1, n):
        for j in range(i + 1, n):
            prod = segment_tree_query(tree, 2 * n, 0, n - 1, a[i], a[j]) / (a[i] * a[j])
            if prod <= maximum_product_square and prod * prod == prod:
                x, y = prod, a[i] // prod
                segment_tree_update(tree, 2 * n, 0, n - 1, i, x)
",False,False,0,0.0
1731A,2,"['for loop', 'recursion']",['for loop'],"['for loop', 'tuple', 'hashmap', 'dictionary', 'pass statement', 'if statement', 'list', 'multiplication operation', 'addition operation', 'while loop', 'matrix operation', 'misc']","import heapq

def solve():
    t = int(input().strip())
    for _ in range(t):
        n = int(input().strip())
        a = list(map(int, input().strip().split()))
        dp = [(a[i], i + 1, i + 1) for i in range(n)]
        heapq.heapify(dp)

        while len(dp) > 2:
            sqrts = set()
            _, p, q = heapq.heappop(dp)
            for elem in dp:
                root, _, curr = elem
                if root*root == p*q:
                    sqrts.add(root)
                    heapq.heappop(dp)
                    heapq.heappush(dp, (p + q - root, p, curr))

        answer = 0
        for elem in dp:
            _, _, i = elem
            answer += i

        print(answer * 2022)

",False,False,0,0.0
1731A,3,"['for loop', 'recursion', 'dictionary']",['for loop'],"['for loop', 'tuple', 'hashmap', 'dictionary', 'pass statement', 'if statement', 'list', 'multiplication operation', 'addition operation', 'while loop', 'matrix operation', 'misc']","import math

def solve():
    t = int(input())
    for _ in range(t):
        n = int(input())
        a = list(map(int, input().split()))
        sqrt_pow = [0] * (sum(map(lambda x: x * x, a)) + 1)
        for i, x in enumerate(a):
            sq = x * x
            sqrt_pow[sq] += 1
            if i > 0:
                sqrt_pow[sq - x] += sqrt_pow[sq]

        dp = [0] * (n + 1)
        for i in range(n):
            for j in range(1, math.isqrt(sqrt_pow[a[i] * a[i]]) + 1):
                dp[j] = max(dp[j], dp[j - 1] + a[i] - a[i] // j * j)
                sq = a[i] // j * j
                if sq in sqrt_pow:
                    dp[j + sqrt_pow[sq]] = max(dp[j + sqrt_pow[sq]], dp[j - 1] + sqrt_pow[sq])

        ans = 0
        for i in range(1, n + 1):
            ans = max(ans, dp[i] * i)
        print(2022 * ans)

",False,False,0,0.0
1731A,4,"['for loop', 'recursion', 'dictionary', 'while loop']",['for loop'],"['for loop', 'tuple', 'hashmap', 'dictionary', 'pass statement', 'if statement', 'list', 'multiplication operation', 'addition operation', 'while loop', 'matrix operation', 'misc']","import math
import bisect

def calculate_square_factor(n):
    sqrt_n = math.sqrt(n)
    factors = []
    for i in range(1, int(sqrt_n) + 1):
        if n % i == 0:
            factors.append(i)
            factors.append(n // i)
    return sorted(set(factors))

def find_pair(numbers, divisors):
    result = []
    for number in numbers:
        for div in divisors:
            if number * div in numbers:
                result.append((number, div))
    return result

def solve():
    t = int(input())
    for _ in range(t):
        n = int(input())
        numbers = list(map(int, input().split()))
        divisors = [calculate_square_factor(num) for num in numbers]
        paired = find_pair(numbers, divisors)
        max_pair = max(paired, key=lambda x: x[1])
        max_sum = max_pair[0] + max_pair[1]
        for pair in paired:
            if max_sum * max_sum == pair[0] * pair[1] * pair[0] * pair[1]:
                max_sum = max(max_sum, 2 * pair[0] + pair[1])
        print(2022 * max_sum)

",False,False,0,0.0
1731A,5,"['for loop', 'recursion', 'dictionary', 'while loop', 'hashmap']",['for loop'],"['for loop', 'tuple', 'hashmap', 'dictionary', 'pass statement', 'if statement', 'list', 'multiplication operation', 'addition operation', 'while loop', 'matrix operation', 'misc']","from math import gcd

def solve():
    t = int(input())
    while t:
        n = int(input())
        numbers = list(map(int, input().split()))
        if n == 2:
            print(2022 * max(numbers))
            t -= 1
            continue

        pow_2 = 32
        powers = [0] * pow_2
        powers[0] = 1
        mask = 1
        i, sum_val = 1, numbers[0]
        while i < n:
            mask = (mask << 1) | 1
            while sum_val + powers[mask & sum_val] <= numbers[i]:
                powers[mask] = sum_val + powers[mask >> 1]
            sum_val += numbers[i] & mask
            i += 1

        max_value = 0
        for i in range(1, n):
            gcd_val = gcd(numbers[i], sum_val - numbers[i])
            max_value = max(max_value, gcd_val, sum_val // gcd_val)

        print(2022 * max_value)
        t -= 1

",False,False,0,0.0
1730A,0,['this is the og problem'],['for loop'],"['while loop', 'tuple', 'hashmap', 'for loop', 'set', 'dictionary', 'matrix operation', 'if statement', 'break statement', 'sorting']","import sys
import operator

def destroy_planets(n, a, c):
    a.sort()
    prev_orbit = -1
    cost = 0
    for orbit in a:
        if orbit != prev_orbit:
            prev_orbit = orbit
            if orbit != 0:
                cost += c
            else:
                break
        cost += 1
    return cost

def solve():
    t = int(input())
    for _ in range(t):
        n, c = map(int, input().split())
        a = list(map(int, input().split()))
        print(destroy_planets(n, a, c))

",False,True,0,0.0
1730A,1,['hashmap'],['for loop'],"['while loop', 'tuple', 'hashmap', 'for loop', 'set', 'dictionary', 'matrix operation', 'if statement', 'break statement', 'sorting']","import heapq

def solve():
    t = int(input().strip())
    for _ in range(t):
        n, c = map(int, input().strip().split())
        planets = list(map(int, input().strip().split()))
        planets.sort()

        cost = 0
        planet_count = 1
        max_orbit = planets[0]
        min_heap = [(0, 0)]

        for i in range(1, n):
            if planets[i] == max_orbit:
                planet_count += 1
            else:
                if planet_count > 1:
                    while planet_count > 1:
                        cost_min, count = heapq.heappop(min_heap)
                        cost += cost_min
                        planet_count -= count
                    heapq.heappush(min_heap, (c, planet_count))
                    max_orbit = planets[i]
                    planet_count = 1

        if planet_count > 1:
            while planet_count > 1:
                cost_min, count = heapq.heappop(min_heap)
                cost += cost_min
                planet_count -= count

        print(cost)

",False,True,0,0.0
1730A,2,"['hashmap', 'sorting']",['for loop'],"['while loop', 'tuple', 'hashmap', 'for loop', 'set', 'dictionary', 'matrix operation', 'if statement', 'break statement', 'sorting']","import math

def solve():
    t = int(input())
    for _ in range(t):
        n, c = map(int, input().split())
        orbits = list(map(int, input().split()))
        dp = [0] * (c + 1)
        dp[0] = 1
        for orbit in orbits:
            for j in range(c + 1):
                dp[min(c, orbit)] = max(dp[min(c, orbit)], dp[j] + 1)
        print(max(dp))

",False,True,0,0.0
1730A,3,"['hashmap', 'sorting', 'matrix operation']",['for loop'],"['while loop', 'tuple', 'hashmap', 'for loop', 'set', 'dictionary', 'matrix operation', 'if statement', 'break statement', 'sorting']","def solve():
    # Read the number of test cases
    t = int(input())

    for _ in range(t):
        # Read the number of planets and the cost of the second machine usage
        n, c = map(int, input().split())

        # Initialize two arrays to store the number of planets in each orbit and the minimum cost for each orbit
        planets = [0] * 101
        costs = [0] * 101

        # Read the orbits of the planets
        for i in range(n):
            orbit = int(input())
            planets[orbit] += 1

        # Calculate the minimum cost for each orbit
        for i in range(1, 101):
            if planets[i] > 0:
                if i == 1:
                    costs[i] = 1
                elif i * costs[i - 1] <= c:
                    costs[i] = i * costs[i - 1]
                else:
                    costs[i] = c + (i - 1) * costs[i - 1]

        # Print the minimum total cost for all planets
        print(sum(costs))

",False,True,0,0.0
1730A,4,"['hashmap', 'sorting', 'matrix operation', 'for loop']","['recursion', 'if statement', 'for loop', 'misc']","['while loop', 'tuple', 'hashmap', 'for loop', 'set', 'dictionary', 'matrix operation', 'if statement', 'break statement', 'sorting']","import math

def solve(n, c, planets):
    def dfs(planets, idx, sum_so_far, current_machine):
        if not planets:
            return sum_so_far
        least_cost = float('inf')
        for i in range(idx, len(planets) + 1):
            least_cost = min(least_cost, dfs(planets[i:] if current_machine else planets, i, sum_so_far + (1 if current_machine else c)) + 1)
        return least_cost

    return min(dfs(planets, 0, 0, True), dfs(planets, 0, 0, False) * n)

",False,False,2,0.5
1730A,5,"['hashmap', 'sorting', 'matrix operation', 'for loop', 'while loop']",['for loop'],"['while loop', 'tuple', 'hashmap', 'for loop', 'set', 'dictionary', 'matrix operation', 'if statement', 'break statement', 'sorting']","import itertools
import operator

def solve():
    def min_cost(ps, orbits):
        planets = itertools.groupby(sorted(ps, reverse=True))
        cost = 0
        while next(planets, None) is not None:
            orbit, planets_group = next(planets)
            orbit_cost = orbits[orbit]
            if orbit_cost <= len(planets_group):
                cost += orbit_cost
                orbits[orbit] = 0
                del planets_group[:]
            else:
                cost += sum(orbit_cost - planet for planet in planets_group)
                ps.remove(orbit_cost)
                del planets_group[:]
        cost += sum(ps)
        return cost

    t = int(input())
    for _ in range(t):
        n, c = map(int, input().split())
        planets = list(map(int, input().split()))
        print(min_cost(planets, {i: c for i in planets}))

",False,False,0,0.0
1729B,0,['this is the og problem'],"['for loop', 'if statement']","['recursion', 'depth first search', 'stack', 'for loop', 'while loop', 'if statement', 'misc', 'matrix operation', 'tuple']","import string

def solve(t):
    decoded = []
    num = 0

    for char in t:
        if char.isdigit():
            num = num*10 + int(char)
        else:
            decoded.append(string.ascii_lowercase[num])
            num = 0

    # handle the last number
    if num > 0:
        decoded.append(string.ascii_lowercase[num])

    return ''.join(decoded)

",False,True,0,0.0
1729B,1,['while loop'],"['if statement', 'for loop', 'tuple']","['recursion', 'depth first search', 'stack', 'for loop', 'while loop', 'if statement', 'misc', 'matrix operation', 'tuple']","define a Python function that decodes the given string by iterating through the digits in the input and converting them back into their corresponding characters. Here is the code:

```python
import string

def solve(input_list):
    alphabet = string.ascii_lowercase
    decoded_str = []
    for digit in input_list:
        if len(digit) == 2:
            number = int(digit + '0')
            decoded_str.append(alphabet[number-10])
        else:
            decoded_str.append(alphabet[int(digit)-1])
    return ''.join(decoded_str)

# Test cases
",False,True,0,0.0
1729B,2,"['while loop', 'pass statement']","['if statement', 'for loop', 'while loop']","['recursion', 'depth first search', 'stack', 'for loop', 'while loop', 'if statement', 'misc', 'matrix operation', 'tuple']","def calcDigit(char):
    asciiValue = ord(char) - 96
    digitVal = """"
    while asciiValue > 0:
        digitVal = str(asciiValue % 10) + digitVal
        asciiValue = asciiValue // 10
        if asciiValue > 0:
            digitVal = ""0"" + digitVal
    return digitVal

def solve():
    q = int(input())
    for _ in range(q):
        n = int(input())
        t = input()
        decodedStr = """"
        for char in t:
            if char != '0':
                decodedStr += chr(96 + int(char))
            else:
                decodedStr += chr(96 + int(t[0]))
                t = t[1:]
        print(decodedStr)

",False,False,0,0.0
1729B,3,"['while loop', 'pass statement', 'if statement']","['for loop', 'if statement', 'while loop', 'two pointers', 'misc']","['recursion', 'depth first search', 'stack', 'for loop', 'while loop', 'if statement', 'misc', 'matrix operation', 'tuple']","from string import ascii_lowercase

def solve(n, t):
    s = [''] * n
    for i, digit in enumerate(t):
        if digit != '0':
            number = digit
            while i + 1 < n and t[i + 1] != '0':
                number = number * 10 + int(t[i + 1])
                i += 1
            pos = ord(ascii_lowercase[int(number)]) - 1
            s[pos] = ascii_lowercase[pos]
    return ''.join(s)

",False,False,1,0.2
1729B,4,"['while loop', 'pass statement', 'if statement', 'matrix operation']","['for loop', 'queue', 'tuple', 'misc']","['recursion', 'depth first search', 'stack', 'for loop', 'while loop', 'if statement', 'misc', 'matrix operation', 'tuple']","from collections import deque
import string

def solve(input_data):
    cases = int(input_data[0].strip())

    for _ in range(cases):
        n = int(input_data[1 + _ * 2].strip())
        code = list(map(int, input_data[2 + _ * 2].strip()))

        # Create a deck for the alphabet and pop letters according to the given code
        alphabet = deque(string.ascii_lowercase)
        result = []
        for digit in code:
            result.append(alphabet.popleft() if digit < 10 else alphabet.popleft() + '0' * (2 - len(str(digit))))

        # Reconstruct the original string
        original_string = ''.join(result)
        print(original_string)

",False,True,1,0.25
1729B,5,"['while loop', 'pass statement', 'if statement', 'matrix operation', 'for loop']","['for loop', 'if statement']","['recursion', 'depth first search', 'stack', 'for loop', 'while loop', 'if statement', 'misc', 'matrix operation', 'tuple']","from string import digits

def solve(encoded_string):
    result = """"
    for digit in encoded_string:
        if digit in digits:
            result += ''.join(chr(ord('a') + int(digit) - 1) for _ in range(int(digit)))
        else:
            result += digit
    return result

",False,False,0,0.0
1729A,0,['this is the og problem'],['if statement'],"['for loop', 'if statement', 'tuple', 'misc', 'while loop', 'matrix operation', 'hashmap']","from math import gcd

def solve(a, b, c):
    dist_a = abs(a - 1)
    dist_b = abs(b - c) + abs(c - 1)

    if dist_a < dist_b:
        return 1
    elif dist_a > dist_b:
        return 2
    else:
        return 3

",False,True,0,0.0
1729A,1,['misc'],"['for loop', 'if statement']","['for loop', 'if statement', 'tuple', 'misc', 'while loop', 'matrix operation', 'hashmap']","from math import gcd

def solve():
    for _ in range(int(input())):
        a, b, c = map(int, input().split())
        time1 = abs(a - 1)
        time2 = max(abs(b - c), abs(c - 1)) + abs(b - 1)
        if time1 < time2:
            print(1)
        elif time1 > time2:
            print(2)
        else:
            print(3)

",False,True,0,0.0
1729A,2,"['misc', 'for loop']",['if statement'],"['for loop', 'if statement', 'tuple', 'misc', 'while loop', 'matrix operation', 'hashmap']","import math

def solve(a, b, c):
    dist_a = abs(a - 1)
    dist_b = max(abs(b - 1), abs(c - 1)) + abs(c - b)
    if dist_a < dist_b:
        return 1
    elif dist_a > dist_b:
        return 2
    else:
        return 3

",False,True,0,0.0
1729A,3,"['misc', 'for loop', 'tuple']","['if statement', 'for loop']","['for loop', 'if statement', 'tuple', 'misc', 'while loop', 'matrix operation', 'hashmap']","import math

def solve():
    t = int(input())
    for _ in range(t):
        a, b, c = map(int, input().split())
        if abs(a - 1) < abs(b - c) or (abs(a - 1) == abs(b - c) and b != 1):
            print(1)
        elif b == 1 and abs(a - c) < abs(b - 1):
            print(1)
        elif b == 1 and abs(a - c) == abs(b - 1):
            print(3)
        elif abs(b - 1) < abs(a - c):
            print(2)
        else:
            print(3)

",False,False,0,0.0
1729A,4,"['misc', 'for loop', 'tuple', 'if statement']",['for loop'],"['for loop', 'if statement', 'tuple', 'misc', 'while loop', 'matrix operation', 'hashmap']","from their current positions. If the times are equal, it means both elevators will arrive at the same time, and we can choose any of them. Here's the Python code for the `solve()` function:

",False,False,0,0.0
1728B,0,['this is the og problem'],['for loop'],"['if statement', 'for loop', 'while loop', 'misc', 'matrix operation', 'tuple', 'continue statement']","from itertools import permutations
import sys

def solve():
    tests = int(input().strip())
    for _ in range(tests):
        n = int(input().strip())
        max_x = float('-inf')
        max_perm = []
        for i in range(1, n + 1):
            for perm in permutations(range(1, n + 1)):
                x = 0
                for p in perm:
                    if x < p:
                        x += p
                    else:
                        x = 0
                if x > max_x:
                    max_x = x
                    max_perm = list(perm)
        print(' '.join(map(str, max_perm)))

",False,True,0,0.0
1728B,1,['if statement'],['for loop'],"['if statement', 'for loop', 'while loop', 'misc', 'matrix operation', 'tuple', 'continue statement']","import itertools
import math
import operator

def factorial(n):
    return math.factorial(n)

def combine(n, k):
    return factorial(n) / (factorial(k) * factorial(n - k))

def lexicographic_max_permutation(n):
    permutations = list(itertools.permutations(range(1, n + 1)))
    lexicographically_max = max(permutations, key=lambda x: str(x))
    return lexicographically_max

def calculate_value(p):
    x = 0
    for i in p:
        x = (x + i) % p[i - 1] + 1
    return x

def solve():
    for _ in range(int(input())):
        n = int(input())
        p = lexicographic_max_permutation(n)
        max_value = 0
        for i in range(1, n + 1):
            permutation = list(itertools.permutations(range(1, n + 1)))
            for perm in permutations:
                if perm[i - 1] != p[i - 1]:
                    temporary = list(perm)
                    temporary[i - 1], temporary[p[i - 1] - 1] = temporary[p[i - 1] - 1], temporary[i - 1]
                    value = calculate_value(temporary)
                    if value > max_value:
                        p = temporary
                        max_value = value
        print(*p)

",False,True,0,0.0
1728B,2,"['if statement', 'tuple']",[],"['if statement', 'for loop', 'while loop', 'misc', 'matrix operation', 'tuple', 'continue statement']",,False,True,0,0.0
1728B,3,"['if statement', 'tuple', 'for loop']","['for loop', 'if statement', 'tuple', 'sorting']","['if statement', 'for loop', 'while loop', 'misc', 'matrix operation', 'tuple', 'continue statement']","from itertools import permutations
import sys
import operator

def is_greater(x, y):
    return x[1] > y[1]

def solve():
    max_value = 0
    max_perm = []
    for n in range(1, 101):
        perms = list(permutations(range(1, n+1)))
        for perm in permutations(range(1, n+1)):
            x = 0
            for val in perm:
                if x < val:
                    x += val
                else:
                    x = 0
            if x > max_value:
                max_value = x
                max_perm = [list(perm)]
            elif x == max_value:
                max_perm.append(list(perm))
    max_perm.sort(key=lambda x: (x[1], x), reverse=True)

    for perm in max_perm:
        print(*perm)

",False,False,1,0.25
1728B,4,"['if statement', 'tuple', 'for loop', 'matrix operation']",['for loop'],"['if statement', 'for loop', 'while loop', 'misc', 'matrix operation', 'tuple', 'continue statement']","import itertools

def solve():
    directions = [[-2, -2], [-2, 2], [-2, 0], [0, -2], [0, 2], [2, -2], [2, 0], [2, 2]]
    permutations = list(itertools.permutations(range(1, n+1)))
    values = [0] * len(permutations)
    for i, p in enumerate(permutations):
        x = 0
        for d in directions:
            k = (p[0] + d[0]) % n
            if x + p[k] < values[k]:
                values[k] = x + p[k]
                x = 0
            else:
                x = 0
        values[i] = x
    max_value = max(values)
    max_value_indexes = [i for i, value in enumerate(values) if value == max_value]
    max_permutation = [permutations[i][0] for i in sorted(max_value_indexes, reverse=True)]
    max_permutation.append(max_permutation.pop(0))
    return max_permutation

",False,False,0,0.0
1728A,0,['this is the og problem'],['for loop'],"['for loop', 'if statement', 'matrix operation', 'tuple', 'dictionary', 'hashmap', 'while loop', 'break statement']","import sympy as sp
import math

def solve():
    for _ in range(int(input())):
        n = int(input())
        balls = list(map(int, input().split()))
        total = sum(balls)

        # Find the dominant color
        dominants = [ball for ball in balls if balls.count(ball) > math.floor(total / 2)]

        # If there are multiple dominant colors, the answer does not exist
        if len(dom dom dom dom
",False,True,0,0.0
1728A,1,['for loop'],"['for loop', 'if statement', 'while loop', 'tuple', 'sorting', 'hashmap']","['for loop', 'if statement', 'matrix operation', 'tuple', 'dictionary', 'hashmap', 'while loop', 'break statement']","from sys import stdin, stdout

def solve():
    t = int(input().strip())
    for _ in range(t):
        n = int(input().strip())
        balls = list(map(int, input().strip().split()))
        total = sum(balls)
        xor = total
        while total not in (1, 0):
            new_xor = 0
            for ball in balls:
                new_xor ^= ball
            balls = sorted(balls)
            total -= balls[0]
            total -= balls[-1]
            balls = balls[1:-1]
            xor ^= total
        stdout.write(str(xor) + ""\n"")

",False,False,1,0.16666666666666666
1728A,2,"['for loop', 'recursion']","['dictionary', 'while loop', 'for loop', 'if statement']","['for loop', 'if statement', 'matrix operation', 'tuple', 'dictionary', 'hashmap', 'while loop', 'break statement']","from collections import Counter

def solve():
    n = int(input())
    counts = list(map(int, input().split()))

    # Initialize the most common color and its count
    most_common = 0
    max_count = 0

    # Count the frequency of each color
    color_counts = Counter(counts)

    # Keep removing pairs until a single color remains
    while len(color_counts) > 1:
        # Find the color with the smallest count among the non-most common colors
        for color, count in color_counts.items():
            if color != most_common and count > max_count:
                max_count = count
                other_color = list(color_counts.keys())[list(color_counts.values()).index(max_count)]

        # Remove a pair of balls with the smallest count among the non-most common colors
        current_count = color_counts[most_common]
        color_counts[most_common] = current_count - 2 if current_count >= 2 else 0

        # If a color becomes the only color, it's the desired outcome
        if len(color_counts) == 1:
            print(list(color_counts.keys())[0])
            return

        # Update the most common color and its count
        if max_count > color_counts[most_common]:
            most_common = other_color
            max_count = color_counts[most_common]

    # If only one color remains, print its value
    print(most_common)

# Run the solve() function for each test case
",False,False,0,0.0
1725A,0,['this is the og problem'],"['for loop', 'matrix operation', 'dictionary', 'tuple', 'hashmap']","['if statement', 'tuple', 'matrix operation', 'misc', 'for loop']","from collections import defaultdict

def solve(N, M):
    grid = [list(range(i, i * M + M + 1)) for i in range(1, N + 1)]
    dominoes = defaultdict(int)
    count = 0
    for i in range(1, N):
        for j in range(M):
            if j + 2 < M:
                diff = abs(grid[i - 1][j] - grid[i][j])
                if diff == 1:
                    key = (grid[i - 1][j], grid[i][j]) if grid[i][j] > grid[i - 1][j] else (grid[i][j], grid[i - 1][j])
                    dominoes[key] += 1
                    count += 1
                if dominoes[grid[i - 1][j]: grid[i][j]] == 2:
                    count -= 1
    return count

",False,True,2,0.4
1725A,1,['tuple'],"['for loop', 'matrix operation', 'if statement']","['if statement', 'tuple', 'matrix operation', 'misc', 'for loop']","from typing import List

def solve(N: int, M: int):
    grid = [[0 for _ in range(M)] for _ in range(N)]
    for i in range(1, N + 1):
        for j in range(i, M + i):
            grid[i - 1][j - i] = i
        for j in range(M + i, 2 * M + 1 - i):
            grid[i - 1][j - M - i + 1] = 2 * (i - 1) + 2
    tallies = {0}
    for i in range(N):
        for j in range(1, M):
            if grid[i][j] and grid[i][j - 1]:
                diff = abs(grid[i][j] - grid[i][j - 1])
                if diff == 1:
                    tallies.add(grid[i][j] + grid[i][j - 1])
    print(len(tallies))
",False,True,0,0.0
1725A,2,"['tuple', 'for loop']","['for loop', 'if statement', 'break statement']","['if statement', 'tuple', 'matrix operation', 'misc', 'for loop']","import math

def solve(N, M):
    grid = list(range(1, N * M + 1))
    result = 0
    for i in range(1, math.ceil(math.sqrt(2 * M))):
        for j in range(i, min(M, math.sqrt(2 * M)) + 1):
            a = i * (2 * M + 1) + j
            b = a + 1
            if b > (N * M):
                break
            if abs(grid[a] - grid[b]) == 1:
                result += 1
                # Mark the domino as visited to avoid counting it multiple times
                grid[a] = float('-inf')
                grid[b] = float('-inf')
    return result

",False,False,1,0.3333333333333333
1725A,3,"['tuple', 'for loop', 'matrix operation']",['for loop'],"['if statement', 'tuple', 'matrix operation', 'misc', 'for loop']","from functools import reduce

def solve(N, M):
    grid = list(range(1, M + 1)) + list(range(M + 1, (M + 1) * 2)) + list(range((M + 1) * 2 + 1, (M + 1) * 3)) + \
           list(range((M + 1) * 3 + 1, (M + 1) * 4)) + list(range((M + 1) * 4 + 1, (M + 1) * 5)) + \
           list(range((M + 1) * 5 + 1, (M + 1) * 6)) + list(range((M + 1) * 6 + 1, (M + 1) * N + 1))

    def merge(a, b):
        return [min(x, y) for x, y in zip(a, b)] + [max(a[-1], b[-1])]

    dominoes = []
    for i in range(N - 1):
        for j in range(i + 1, N):
            if abs(grid[i * M + min(M, j * M)] - grid[j * M + min(M, i * M)]) == 1:
                dominoes.append(sorted([grid[i * M + min(M, j * M)], grid[j * M + min(M, i * M)]]))

    return len( list(set(reduce(merge, dominoes, []))) )

",False,False,0,0.0
1725A,4,"['tuple', 'for loop', 'matrix operation', 'if statement']",['for loop'],"['if statement', 'tuple', 'matrix operation', 'misc', 'for loop']","from functools import reduce

def solve(N, M):
    if N == 1 or M == 1:
        return M if M == 1 else M * (M - 1) // 2

    # Generate the XOR of the rows.
    rows = [0] * (M * (N - 1))
    for i in range(1, N + 1):
        total = 0
        for j in range((i - 1) * M, (i * M) + M):
            total ^= j
        rows[i - 1] = total

    # Calculate the cumulative XOR from right to left, and then left to right.
    # Use this to find the pairs with a difference of 1.
    res = 0
    for i in range(1, N * M + 1 - M):
        res += (rows[i] >> i) & 1
        res += (rows[N * M + M - i - 1] >> i) & 1
    return res * 2

",False,False,0,0.0
1722C,0,['this is the og problem'],"['for loop', 'dictionary', 'tuple', 'set', 'matrix operation', 'hashmap']","['if statement', 'for loop', 'dictionary', 'continue statement', 'misc', 'set', 'while loop', 'hashmap', 'tuple', 'matrix operation']","import itertools
import collections

def solve(t):
    for _ in range(t):
        n = int(input())
        p1, p2, p3 = collections.Counter(), collections.Counter(), collections.Counter()
        words1, words2, words3 = list(map(list, zip(*map(input.split(), repeat=3)))), [], []
        words = words1 + words2 + words3
        for word in words:
            common_words = list(itertools.combinations(words, 2))
            if all(word in word_pair for word_pair in common_words):
                # If all three players write the same word, no one gets points for this word.
                continue
            if word in [words1, words2, words3]:
                p_count = 1 + p_count[word] for p_count in (p1, p2, p3) if word in p_count
            else:
                p1[word], p2[word], p3[word] = p1[word] + 1, p2[word] + 1, p3[word] + 1
        print(*[p1[word] * 3 + p2[word] + p3[word] for word in set(words)])

",False,True,0,0.0
1722C,1,['set'],"['set', 'for loop', 'if statement', 'tuple', 'dictionary']","['if statement', 'for loop', 'dictionary', 'continue statement', 'misc', 'set', 'while loop', 'hashmap', 'tuple', 'matrix operation']","defaultdict` to store the sets and make our code cleaner for this case.

```python
import collections

def solve(t):
    for _ in range(t):
        n = int(input())
        players = [set(input().split()) for _ in range(3)]
        points = [0] * 3

        for i, words in enumerate(players):
            duplicate_count = collections.Counter(words)
            for word, count in duplicate_count.items():
                if count == 1:
                    points[i] += 3
                elif count == 2:
                    points[i] += 1

        print(*points)

# Test cases
",False,False,0,0.0
1722C,2,"['set', 'if statement']",['for loop'],"['if statement', 'for loop', 'dictionary', 'continue statement', 'misc', 'set', 'while loop', 'hashmap', 'tuple', 'matrix operation']","import collections

def solve():
    t = int(input())
    for _ in range(t):
        n = int(input())
        words1, words2, words3 = [], [], []
        counter = collections.defaultdict(int)
        for _ in range(n):
            words1.append(input())
            counter[tuple(words1[-1])] += 1
        for _ in range(n):
            words2.append(input())
            counter[tuple(words2[-1])] += 1
        for _ in range(n):
            words3.append(input())
            counter[tuple(words3[-1])] += 1
        player1, player2, player3 = 0, 0, 0
        for count in counter.values():
            if count == 1:
                player1 += 3
            elif count == 2:
                player1 += 1
                player2 += 1
            elif count == 3:
                player1 += 0
                player2 += 0
                player3 += 1
        print(player1, player2, player3)

",False,True,0,0.0
1722C,3,"['set', 'if statement', 'for loop']",[],"['if statement', 'for loop', 'dictionary', 'continue statement', 'misc', 'set', 'while loop', 'hashmap', 'tuple', 'matrix operation']",,False,True,0,0.0
1722C,4,"['set', 'if statement', 'for loop', 'matrix operation']",['for loop'],"['if statement', 'for loop', 'dictionary', 'continue statement', 'misc', 'set', 'while loop', 'hashmap', 'tuple', 'matrix operation']","import collections
import itertools
import re

def solve():
    t = int(input())
    for _ in range(t):
        n = int(input())
        players = [[] for _ in range(3)]
        for _ in range(3):
            player_words = list(map(str, input().split()))
            for word in player_words:
                players[_].append((word, next(_ rotate(player_words, _))))

        combo_counter = dict()
        total = 0
        for w1, w2 in itertools.product(players[0], players[1]):
            triple = (w1, w2, *players[2])
            combo = tuple(sorted(triple))
            combo_counter[combo] = combo_counter.get(combo, 0) + 1
            total += 3
            for count in combo_counter[combo]:
                total -= count

        for i, words in enumerate(players):
            total_points = 0
            for word, rotated_word in words:
                for combo, count in combo_counter.items():
                    if word == combo[i] and rotated_word == combo[i % 3]:
                        total_points += count // 3
                    elif word == combo[i]:
                        total_points += count // 3 * 2
            players[i] = [total_points]
        print(*players[0])
        print(*players[1])
        print(*players[2])
        print()

",False,False,0,0.0
1722B,0,['this is the og problem'],"['if statement', 'for loop']","['for loop', 'if statement', 'tuple', 'while loop', 'misc']","import re

def is_indistinguishable(s1, s2):
    # Replace all Green and Blue with a common character, e.g., 'X', in given strings
    s1 = s1.replace('G', 'X').replace('B', 'X')
    s2 = s2.replace('G', 'X').replace('B', 'X')

    # If the strings are equal after replacement, they are indistinguishable
    return s1 == s2

def solve():
    # Read the number of test cases
    t = int(input())

    for _ in range(t):
        # Read the number of columns
        n = int(input())

        # Read the grid description
        grid = input().split()
        grid_2 = input().split()

        # If the two rows are indistinguishable, print YES, otherwise print NO
        print(""YES"" if is_indistinguishable(''.join(grid), ''.join(grid_2)) else ""NO"")

",True,True,0,0.0
1722B,1,['for loop'],"['for loop', 'if statement', 'dictionary']","['for loop', 'if statement', 'tuple', 'while loop', 'misc']","from collections import Counter

def solve():
    t = int(input().strip())
    for _ in range(t):
        n = int(input().strip())
        row1 = input().strip()
        row2 = input().strip()
        counters = Counter()
        for color in 'RGB':
            counters[color] += row1.count(color)
            counters[color] += row2.count(color)
        if len(counters) == 1:
            print(""YES"")
        else:
            print(""NO"")

",False,False,1,0.3333333333333333
1722B,2,"['for loop', 'while loop']","['if statement', 'for loop', 'break statement']","['for loop', 'if statement', 'tuple', 'while loop', 'misc']","from collections import Counter

def solve(t):
    for _ in range(t):
        n = int(input())
        row1 = input()
        row2 = input()
        col_counter = Counter(row1)
        if row2[0] != col_counter['G'] and row2[0] != col_counter['B']:
            print(""YES"")
        else:
            for i in range(1, n):
                if row2[i] != col_counter[row1[i]]:
                    print(""NO"")
                    break
            else:
                print(""YES"")

# Test cases
",False,False,1,0.3333333333333333
1722B,3,"['for loop', 'while loop', 'set']","['for loop', 'continue statement', 'set', 'break statement', 'misc']","['for loop', 'if statement', 'tuple', 'while loop', 'misc']","from collections.abc import Iterable
import re

def solve():
    for _ in range(int(input())):
        n = int(input())
        row1, row2 = input(), input()
        if len(row1) != len(row2):
            print(""NO"")
            continue

        combined = list(zip(row1, row2))
        green_or_blue = set()
        for cell in combined:
            if cell[0] in {'G', 'B'}:
                green_or_blue.add(cell)

        if len(green_or_blue) > 1:
            print(""YES"")
        else:
            color = next(iter(green_or_blue)) if green_or_blue else ''
            if color == '':
                print(""NO"")
            else:
                for cell in combined:
                    if cell[0] != cell[1] and cell[0] != color:
                        print(""NO"")
                        break
                else:
                    print(""YES"")

",False,False,3,0.6
1722B,4,"['for loop', 'while loop', 'set', 'if statement']","['if statement', 'for loop', 'dictionary', 'tuple', 'misc']","['for loop', 'if statement', 'tuple', 'while loop', 'misc']","import itertools
import re

def solve():
    t = int(input())

    for _ in range(t):
        n = int(input())
        rows = [list(map(str.upper, line)) for line in [input(), input()]]

        color_counts = {}
        column_counts = {}

        for col_index, col in enumerate(zip(*rows)):
            for cell in col:
                if cell in (""G"", ""B""):
                    column_counts[col_index] = column_counts.get(col_index, 0) + 1
                    color_counts[""R""] = color_counts.get(""R"", 0)
                    color_counts[""G""] = color_counts.get(""G"", 0) + 1
                else:
                    color_counts[cell] = color_counts.get(cell, 0) + 1

        row_1_color_counts = color_counts.copy()
        row_2_color_counts = color_counts.copy()

        row_1_total_count = sum(column_counts.values())
        row_2_total_count = sum(column_counts.values())

        del row_1_color_counts[""G""]
        del row_2_color_counts[""G""]

        if all(row_1_color_counts == row_2_color_counts) and row_1_total_count == row_2_total_count:
            print(""YES"")
        else:
            print(""NO"")

",False,False,1,0.2
1722A,0,['this is the og problem'],"['if statement', 'for loop', 'hashmap']","['for loop', 'if statement', 'sorting', 'set', 'misc']","import string

def solve(s):
    correct_name = ""TIMUR""
    s = s.upper()
    if len(s) != len(correct_name):
        return ""NO""
    correct_count = [0] * 6
    for c in correct_name:
        correct_count[ord(c) - ord('A')] += 1

    count = [0] * 6
    for c in s:
        count[ord(c) - ord('A')] += 1

    for i in range(6):
        if correct_count[i] != count[i]:
            return ""NO""

    return ""YES""

",False,True,1,0.3333333333333333
1722A,1,['for loop'],"['for loop', 'if statement']","['for loop', 'if statement', 'sorting', 'set', 'misc']","import re

def solve(t):
    correct_name = ""Timur""
    for _ in range(t):
        n = int(input())
        word = input()
        if re.match(r'[TMR][imure]', word) and word.upper() == correct_name.upper():
            print(""YES"")
        else:
            print(""NO"")

",False,False,0,0.0
1722A,2,"['for loop', 'while loop']","['if statement', 'hashmap']","['for loop', 'if statement', 'sorting', 'set', 'misc']","import re

def solve(s):
    corrected_name = ""Timur"".upper()
    corrected_name_lowercase = corrected_name.lower()
    corrected_name_pattern = re.compile(""|"".join(re.escape(c) for c in corrected_name), re.IGNORECASE)

    if re.search(corrected_name_pattern, s) or corrected_name_lowercase == s.lower():
        return ""YES""
    return ""NO""

",False,True,1,0.5
1722A,3,"['for loop', 'while loop', 'tuple']","['if statement', 'for loop', 'misc']","['for loop', 'if statement', 'sorting', 'set', 'misc']","import re

def solve(t):
    accepted_names = {
        'TIMUR',
        'miuRT',
        'TRUMI',
        'mriTU',
        'timUR',
        'TIMUR'.swapcase()
    }

    for _ in range(t):
        n = int(input())
        s = input().upper()

        if re.match(r'[TMRMUI]*[TI][RMUI]*$', s) and s[0].isupper() and len(s) == n and s[1:] in accepted_names:
            print('YES')
        else:
            print('NO')

",False,False,0,0.0
1722A,4,"['for loop', 'while loop', 'tuple', 'if statement']","['if statement', 'for loop']","['for loop', 'if statement', 'sorting', 'set', 'misc']","import re

def solve():
    import string
    n = int(input())
    for _ in range(n):
        s = input().upper()  # Ensure all letters are uppercased for easier matching
        count_t = s.count('T')
        count_m = s.count('M') + s.count('M')
        count_u = s.count('U') + s.count('V')  # V is used instead of u as it is not a special character in Python
        count_r = s.count('R') + s.count('N')  # N is used instead of r as it is the closest letter in alphabet to r
        if count_t == 1 and count_m <= 1 and count_u == 2 and count_r == 2:
            print(""YES"")
        else:
            print(""NO"")

",False,False,0,0.0
1722A,5,"['for loop', 'while loop', 'tuple', 'if statement', 'recursion']","['for loop', 'if statement', 'dictionary']","['for loop', 'if statement', 'sorting', 'set', 'misc']","from collections import Counter

def solve():
    cases = int(input())
    for _ in range(cases):
        n = int(input())
        s = input()
        correct_count = Counter('timur'.lower())
        given_count = Counter(s.lower())

        # Check if the count for all characters of 'timur' is equal or less than that in the given string
        if all(count <= given_count[char] for char, count in correct_count.items()):
            print('YES')
        else:
            print('NO')

",False,False,1,0.3333333333333333
1721A,0,['this is the og problem'],['for loop'],"['for loop', 'set', 'if statement', 'misc', 'dictionary', 'while loop', 'tuple']","import itertools
import sys

def solve():
    t = int(input())
    for _ in range(t):
        pixels = [list(input().strip()) for _ in range(2)]
        min_moves = float('inf')

        # generate all possible color combinations
        combinations = list(itertools.product(set(pixels[0]), set(pixels[1])))

        # check for each combination if all pixels have the same color
        for combination in combinations:
            moves = sum(all(x == y for x, y in zip(pixels[0], combination)) for x in pixels[0]) + sum(all(x == y for x, y in zip(pixels[1], combination)) for x in pixels[1])
            min_moves = min(min_moves, moves)

        print(min_moves)

",False,True,0,0.0
1721A,1,['if statement'],"['for loop', 'if statement', 'dictionary', 'hashmap']","['for loop', 'set', 'if statement', 'misc', 'dictionary', 'while loop', 'tuple']","from collections import Counter

def solve():
    t = int(input())
    for _ in range(t):
        row1, row2 = input(), input()
        count = Counter([row1[0], row1[1], row2[0], row2[1]])
        num_colors = len(count)
        if num_colors == 1:
            print(0)
        elif num_colors == 2:
            print(1)
        else:
            print(min(3, num_colors - 1))

",True,False,1,0.25
1721A,2,"['if statement', 'tuple']","['for loop', 'if statement', 'set']","['for loop', 'set', 'if statement', 'misc', 'dictionary', 'while loop', 'tuple']","import sys
from collections import Counter
from itertools import combinations

def solve():
    test_cases = int(input())
    for _ in range(test_cases):
        pixel_rows = list(map(input, input().split()))
        n_colors = len(set(pixel_rows[0]) & set(pixel_rows[1]))
        if n_colors == 1:
            moves = 0
        elif n_colors == 2:
            moves = 1
        else:
            moves = min(len(combinations(pixel_rows[0] + pixel_rows[1], 2)), 2)
        print(moves)

",False,False,0,0.0
1721A,3,"['if statement', 'tuple', 'for loop']",['for loop'],"['for loop', 'set', 'if statement', 'misc', 'dictionary', 'while loop', 'tuple']","from collections import defaultdict

def solve():
    for _ in range(int(input())):
        a, b = input().split()
        color_count = defaultdict(int)
        a_count = 0
        b_count = 0

        for char in (a, b):
            color_count[char] += 1
            if char == a[0]:
                a_count += 1
            if char == b[0]:
                b_count += 1

        if a_count == len(a) or b_count == len(b):
            print(0)
        elif a[0] == b[0]:
            print(1)
        elif a_count > b_count or (a_count == b_count and ord(a[0]) < ord(b[0])):
            print(abs(a_count - b_count) + 2)
        else:
            print(abs(b_count - a_count) + 2)

",False,False,0,0.0
1721A,4,"['if statement', 'tuple', 'for loop', 'break statement']",['for loop'],"['for loop', 'set', 'if statement', 'misc', 'dictionary', 'while loop', 'tuple']","import sys
from collections import defaultdict, deque
input = sys.stdin.readline

def solve():
    r = list(map(str, input().split()))
    if len(set(r[0]) & set(r[1])) == 0:
        print(0)
        return

    colors = defaultdict(lambda: -1)
    visited = {(0, 0)}
    d = [(0, 1), (1, 0), (0, -1), (-1, 0)]
    q = deque()
    q.append((0, 0, r[0][0]))

    while q:
        x, y, c = q.popleft()
        colors[x, y] = c
        for dx, dy in d:
            nx, ny = x + dx, y + dy
            if 0 <= nx < 2 and 0 <= ny < 2 and (nx, ny) not in visited:
                visited.add((nx, ny))
                q.append((nx, ny, r[ny][nx]))
                if r[ny][nx] == c:
                    visited.update((nx + dx, ny + dy) for dx, dy in d)

    comp1, comp2 = set(), set()
    for x, y in visited:
        if colors[x, y] != -1:
            comp1.add(colors[x, y])
    if len(comp1) == 2:
        print(2)
        return
    comp2.update((comp1 - {r[1][0]}) | set(r[1]))
    print(len([c for c in comp2]) // 2)

",False,False,0,0.0
1720B,0,['this is the og problem'],"['for loop', 'if statement', 'matrix operation', 'misc']","['for loop', 'sorting', 'while loop', 'if statement', 'misc', 'tuple']","import sys
import math

def solve():
    n = int(input())
    a = list(map(int, input().split()))
    max_e = max(a)
    min_e = min(a)
    max_local = [0]*n
    for i in range(1, n):
        max_local[i] = max(max_local[i-1], a[i])
    min_local = [math.inf]*n
    for i in reversed(range(n-1)):
        min_local[i] = min(min_local[i+1], a[i])
    max_beauty = float('-inf')
    for i in range(1, n):
        for j in range(i+1, n):
            if j - i + 1 < n:
                beauty = max_e - min_e + max_local[i-1] - min_local[j]
                max_beauty = max(max_beauty, beauty)
    print(max_beauty)

",False,True,1,0.25
1720B,1,['for loop'],"['heap', 'for loop', 'if statement', 'while loop', 'hashmap']","['for loop', 'sorting', 'while loop', 'if statement', 'misc', 'tuple']","import sys
import heapq

def solve():
    t = int(input())
    for _ in range(t):
        n = int(input())
        a = list(map(int, input().split()))

        # Initialize max and min heap for max_after and min_before, respectively
        min_before, max_after = [], []

        # Initialize max and min elements before the current subsegment
        min_elem, max_elem = float('-inf'), float('inf')

        # Define left and right pointers
        l, r = 0, 0
        answer = float('-inf')

        while r < n:
            # Add the current element to max_after heap and update max_elem
            heapq.heappush(max_after, -a[r])
            max_elem = max(max_elem, -heapq.heappop(max_after))

            # If the size of the subsegment is greater than 2, pop the min_before heap
            if r - l + 1 > 2 and l < r:
                heapq.heappop(min_before)

            # Add the current element to min_before heap and update min_elem
            heapq.heappush(min_before, a[l])
            min_elem = min(min_elem, a[l])

            # Update answer if the beauty of the current subsegment is greater
            answer = max(answer, (max_elem - min_elem) + (max(heapq.heappop(min_before), max_after[-1]) - min_elem))

            # Move the right pointer to the right
            r += 1
            l += 1

        print(answer)

",False,False,2,0.4
1720B,2,"['for loop', 'tuple']","['stack', 'tuple', 'heap']","['for loop', 'sorting', 'while loop', 'if statement', 'misc', 'tuple']","import sys
from heapq import Heap
input = sys.stdin.readline

def solve():
    n = int(input())
    a = list(map(int, input().split()))

    stack = Heap()
    stack.append(-sys.maxsize)
    beauty = 0

    for i in range(n):
        while stack and a[i] > stack[-1][0]:
            tmp_beauty = stack.pop()[0] - stack[-1][0] + a[stack[-1][1]] - a[i]
            beauty = max(beauty, tmp_beauty)
        stack.append((a[i], i))

    for index in reversed(range(n-1)):
        stack.pop()
        beauty = max(beauty,
                   a[-1] - stack[-1][0] + a[stack[-1][1]] - a[index])

    print(beauty)

",False,False,2,0.6666666666666666
1719B,0,['this is the og problem'],['for loop'],"['if statement', 'while loop', 'for loop', 'continue statement', 'tuple', 'misc']","from itertools import groups, chain

def solve():
    for _ in range(int(input())):
        n, k = map(int, input().split())

        if n % 2 == 1 or n > 2600000:
            print(""NO"")
        elif all((m + k) % 4 == 0 for m in range(1, n + 1)):
            print(""YES"")
            pairs = groups(range(1, n + 1), 2)
            for pair in pairs:
                print(*pair)
        else:
            print(""NO"")

",False,True,0,0.0
1719B,1,['if statement'],"['for loop', 'if statement', 'dictionary']","['if statement', 'while loop', 'for loop', 'continue statement', 'tuple', 'misc']","from collections import defaultdict
import math

def solve():
    t = int(input())
    for _ in range(t):
        n, k = map(int, input().split())
        if n % 4 == 2 and k % 2 == 1:
            print(""NO"")
        else:
            pairs = defaultdict(list)
            for i in range(1, n+1):
                temp = i * k // 4
                for j in range(1, temp//i + 1):
                    pairs[(i, j)].append(temp)

            if len(pairs) == n // 2:
                for pair in pairs.items():
                    print(pair)
            else:
                print(""NO"")

",False,False,1,0.3333333333333333
1719B,2,"['if statement', 'tuple']","['if statement', 'for loop', 'continue statement', 'set', 'tuple']","['if statement', 'while loop', 'for loop', 'continue statement', 'tuple', 'misc']","import math
import sys

def solve():
    t = int(input())
    for _ in range(t):
        n, k = map(int, input().split())
        if n % 2 != 0 or n > 200000 or k > 1000000000 or k < -1000000000:
            print(""Invalid input"")
            continue
        pairs = set()
        for num in range(1, n+1):
            for potential_pair in pairs:
                if (num + k) * potential_pair[0] % 4 == 0:
                    pairs.add((num, potential_pair[1]))
                    break
            else:
                pairs.add((num, num+1))
        result = [""YES""]
        if len(pairs) != n//2:
            result.append(""WRONG INPUT OR NO SOLUTION"")
        else:
            for pair in pairs:
                result.append("" "".join(str(i) for i in pair))
        print(""\n"".join(result))

",False,False,1,0.2
1719B,3,"['if statement', 'tuple', 'matrix operation']","['if statement', 'for loop', 'while loop', 'continue statement', 'dictionary', 'tuple']","['if statement', 'while loop', 'for loop', 'continue statement', 'tuple', 'misc']","import math

def solve():
    t = int(input())
    for _ in range(t):
        n, k = map(int, input().split())
        if n % 2 != 0:
            print(""Invalid input: n should be even."")
            continue

        checked = {}
        pairs = []

        if n % 4 == 0:  # If n is a multiple of 4, the pair (n/4, n/4) always works
            pairs.append((n // 4, n // 4))
            n -= 4

        while n > 0:
            target = (k * (n % 2) + 4) // 4
            for candidate in checked:
                if checked[candidate] == target:
                    pairs.append((candidate, n // 2))
                    pairs.append((n, candidate))
                    break

            if target not in checked:
                checked[n] = target
            n -= 2

        if len(pairs) == n // 2:
            print(""YES"")
            for pair in pairs:
                print(*pair)
        else:
            print(""NO"")

",False,False,1,0.16666666666666666
1719B,4,"['if statement', 'tuple', 'matrix operation', 'for loop']",['for loop'],"['if statement', 'while loop', 'for loop', 'continue statement', 'tuple', 'misc']","from math import gcd
from itertools import zip_longest

def solve():
    tests = int(input())

    for _ in range(tests):
        n, k = map(int, input().split())
        if n % 2 != 0:
            print(""NO"")
        else:
            pair = []
            for i in range(1, n + 1, 2):
                a, b = i, (i + k) // 4
                if gcd(a, b) == 1 and (b - a) % 2 == 0:
                    pair.append((a, b))

            grouped = zip_longest(*pair)
            for group in grouped:
                print(*group)

            if len(pair) % 2 == 1:
                print(*pair[-1])
            else:
                last_pair = pair[-2:]
                last_pair[0] = last_pair[0][0], n - sum(last_pair[0]) + last_pair[1][1]
                print(*last_pair)

",False,False,0,0.0
1719B,5,"['if statement', 'tuple', 'matrix operation', 'for loop', 'recursion']","['for loop', 'if statement', 'tuple', 'hashmap']","['if statement', 'while loop', 'for loop', 'continue statement', 'tuple', 'misc']","import sympy as sp

def solve():
    t = int(input())
    for _ in range(t):
        n, k = map(int, input().split())
        pairs = []
        if n % 4 == 0:
            for i in range(1, n+1, 2):
                if sp.is_integer((i + k) * (n + 1 - i) // 2):
                    pairs.append((i, n + 1 - i))

        if pairs:
            print(""YES"")
            for pair in pairs:
                print(*pair)
        else:
            print(""NO"")

",False,False,1,0.25
1719A,0,['this is the og problem'],"['if statement', 'for loop', 'recursion', 'matrix operation', 'hashmap']","['for loop', 'if statement', 'misc', 'tuple', 'while loop']","from a given cell on the board.

```python
from collections import defaultdict

def is_valid_move(move, n, m):
    return (move % 2 != 0) and (0 <= move < min(n, m))

def neighbors(x, y, n, m, board):
    options = [(x + dx, y + dy) for dx, dy in [(0, 1), (1, 0)]]
    return [(nx, ny) for nx, ny in options if 0 <= nx < n and 0 <= ny < m and ( board[(nx, ny)] == '.' or board[(nx, ny)] == 'Y')]

def game_winner(x, y, board, burenka):
    if x == 0 or x == board_dim[0] or y == 0 or y == board_dim[1]:
        return board[x][y] == burenka

    board[x][y] = burenka
    wins = 0
    for nx, ny in neighbors(x, y, *board_dim):
        if game_winner(nx, ny, board, not burenka):
            wins += 1

    board[x][y] = '.'
    if burenka and wins % 2 == 0:
        return True
    elif not burenka and wins > 0:
        return True
    return False

def solve():
    t = int(input())
    for _ in range(t):
        board_str = input().split()
        board_dim = (int(board_str[0]), int(board_str[1]))
        board = defaultdict(lambda: '.')
        board[(0, 0)] = 'G'
        for i in range(1, board_dim[0]):
            board[(i, 0)] = 'R' if i % 2 == 0 else '.'
        for j in range(1, board_dim[1]):
            board[(board_dim[0] - 1, j)] = 'R' if j % 2 == 0 else 'Y'
        for i in range(1, board_dim[0] - 1, 2):
            for j in range(1, board_dim[1] - 1, 2):
                if game_winner(i, j, board, True):
                    print(""Burenka"")
                else:
                    print(""Tonya"")

",False,True,3,0.6
1719A,1,['if statement'],['for loop'],"['for loop', 'if statement', 'misc', 'tuple', 'while loop']","from the initial position.

```python
import collections

def is_valid_move(r, c, n, m):
    return 0 <= r < n and 0 <= c < m

def possible_moves(r, c, n, m):
    moves = []
    if is_valid_move(r, c + 1, n, m):
        moves.append((r, c+1))
    if r and is_valid_move(r-1, c, n, m):
        moves.append((r-1, c))
    for _ in range(3, min(r+1, c+2)+1, 2):
        if is_valid_move(r, c+\_-\_//2, n, m):
            moves.append((r, c+\_-\_//2))
        if r and is_valid_move(r-\_-\_//2, c, n, m):
            moves.append((r-\_-\_//2, c))
    return moves

def bfs(r, c, n, m):
    queue = collections.deque([(r, c, 0, 1)])
    visited = set(((r, c),))
    while queue:
        r, c, length, player = queue.popleft()
        for new_r, new_c in possible_moves(r, c, n, m):
            if (new_r, new_c) == (r-1, c):
                if player == 2:
                    return player
            if (new_r, new_c) not in visited:
                visited.add((new_r, new_c))
                queue.append(((new_r, new_c), length+1, player*(-1)**(length+1))
    return 2 if player == 1 else 1

def solve():
    for _ in range(int(input())):
        n, m = map(int, input().split())
        print(""Burenka"" if bfs(0, 0, n, m) == 1 else ""Tonya"")

",False,True,0,0.0
1719A,2,"['if statement', 'for loop']","['queue', 'while loop']","['for loop', 'if statement', 'misc', 'tuple', 'while loop']","from collections import defaultdict

def bfs(board, start, visited):
    queue = [(start, [])]
    while queue:
        pos, path = queue.pop(0)
        x, y = pos
        neighbors = [(x+2*d, y), (x, y+2*d)]

        for nx, ny in neighbors:
            if 0 <= nx < len(board) and 0 <= ny < len(board[0]):
                if not visited[nx][ny] and board[nx][ny] != 2:
                    visited[nx][ny] = True
                    queue.append((nx, ny, path + [pos]))
                    if board[nx][ny] == 0 or not board[nx][ny]:
                        return path + [pos]
    return None

def find_winner(board):
    visited = defaultdict(lambda: [False] * len(board[0]))
    for i in range(len(board)):
        for j in range(len(board[0])):
            if not visited[i][j] and board[i][j] == 0:
                path = bfs(board, (i, j), visited)
                if path:
                    return 'Tonya' if path[-1] in [(0, 0), (i, j)] else 'Burenka'
    return 'Burenka'

def solve():
    t = int(input())
    for _ in range(t):
        n, m = map(int, input().split())
        board = [[0] * m for _ in range(n)]
        board[0][0] = 1
        for i in range(1, n):
            board[i][0] = 1 if i & 1 else 2
        for j in range(1, m):
            board[0][j] = 1 if j & 1 else 2
        print(find_winner(board))

",False,True,1,0.5
1719A,3,"['if statement', 'for loop', 'tuple']",[],"['for loop', 'if statement', 'misc', 'tuple', 'while loop']",,False,True,0,0.0
1719A,4,"['if statement', 'for loop', 'tuple', 'recursion']",['for loop'],"['for loop', 'if statement', 'misc', 'tuple', 'while loop']","from collections import deque

def solve(n, m):
    directions = [(-1, 0), (0, 1), (1, 0), (0, -1))

    grid = [[0] * m for _ in range(n)]
    grid[0][0] = 1
    queue = deque([(0, 0)])

    visited = set([(0, 0)])

    while queue:
        y, x = queue.popleft()

        for dy, dx in directions:
            ny, nx = y + dy * 2, x + dx * 2
            if 0 < ny < n and 0 < nx < m and grid[ny][nx] == 0:
                if ny == n-1 and nx == m-1:
                    return ""Burenka""

                grid[ny][nx] = 1
                queue.append((ny, nx))
                visited.add((ny, nx))

        if (y+1, x) not in visited:
            queue.append((y+1, x))

        if (y, x+1) not in visited:
            queue.append((y, x+1))

    return ""Tonya""

",False,False,0,0.0
1719A,5,"['if statement', 'for loop', 'tuple', 'recursion', 'hashmap']",['for loop'],"['for loop', 'if statement', 'misc', 'tuple', 'while loop']","from collections import deque

def bfs(board, start):
    queue = deque([(board, start, 0, 0)])
    visited = set()
    visited.add(tuple(tuple(row) for row in start))

    moves = {(0, 1): 1, (1, 0): 1, (0, -1): 1, (1, -1): 3, (-1, 0): 1, (-1, -1): 3}

    while queue:
        board_, start_, bure_moves, tonya_moves = queue.popleft()

        for new_start in [(start_[0] + dx, start_[1] + dy) for dx, dy in moves.keys()]:
            if 0 <= new_start[0] < len(board) and 0 <= new_start[1] < len(board[0]) and (new_start not in visited):
                new_board = [list(row) for row in board_]
                new_board[new_start[0]][new_start[1]] = (not board_[start_[0]][start_[1]])

                bure_new_moves = bure_moves - moves[(-new_start[0], -new_start[1])] if (new_start[0] != start_[0] or new_start[1] != start_[1]) else bure_moves
                tonya_new_moves = tonya_moves + moves[(-new_start[0], -new_start[1])] if (new_start[0] != start_[0] or new_start[1] != start_[1]) else tonya_moves

                visited.add(tuple(tuple(row) for row in new_board))
                queue.append((new_board, new_start, bure_new_moves, tonya_new_moves))

                if bure_new_moves == 0:
                    print(""Tonya"")
                    return
                if tonya_new_moves == 0:
                    print(""Burenka"")
                    return

def solve():
    t = int(input())
    for _ in range(t):
        n, m = map(int, input().split())
        board = [[(0 if (x+y) % 2 == 0 else 1) for x in range(m)] for y in range(n)]
        start = (0, 0)
        bfs(board, start)

",False,False,0,0.0
1717A,0,['this is the og problem'],"['recursion', 'for loop', 'if statement', 'tuple']","['for loop', 'misc', 'if statement', 'while loop']","import math

def extended_euclidean(a: int, b: int) -> tuple[int, int, int]:
    if b == 0:
        return (1, 0, a)
    else:
        g, y, x = extended_euclidean(b, a % b)
        return (x - (a // b) * y, y, g)

def solve():
    t = int(input())
    for _ in range(t):
        n = int(input())
        count = 0
        for a in range(1, n + 1):
            for b in range(1, n + 1):
                if (g := math.gcd(a, b)) != 1 and (lcm := a * b // g) <= 3:
                    count += 1
        print(count)

",False,True,2,0.5
1717A,1,['for loop'],"['if statement', 'for loop', 'tuple', 'matrix operation', 'hashmap']","['for loop', 'misc', 'if statement', 'while loop']","import math

def solve():
    n = int(input())
    counts = [0] * (n+1)

    for a in range(1, n+1):
        for b in range(a+1, n+1):
            gcd_ab = math.gcd(a, b)
            lcm_ab = a*b // gcd_ab
            if lcm_ab <= 3 * gcd_ab:
                counts[a] += 1
                counts[b] += 1

    answer = 0
    for count in counts:
        answer += count * (count - 1) // 2  # The formula for the number of combinations of n items.

    print(answer)

",False,False,3,0.6
1717A,2,"['for loop', 'if statement']","['if statement', 'for loop', 'recursion', 'tuple']","['for loop', 'misc', 'if statement', 'while loop']","import math

def extended_euclidean_algorithm(a, b):
    if b == 0:
        return (1, 0, a)
    else:
        gcd, x, y = extended_euclidean_algorithm(b, a % b)
        x_new, y_new = y, x - (a // b) * y
        return (gcd, x_new, y_new)

def lcm(a, b):
    gcd, _, __ = extended_euclidean_algorithm(a, b)
    lcm = (a * b) // gcd
    return lcm

def solve():
    count = 0
    sqrt_3 = int(math.sqrt(3))
    for n in range(1, int(1e8) + 1):
        for i in range(1, n + 1):
            lcm_gcd = lcm(i, n)
            if lcm_gcd > 3 and (lcm_gcd & (lcm_gcd - 1)) == 0:
                count += 1
    print(count)

",False,False,2,0.5
1717A,3,"['for loop', 'if statement', 'recursion']",['for loop'],"['for loop', 'misc', 'if statement', 'while loop']","import math
from functools import reduce

def sieve(n):
    sieve = [True] * (n + 1)
    sieve[0], sieve[1] = False, False

    for i in range(2, int(n**0.5) + 1):
        if sieve[i]:
            for j in range(i*i, n + 1, i):
                sieve[j] = False

    return sieve

def solve():
    primes = sieve(int(math.sqrt(10**9)))
    counter = 0

    for a in range(1, 10 ** 9 + 1):
        for b in range(a + 1, 10 ** 9 + 1):
            if primes[a] and primes[b] and math.gcd(a, b) != 1 and math.lcm(a, b) <= 3 * math.gcd(a, b):
                counter += 1

    print(counter)

",False,False,0,0.0
1717A,4,"['for loop', 'if statement', 'recursion', 'hashmap']","['recursion', 'for loop', 'tuple', 'if statement']","['for loop', 'misc', 'if statement', 'while loop']","from math import gcd, lcm

def extend_euclidean_algorithm(a: int, b: int) -> tuple[int, int, int]:
    if b == 0:
        return (1, 0, a)

    (g, x, y) = extend_euclidean_algorithm(b, a % b)

    return (g, y, x - (a // b) * y)

def solve():
    t = int(input())

    for _ in range(t):
        n = int(input())
        count = 0

        for a in range(1, n + 1):
            for b in range(1, n + 1):
                (g, x, y) = extend_euclidean_algorithm(a, b)
                if lcm(a, b) <= 3 and g <= 1:
                    count += 1

        print(count)

",False,False,2,0.5
1717A,5,"['for loop', 'if statement', 'recursion', 'hashmap', 'while loop']","['for loop', 'if statement', 'continue statement', 'break statement']","['for loop', 'misc', 'if statement', 'while loop']","from math import gcd, lcm

def solve():
    mod = 10 ** 9 + 7
    count = 0
    for a in range(1, 1000000001):
        for b in range(1, a + 1):
            if gcd(a, b) > 1:
                continue
            if lcm(a, b) > 3 * min(a, b):
                break
            count += 1
    count *= (a * (a + 1)) // 2
    return count % mod

",False,False,2,0.5
1716B,0,['this is the og problem'],['for loop'],"['for loop', 'tuple', 'sorting', 'while loop', 'if statement', 'matrix operation', 'misc', 'two pointers']","from itertools import permutations

def solve(n):
    # The identity permutation of length n
    chain = list(range(1, n+1))
    steps = 0

    def is_valid_chain(perm):
        # Check if the permutation is a valid one with strictly lower fixedness than the previous one
        if steps == 0 or perm[0] == 1:
            return True
        if perm == chain:
            return False
        curr_fixedness = sum(1 for i in perm if i == perm.index(i)+1)
        prev_fixedness = sum(1 for i in chain if i == chain.index(i)+1)
        return curr_fixedness < prev_fixedness

    def next_permutation(perm):
        # Function to find the next permutation in lexicographic order
        n = len(perm)
        i = n - 2
        while i > -1 and perm[i] >= perm[i+1]:
            i -= 1
        if i > -1:
            j = n - 1
            while perm[i] >= perm[j]:
                j -= 1
            perm[i], perm[j] = perm[j], perm[i]
        k = n - 1
        j = i + 1
        while i < j:
            perm[i], perm[j] = perm[j], perm[i]
            i += 1
            j -= 1
        return perm

    while steps < n*(n-1)/2:
        if is_valid_chain(chain):
            steps += 1
            yield chain
            chain = next_permutation(chain)
        else:
            chain = list(chain)
            chain[0], chain[chain.index(min(chain))] = chain[chain.index(min(chain))], chain[0]

    # Print the longest chain
    length = len(list(solve(n)))
    for perm in solve(n):
        print(*perm)
    print(length)

",False,True,0,0.0
1716B,1,['for loop'],['for loop'],"['for loop', 'tuple', 'sorting', 'while loop', 'if statement', 'matrix operation', 'misc', 'two pointers']","from itertools import permutations
import sys

def dfs(perm, fix, n):
    if fix > n - len(perm) or len(perm) == n:
        return

    if len(perm) == n and fix == 0:
        chain.append(list(perm))
        length += 1
        return

    for i in range(len(perm)):
        for j in range(i+1, len(perm)):
            if not visited[tuple(perm)]:
                new_perm = list(perm)
                new_perm[i], new_perm[j] = new_perm[j], new_perm[i]

                visited[tuple(new_perm)] = True
                dfs(new_perm, fix - (i + 1), n)
                visited[tuple(new_perm)] = False

def solve():
    global chain, length
    chain = []
    length = 0
    visited = {}
    for i in range(1, 101):
        perm = list(range(1, i + 1))
        visited[tuple(perm)] = True
        dfs(perm, i, i)

    print(length)
    for i in range(length):
        print(*chain[i])

",False,False,0,0.0
1716B,2,"['for loop', 'if statement']","['if statement', 'for loop', 'recursion', 'tuple']","['for loop', 'tuple', 'sorting', 'while loop', 'if statement', 'matrix operation', 'misc', 'two pointers']","from itertools import combinations

def swap(lst, i, j):
    return list(lst[:i] + [lst[j]] + lst[i:j] + [lst[i]] + lst[j:])

def invert(lst):
    return [i for i in range(len(lst))] if lst == list(range(len(lst))) else [lst[i] for i in range(len(lst))]

def solve(lst, fixedness=0):
    if len(lst) == 2:
        return [[1, 2], [2, 1]]
    chains = []
    for i, j in combinations(range(len(lst)), 2):
        if i == j or i == 0 or j == 0:
            continue
        new_lst = swap(lst, i, j)
        new_fixedness = (fixedness + 1 - lst.index(i) - lst.index(j)) % len(lst)
        if new_fixedness < fixedness:
            new_chain = solve(new_lst, new_fixedness)
            chains.append(new_chain)
    return chains if chains else []

",False,False,1,0.25
1716B,3,"['for loop', 'if statement', 'recursion']","['if statement', 'for loop', 'continue statement', 'queue', 'tuple', 'graph traversal']","['for loop', 'tuple', 'sorting', 'while loop', 'if statement', 'matrix operation', 'misc', 'two pointers']","from collections import deque

def solve():
    for _ in range(int(input())):
        n = int(input())
        if n == 1:
            print(1)
            print(*range(1, n + 1))
            continue

        # Initialize the permutations and fixedness
        p = [i for i in range(1, n + 1)]
        fixedness = [1 << (i - 1) for i in range(1, n + 1)]
        queue = deque([(0, p, fixedness[0])])

        while queue:
            i, cur_p, cur_fix = queue.popleft()
            if i == len(cur_p):
                print(len(cur_p))
                for j in range(len(cur_p)):
                    print(cur_p[j], end=' ')
                print()
                continue

            # Swap each possible pair of elements
            for j in range(i + 1, len(cur_p)):
                p1 = cur_p[i]
                p2 = cur_p[j]
                new_p = list(cur_p)
                new_p[i], new_p[j] = new_p[j], new_p[i]
                new_fix = list(cur_fix)
                new_fix[i] &= ~(1 << p1 - 1)
                new_fix[i] &= ~(1 << p2 - 1)
                new_fix[i] |= (1 << new_p[i] - 1)
                new_fix[j] |= (1 << new_p[j] - 1)

                # Check if the new permutation is valid
                if new_fix[i] > new_fix[i - 1]:
                    continue

                queue.append((i + 1, new_p, tuple(new_fix)))

",False,False,3,0.5
1716B,4,"['for loop', 'if statement', 'recursion', 'tuple']",['for loop'],"['for loop', 'tuple', 'sorting', 'while loop', 'if statement', 'matrix operation', 'misc', 'two pointers']","import collections
import itertools

def solve():
    q = collections.deque([(0, bin(n).count('1'), [i for i in range(1, n+1)])])
    next_fix = {}
    while q:
        fixedness, current_permutation, _ = q.popleft()
        if len(q) < fixedness:
            next_fix[fixedness] = (current_permutation, len(q))
        for perm in itertools.permutations(current_permutation):
            if all(perm[i] != i for i in range(n)):
                swapped_perm = list(current_permutation)
                for i, j in zip(range(n), itertools.dropwhile(lambda x: x == j, range(n)[1:] + [0])):
                    swapped_perm[i], swapped_perm[j] = swapped_perm[j], swapped_perm[i]
                q.append((sum(swapped_perm == range(1, n+1)), bin(sum(swapped_perm == range(1, n+1))).count('1'), swapped_perm))

    max_chain_len = max(next_fix.keys())
    current_chain = []
    current_permutation = next_fix[max_chain_len][0]
    current_chain.append((0, current_permutation))

    while current_chain[-1][0] < len(next_fix[max_chain_len][1]):
        _, current_permutation = next_fix[max_chain_len - current_chain[-1][0]][1:]
        current_chain.append((current_chain[-1][0] + 1, current_permutation))

    print(f'{len(current_chain)}')
    for i, perm in enumerate(current_chain):
        print(' '.join(map(str, perm[1])))

",False,False,0,0.0
1716A,0,['this is the og problem'],"['recursion', 'dictionary', 'for loop', 'if statement']","['for loop', 'if statement', 'while loop', 'continue statement', 'misc']","import sys
from typing import Dict

def solve():
    t = int(input())

    # Define the memoization dictionary with default value as infinity
    dp: Dict[int, int] = {0: 0}

    # Iterate over test cases
    for _ in range(t):
        n = int(input())
        mins = float('inf')
        # Iterate from 1 (since we cannot move to 0) to n for possible points to reach
        for i in range(1, n+1):
            # Compute the minimum number of moves from previous numbers we've found
            for j in range(1, i+1):
                if (i - j) in dp:
                    mins = min(mins, dp[i - j] + 1)
        dp[n] = mins

        print(mins)

",False,True,2,0.5
1716A,1,['misc'],['for loop'],"['for loop', 'if statement', 'while loop', 'continue statement', 'misc']","from 0 to n. If n < 0, it means that the position is unreachable starting from 0, so we set dp[0] = 0 and dp[n] = -1. For other positions, we calculate dp[n] as the minimum of dp[n-2], dp[n-3], and dp[n-4] (if available) plus 1. Here is the code:

```python
def solve():
    n_tests = int(input())
    for _ in range(n_tests):
        n = int(input())
        dp = [-1] * (n+1)
        dp[0] = 0
        for i in range(1, n+1):
            if i >= 4:
                dp[i] = min(dp[i], dp[i-2]+1)
                dp[i] = min(dp[i], dp[i-3]+1)
                dp[i] = min(dp[i], dp[i-4]+1)
            if i >= 2:
                dp[i] = min(dp[i], dp[i-2]+1)
            print(dp[n])
",False,True,0,0.0
1716A,2,"['misc', 'for loop']",['for loop'],"['for loop', 'if statement', 'while loop', 'continue statement', 'misc']","from the starting point. The results are stored in a dictionary for optimization.

```python
import functools

@functools.lru_cache(maxsize=None)
def min_moves(n, memo={}):
    if n in memo:
        return memo[n]
    if n == 0:
        return 0
    if n < 0:
        return float('inf')
    min_moves_2 = min_moves(n - 2, memo) + 1 if min_moves(n - 2, memo) != float('inf') else float('inf')
    min_moves_3 = min_moves(n - 3, memo) + 1 if min_moves(n - 3, memo) != float('inf') else float('inf')
    min_moves_val = min(min_moves_2, min_moves_3)
    memo[n] = min_moves_val
    return min_moves_val

def solve():
    t = int(input())
    for _ in range(t):
        n = int(input())
        print(min_moves(n))

",False,False,0,0.0
1716A,3,"['misc', 'for loop', 'recursion']","['for loop', 'if statement', 'while loop', 'binary search', 'misc']","['for loop', 'if statement', 'while loop', 'continue statement', 'misc']","from 1 and ends at `n`. For each middle index `m`, we check if `m` is a valid solution for the test case (i.e., `n` is reachable in `m` moves from 0). If `n` is not reachable, we move the search range towards higher values; otherwise, if `n` is reachable, we update the minimum number of moves and check if `n - m` is also reachable, since we can use one extra move to reach `n` from `n - m`.

Here is the Python code for the solution:

```python
import math

def solve():
    tests = int(input())
    for _ in range(tests):
        n = int(input())
        low, high = 1, n
        moves = math.ceil(math.log2(n))
        if moves % 2 == 0:
            moves += 1
        while low < high:
            m = (low + high) // 2
            if m * 2 <= n and (m + 1) * 3 > n:
                high = m
                moves = m
            elif (m + 1) * 3 <= n:
                low = m + 1
            else:
                high = m
        print(moves)

",False,False,1,0.2
1715A,0,['this is the og problem'],[],"['for loop', 'if statement', 'tuple', 'continue statement', 'while loop', 'misc', 'matrix operation', 'sorting']",,False,True,0,0.0
1715A,1,['for loop'],['width first search'],"['for loop', 'if statement', 'tuple', 'continue statement', 'while loop', 'misc', 'matrix operation', 'sorting']","import heapq

def bfs(grid, x1, y1, x2, y2):
    direction = [(0, 1), (1, 0), (0, -1), (-1, 0)]
    visited = set()
    queue = [(0, x1, y1)]  # initial energy and position

    while queue:
        energy, x, y = heapq.heappop(queue)

        if (x, y) in visited:
            continue

        visited.add((x, y))

        if x == x2 and y == y2:
            return energy

        for dx, dy in direction:
            new_x, new_y = x + dx, y + dy
            if 0 <= new_x < len(grid) and 0 <= new_y < len(grid[0]) and (not any(grid[new_x][new_y]) or any(grid[new_x][new_y][i] for i in range(1, len(grid[new_x][new_y])))):
                heapq.heappush(queue, (energy + 1, new_x, new_y))
                grid[new_x][new_y].append(1)  # mark portal

    return -1  # return -1 if no path is found

def solve():
    t = int(input().strip())
    for _ in range(t):
        grid = []
        x1, y1, x2, y2 = map(int, input().strip().split())

        for _ in range(x2):
            row = list(map(int, input().strip().split()))
            grid.append(row + [0] * ((y2 - x2) * 2 + 1))
        for _ in range(x1 - 1, -1, -1):
            row = list(map(int, input().strip().split()))
            grid.append(row + [0] * ((y1 - x1) * 2 + 1))

        energy = bfs(grid, 1, 1, x2, y2) + bfs(grid, n, 1, 1, y2)
        print(energy)

",False,True,1,1.0
1715A,2,"['for loop', 'recursion']",['for loop'],"['for loop', 'if statement', 'tuple', 'continue statement', 'while loop', 'misc', 'matrix operation', 'sorting']","from the starting point. Here is the Python code for the function `solve()` that satisfies the given constraints:

",False,False,0,0.0
1715A,3,"['for loop', 'recursion', 'while loop']","['queue', 'heap', 'matrix operation', 'for loop', 'if statement']","['for loop', 'if statement', 'tuple', 'continue statement', 'while loop', 'misc', 'matrix operation', 'sorting']","import heapq
import sys
input = sys.stdin.readline

def bfs(start_x, start_y, grid, visit):
    queue = [(0, start_x, start_y)]
    visit[start_x][start_y] = True
    energy = 0

    while queue:
        cur_energy, cur_x, cur_y = heapq.heappop(queue)

        for dx, dy in ((1, 0), (0, 1), (-1, 0), (0, -1)):
            nx, ny = cur_x + dx * 2, cur_y + dy * 2
            if 0 <= nx < len(grid) and 0 <= ny < len(grid[0]) and not visit[nx][ny]:
                visit[nx][ny] = True
                heapq.heappush(queue, (cur_energy + 1, nx, ny))

    return cur_energy

def solve():
    t = int(input())
    for _ in range(t):
        n, m = map(int, input().split())
        grid = [[0] * m for _ in range(n)]
        visit_stanley = [[False] * m for _ in range(n)]
        visit_megan = [[False] * m for _ in range(n)]

        # Fill Megan's path
        for i in range(m - 1, -1, -1):
            grid[0][i] = 1
            visit_megan[0][i] = True

        # Fill Stanley's path
        for i in range(1, n):
            grid[i][0] = 1
            visit_stanley[i][0] = True

        # BFS for Megan
        energy_megan = bfs(1, m - 1, grid, visit_megan)

        # BFS for Stanley
        energy_stanley = bfs(n - 2, 1, grid, visit_stanley)

        # Total energy
        energy = energy_megan + energy_stanley + 2
        print(energy)

",False,False,2,0.4
1715A,4,"['for loop', 'recursion', 'while loop', 'if statement']","['queue', 'set', 'matrix operation']","['for loop', 'if statement', 'tuple', 'continue statement', 'while loop', 'misc', 'matrix operation', 'sorting']","from the starting cell to the destination cell for each person. BFS is used to find the minimum energy needed to create the portals for Megan to teleport. Here is the Python code:

```python
from collections import deque

def bfs(grid, start, dest):
    visited = set()
    queue = deque([(start, 1)])

    while queue:
        cell, energy = queue.popleft()
        if cell == dest:
            return energy

        for dx, dy in ((-1, 0), (1, 0), (0, -1), (0, 1)):
            x, y = cell
            new_x, new_y = x + dx, y + dy
            if 1 <= new_x <= len(grid) and 1 <= new_y <= len(grid[0]) and (new_x, new_y) not in visited:
                visited.add((new_x, new_y))
                queue.append( (new_x, new_y, energy + 1) )

    return float('inf')

def flood_fill(grid):
    n, m = len(grid), len(grid[0])
    visited = set()
    result = float('inf')

    for i in range(n):
        for j in range(m):
            if (i, j) not in visited and grid[i][j] == 0:
                result = min(result, bfs(grid, (1, 1), (i, j)) + bfs(grid, (n, m), (i, j)) - 2)
                visited.add((i, j))

    return result

def solve():
    t = int(input().strip())
    for _ in range(t):
        n, m = map(int, input().strip().split())
        grid = [[float('inf')] * m for _ in range(n)]
        grid[0][0] = grid[n-1][m-1] = 0
        print(floopod(grid))

",False,True,2,0.6666666666666666
1715A,5,"['for loop', 'recursion', 'while loop', 'if statement', 'tuple']","['recursion', 'queue', 'dictionary', 'matrix operation', 'if statement', 'while loop', 'for loop', 'set', 'tuple']","['for loop', 'if statement', 'tuple', 'continue statement', 'while loop', 'misc', 'matrix operation', 'sorting']","import sys
from collections import defaultdict, deque
from functools import lru_cache

def solve():
    n, m = map(int, input().strip().split())
    grid = [[] for _ in range(n)]
    for i in range(n):
        row = list(input().strip())
        for j, c in enumerate(row):
            if c == '#':
                grid[i].append((i, j))
            elif c == '.':
                grid[i].append((i, j), (i, j-1), (i-1, j))

    @lru_cache((n, m))
    def bfs(i, j, teleport_required):
        q = deque([(i, j)])
        visited = set()
        visited.add((i, j))
        total_portal = 0

        while q:
            node = q.popleft()
            x, y = node
            for dx, dy in [(0, 1), (1, 0), (0, -1), (-1, 0)]:
                nx, ny = x + dx, y + dy
                if not (0 <= nx < n and 0 <= ny < m):
                    continue
                if (nx, ny) in visited:
                    continue
                if grid[nx][ny]:
                    visited.add(grid[nx][ny])
                    total_portal += 1
                    q.extend(grid[nx][ny])
                    if not teleport_required:
                        q.appendleft((nx, ny))
                elif not teleport_required and nx != 1 or ny != 1:
                    visited.add((nx, ny))
                    q.append((nx, ny))

        return total_portal + len(visited) - len(grid) - teleport_required

",False,False,4,0.4444444444444444
1714C,0,['this is the og problem'],"['for loop', 'tuple', 'set', 'if statement', 'dictionary', 'misc']","['for loop', 'if statement', 'matrix operation', 'while loop', 'misc', 'recursion', 'set', 'break statement', 'sorting']","import itertools

def solve(n):
    # Generate all permutations of digits from 0 to 9
    digits = list(range(10))
    permutations = itertools.permutations(digits)

    # Filter permutations where the sum is equal to the given number 'n'
    # and all digits are unique
    result = []
    for digits_seq in permutations:
        if sum(digits_seq) == n and len(set(digits_seq)) == len(digits_seq):
            result.append(int(''.join(map(str, digits_seq))))

    # If no solution is found, return an empty string to indicate no solution
    return '' if not result else min(result)

",False,True,2,0.3333333333333333
1714C,1,['if statement'],['for loop'],"['for loop', 'if statement', 'matrix operation', 'while loop', 'misc', 'recursion', 'set', 'break statement', 'sorting']","import itertools
import functools

def is_distinct(num):
    return len(set(str(num))) == len(str(num))

def sum_of_digits(num):
    return sum(map(int, str(num)))

def generate_distinct_and_valid(s):
    min_num = min([int(d) for d in str(s)])
    max_num = max([int(d) for d in str(s)])
    digits = list(range(min_num, max_num + 1))

    permutations = itertools.permutations(digits)
    filtered_permutations = (num for num in permutations if is_distinct(num) and sum_of_digits(num) == s)

    for num in filtered_permutations:
        yield num

def solve():
    t = int(input())
    for _ in range(t):
        s = int(input())
        min_distinct_num = next(generate_distinct_and_valid(s))
        print(min_distinct_num)

",False,True,0,0.0
1714C,2,"['if statement', 'misc']","['if statement', 'for loop', 'set']","['for loop', 'if statement', 'matrix operation', 'while loop', 'misc', 'recursion', 'set', 'break statement', 'sorting']","import itertools

def is_valid(num, target_sum):
    return len(set(str(num))) == len(str(num)) and sum(int(digit) for digit in str(num)) == target_sum

def solve():
    number_sums = [int(input()) for _ in range(int(input()))]
    for s in number_sums:
        for num in (i for i in range(1, 10**len(str(s))) if is_valid(i, s)):
            print(num)
            break

",False,False,0,0.0
1714C,3,"['if statement', 'misc', 'for loop']","['recursion', 'if statement', 'for loop', 'continue statement', 'set']","['for loop', 'if statement', 'matrix operation', 'while loop', 'misc', 'recursion', 'set', 'break statement', 'sorting']","import math

def recursive_unique_digits(target: int, used: set, current: int = 1):
    if current > target:
        return

    if len(current) > 1 and all(d > 0 for d in str(current)):
        if current not in used and target == sum(int(d) for d in str(current)):
            print(current)

    for digit in range(10):
        if digit in used:
            continue
        used.add(digit)
        recursive_unique_digits(target - digit, used, current * 10 + digit)
        used.remove(digit)

def solve():
    tests = int(input())
    for _ in range(tests):
        sum_digits = int(input())
        unique_digit_numbers(sum_digits)

",False,False,1,0.2
1714C,4,"['if statement', 'misc', 'for loop', 'recursion']","['for loop', 'set', 'break statement']","['for loop', 'if statement', 'matrix operation', 'while loop', 'misc', 'recursion', 'set', 'break statement', 'sorting']","import itertools

def digits():
    for digit in range(10):
        yield digit

def solve():
    test_cases = int(input().strip())
    for _ in range(test_cases):
        s = int(input().strip())
        digits = list(digits())
        digits.sort(reverse=True)
        used = set()
        for i in range(len(digits)):
            digit = digits[-i]
            total = s - sum(used)
            if total < 0 or total == 0:
                break
            if total < 9 * i:
                break
            if digit > total:
                yield from solve()
                break
            used.add(digit)
            s -= digit
            for permutation in itertools.permutations(digits[:i]):
                num = sum(permutation) + used
                if num == s:
                    yield num
                    yield from solve()

",False,False,0,0.0
1714C,5,"['if statement', 'misc', 'for loop', 'recursion', 'while loop']",['for loop'],"['for loop', 'if statement', 'matrix operation', 'while loop', 'misc', 'recursion', 'set', 'break statement', 'sorting']","from itertools import permutations

def solve():
    import itertools
    from functools import reduce

    def is_distinct(num):
        return len(set(str(num))) == len(str(num))

    # Generate all permutations up to the given sum
    max_digits = sum(range(1, 10)) + 1  # Max digits needed for the largest possible sum
    perms = [perm for perm in map(int, permutations(*(range(1, max_digits))))]

    # Find the first permutation with distinct digits for each test case
    for _ in range(int(input())):
        s = int(input())
        results = [perm for perm in perms if is_distinct(perm) and sum(perm) == s]

        if results:
            print(min(results))
        else:
            print(f'No solution for sum:{s}')

",False,False,0,0.0
1714B,0,['this is the og problem'],['for loop'],"['for loop', 'break statement', 'dictionary', 'set', 'if statement', 'while loop', 'hashmap', 'continue statement']","from collections import Counter
import sys

def solve():
    test_cases = int(input())

    for _ in range(test_cases):
        n = int(input())
        numbers = list(map(int, input().split()))
        counter = Counter(numbers)

        # Remove repetitions from the beginning of the list while they exist
        while len(counter) > n:
            number_to_remove = next((key for key, value in counter.items() if value > 1), None)
            if number_to_remove:
                numbers = [num for num in numbers if num != number_to_remove]
                counter = Counter(num for num in numbers if num <= n)

        print(len(numbers))

",False,True,0,0.0
1714B,1,['if statement'],"['if statement', 'for loop', 'dictionary', 'hashmap']","['for loop', 'break statement', 'dictionary', 'set', 'if statement', 'while loop', 'hashmap', 'continue statement']","from collections import Counter
import sys

def solve():
    cases = int(input())

    for _ in range(cases):
        n = int(input())
        numbers = list(map(int, input().split()))
        counter = Counter(numbers)

        # Initialize a list to store indices of the repeating numbers
        repeating_indices = []

        # Find repeating numbers and their indices
        for i in range(n):
            if counter[numbers[i]] > 1:
                repeating_indices.append(i+1)

        # If there are no repeating numbers, the answer is 0
        if repeating_indices:
            # Update the answer for each repeated number
            smallest_index = repeating_indices[0]
            for index in repeating_indices:
                smallest_index = min(smallest_index, index)
            answer = smallest_index
        else:
            answer = 0

        print(answer)

",False,False,0,0.0
1714B,2,"['if statement', 'hashmap']","['if statement', 'for loop', 'while loop']","['for loop', 'break statement', 'dictionary', 'set', 'if statement', 'while loop', 'hashmap', 'continue statement']","from typing import List

class MinUniquePrefix:
    def __init__(self):
        self.num_unique = 0
        self.moves = 0
        self.sequence = []

    def add(self, num: int):
        while self.num_unique < len(self.sequence) and self.sequence[-1] == num:
            if len(self.sequence) - self.moves > num:
                self.moves += 1
            self.sequence.pop()
            self.num_unique -= 1
        self.sequence.append(num)
        self.num_unique += 1

def solve():
    t = int(input())
    for _ in range(t):
        n = int(input())
        sequence = list(map(int, input().split()))
        min_prefix = MinUniquePrefix()
        to_remove = 0
        for num in sequence:
            min_prefix.add(num)
            if len(sequence) - to_remove == len(min_prefix.sequence):
                break
            if len(min_prefix.sequence) > 0 and min_prefix.sequence[-1] == num:
                to_remove += 1
        print(to_remove)

",False,False,0,0.0
1714B,3,"['if statement', 'hashmap', 'for loop']","['for loop', 'queue', 'dictionary', 'while loop', 'if statement']","['for loop', 'break statement', 'dictionary', 'set', 'if statement', 'while loop', 'hashmap', 'continue statement']","import collections

def solve():
    T = int(input())
    for _ in range(T):
        n = int(input())
        sequence = list(map(int, input().split()))
        min_queue = collections.deque([0] * (n + 1))
        bit = [0] * (n + 1)
        max_count = -1
        for i, num in enumerate(sequence):
            bit[num] += 1
            bit[num + 1] -= 1
            for j in range(1, n + 1):
                bit[j] += bit[j - 1]
            while min_queue and min_queue[-1] <= bit[num]:
                min_queue.pop()
            min_queue.append(bit[num])
            while min_queue and max_count - min_queue[0] > 1:
                min_queue.popleft()
            max_count = max(max_count, len(min_queue))
        print(n - max_count)

",False,False,1,0.2
1714B,4,"['if statement', 'hashmap', 'for loop', 'misc']","['queue', 'set', 'while loop', 'if statement']","['for loop', 'break statement', 'dictionary', 'set', 'if statement', 'while loop', 'hashmap', 'continue statement']","from left to right and remove duplicates by popping numbers from the queue that have already been seen. Here is the code:

```python
from collections import deque

def solve(a):
    q = deque(a)
    used = set()
    moves = 0

    while q and len(q) > len(used):
        num = q.popleft()
        if num in used:
            moves += 1
        else:
            used.add(num)

    return moves

",False,False,1,0.25
1714B,5,"['if statement', 'hashmap', 'for loop', 'misc', 'while loop']","['if statement', 'recursion']","['for loop', 'break statement', 'dictionary', 'set', 'if statement', 'while loop', 'hashmap', 'continue statement']","from typing import List

def solve(a: List[int]) -> int:
    if len(a) == 1:
        return 0
    removed = a.pop(0)
    if a.count(removed) > 1:
        return 1 + solve(a)
    return 1 + solve(a)

",False,False,1,0.5
1713A,0,['this is the og problem'],['for loop'],"['while loop', 'if statement', 'misc', 'hashmap', 'for loop', 'sorting', 'tuple', 'matrix operation']","from collections import defaultdict, deque

def bfs(graph, visited, start):
    queue = deque([(start, [start])])
    while queue:
        current, path = queue.popleft()
        if (current[0], current[1]) not in visited:
            visited.add((current[0], current[1]))
            for neighbor, dist in graph[current]:
                if neighbor[0] == 0 and neighbor[1] == 0:
                    return len(path) + dist
                queue.append((neighbor, path + [neighbor]))

def solve():
    t = int(input())
    for _ in range(t):
        n = int(input())
        boxes = defaultdict(list)
        for _ in range(n):
            x, y = map(int, input().split())
            boxes[(x, 0)].append((x, y))
            boxes[(0, y)].append((x, y))

        min_moves = float('inf')
        for y, coords in boxes.items():
            for point in coords:
                graph = defaultdict(lambda: [])
                visited = set()
                graph[(0, 0)].append((point[0] - 1, 0))
                graph[(point[0] + 1, 0)] = [(point[0], 1)]
                graph[(point[0], 0 + y - point[1])] = [(point[0], point[1] + y)]
                graph[(point[0], point[1] - y)] = [(point[0], point[1] - y - 1)]
                moves = bfs(graph, visited, point)
                if moves is not None:
                    min_moves = min(min_moves, moves)
        print(min_moves)

",False,True,0,0.0
1713A,1,['if statement'],['for loop'],"['while loop', 'if statement', 'misc', 'hashmap', 'for loop', 'sorting', 'tuple', 'matrix operation']","import collections
from typing import List

def solve():
    def dfs(x, y, boxes, visited):
        if x < 0 or y < 0 or x >= len(boxes) or y >= len(boxes[0]) or visited[x][y]:
            return 0
        visited[x][y] = True
        result = 1
        for dx, dy in [[-1, 0], [1, 0], [0, -1], [0, 1]]:
            result += dfs(x + dx, y + dy, boxes, visited)
        return result

    def can_reach(x, y, boxes):
        for dx, dy in [[-1, 0], [1, 0], [0, -1], [0, 1]]:
            nx, ny = x + dx, y + dy
            if nx < 0 or ny < 0 or nx >= len(boxes) or ny >= len(boxes[0]):
                continue
            if (
                ((boxes[nx][ny] == 0 or boxes[nx][ny] == boxes[x][y]) and (nx, ny) not in visited) or
                (boxes[nx][ny] and not visited[nx][ny])
            ):
                return True
        return False

    total_test_cases = int(input())
    for _ in range(total_test_cases):
        n = int(input())
        boxes = [[0] * len(input().split()) for _ in range(len(input().split()))]
        for i in range(n):
            x, y = map(int, input().split())
            boxes[x][y] = 1

        visited = [[False] * len(boxes) for _ in range(len(boxes))]
        min_moves = float('inf')
        for x in range(len(boxes)):
            for y in range(len(boxes[0])):
                if can_reach(x, y, boxes):
                    result = dfs(x, y, boxes, visited)
                    min_moves = min(min_moves, result)
            visited = [[False] * len(boxes) for _ in range(len(boxes))]  # Reset visited matrix for next box

        print(min_moves)

",False,True,0,0.0
1713A,2,"['if statement', 'for loop']",['for loop'],"['while loop', 'if statement', 'misc', 'hashmap', 'for loop', 'sorting', 'tuple', 'matrix operation']","from collections import defaultdict, deque

def neighbors(x, y):
    return [(x-1, y), (x+1, y), (x, y+1), (x, y-1)]

def dfs(x, y, visited, dist, grid):
    if (x, y) in visited or grid[(x, y)] == 0:
        return float('inf')

    visited.add((x, y))
    visited_boxes = visited.copy()
    dist[0] = 0

    queue = deque([((x, y), [])])

    while queue:
        cx, cy, _ = queue.popleft()
        for nx, ny in neighbors(cx, cy):
            if (nx, ny) not in visited:
                visited.add((nx, ny))

                if grid[(nx, ny)] == -1:
                    dist[0] += 1

                grid[(nx, ny)] = -1
                queue.append(((nx, ny), dist[:]))

    # Backtrack and update minimum distance
    while visited_boxes:
        pop_idx = visited_boxes.pop()
        x, y = pop_idx
        distance = dist[pop_idx] + dist[-1]

        if grid[pop_idx] == -1:
            distance -= 1

        if distance < dist[0]:
            dist[:] = list(reversed(dist[pop_idx : ])) + dist[:pop_idx]
            dist[0] = distance

def solve(grid):
    n = len(grid) + len([x for x in grid if x])
    dist = [float('inf')] * (n+1)
    visited = set()

    dfs(0, 0, visited, dist, grid)

    return dist[0] if dist[0] != float('inf') else -1

",False,False,0,0.0
1713A,3,"['if statement', 'for loop', 'while loop']",['for loop'],"['while loop', 'if statement', 'misc', 'hashmap', 'for loop', 'sorting', 'tuple', 'matrix operation']","from collections import deque
from typing import List

def solve(tests):
    for test in tests:
        n = test[0]
        boxes = []
        for i in range(1, n+1):
            x, y = map(int, test[i+1:i+3])
            if x == 0:
                boxes.append((0, y))
            else:
                boxes.append((x, 0))

        grid = [[0] * (2*101) for _ in range(2*101)]
        for box in boxes:
            grid[box[0]][box[1]] = 1

        visited = [[0] * 2 * 101 for _ in range(2 * 101)]
        moves = deque([(0, 0)])
        visited[0][0] = 1
        while moves:
            x, y = moves.popleft()
            for move in [(0,1), (1,0), (0,-1), (-1,0)]:
                new_x, new_y = x + move[0] * (move[1] != 0), y + move[1] * (move[0] != 0)
                if new_x < 0 or new_x >= 2 * 101 or new_y < 0 or new_y >= 2 * 101 or grid[new_x][new_y]:
                    continue
                if visited[new_x][new_y] == 0 and grid[new_x][new_y] == 0:
                    moves.append((new_x, new_y))
                    visited[new_x][new_y] = visited[x][y] + 1

        print(visited[1])

",False,False,0,0.0
1713A,4,"['if statement', 'for loop', 'while loop', 'sorting']","['if statement', 'for loop', 'tuple', 'dictionary', 'recursion']","['while loop', 'if statement', 'misc', 'hashmap', 'for loop', 'sorting', 'tuple', 'matrix operation']","from collections import defaultdict, namedtuple

def solve():
    t = int(input())

    def move(point):
        x, y = point
        return [(x - 1, y), (x + 1, y), (x, y - 1), (x, y + 1)]

    def is_valid(box):
        x, y = box
        return x == 0 or y == 0

    Box = namedtuple(""Box"", [""x"", ""y""])

    for _ in range(t):
        n = int(input())
        boxes = [Box(*input().split()) for _ in range(n)]

        grid = defaultdict(int, {(0, 0): 0})

        for box in boxes:
            grid[box] = float('inf')

        for box in boxes:
            if is_valid(box):
                grid[box] = 0
                dfs(grid, move, is_valid, box, len(boxes))

        print(min(grid.values()))

",False,False,2,0.4
1713A,5,"['if statement', 'for loop', 'while loop', 'sorting', 'recursion']","['queue', 'set', 'while loop', 'if statement']","['while loop', 'if statement', 'misc', 'hashmap', 'for loop', 'sorting', 'tuple', 'matrix operation']","import collections
import sys

def bfs():
    q = collections.deque()
    v = set()

    def move(x, y):
        return [(x - 1, y), (x + 1, y), (x, y + 1), (x, y - 1)]

    q.append((0, 0, 0))
    v.add((0, 0))
    dist = 0

    while q:
        x, y, d = q.popleft()

        for nx, ny in move(x, y):
            if nx == 0 or ny == 0:
                q.append((nx, ny, d + 1))
                v.add((nx, ny))
                if (nx, ny) in boxes:
                    boxes.remove((nx, ny))
                    if not boxes:
                        return dist + d

    assert not boxes, ""No solution found""
    return dist

def solve():
    t = int(input())
    for _ in range(t):
        n = int(input())
        boxes = set()
        for _ in range(n):
            x, y = map(int, input().split())
            if x == 0:
                boxes.add((x, y))
            else:
                boxes.add((0, y))
        print(bfs())

",False,False,2,0.5
1712B,0,['this is the og problem'],"['for loop', 'if statement', 'tuple']","['for loop', 'while loop', 'if statement', 'tuple', 'misc', 'break statement', 'matrix operation', 'sorting']","import math
from itertools import permutations

def solve():
    n = int(input())
    perms = list(permutations(range(1, n+1)))
    best_permutation = []
    best_sum = 0

    for perm in permutations:
        sum_lcm = 0
        for i in range(2, n+1):
            sum_lcm += math.lcm(i, perm[i-1])
        if sum_lcm > best_sum:
            best_permutation = list(perm)
            best_sum = sum_lcm

    print(*best_permutation)

",False,True,0,0.0
1712B,1,['for loop'],"['if statement', 'for loop', 'dynamic programming']","['for loop', 'while loop', 'if statement', 'tuple', 'misc', 'break statement', 'matrix operation', 'sorting']","import itertools
import math

def solve():
    n = int(input())
    dp = [0] * (n + 1)
    p = []
    i = n
    for j in range(1, n + 1):
        for k in range(j, 0, -1):
            lcm_val = math.lcm(k, j)
            if dp[k] + lcm_val > dp[j]:
                dp[j] = dp[k] + lcm_val
        if dp[1] - dp[i] <= dp[i] - dp[j]:
            i = j
        p.append(j)
    return p[::-1]

",False,False,1,0.3333333333333333
1712B,2,"['for loop', 'while loop']","['recursion', 'dynamic programming', 'matrix operation', 'misc']","['for loop', 'while loop', 'if statement', 'tuple', 'misc', 'break statement', 'matrix operation', 'sorting']","import itertools
from functools import lru_cache

@lru_cache(maxsize=5242880)  # Cache with 5MB for larger tests
def lcm(x, y):
    return abs((x * y).reduced())

def solve(n):
    perms = list(itertools.permutations(range(1, n+1)))  # Generates all permutations
    dp = [[0] * n for _ in range(n)]  # Dynamic programming array

    # Precompute LCM as a prefix for each position and perm
    for i, perm in enumerate(perms):
        dp[i][0] = lcm(perm[0], 1)
        for j in range(1, n):
            dp[i][j] = lcm(perm[j], dp[i][j-1])

    # Find suffix with maximum sum for each position and choose the final answer
    for i in range(1, n):
        max_sum = 0
        index = -1
        for j, perm in enumerate(perms):
            if j >= i and dp[j][i] > max_sum:
                max_sum = dp[j][i]
                index = j
        dp[-1][i] = max_sum  # Store the maximum sum for n-1 suffixes

    # Generate the final answer by choosing the prefix with maximum sum at each position
    answer = []
    for i in range(n-1, -1, -1):
        index_prefix = dp[index][i] == dp[-1][i] and index or perms[index][i]
        answer.append(index_prefix)
        index = perms.index((index_prefix,) + answer)

    return answer[::-1]  # Reverse the list to get the permutation in the correct order

# Test cases
",False,True,2,0.5
1712B,3,"['for loop', 'while loop', 'tuple']",['for loop'],"['for loop', 'while loop', 'if statement', 'tuple', 'misc', 'break statement', 'matrix operation', 'sorting']","import functools
import math

def gcd(x, y):
    while y != 0:
        x, y = y, x % y
    return x

def lcm(x, y):
    return abs(x*y) // gcd(x, y)

def solve(n):
    if n == 1:
        return [1]

    candidate = [0] * (n + 1)
    candidate[1], candidate[n] = 1, n
    result = [0] * n

    @functools.lru_cache(maxsize=None)
    def get_max_lcm(k):
        if k in candidate:
            return candidate[k]
        max_lcm = 0
        for i in range(1, k-1):
            val = get_max_lcm(i) + lcm(i, k)
            if val > max_lcm:
                max_lcm = val
                result[n-k] = k
        candidate[k] = max_lcm
        return max_lcm

    get_max_lcm(n-1)
    return result

",False,False,0,0.0
1712B,4,"['for loop', 'while loop', 'tuple', 'recursion']",['for loop'],"['for loop', 'while loop', 'if statement', 'tuple', 'misc', 'break statement', 'matrix operation', 'sorting']","from 1 to n and calculate the sum of their LCM with the primes in the heap. We will keep track of the best permutation found so far. Here is the code:

```python
import math
import heapq

def prime_generator():
    primes = [2]
    sieve = [True] * (1 + math.ceil(math.sqrt(10 ** 5)))
    for i in range(3, int(math.sqrt(10 ** 5)) + 1, 2):
        if sieve[i]:
            for multiple in range(i * i, 10 ** 5 + 1, i * 2):
                sieve[multiple] = False
    for i in range(3, 10 ** 5 + 1, 2):
        if sieve[i]:
            primes.append(i)
    return primes

def gcd(a, b):
    return a * ((-b) // gcd(a, b % b))

def lcm(a, b):
    return abs(a * b) // gcd(a, b)

def next_permutation(nums):
    n = len(nums)
    j = n - 1
    while True:
        j -= 1
        if j == 0 or nums[j - 1] < nums[j]:
            break
    if j == 0:
        nums.reverse()
        return False

    i = n - 1
    while nums[i] < nums[j - 1]:
        i -= 1
    nums[i], nums[j - 1] = nums[j - 1], nums[i]

    reverse_index = j
    end = n - 1
    start = j
    while start < end:
        nums[start], nums[end] = nums[end], nums[start]
        start += 1
        end -= 1

    return True

def solve():
    primes = prime_generator()
    heapq.heapify(primes)
    for _ in range(int(input())):
        n = int(input())
        nums = list(range(1, n + 1))
        best_sum = 0
        best_permutation = nums[:]

        while next_permutation(nums):
            sum_lcm = 0
            for i in range(n):
                while primes[0] <= nums[i]:
                    num_prime, _ = heapq.heappop(primes)
                    sum_lcm += lcm(num_prime, nums[i])
                if primes:
                    heapq.heappush(primes, nums[i])

            if sum_lcm > best_sum:
                best_sum = sum_lcm
                best_permutation = nums[:]

        print(' '.join(map(str, best_permutation)))

",False,False,0,0.0
1712A,0,['this is the og problem'],"['for loop', 'heap']","['if statement', 'for loop', 'tuple', 'matrix operation', 'while loop', 'set', 'sorting', 'misc', 'dictionary', 'dynamic programming']","import heapq

def solve():
    t = int(input())
    for _ in range(t):
        n, k = map(int, input().split())
        p = list(map(int, input().split()))
        heapq.heapify(p)
        total = sum(p[:k])
        for i in range(k-1):
            heapq.heappop(p)
            heapq.heappush(p, p.pop())
        p[:k] = [-x for x in p][:k]
        ans = total - sum(p[:k])
        print(ans)

",False,True,1,0.5
1712A,1,['sorting'],['for loop'],"['if statement', 'for loop', 'tuple', 'matrix operation', 'while loop', 'set', 'sorting', 'misc', 'dictionary', 'dynamic programming']","from collections import defaultdict, deque
import math

def solve():
    t = int(input())
    for _ in range(t):
        n, k = map(int, input().split())
        p = list(map(int, input().split()))
        # Create adjacency list
        adj = defaultdict(list)
        for i in range(n):
            adj[p[i]].append(i + 1)
        # Check if k-th element can be moved to the end
        if k in adj[k]:
            print(0)
            continue
        # Create a queue to store the nodes in the decreasing order of their degrees
        deg = {node: len(adj[node]) for node in adj}
        q = deque([node for node, d in sorted(deg.items(), key=lambda x: deg[x], reverse=True) if node != k])
        # Perform swaps to move nodes until the k-th node is at the end
        count = 0
        while k != q[0]:
            count += 1
            j = q.popleft()
            i = adj[k].pop()
            adj[j].append(k)
            adj[k].append(j)
            p[i], p[j] = p[j], p[i]
        q.append(k)
        # Check if remaining k-1 nodes can be moved to the beginning
        for _ in range(1):
            count += 1
            j = q.popleft()
            i = adj[1].pop()
            adj[j].append(1)
            adj[1].insert(0, j)
            p[i], p[j] = p[j], p[i]
        print(count)

",False,True,0,0.0
1712A,2,"['sorting', 'if statement']",['for loop'],"['if statement', 'for loop', 'tuple', 'matrix operation', 'while loop', 'set', 'sorting', 'misc', 'dictionary', 'dynamic programming']","from functools import lru_cache

def solve():
    n, k = map(int, input().split())
    a = list(map(int, input().split()))
    a2 = [0] * (n + 1)

    @lru_cache(None)
    def sum_range(i):
        s = 0
        while i:
            s += a2[i]
            i -= i & (-i)
        return s

    @lru_cache(None)
    def sum_range_update(i, delta):
        a2[i] += delta
        while i < len(a2):
            a2[i] += a2[i - (i & -i)]
            i += i & -i

    ans = float('inf')
    for l in range(k, n+1):
        sm = sum_range(a[l] - 1)
        rm = sum_range(a[n] - a[l]) - sum_range(a[n])
        ans = min(ans, (sm - rm) * (l - k) + rm + k)

    sum_range_update(0, -1)
    for i in range(k - 1, -1, -1):
        sm = sum_range(a[i] - 1)
        rm = sum_range(a[i-1] - 1) - sum_range(a[i])
        ans = min(ans, (sm - rm) * (i - k + 1) + rm)

    print(ans)

",False,True,0,0.0
1712A,3,"['sorting', 'if statement', 'recursion']",['for loop'],"['if statement', 'for loop', 'tuple', 'matrix operation', 'while loop', 'set', 'sorting', 'misc', 'dictionary', 'dynamic programming']","import heapq

def solve():
    t = int(input())

    for _ in range(t):
        n, k = map(int, input().split())
        p = list(map(int, input().split()))

        # Create a max heap with the first k numbers
        heap = p[:k]
        heapq.maxheapify(heap)
        swaps = 0

        # Keep swapping the smallest number outside of k with the largest number in the heap
        for i in range(k, n):
            if p[i] < heap[0]:
                swaps += 1
                heapq.heappop(heap)
                heapq.heappush(heap, p[i])

        print(swaps)

",False,True,0,0.0
1712A,4,"['sorting', 'if statement', 'recursion', 'dictionary']",['for loop'],"['if statement', 'for loop', 'tuple', 'matrix operation', 'while loop', 'set', 'sorting', 'misc', 'dictionary', 'dynamic programming']","import heapq

def solve():
    tests = int(input())
    for _ in range(tests):
        n, k = map(int, input().split())
        p = list(map(int, input().split()))
        assert len(set(p)) == n

        # Initialize count and idx arrays
        count = [0] * (n+1)
        idx = list(range(1, n+1))
        p_sum = sum(p[:k])
        num_ops = 0

        # Adjust the order and count array
        for i in range(k, n):
            count[p[i]] -= 1
        heapq.heapify(idx)

        # Iterate through the array
        for i in range(k, n):
            while idx and p[i] <= min(heapq.heappop(idx)):
                j = heapq.heappop(idx)
                num_ops += 1
                p[i], p[j] = p[j], p[i]
                # Update the new sum after each swap
                new_sum = sum(p[:k])
                if new_sum < p_sum:
                    p_sum = new_sum
            count[p[i]] += 1
            count[p[idx[0]]] -= 1
            heapq.heappush(idx, idx.pop(i))

        print(p_sum)

",False,True,0,0.0
1712A,5,"['sorting', 'if statement', 'recursion', 'dictionary', 'matrix operation']",['for loop'],"['if statement', 'for loop', 'tuple', 'matrix operation', 'while loop', 'set', 'sorting', 'misc', 'dictionary', 'dynamic programming']","def solve():
    import sys
    from itertools import cycle, islice

    def next_rotation(A):
        n = len(A)
        for i in range(n - 1):
            if A[i] > A[i + 1]:
                left, right = sorted(islice(cycle(A), i, n))
                A[i:i+2] = [right[0], left[0]]
                A[:i] = islice(cycle(A[i+1:]), 0, len(A) - i)
                break

    t = int(input())
    for _ in range(t):
        n, k = map(int, input().split())
        A = list(map(int, input().split()))

        # Perform cyclic sort
        for _ in range(n - 1):
            next_rotation(A)

        # Calculate the sum of the first k elements
        total, count = 0, 0
        for i in range(n):
            if i < k:
                total += A[i]
            if i >= k:
                count += 1

        # If the total is equal to the sum of the first k numbers, the result is 0
        print(min(0, total - count * (n - k + 1)))

",False,True,0,0.0
1711A,0,['this is the og problem'],"['graph', 'matrix operation', 'hashmap', 'greedy algorithm']","['for loop', 'tuple', 'while loop', 'misc', 'if statement', 'matrix operation']","from 1 to n, and the other part represents the indices from 1 to n. We will connect two nodes if the number at the index i can be divided by i. The weight of the edge will be the index i. By finding a minimum weight perfect matching in this graph, we can find a permutation with minimum weight.

Here's the Python code that uses the Hungarian algorithm from the `networkx` library:

```python
import networkx as nx
import sys
import numpy as np

def edge_weight(u, v):
    return u

def create_graph(n):
    G = nx.Graph()
    for i in range(1, n+1):
        for j in range(1, i+1):
            if i % j == 0:
                G.add_edge(i, j)
    return G

def hungarian(G):
    match = nx.minimum_weight_bipartite_matching(G)
    perm = list(match.keys()) + list(match.values())
    perm.sort()
    return perm

def solve():
    n = int(input())
    for _ in range(n):
        graph = create_graph(int(input()))
        min_weight_permutation = hungarian(graph).tolist()
        sys.stdout.write(' '.join(map(str, min_weight_permutation)) + '\n')

",False,True,3,0.75
1711A,1,['for loop'],['for loop'],"['for loop', 'tuple', 'while loop', 'misc', 'if statement', 'matrix operation']","import gmpy2
import math
from functools import reduce

mod = 10 ** 9 + 7
def moebius(n):
    if n == 1:
        return 1
    if n <= 0:
        return 0
    moebius_values = [0] * (n+1)
    moebius_values[1] = 1
    for k in range(2, 1+n):
        for i in range(k, 1+n, k):
            moebius_values[i] -= moebius_values[i//k]
        moebius_values[k] = (moebius_values[k] + mod) % mod
    return moebius_values

def moebius_inverse(n):
    mu = moebius(n)
    phi = reduce(lambda a, b: a*b, range(1, 1+n), 1) % mod
    return pow(mu, mod-2, mod) * phi % mod

def divisor_count(n):
    if n == 1:
        return 1
    phi =reduce(lambda a, b: a*b, range(1, 1+n), 1) % mod
    divisor_counts = [0] * (n+1)
    for i in range(2, 1+n):
        divisor_counts[i] = (phi//i * moebius(i) + mod) % mod
    return divisor_counts

def solve(n):
    divisor_counts = divisor_count(n)
    divisor_sum = reduce(lambda a, b: a+b, divisor_counts)
    count = [divisor_counts[i] * moebius_inverse(i) for i in range(3, 1+n) if i % 2 == 0]
    index = 1
    result = [0]*n
    for i in reversed(range(2, n)):
        target = (divisor_sum - sum(count)) * moebius_inverse(i) % mod
        rem = target
        while rem:
            j = next((j for j in range(i-1, 1, -1) if rem < divisor_counts[j]), None)
            if j is None:
                break
            rem -= divisor_counts[j]
            count[i-j-1] += moebius_inverse(j)
            result[index - 1] = j
            index += 1
        result[index-1] = i
    return result

",False,False,0,0.0
1711A,2,"['for loop', 'while loop']",['for loop'],"['for loop', 'tuple', 'while loop', 'misc', 'if statement', 'matrix operation']","from functools import reduce
from math import gcd

def mobius(n):
    mo = [0] * (n + 1)
    for i in range(1, n + 1):
        for k in range(i, n + 1, i):
            mo[k] -= mo[k] // i
    return mo

def inverse(mo):
    inv = [0] * (n + 1)
    inv[1] = 1
    for k in range(2, n + 1):
        for i in range(k, n + 1, k):
            inv[i] = (inv[i] + inv[i // k] * mo[k]) % phi
    return inv

def phi(n):
    return reduce((lambda a, x: a * (x - x // x) if x > 1 else a), range(1, n + 1))

def solve(n):
    mo = mobius(n)
    phi_n = phi(n)
    inv = inverse(mo)
    p = [0] * n
    for i in range(1, n + 1):
        p[i - 1] = (inv[i] * phi_n) % i
    return p

",False,False,0,0.0
1711A,3,"['for loop', 'while loop', 'recursion']","['for loop', 'while loop', 'tuple', 'queue', 'dictionary', 'hashmap']","['for loop', 'tuple', 'while loop', 'misc', 'if statement', 'matrix operation']","from collections import Counter, deque
import heapq

def solve():
    case_count = int(input())

    for _ in range(case_count):
        n = int(input())
        count = Counter(range(1, n+1))
        q = deque([(i, count[i]) for i in range(1, n+1)])

        while q:
            div, num = q.popleft()
            if num >= 2:
                num -= 1
                q.append((div, num))
                q.append((div * (div + 1) // 2, 1))

        print(*q)

",True,False,3,0.5
1711A,4,"['for loop', 'while loop', 'recursion', 'if statement']",['for loop'],"['for loop', 'tuple', 'while loop', 'misc', 'if statement', 'matrix operation']","import math
import itertools

def is_prime(n):
    if n <= 1:
        return False
    if n == 2 or n == 3:
        return True
    if n % 2 == 0:
        return False
    for i in range(3, int(math.sqrt(n)) + 1, 2):
        if n % i == 0:
            return False
    return True

def find_permutation(n):
    w = [[0] * n for _ in range(n)]
    primes = [i for i in range(2, n + 1) if is_prime(i)]
    for i in range(1, n + 1):
        w[i - 1][i - 1] = 1 if i == 1 else 0
        for j in range(i, n):
            w[i - 1][j] = min(w[i - 1][j - 1] + (j % i != 0), w[i][j])
    min_permutation = []
    for i in range(n - 1, -1, -1):
        idx = min([j for j in range(i + 1, n) if w[i][j] == w[i - 1][i] - 1], key=lambda j: primes[j] * (n // j) - primes[i] * (j // i))
        min_permutation.append(idx + 1)
        min_permutation.append(i + 1)
    return min_permutation[::-1]

def solve():
    t = int(input())
    for _ in range(t):
        n = int(input())
        print(*find_permutation(n))

",False,False,0,0.0
1709A,0,['this is the og problem'],"['for loop', 'set', 'if statement']","['for loop', 'if statement', 'pass statement', 'misc', 'while loop', 'tuple', 'matrix operation']","def solve():
    for _ in range(int(input().strip())):
        key = int(input().strip())
        doors = list(map(int, input().strip().split()))
        needed_keys = set([i for i in range(1, 4) if doors[i - 1] == 0])
        keys_in_hand = set([key])
        if len(keys_in_hand.intersection(needed_keys)) == 1:
            print(""YES"")
        else:
            print(""NO"")

",False,True,1,0.3333333333333333
1709A,1,['for loop'],"['for loop', 'if statement', 'dictionary', 'hashmap']","['for loop', 'if statement', 'pass statement', 'misc', 'while loop', 'tuple', 'matrix operation']","from collections import Counter

def solve():
    t = int(input())
    for _ in range(t):
        key = int(input())
        door_keys = list(map(int, input().split()))
        counter = Counter(doors for doors in door_keys if doors)

        if len(counter) == 2 and 1 - key in counter and 2 - key in counter:
            print(""YES"")
        else:
            print(""NO"")

",False,False,2,0.5
1709A,2,"['for loop', 'if statement']","['tuple', 'for loop', 'set']","['for loop', 'if statement', 'pass statement', 'misc', 'while loop', 'tuple', 'matrix operation']","import functools
from collections import namedtuple

Key = namedtuple('Key', 'door number')

def solve(cases):
    for test in cases:
        key = Key(*test[0])
        doors = [Key(i, test[1][i]) for i in range(1, 4)]
        keys_on_doors = set()
        for door in doors:
            if door.number:
                keys_on_doors.add(door)
                if key.number == door.number:
                    key = door

        # using XOR to see if all doors can be opened
        doors_opened = functools.reduce(lambda a, b: a ^ b, [door.door for door in doors], 0)

        if doors_opened == 7:
            print(""YES"")
        else:
            print(""NO"")

",False,False,1,0.3333333333333333
1709A,3,"['for loop', 'if statement', 'dictionary']",['for loop'],"['for loop', 'if statement', 'pass statement', 'misc', 'while loop', 'tuple', 'matrix operation']","import functools

def solve():
    case_count = int(input())

    @functools.lru_cache(maxsize=None)
    def opened_doors(current_key, doors):
        opened = 0
        key_flags = 1 << current_key
        for door, flag in doors:
            if (flag & key_flags) == 0:
                opened |= 1 << door
        return opened

    for _ in range(case_count):
        key = int(input())
        doors = list(map(int, input().split()))
        found_keys = set([a for a, _ in doors if a])
        if len(found_keys) != 2:
            print(""YES"")
            continue

        # Since there's a unique key left, it must be in the remaining door
        remaining_key = doors[-1][0] if doors[-1][1] == 0 else doors[-2][0] if doors[-2][1] == 0 else doors[0][0]
        if remaining_key in found_keys:
            print(""NO"")
        else:
            opened_ones = opened_doors(key, doors)
            opened_ones |= 1 << remaining_key
            if (opened_ones == (1 << 3) - 1):
                print(""YES"")
            else:
                print(""NO"")

",False,False,0,0.0
1709A,4,"['for loop', 'if statement', 'dictionary', 'hashmap']","['if statement', 'for loop', 'tuple', 'misc']","['for loop', 'if statement', 'pass statement', 'misc', 'while loop', 'tuple', 'matrix operation']","import itertools

def solve():
    combns = list(itertools.permutations([1, 2, 3]))

    for _ in range(int(input())):
        key = int(input())
        doors = list(map(int, input().split()))
        if (key - doors[0] + 3) % 3 != doors[1] and (key - doors[1] + 3) % 3 != doors[2] and (key - doors[2] + 3) % 3 != doors[0]:
            print(""YES"")
        else:
            print(""NO"")
",False,False,0,0.0
1709A,5,"['for loop', 'if statement', 'dictionary', 'hashmap', 'matrix operation']","['tuple', 'for loop', 'if statement']","['for loop', 'if statement', 'pass statement', 'misc', 'while loop', 'tuple', 'matrix operation']","import math
import itertools

def solve(x, a, b, c):
    possibilities = list(itertools.permutations((x, a, b, c), 3))

    for p in possibilities:
        k1, k2, k3 = p
        if k1 * k2 * k3 == 0:
            return ""YES""

    return ""NO""

",False,False,0,0.0
1708A,0,['this is the og problem'],"['for loop', 'if statement', 'break statement']","['if statement', 'for loop', 'break statement', 'misc', 'continue statement', 'while loop', 'set']","import sys
import math

def solve():
    t = int(input())
    for _ in range(t):
        n = int(input())
        a = list(map(int, input().split()))

        # Calculate the sum of the array
        total = sum(a)

        # If the sum is odd, it is not possible to make all differences equal to zero as the sum of the differences will also be odd
        if total % 2 != 0:
            print(""NO"")
        else:
            # Calculate the target sum for each element
            target_sum = total - a[0]

            # Iterate through the array from the second element
            for i in range(1, n):
                # If the target sum for the current element is not equal to the current element, it is not possible to make all differences equal to zero
                if target_sum != a[i]:
                    print(""NO"")
                    break
                target_sum -= a[i]
            else:
                print(""YES"")

",False,True,0,0.0
1708A,1,['break statement'],['for loop'],"['if statement', 'for loop', 'break statement', 'misc', 'continue statement', 'while loop', 'set']","from 2 to n and edges from i to i-1 with weights as given in the array. The goal is to find if there is a negative cycle that goes through all vertices starting from vertex 2. If there is, then we can perform the operations to make all values equal to 0, otherwise, it is not possible.

```python
import sys
import heapq

def dijsktra(arr, src):
    inf = float('inf')
    dist = [inf] * len(arr)
    dist[src] = 0
    q = [(0, src)]

    while q:
        d, u = heapq.heappop(q)

        if dist[u] < d:
            continue

        for v, w in enumerate(arr[u:]):
            if v + 1 > u:
                heapq.heappush(q, (d + w, v + 1))
                dist[v + 1] = min(dist[v + 1], d + w)

    return dist[len(arr) - 1] != inf

def solve():
    t = int(input())
    for _ in range(t):
        n = int(input())
        arr = list(map(int, input().split()))

        if dijsktra(arr, 2) == False:
            print(""NO"")
        else:
            print(""YES"")

",False,True,0,0.0
1708A,2,"['break statement', 'for loop']","['if statement', 'for loop', 'continue statement', 'recursion']","['if statement', 'for loop', 'break statement', 'misc', 'continue statement', 'while loop', 'set']","import sys
from functools import lru_cache

def solve():
    n = int(input())
    a = list(map(int, input().split()))

    @lru_cache(None)
    def dfs(i):
        if i == n:
            return True
        if mem[i] != -1:
            return mem[i]

        for j in range(i+1, n):
            if a[j] <= a[i-1]:
                continue
            a[j] -= a[i-1]
            if dfs(j+1):
                mem[i] = True
                return True
            a[j] += a[i-1]
        mem[i] = False
        return False

    mem = [-1]*n
    result = ""YES\n"" if dfs(1) else ""NO\n""
    print(''.join(result), flush=True)

",False,False,1,0.25
1708A,3,"['break statement', 'for loop', 'while loop']","['recursion', 'set', 'depth first search']","['if statement', 'for loop', 'break statement', 'misc', 'continue statement', 'while loop', 'set']","import sys

def dfs(i, cumulative_diff, current_diff, arr):
    if i > len(arr):
        return True

    if current_diff in cumulative_diff:
        return False

    cumulative_diff.add(0 - current_diff)
    for j in range(i, len(arr)+1):
        if j > i and arr[j] != 0:
            if not dfs(j, cumulative_diff, current_diff + arr[j-1], arr):
                return False
        if dfs(j+1, cumulative_diff, 0, arr):
            return True

    cumulative_diff.remove(current_diff)
    return False

def solve():
    t = int(input())

    for _ in range(t):
        n = int(input())
        arr = list(map(int, input().split()))
        if dfs(2, set(), arr[1] - arr[0], arr):
            print(""YES"")
        else:
            print(""NO"")

",False,True,2,0.6666666666666666
1708A,4,"['break statement', 'for loop', 'while loop', 'if statement']","['recursion', 'dictionary', 'depth first search', 'back tracking', 'if statement', 'for loop']","['if statement', 'for loop', 'break statement', 'misc', 'continue statement', 'while loop', 'set']","from 2 to n equal to 0, and ""NO"" otherwise.

```python
from collections import defaultdict
import sys

def dfs(idx, current_sum, diff_dict, array):
    if idx > len(array):
        return True

    needed = array[idx] - current_sum

    if needed not in diff_dict:
        return False

    diff_count = diff_dict[needed]
    if diff_count == 0:
        return False

    diff_dict[needed] -= 1
    result = dfs(idx + 1, current_sum, diff_dict, array)
    diff_dict[needed] += 1

    if result:
        return True

    for i in range(1, needed):
        if diff_dict.get(i, 0) > 0:
            diff_dict[i] -= 1
            result = dfs(idx + 1, current_sum + i, diff_dict, array)
            diff_dict[i] += 1

    return result

def solve():
    t = int(input())

    for _ in range(t):
        n = int(input())
        array = list(map(int, input().split()))

        diff_dict = defaultdict(int)
        diff_dict[array[0]] += 1
        for i in range(1, n):
            diff_dict[array[i] - array[i - 1]] += 1

        if dfs(1, 0, diff_dict, array):
            print(""YES"")
        else:
            print(""NO"")

",False,False,4,0.6666666666666666
1706A,0,['this is the og problem'],"['for loop', 'if statement', 'dynamic programming', 'matrix operation']","['while loop', 'for loop', 'if statement', 'matrix operation', 'tuple', 'continue statement', 'misc', 'sorting', 'greedy algorithm', 'hashmap']","import string

def solve():
    tests = int(input())
    for _ in range(tests):
        n, m = map(int, input().split())
        a = list(map(int, input().split()))
        dp = [[0] * (m + 1) for _ in range(n + 1)]
        # base case
        for j in range(m + 1):
            dp[0][j] = 'B' * m if j == m else 'B' * j + 'A' * (m - j)
        for i in range(1, n + 1):
            for j in range(1, m + 1):
                dp[i][j] = min(dp[i - 1][j], dp[i - 1][j - a[i - 1]], dp[i - 1][m + 1 - a[i - 1]])
                if j >= a[i - 1]:
                    dp[i][j] = min(dp[i][j], dp[i][j][:a[i - 1]] + 'A' + dp[i][j][a[i - 1]:])
                if j >= m + 1 - a[i - 1]:
                    dp[i][j] = min(dp[i][j], dp[i][j][::-1][m - a[i - 1]:] + 'A' + dp[i][j][:m - a[i - 1]][::-1])
        print(' '.join(dp[n][:m]))

",False,True,1,0.25
1706A,1,['for loop'],['for loop'],"['while loop', 'for loop', 'if statement', 'matrix operation', 'tuple', 'continue statement', 'misc', 'sorting', 'greedy algorithm', 'hashmap']","import heapq
import string

def solve():
    n, m = map(int, input().split())
    a = list(map(int, input().split()))
    alph = string.ascii_uppercase
    s = list(alph[i] for i in range(1, m+1))

    # Memoization
    memo = {(t, ''.join(s)): [] for t in range(1, n+1)}
    op = lambda x: [(t, i if x[t] == alph[i] else m + 1 - x[t]) for t, i in enumerate(a)]

    def dfs(i, t):
        if i == n:
            memo[t][''.join(s)] = True
            return

        for pos, val in op(s):
            s[pos] = alph[min(len(alph) - 1, val - 1)]
            dfs(i + 1, t)
            s[pos] = alph[val - 1]

    # Sort by operation count
    for t in range(1, n + 1):
        dfs(1, t)
    sorted_strings = sorted(memo[n].keys())
    print(*sorted_strings[0], sep='')

# Read the number of test cases
",False,False,0,0.0
1706A,2,"['for loop', 'while loop']","['recursion', 'dictionary', 'recursion', 'dynamic programming', 'dictionary', 'misc']","['while loop', 'for loop', 'if statement', 'matrix operation', 'tuple', 'continue statement', 'misc', 'sorting', 'greedy algorithm', 'hashmap']","import collections

def solve(n, m, a):
    # Memoization table to store the lexicographically smallest string for each subproblem
    dp = collections.defaultdict(str)

    def dfs(i):
        # Base case: if i > n, we have reached the end of the sequence and return the current string
        if i > n:
            return dp[i - 1]

        # Check if the subproblem has been solved before
        if i in dp:
            return dp[i]

        # If a[i] is out of bounds, flip the (m+1 - a[i])-th character (if it exists)
        if a[i] > m:
            dp[i] = dfs(i + 1)
            dp[i][m + 1 - a[i]] = 'A'
        # Otherwise, flip the a[i]-th character
        else:
            dp[i] = dfs(i + 1)
            dp[i][a[i] - 1] = 'A'

        # Recursively solve the remaining subproblems
        for j in range(i + 1, n + 1):
            dp[j] = dfs(j)

        # Return the lexicographically smallest string obtained after solving all subproblems
        return min(dp[i:])

    # Solve the main problem
    ans = dfs(0)
    # Since the original string's first character is a B, prepend it to the solution
    return 'B' + ans

",False,True,3,0.5
1706A,3,"['for loop', 'while loop', 'if statement']",['for loop'],"['while loop', 'for loop', 'if statement', 'matrix operation', 'tuple', 'continue statement', 'misc', 'sorting', 'greedy algorithm', 'hashmap']","import string
import operator

def solve():
    def count_a(s):
        return sum(map(s.count, string.ascii_uppercase[:m]))

    def is_smaller(x, y):
        i = 0
        while i < len(x) and i < len(y):
            if x[i] != y[i]:
                return x[i] < y[i]
            i += 1
        return len(x) < len(y)

    def dfs(node, depth, pos, s):
        if depth == n:
            count = count_a(s)
            if count > max_count or (count == max_count and is_smaller(s, res)):
                max_count = count
                res = s
            return

        a = array[node] - 1
        s_a = s[:a] + 'A' + s[a:]
        s_m1 = s[:m1] + 'A' + s[m1:]
        dfs(node + 1, depth + 1, pos, s_a)
        if pos != a and pos != m1:
            dfs(node + 1, depth + 1, pos + 1, s_m1)

    t = int(input())
    for _ in range(t):
        n, m = map(int, input().split())
        array = list(map(int, input().split()))
        m1 = m + 1
        array.extend(m1 - i for i in array)
        res = 'A' * m
        max_count = float('-inf')
        array.sort()
        array = array[::2]
        pos = 0
        for node in array:
            dfs(node, 1, pos, res)
            pos = (pos + node) % len(res)
        print(res)

",False,False,0,0.0
1706A,4,"['for loop', 'while loop', 'if statement', 'matrix operation']","['recursion', 'dictionary', 'queue', 'if statement', 'for loop', 'graph']","['while loop', 'for loop', 'if statement', 'matrix operation', 'tuple', 'continue statement', 'misc', 'sorting', 'greedy algorithm', 'hashmap']","from the original string by applying the operations. Since we can't use loops and if statements, we can use recursion in Python to mimic the loop structure.

Here's the Python code for the given problem (test cases are included):

```python
import string
from collections import defaultdict, deque

def solve():
    t = int(input())
    for _ in range(t):
        n, m = map(int, input().split())
        a = list(map(int, input().split()))
        s = string.ascii_uppercase * m
        graph = defaultdict(list)
        for i, a_i in enumerate(a):
            graph[s[a_i - 1]].append(s[m + 1 - a_i])
            graph[s[m + 1 - a_i]].append(s[a_i - 1])

        def dfs(i, str_so_far, visited):
            if i >= n:
                if not any(visited[x] for x in visited):
                    print(str_so_far)
                return

            for c in graph[str_so_far[i - 1]]:
                if c not in visited:
                    visited[c] = str_so_far[i - 1]
                    dfs(i + 1, str_so_far[:i] + c + str_so_far[i:], visited.copy())
                    visited[c] = None

        q = deque([('A', {}, [])] + [('B', visited, [x for x in s if x != visited[x]]) for x in s if x != visited[x]])
        while q:
            char, visited, nodes_to_visit = q.popleft()
            dfs(1, char * nodes_to_visit, visited)
            for c in graph[char]:
                if c not in visited:
                    ntv = list(nodes_to_visit) + [x for x in nodes_to_visit if x == c]
                    q.append((c, visited | {c: char}, ntv))

",False,False,4,0.6666666666666666
1705A,0,['this is the og problem'],"['for loop', 'sorting']","['for loop', 'if statement', 'break statement', 'sorting', 'tuple', 'while loop', 'continue statement']","def solve():
    for _ in range(int(input())):
        n, x = map(int, input().split())
        heights = list(map(int, input().split()))
        heights = sorted(heights)

        # Check if the condition is satisfied
        for i in range(1, n + 1):
            if heights[i] - heights[i - n] < x:
                print(""NO"")
                break

        else:
            print(""YES"")
",False,True,0,0.0
1705A,1,['if statement'],"['for loop', 'if statement', 'break statement', 'sorting']","['for loop', 'if statement', 'break statement', 'sorting', 'tuple', 'while loop', 'continue statement']","import sys
import math

def solve():
    lines = input()
    test_cases = int(lines[0])
    for _ in range(test_cases):
        n, x = map(int, lines[1].split())
        heights = list(map(int, lines[2].split()))

        # Sort the heights and check the condition
        heights.sort()
        back_row = heights[-n:]
        front_row = heights[:n]
        for i in range(n):
            if back_row[i] - front_row[i] < x:
                print(""NO"")
                break
        else:
            print(""YES"")

",False,False,0,0.0
1705A,2,"['if statement', 'for loop']","['for loop', 'if statement']","['for loop', 'if statement', 'break statement', 'sorting', 'tuple', 'while loop', 'continue statement']","def solve():
    import sys
    import math
    input = sys.stdin.readline

    t = int(input().strip())
    for _ in range(t):
        n, x = map(int, input().strip().split())
        heights = list(map(int, input().strip().split()))
        if all(heights[i] - heights[i + n] >= x for i in range(n)):
            print(""YES"")
        else:
            print(""NO"")

",False,False,0,0.0
1705A,3,"['if statement', 'for loop', 'tuple']","['if statement', 'for loop', 'recursion', 'stack', 'depth first search', 'misc']","['for loop', 'if statement', 'break statement', 'sorting', 'tuple', 'while loop', 'continue statement']","import itertools

def can_arrange(heights, n, x):
    def dfs(front_stack, back_stack, front_i, back_i):
        if front_i == n:
            # If we have successfully filled the first row, check if the heights meet the requirements
            if back_stack and all(back_[i] >= front_[i] + x for i, back_ in enumerate(back_stack) for _ in range(n) if back_[i]):
                return True
            return False

        for candidate in range(front_i, 2 * n):
            if not front_stack or front_stack[-1] < heights[candidate]:
                front_stack.append(heights[candidate])
                dfs(front_stack, back_stack, front_i + 1, back_stack + [front_stack[:]] if back_i == n else back_stack)
                front_stack.pop()

    # Iterate through all possible arrangements of the first row
    return any(dfs([], [], 0, n) for _ in itertools.permutations(heights[::2], n))

def solve():
    t = int(input().strip())
    for _ in range(t):
        n, x = map(int, input().strip().split())
        heights = list(map(int, input().strip().split()))
        print(""YES"" if can_arrange(heights, n, x) else ""NO"")

",False,False,4,0.6666666666666666
1705A,4,"['if statement', 'for loop', 'tuple', 'sorting']",['for loop'],"['for loop', 'if statement', 'break statement', 'sorting', 'tuple', 'while loop', 'continue statement']","import itertools

def solve():
    for _ in range(int(input())):
        n, x = map(int, input().split())
        heights = list(map(int, input().split()))
        heights = sorted(heights, reverse=True)

        for permutation in itertools.permutations(heights, 2 * n):
            front, back = zip(*[(heights[i * n + j], heights[(i + 1) * n + j]) for i, j in enumerate(permutation)])

            if all(diff >= x for diff in [b - f for f, b in zip(front, back)]):
                print('YES')
                break
        else:
            print('NO')

",False,False,0,0.0
1705A,5,"['if statement', 'for loop', 'tuple', 'sorting', 'matrix operation']",['for loop'],"['for loop', 'if statement', 'break statement', 'sorting', 'tuple', 'while loop', 'continue statement']","from math import inf

def solve(n, x, heights):
    # Initialize difference array with infinity values and first element with 0
    differences = [0] + [inf] * (2 * n - 1)

    # Process the heights and update the differences array
    for i in range(1, 2 * n + 1):
        differences[i] = min(differences[i], heights[i] - heights[i - n])

    # Check if all differences are greater than or equal to x
    for i in range(1, n + 1):
        if differences[i] < x:
            return ""NO""

    return ""YES""

",False,False,0,0.0
1704A,0,['this is the og problem'],"['for loop', 'if statement', 'matrix operation', 'dynamic programming']","['for loop', 'if statement', 'while loop', 'tuple', 'continue statement', 'break statement', 'hashmap', 'pass statement']","import itertools

def solve():
    t = int(input())
    for _ in range(t):
        n, m = map(int, input().split())
        if n > m:
            n, m = m, n
        a, b = input().rstrip(), input().rstrip()
        if n == m and a == b:
            print(""YES"")
        elif n == 0:
            print(""NO"")
        else:
            dp = [[False]*(m+1) for _ in range(n+1)]
            dp[0][0] = True
            for i in range(1, n+1):
                dp[i][0] = dp[i-1][0] and a[i-1] == '0'
            for j in range(1, m+1):
                dp[0][j] = dp[0][j-1] and b[j-1] == '0'

            for i in range(1, n+1):
                for j in range(1, m+1):
                    dp[i][j] = dp[i-1][j] and a[i-1] == '0' or dp[i][j-1] and b[j-1] == '1' or dp[i-1][j-1] and (a[i-1] == b[j-1])

            print(""YES"" if dp[-1][-1] else ""NO"")

",False,True,2,0.5
1704A,1,['break statement'],"['if statement', 'for loop', 'while loop']","['for loop', 'if statement', 'while loop', 'tuple', 'continue statement', 'break statement', 'hashmap', 'pass statement']","import sys
import itertools
from collections import deque

def compare(a, b):
    if len(a) != len(b):
        return False
    return all(x == y for x, y in zip(a, b))

def solve():
    T = int(input())
    for _ in range(T):
        n, m = map(int, input().split())
        a = list(input().rstrip())
        b = list(input().rstrip())
        q = deque(a)
        operations = 0
        while q and compare(q, b) is False:
            while len(q) > 1:
                x = q.popleft()
                if min(x, q[0]) != q[0]:
                    q[0] = min(x, q[0])
                    operations += 1
                else:
                    q.popleft()
            if not q:
                break
            if len(q) > 1 and max(q[0], q[1]) != q[0]:
                q[0] = max(q[0], q[1])
                operations += 1
                q.popleft()
        print(""YES"" if compare(q, b) else ""NO"")

",False,True,0,0.0
1704A,2,"['break statement', 'for loop']","['recursion', 'stack']","['for loop', 'if statement', 'while loop', 'tuple', 'continue statement', 'break statement', 'hashmap', 'pass statement']","from typing import List

def min_element(a: List[int]) -> int:
    return min(a)

def max_element(a: List[int]) -> int:
    return max(a)

def pop(stack: List[int]) -> List[int]:
    return stack[1:]

def solve(a: List[int], b: List[int]) -> bool:
    stack_a = list(range(len(a)))
    return can_transform(stack_a, a, b)

",False,True,2,1.0
1704A,3,"['break statement', 'for loop', 'while loop']","['queue', 'break statement', 'if statement', 'for loop']","['for loop', 'if statement', 'while loop', 'tuple', 'continue statement', 'break statement', 'hashmap', 'pass statement']","from sympy import *
import sys

def solve():
    t = int(input().strip())
    for _ in range(t):
        n, m = map(int, input().split())
        a = list(input().strip())
        b = list(input().strip())

        # Create two empty queues for min and max values in both sequences
        q_min_a = deque()
        q_max_a = deque()
        q_min_b = deque()
        q_max_b = deque()

        # Initialize head of queues
        q_min_a.append((0, a[0]))
        q_max_a.append((0, a[0]))
        q_min_b.append((0, b[0]))
        q_max_b.append((0, b[0]))

        # Perform BFS to find minimum and maximum runs in both sequences
        while q_min_a and q_max_a and q_min_b and q_max_b:
            _, a_min = q_min_a.popleft()
            _, a_max = q_max_a.popleft()
            _, b_min = q_min_b.popleft()
            _, b_max = q_max_b.popleft()

            if len(a) - a_min > len(b) - b_min:
                if a[a_min + 1] != b[b_min]:
                    print(""NO"")
                    break
                q_min_a.append((a_min + 1, a[a_min + 1]))
                q_min_b.append((b_min, b[b_min]))

            if len(a) - a_max > len(b) - b_max:
                if a[a_max + 1] != b[b_max]:
                    print(""NO"")
                    break
                q_max_a.append((a_max + 1, a[a_max + 1]))
                q_max_b.append((b_max, b[b_max]))

            if len(a) - a_min < len(b) - b_min:
                if a[a_min + 1] != b[b_min]:
                    print(""NO"")
                    break
                q_min_b.append((b_min + 1, b[b_min + 1]))
                q_min_a.append((a_min + 1, a[a_min + 1]))

            if len(a) - a_max < len(b) - b_max:
                if a[a_max + 1] != b[b_max]:
                    print(""NO"")
                    break
                q_max_b.append((b_max + 1, b[b_max + 1]))
                q_max_a.append((a_max + 1, a[a_max + 1]))

        else:
            print(""YES"")

",False,False,1,0.25
1704A,4,"['break statement', 'for loop', 'while loop', 'recursion']",['for loop'],"['for loop', 'if statement', 'while loop', 'tuple', 'continue statement', 'break statement', 'hashmap', 'pass statement']","from collections import deque

def solve():
    for _ in range(int(input())):
        n, m = map(int, input().split())
        a, b = input(), input()
        stack, pa, pb = deque(), 0, 0
        while pa < n and pb < m:
            if pa + 1 < n and a[pa + 1] <= a[pa]:
                stack.append(a[pa])
                pa += 1
            else:
                if not stack or stack[-1] > b[pb]:
                    break
                stack.pop()
                pb += 1
        if pb == m:
            print(""YES"")
        else:
            print(""NO"")

",False,False,0,0.0
1704A,5,"['break statement', 'for loop', 'while loop', 'recursion', 'queue']","['for loop', 'if statement', 'continue statement', 'dictionary', 'while loop', 'hashmap']","['for loop', 'if statement', 'while loop', 'tuple', 'continue statement', 'break statement', 'hashmap', 'pass statement']","import collections
import sys

def solve():
    cases = int(input())

    for _ in range(cases):
        n, m = map(int, input().split())
        a, b = input().rstrip(), input().rstrip()

        if n != m:
            print(""NO"")
            continue

        counterA = collections.Counter(a)
        counterB = collections.Counter(b)

        same_ones = counterA[str(1)] & counterB[str(1)]
        same_zeros = counterA[str(0)] & counterB[str(0)]

        if same_ones + same_zeros < 2:
            print(""NO"")
        else:
            # Check if we can transform a to b using the operations
            min_a = min(a)
            max_a = max(a)
            a_dict = {k: v for k, v in zip(a[::-1], repeated_max_min(min_a, max_a, a))}
            a = ''.join(a_dict.values())

            while a != b:
                min_a, max_a = min(a), max(a)
                a_dict = {k: v for k, v in zip(a[::-1], repeated_max_min(min_a, max_a, a))}
                a = ''.join(a_dict.values())

            print(""YES"")

",False,False,1,0.16666666666666666
1703C,0,['this is the og problem'],['for loop'],"['for loop', 'if statement', 'tuple', 'matrix operation', 'misc', 'hashmap']","from itertools import cycle, accumulate

def apply_move(wheel, move, move_type):
    if move_type == 'U':
        wheel = (wheel + 1) % 10
    elif move_type == 'D':
        wheel = (wheel - 1) % 10
    return wheel

def back_propagate(initial_sequence, final_sequence, moves_list, move_type_list):
    result = []
    for moves, move_type in zip(moves_list, move_type_list):
        initial = initial_sequence[moves - 1]
        final = final_sequence[moves - 1]
        for _ in range(moves):
            initial = apply_move(initial, 1, move_type[_) % 2])
        result.append(initial)
    result.reverse()
    return result

def solve(n, final_sequence, moves_list, move_type_list):
    initial_sequence = back_propagate(list(accumulate(cycle(range(10)), max)), final_sequence, moves_list, move_type_list)
    return ' '.join(map(str, initial_sequence))

",False,True,0,0.0
1703C,1,['for loop'],['for loop'],"['for loop', 'if statement', 'tuple', 'matrix operation', 'misc', 'hashmap']","from collections import defaultdict

def solve(move_sequences):
    n = len(move_sequences)
    final_sequence = move_sequences[:]
    initial_sequence = [0] * n
    moves = defaultdict(int)

    def dfs(index, value):
        if index == n:
            if str(value) == ''.join(map(str, final_sequence)):
                for i, c in enumerate(move_sequences[index - 1]):
                    if c == 'U':
                        moves[i] += 1
                        initial_sequence[i] = (value + 1) % 10
                    else:
                        moves[i] -= 1
                        initial_sequence[i] = (value - 1) % 10
                return True
            return False

        for i in range(value, -1, -1 if moves[index] > 0 else 1 if moves[index] < 0 else 1):
            if dfs(index + 1, i):
                return True
        moves[index] = 0
        return False

    dfs(0, 0)
    return initial_sequence

",False,False,0,0.0
1703C,2,"['for loop', 'recursion']",['for loop'],"['for loop', 'if statement', 'tuple', 'matrix operation', 'misc', 'hashmap']","from collections import deque

def solve():
    tests = int(input())
    for _ in range(tests):
        n = int(input())
        sequence = list(map(int, input().split()))
        moves = [(input(), int(input())) for _ in range(n)]

        # Initialize previous sequence with all zeros
        prev = [0] * n
        q = deque(prev)

        for move, num_moves in moves:
            for _ in range(num_moves):
                cur = q.popleft()
                if move == 'U':
                    next = (cur + 1) % 10
                else:
                    next = (cur - 1) % 10
                q.append(next)

        # Check if the resulting sequence matches the input final sequence
        for i in range(n):
            if q[i] != sequence[i]:
                print(""Impossible"")
                break
        else:
            # If all values match, print the initial sequence
            print(' '.join(map(str, list(q))) if q[-1] != 0 else ' '.join(map(str, list(q[:-1]))))

",False,False,0,0.0
1703C,3,"['for loop', 'recursion', 'while loop']","['for loop', 'queue']","['for loop', 'if statement', 'tuple', 'matrix operation', 'misc', 'hashmap']","from the `collections` library to simulate the movement of the wheels. Here is the Python code:

```python
from collections import deque

def solve(t):
    for _ in range(t):
        n = int(input())
        current = [int(digit) for digit in input().split()]
        moves = []
        for _ in range(n):
            line = input()
            move_type, count, *dirs = line.split()
            moves.append((move_type, int(count), dirs))

        queue = deque(current)

        for move, count, directions in moves:
            for _ in range(count):
                if move == ""U"":
                    queue.rotate(1)
                    queue[0] = (queue[0] + 1) % 10
                else:
                    queue.rotate(-1)
                    queue[0] = (queue[0] - 1) % 10

        print("" "".join(map(str, queue)))

",False,False,1,0.5
1703C,4,"['for loop', 'recursion', 'while loop', 'if statement']",['for loop'],"['for loop', 'if statement', 'tuple', 'matrix operation', 'misc', 'hashmap']","define the XOR operation for digits:

```
digit1 ^ digit2
```

To get the result, we can perform the following steps:

1. Read the initial sequence, the final sequence, and the number of wheels.
2. Initialize a zeroed bitmask of the given number of wheels.
3. XOR the initial sequence and the final sequence with the bitmask.
4. Loop through each move. For each up move, increment the corresponding bit in the bitmask; for each down move, decrement the corresponding bit.
5. XOR the modified bitmask with the initial sequence to get the original sequence.

Here's the code to achieve that:

```python
import re

def solve(initial, final, moves):
    # Initialize the empty bitmask
    bit_mask = 0
    for _ in range(len(initial)):
        bit_mask |= (1 << _)

    # XOR the initial and final sequences with the bitmask
    initial = list(map(int, initial))
    final = list(map(int, final))
    initial = [x ^ y ^ bit_mask for x, y in zip(initial, final)]

    # Loop through all moves
    for move in moves:
        dir_, count = move
        if dir_ == 'U':
            bit_mask = (bit_mask - 1) | bit_mask >> 1  # Move the rightmost set bit to the left
        else:
            bit_mask = bit_mask << 1 | 1  # Shift the bitmask left and set the right-most bit (LSB)
            bit_mask = bit_mask & ((1 << len(initial)) - 1)  # Make sure the LSB doesn't exceed the number of wheels

    # XOR the final bitmask with the initial sequence to get the original sequence
    original = [initial[i] ^ (bit_mask >> i) for i in range(len(initial))]

    print(' '.join(map(str, original)))

# Main function
",False,False,0,0.0
1703B,0,['this is the og problem'],"['if statement', 'for loop', 'matrix operation', 'if statement', 'for loop', 'matrix operation']","['for loop', 'set', 'while loop', 'misc', 'tuple', 'matrix operation', 'hashmap']","import string

def solve():
    cases = int(input())
    for _ in range(cases):
        n = int(input())
        solved_string = input().upper()
        balloons = 0
        last_solved = ''
        for c in solved_string:
            if c != last_solved:
                balloons += 1
                if last_solved != '':
                    balloons += (string.ascii_uppercase.index(last_solved) + 1)
                last_solved = c
        if last_solved != '':
            balloons += string.ascii_uppercase.index(last_solved) + 1
        print(balloons)

",False,True,1,0.16666666666666666
1703B,1,['if statement'],"['if statement', 'for loop', 'dictionary', 'hashmap']","['for loop', 'set', 'while loop', 'misc', 'tuple', 'matrix operation', 'hashmap']","from collections import Counter

def solve(input_str):
    # Initialize counters for the number of problems and the number of times each problem was solved
    problem_count = 26
    solves_count = Counter('Z' * problem_count)
    balloons = 0

    for char in input_str:
        if char == 'A':
            # If 'A' is encountered, increment the count of the first problem to indicate it has been solved, and add the balloon for the first solve
            solves_count['A'] += 1
            if solves_count['A'] == 1:
                balloons += 2

        else:
            # Increment the counter for the encountered problem
            solves_count[char] += 1

            # If the counter for the current problem reaches 1, add the balloon for the first solve of that problem
            if solves_count[char] == 1:
                balloons += 1

    # The total number of balloons is the sum of the counters
    return sum(solves_count.values())
",False,False,2,0.5
1703B,2,"['if statement', 'for loop']",['for loop'],"['for loop', 'set', 'while loop', 'misc', 'tuple', 'matrix operation', 'hashmap']","def solve():
    def dfs(index, bitmask):
        if index >= n:
            return 1
        original_bitmask = bitmask
        for i in range(index, n):
            if s[i] > s[index] and ((bitmask >> (ord(s[i]) - ord('A'))) & 1) == 0:
                bitmask |= (1 << (ord(s[i]) - ord('A')))
                dfs(i + 1, bitmask)
                bitmask = original_bitmask
        return dfs(index + 1, bitmask) + 1

    n = int(input())
    s = input()
    total_balloons = 0
    for i in range(n):
        total_balloons += dfs(i, 1 << (ord(s[i]) - ord('A')))
    print(total_balloons)

",False,False,0,0.0
1703B,3,"['if statement', 'for loop', 'set']",['for loop'],"['for loop', 'set', 'while loop', 'misc', 'tuple', 'matrix operation', 'hashmap']","from collections import Counter, deque

def solve(s):
    first = Counter()
    solvers = deque()
    balloons = 0
    for char in s:
        if char not in solvers:
            solvers.append(char)
            balloons += 1 if not solvers else 0
            first[char] = len(solvers)
        else:
            pos = solvers.index(char)
            balloons += first[char] - pos
            solvers.append(char)
            first[char] = len(solvers)
    return balloons + sum(first.values())

",False,False,0,0.0
1703B,4,"['if statement', 'for loop', 'set', 'while loop']","['if statement', 'recursion', 'hashmap', 'dynamic programming', 'for loop', 'if statement', 'for loop', 'recursion', 'hashmap', 'dynamic programming']","['for loop', 'set', 'while loop', 'misc', 'tuple', 'matrix operation', 'hashmap']","from collections import defaultdict

def solve(n, s, memo={}):
    if n in memo:
        return memo[n]
    if n == 0:
        return 0
    if len(s) == 1:
        return 1 if s[0] not in memo else memo[s[0]]

    result = s[0] not in memo and 1 + solve(n - 1, s[1:], memo) or solve(n - 1, s[1:], memo)
    for i in range(1, n):
        if s[i] > s[i - 1] and s[i] not in memo:
            result = max(result, 1 + solve(n - i, s[i:], memo))
    memo[n] = result
    return result

",False,False,3,0.3
1703A,0,['this is the og problem'],"['for loop', 'if statement', 'misc']","['for loop', 'if statement']","import string

def solve():
    test_cases = int(input())
    for _ in range(test_cases):
        s = input().upper()
        if s == ""YES"":
            print(""YES"")
        elif s[0:3] in string.ascii_uppercase + string.ascii_lowercase + string.ascii_uppercase[1:] + string.ascii_lowercase[1:]:
            print(""YES"")
        else:
            print(""NO"")

",True,True,1,0.3333333333333333
1703A,1,['for loop'],['if statement'],"['for loop', 'if statement']","import re

def solve(s):
    if re.match(r'[Yy]E[Ss]$', s):
        return 'YES'
    return 'NO'

",False,True,0,0.0
1703A,2,"['for loop', 'if statement']","['if statement', 'for loop']","['for loop', 'if statement']","import re

def solve():
    pattern = r'^(Y(?:[Ee]S)|[Yy][Ee][Ss])$'
    regex = re.compile(pattern)

    t = int(input())
    for _ in range(t):
        s = input().upper()
        if regex.match(s):
            print('YES')
        else:
            print('NO')

",True,False,0,0.0
1703A,3,"['for loop', 'if statement', 'recursion']","['for loop', 'if statement']","['for loop', 'if statement']","import re
import string

def solve():
    string_pattern = re.compile(r'yes|YES|YES|yES', re.IGNORECASE)

    for _ in range(int(input())):
        s = input().upper()
        if string_pattern.match(s):
            print(""YES"")
        else:
            print(""NO"")
",True,False,0,0.0
1702B,0,['this is the og problem'],"['for loop', 'if statement', 'queue']","['for loop', 'if statement', 'set', 'misc', 'continue statement', 'dictionary', 'while loop', 'break statement']","from collections import defaultdict, deque
import math

def solve():
    t = int(input())
    for _ in range(t):
        string = input()
        days = math.ceil(len(string) / 3)
        memory = deque()
        writing = deque(string[0:3])
        for i in range(3, len(string), 3):
            if string[i] not in memory:
                memory.append(string[i])
                writing.append(string[i])
        for _ in range(days - 1):
            memory.append(writing.pop())
        print(days)

",False,True,1,0.3333333333333333
1702B,1,['if statement'],"['for loop', 'dictionary', 'if statement']","['for loop', 'if statement', 'set', 'misc', 'continue statement', 'dictionary', 'while loop', 'break statement']","from collections import defaultdict
import math

def solve(s):
    # Create a frequency table for the given string
    freq = defaultdict(int)
    for char in s:
        freq[char] += 1

    # Create a frequency table for the last 3 days
    day3_freq = defaultdict(int)
    for i in range(3):
        if i < len(s) and s[(len(s) - 1) - i] in freq:
            day3_freq[s[(len(s) - 1) - i]] += 1

    # Calculate the number of free slots in day 3
    free_slots_day3 = 26 - sum(day3_freq.values())

    # Calculate the number of characters that must be written on day 4
    need_day4 = len(s) - day3_freq.get(None, 0)

    # Calculate the number of days needed
    days = math.ceil((need_day4 - free_slots_day3) / 3) + 4

    return days

",False,False,0,0.0
1702B,2,"['if statement', 'set']","['queue', 'if statement', 'for loop', 'while loop']","['for loop', 'if statement', 'set', 'misc', 'continue statement', 'dictionary', 'while loop', 'break statement']","from `collections` library) to store the last 3 unique characters Polycarp remembered, and then it iterates over the input string to find the maximum sequence length that can be written in one day.

```python
from collections import deque
import sys

def solve():
    input_data = []
    for _ in range(int(input())):
        input_data.append(input().strip())

    for s in input_data:
        q = deque(maxlen=3)
        days = 0
        for c in s:
            if c not in q:
                days += 1
                q.append(c)
            else:
                # We found a character that we wrote in previous days, so we can remove it from the queue
                while c in q:
                    q.popleft()
        print(days)

",False,False,1,0.25
1702B,3,"['if statement', 'set', 'for loop']","['if statement', 'for loop', 'set', 'dictionary']","['for loop', 'if statement', 'set', 'misc', 'continue statement', 'dictionary', 'while loop', 'break statement']","from collections import Counter

def solve(s: str) -> int:
    max_chars = 3
    count = Counter(s)

    days = 0
    group_size = max_chars
    characters_used = set()

    for char in s:
        days += 1
        if char not in characters_used:
            characters_used.add(char)
            group_size -= 1
            if group_size <= 0:
                days += len(characters_used)
                group_size = max_chars
                characters_used.clear()

    return days

",False,False,0,0.0
1702B,4,"['if statement', 'set', 'for loop', 'matrix operation']","['for loop', 'while loop', 'if statement', 'queue', 'break statement']","['for loop', 'if statement', 'set', 'misc', 'continue statement', 'dictionary', 'while loop', 'break statement']","from collections import deque
from sys import stdin, stdout

def solve():
    t = int(input().strip())
    for _ in range(t):
        s = input().strip()
        mem = deque([' ']*4)
        days = 0
        for i in range(len(s)):
            c = s[i]
            while mem and mem[-1] != ' ' and mem[-1] != c:
                mem.popleft()
            if mem == deque([' ']*4):
                days += 1
                mem.append(c)
            mem.append(c)
            mem = deque(mem[:3] + [None]*min(4-len(mem), len(s)-i))
        stdout.write(str(days) + '\n')

",False,False,1,0.2
1702A,0,['this is the og problem'],"['for loop', 'if statement', 'misc']","['for loop', 'while loop', 'matrix operation', 'misc', 'if statement']","from math import floor, log10

def solve():
    for _ in range(int(input())):
        m = int(input())
        k = floor(log10(m))
        d = m - 10 ** k
        print(d)
",True,True,0,0.0
1702A,1,['if statement'],"['for loop', 'if statement']","['for loop', 'while loop', 'matrix operation', 'misc', 'if statement']","import math

def solve():
    t = int(input())
    for _ in range(t):
        m = int(input())
        k = math.floor(math.log10(m))
        d = m - 10**k
        print(d)

",True,False,0,0.0
1702A,2,"['if statement', 'for loop']",['misc'],"['for loop', 'while loop', 'matrix operation', 'misc', 'if statement']","import math

def solve(m: int) -> int:
    k = math.floor(math.log10(m))
    return m - 10**k

# Read the number of test cases from the command line
",False,True,0,0.0
1702A,3,"['if statement', 'for loop', 'while loop']",['if statement'],"['for loop', 'while loop', 'matrix operation', 'misc', 'if statement']","import math

def solve(m):
    k = math.floor(math.log10(m))
    if m == 10 ** k:
        return 0
    else:
        return m - 10 ** (k + 1)

",False,False,0,0.0
1701B,0,['this is the og problem'],"['if statement', 'for loop', 'if statement', 'for loop']","['while loop', 'for loop', 'if statement', 'matrix operation', 'misc', 'set', 'continue statement']","import itertools
import operator

def solve(n):
    def check(d, perm):
        cost = sum(1 for i in range(1, n) if perm[i] * d == perm[i + 1])
        return cost

    max_cost = 0
    max_d, max_perm = None, None
    for d in range(1, n):
        for perm in itertools.permutations(range(1, n+1)):
            cost = check(d, list(perm))
            if cost > max_cost:
                max_cost = cost
                max_d = d
                max_perm = perm
    return max_d, max_perm

",False,True,0,0.0
1701B,1,['for loop'],['for loop'],"['while loop', 'for loop', 'if statement', 'matrix operation', 'misc', 'set', 'continue statement']","import numpy as np

def solve():
    tests = int(input())
    for _ in range(tests):
        n = int(input())
        max_cost = [0] * n
        max_end = np.arange(1, n + 1)
        for i in range(n - 1, -1, -1):
            max_cost[i] = max([max_cost[j] for j in range(i + 1, n) if max_end[j] % i == max_end[i + 1] % i]) + 1

        max_val = max(max_cost)
        idx = max_cost.index(max_val)
        answer = [max_end[idx]]
        for i in range(idx - 1, -1, -1):
            if max_cost[i] == max_val:
                idx = i
                max_val = max_cost[i]
                answer.append(max_end[idx])

        print(max_val)
        print(*answer[::-1])

",False,False,0,0.0
1701B,2,"['for loop', 'if statement']",['for loop'],"['while loop', 'for loop', 'if statement', 'matrix operation', 'misc', 'set', 'continue statement']","import itertools

def solve():
    def backtrack(remaining, d, current, cost, max_cost, max_index):
        if not remaining:
            if cost > max_cost or (cost == max_cost and max_index < len(solution)):
                max_cost, max_index = cost, len(solution)
                solution = current[:]
            return

        for num in range(1, len(remaining) + 1):
            if d % num:
                continue
            new_remaining, new_d, new_cost = remaining[::num], d // num, cost + (len(remaining) - 1) // num
            backtrack(new_remaining, new_d, current + list(itertools.permutations(remaining, len(new_remaining))), new_cost, max_cost, max_index)

    solution, max_cost = [], 0
    for _ in range(int(input())):
        n = int(input())
        backtrack(list(range(1, n + 1)), 1, [], 0, max_cost, 0)
        print(max_cost)
        print(*solution)
        solution, max_cost = [], 0

",False,False,0,0.0
1701B,3,"['for loop', 'if statement', 'tuple']",['for loop'],"['while loop', 'for loop', 'if statement', 'matrix operation', 'misc', 'set', 'continue statement']","import itertools

def solve(n):
    if n <= 1:
        return 0, [str(i + 1) for i in range(n)]

    costs, perms = [], []
    combs = list(itertools.permutations(range(1, n + 1)))
    for c in range(1, n):
        possibilities = [(cmb[i + 1] // c, cmb[i]) for i in range(n - 1) if cmb[i] < cmb[i + 1]]
        for p, last in possibilities:
            current_cost = 0
            new_comb = list(cmb)
            while last != new_comb[-1]:
                new_comb[new_comb.index(p)] = new_comb[-1]
                current_cost += 1
                new_comb[-1] = last
            costs.append((current_cost + len([pair for pair in possibilities if pair[1] * c == pair[0]]), new_comb))

    costs.sort(reverse=True)
    return costs[0][0], ' '.join(str(i + 1) for i in costs[0][1])

",False,False,0,0.0
1701B,4,"['for loop', 'if statement', 'tuple', 'misc']","['if statement', 'recursion', 'for loop', 'dictionary', 'dynamic programming', 'matrix operation', 'divide & conquer']","['while loop', 'for loop', 'if statement', 'matrix operation', 'misc', 'set', 'continue statement']","import math
import functools

@functools.lru_cache(maxsize=None)
def factorial(n):
    if n == 0 or n == 1:
        return 1
    return n * factorial(n - 1)

@functools.lru_cache(maxsize=None)
def inv(n, mod):
    for x in range(1, mod):
        if (n * x) % mod == 1:
            return x
    return 1

def power(a, b, mod):
    if b == 0:
        return 1
    if b % 2 == 1:
        return (a * power(a, b - 1, mod)) % mod
    res = power(a, b // 2, mod)
    return (res * res) % mod

def solve(n):
    if n == 2:
        return 2, [1, 2]

    max_cost = 0
    max_cost_perm = [0] * n
    for i in range(2, int(math.log2(n)) + 2):
        d = power(2, n // i - 1, n)
        cost = 1 + (n - 1) // i
        comb = factorial(n) // (factorial(i) * factorial(n - i))
        if int(comb * cost * power(d, comb, n)) > max_cost:
            max_cost = int(comb * cost * power(d, comb, n))
            max_cost_perm[::] = [0] * n
            max_cost_perm[::i] = list(range(1, i + 1))
            max_cost_perm[i:] = reversed(max_cost_perm[::i])

    inv_n = inv(n, n - 1)
    for i in range(2, n):
        d = power(i, inv_n, n)
        cost = 1 + (n - 1) // i
        comb = factorial(n) // (factorial(i) * factorial(n - i))
        if int(comb * cost * power(d, comb, n)) > max_cost:
            max_cost = int(comb * cost * power(d, comb, n))
            max_cost_perm[::] = [0] * n
            max_cost_perm[::i] = list(range(1, i + 1))
            max_cost_perm[i:] = reversed(max_cost_perm[::i])

    return max_cost, max_cost_perm

",False,False,4,0.5714285714285714
1701A,0,['this is the og problem'],"['for loop', 'if statement', 'recursion', 'dictionary', 'matrix operation']","['for loop', 'tuple', 'misc', 'if statement', 'while loop']","from collections import defaultdict

def solve():
    t = int(input())

    for _ in range(t):
        grid = [list(map(int, input().split())) for _ in range(2)]
        visited = defaultdict(lambda: 0)

        min_moves = 0

        for i in range(2):
            for j in range(2):
                if grid[i][j] and not visited[str(i)+str(j)]:
                    dfs([(x, y) for x, row in enumerate(grid) for y, cell in enumerate(row) if cell == 1], (i, j), visited)
                    min_moves += 1

        print(min_moves)

",False,True,3,0.6
1701A,1,['for loop'],"['recursion', 'for loop', 'if statement', 'matrix operation']","['for loop', 'tuple', 'misc', 'if statement', 'while loop']","from collections import defaultdict

def dfs(grid, i, j, visited):
    if i < 0 or j < 0 or i >= len(grid) or j >= len(grid[0]) or grid[i][j] == 0 or visited[i][j]:
        return
    visited[i][j] = True

    for dx, dy in [(0, 1), (1, 0), (0, -1), (-1, 0)]:
        dfs(grid, i + dx, j + dy, visited)

def count_components(grid):
    visited = [[False]*len(grid) for _ in range(len(grid))]
    components = 0
    for i in range(len(grid)):
        for j in range(len(grid[0])):
            if grid[i][j] == 1 and not visited[i][j]:
                dfs(grid, i, j, visited)
                components += 1
    return components

def solve():
    t = int(input())
    for _ in range(t):
        n = int(input())
        grid = [[int(x) for x in input().split()] for _ in range(n)]
        components = count_components(grid)
        min_moves = 2 * components - len(grid)
        print(min_moves)

",False,False,2,0.5
1701A,2,"['for loop', 'while loop']",['for loop'],"['for loop', 'tuple', 'misc', 'if statement', 'while loop']","from sys import stdin, stdout
from heapq import heappush, heappop

def dijkstra(a):
    n = len(a)
    dist = [float('inf')] * n
    dist[0] = 0
    queue = []
    heappush(queue, (0, 0))

    while queue:
        d, i = heappop(queue)

        if dist[i] < d:
            continue

        for j in range(n):
            if a[i][j] == 1 and i + j + 1 == n:
                if dist[i] + 1 < dist[j]:
                    dist[j] = dist[i] + 1
                    heappush(queue, (dist[j], j))
            elif a[i][j] == 1:
                if dist[i] + 1 < dist[j] + 1:
                    dist[j] = dist[i] + 1
                    heappush(queue, (dist[j], j))
                if dist[j] < dist[i + 1]:
                    dist[i + 1] = dist[j]
                    heappush(queue, (dist[i + 1], i + 1))

    return dist[-1]

def solve():
    t = int(input())
    for _ in range(t):
        n = int(input())
        a = list(map(int, input().split()))

        ans = dijkstra(a)
        stdout.write(f""{ans}\n"")

",False,False,0,0.0
1701A,3,"['for loop', 'while loop', 'recursion']","['recursion', 'matrix operation', 'depth first search']","['for loop', 'tuple', 'misc', 'if statement', 'while loop']","from collections import defaultdict

def solve():
    grid = [list(map(int, input().split())) for _ in range(2)]
    visited = [[0] * 2 for _ in range(2)]
    component_count = 0
    for i in range(2):
        for j in range(2):
            if grid[i][j] == 1 and not visited[i][j]:
                component_count += 1
                dfs(grid, visited, i, j)
    return component_count - 1

",False,False,3,1.0
1701A,4,"['for loop', 'while loop', 'recursion', 'if statement']","['recursion', 'if statement', 'matrix operation', 'hashmap']","['for loop', 'tuple', 'misc', 'if statement', 'while loop']","from a cell with grass and merge all its components (cells containing grass) until the number of components is one.
6. Count the number of merges (union operations) to get the minimum number of moves.

Here's the Python code for the task:

```python
import math

def find(x, y):
    if parent[x][y] != x:
        parent[x][y] = find(parent[x][y], parent[x][y])
    return parent[x][y]

def union(x, y, k, l):
    rootX, rootY = find(x, y), find(k, l)
    if rootX != rootY:
        rankX, rankY = parent[x][y], parent[k][l]
        if rankX > rankY:
            parent[k][l] = rootX
            parent[x][y] += rankY - rankX
        else:
            parent[x][y] = rootY
            parent[k][l] += rankX - rankY

def solve():
    t = int(input().strip())
    for _ in range(t):
        n, m = list(map(int, input().split()))
        grass = [list(map(int, input().strip().split())) for _ in range(n)]
        parent = [[j for j in range(m)] for _ in range(n)]

        for i in range(n):
            for j in range(m):
                if grass[i][j] == 1:
                    if i > 0 and grass[i - 1][j] == 1:
                        union(i, j, i - 1, j)
                    if j > 0 and grass[i][j - 1] == 1:
                        union(i, j, i, j - 1)

        counts = [0] * n
        for i in range(n):
            for j in range(m):
                root = find(i, j)
                if root == parent[i][j]:
                    counts[i] += 1
                    parent[i][j] = root + 1
        results = []
        for c in counts:
            if c != 1:
                results.append(c - 1)
        print(min(results))

",False,False,3,0.75
1700A,0,['this is the og problem'],"['for loop', 'matrix operation', 'dynamic programming']","['for loop', 'tuple', 'matrix operation', 'while loop']","from the cell (1, 1) to each cell in the table.

```python
import sys
from typing import List

def solve():
    tests = int(input())

    for _ in range(tests):
        n, m = map(int, input().split())
        table = [[(i - 1) * m + j for j in range(1, m + 1)] for i in range(1, n + 1)]
        dp = [[0] * (m + 1) for _ in range(n + 1)]

        for i in range(1, n + 1):
            for j in range(1, m + 1):
                dp[i][j] = table[i - 1][j - 1] + min(dp[i][j - 1], dp[i - 1][j])

        print(dp[n][m])

",False,True,1,0.3333333333333333
1700A,1,['matrix operation'],['for loop'],"['for loop', 'tuple', 'matrix operation', 'while loop']","import sys
from collections import defaultdict
from heapq import heappush, heappop

def min_cost_path():
    tests = int(input())
    for _ in range(tests):
        n, m = map(int, input().split())
        grid = [list(map(lambda x: x + (y - 1) * m, range(1, m + 1))) for y in range(1, n + 1)]
        visited = [[False] * m for _ in range(n)]

        cost = 0
        queue = [(0, 0, 0)]
        directions = [(0, 1), (1, 0)]

        while queue:
            nx, ny, cost_so_far = heappop(queue)

            if nx == n - 1 and ny == m - 1:
                print(cost_so_far + grid[nx][ny])
                break

            visited[nx][ny] = True

            for dx, dy in directions:
                nx2, ny2 = nx + dx, ny + dy
                if 0 <= nx2 < n and 0 <= ny2 < m and not visited[nx2][ny2]:
                    heappush(queue, (nx2, ny2, cost_so_far + grid[nx2][ny2]))

if __name__ == ""__main__"":
    solve()
```

This script reads the number of tests from standard input and then for each test, it reads the dimensions of the grid and builds the grid as specified in the problem statement. After that, it starts the BFS (breadth-first search) algorithm to find the minimum cost path from the top-left cell to the bottom-right cell. If a path is found, its minimum cost is printed to standard output. This script does not use matrix operations, as specified in the problem constraints.
",False,True,0,0.0
1700A,2,"['matrix operation', 'for loop']","['recursion', 'depth first search', 'matrix operation', 'dictionary']","['for loop', 'tuple', 'matrix operation', 'while loop']","import sys
from functools import lru_cache

def dfs(x, y, memo):
    if not (1 <= x <= n and 1 <= y <= m):
        return float('inf')
    if x == n and y == m:
        return 0
    if (x, y) in memo:
        return memo[(x, y)]

    cost = float('inf')
    if x + 1 <= n:
        cost = min(cost, dfs(x + 1, y, memo) + a[x][y])
    if y + 1 <= m:
        cost = min(cost, dfs(x, y + 1, memo) + a[x][y])
    memo[(x, y)] = cost
    return cost

def solve():
    t = int(input())
    for _ in range(t):
        n, m = map(int, input().split())
        a = [[(i - 1) * m + j for j in range(1, m + 1)] for i in range(1, n + 1)]
        memo = {}
        print(dfs(1, 1, memo))

",False,False,3,0.75
1700A,3,"['matrix operation', 'for loop', 'tuple']","['for loop', 'if statement', 'matrix operation']","['for loop', 'tuple', 'matrix operation', 'while loop']","from sys import stdin, stdout

def solve():
    t = int(input().strip())
    for _ in range(t):
        n, m = map(int, input().strip().split())
        table = [[(i - 1) * m + j for j in range(1, m + 1)] for i in range(1, n + 1)]
        dp = [[float('inf')] * m for _ in range(n)]
        dp[0][0] = table[0][0]

        for i in range(1, n):
            for j in range(m):
                dp[i][j] = min(dp[i][j], dp[i - 1][j] + table[i][j])
                if j + 1 < m:
                    dp[i][j + 1] = min(dp[i][j + 1], dp[i - 1][j] + table[i][j + 1])

        for j in range(1, m):
            for i in range(n - 1, -1, -1):
                dp[i][j] += min(dp[i + 1][j], dp[i][j - 1])

        stdout.write(f""{dp[-1][-1]\n}"")

",False,False,1,0.3333333333333333
1700A,4,"['matrix operation', 'for loop', 'tuple', 'while loop']",['for loop'],"['for loop', 'tuple', 'matrix operation', 'while loop']","from sys import stdin, setrecursionlimit
setrecursionlimit(100000)

def solve(n, m):
    dp = [[0] * m for _ in range(n)]
    for i in range(1, n):
        dp[i][0] = dp[i - 1][0] + (i * m)
    for j in range(1, m):
        dp[0][j] = dp[0][j - 1] + (j)

    for i in range(1, n):
        for j in range(1, m):
            dp[i][j] = min(dp[i - 1][j], dp[i][j - 1]) + ((i * m) + j)

    return dp[n - 1][m - 1]

",False,False,0,0.0
1700A,5,"['matrix operation', 'for loop', 'tuple', 'while loop', 'if statement']","['dynamic programming', 'recursion', 'dictionary', 'if statement', 'for loop']","['for loop', 'tuple', 'matrix operation', 'while loop']","from the cell (1, 1) to the cell (n, m) using Dynamic Programming with memoization. The adjacency map is used to determine the valid adjacent cells.

```python
import collections

def solve(n, m, adj, memo={}):
    key = (n, m)

    if key in memo:
        return memo[key]
    elif n == 1 and m == 1:
        return 0
    elif n == 1 or m == 1:
        return float('inf')
    else:
        cost = float('inf')
        for next_n, next_m in adj[(n, m)]:
            cost = min(cost, solve(next_n, next_m, adj, memo) + (n - 1) * m + next_m)
        memo[key] = cost

    return cost

",False,False,4,0.8
