problem_id,dp,constraints,machine_techniques,human_techniques,machine_solutions,correctness,follow_constraints,new_techniques,new_techniques_ratio
1901A,0,['this is the og problem'],['for loop'],"['for loop', 'tuple', 'matrix operation', 'if statement', 'while loop', 'misc', 'hashmap', 'break statement', 'dictionary']","import sys
import bisect

def solve():
    n, x = map(int, input().split())
    stations = list(map(int, input().split()))

    # Sort the stations in non-decreasing order
    stations.sort()

    # Initialize the start and end pointers
    start, end = 0, 0
    fuel = 0
    result = float('inf')

    while start <= end and end < x:
        # Move the end pointer as far as possible
        while end < x and fuel + (stations[end] - stations[start]) <= x - stations[start]:
            fuel += stations[end] - stations[start]
            end += 1

        # Update the result if the current fuel is enough to reach the end pointer
        if fuel >= x - stations[start]:
            result = min(result, x - stations[start])

        # Refuel at the current station and move the start pointer
        fuel -= stations[start]
        start += 1

    print(result)

# Read the number of test cases
",False,True,0,0.0
1901A,1,['for loop'],['binary search'],"['for loop', 'tuple', 'matrix operation', 'if statement', 'while loop', 'misc', 'hashmap', 'break statement', 'dictionary']","import bisect

def solve():
    n, x = map(int, input().split())
    stations = list(map(int, input().split()))

    # Sort the stations in non-decreasing order
    stations.sort()

    # Initialize the start and end pointers
    start, end = 0, 0
    fuel = 0
    result = float('inf')

    while start < len(stations) and end < x:
        # Find the index of the next station that is greater than end
        next_station = bisect.bisect_right(stations, end)

        # Move the end pointer to the next station
        end = stations[next_station]

        # Calculate the fuel consumed between the current and next station
        fuel_consumed = (end - start)

        # Refuel at the current station
        fuel += (end - start)

        # Update the start pointer
        start = next_station

        # Update the result if the current fuel is enough to reach the end
        if fuel >= x:
            result = min(result, fuel)

    return result
",False,True,1,1.0
1901A,2,"['for loop', 'while loop']",['for loop'],"['for loop', 'tuple', 'matrix operation', 'if statement', 'while loop', 'misc', 'hashmap', 'break statement', 'dictionary']","import bisect

def solve():
    n, x = map(int, input().split())
    stations = list(map(int, input().split()))

    # Sort the stations in ascending order
    stations.sort()

    # Find the last station that is less than or equal to x
    last_station = bisect.bisect_right(stations, x)

    # Calculate the minimum fuel required
    fuel = (x - 0) * 2 + (last_station - 1) * (stations[last_station] - 0)
    print(fuel)

# Call the solve function for each test case
",False,False,0,0.0
1901A,3,"['for loop', 'while loop', 'sorting']",['tuple'],"['for loop', 'tuple', 'matrix operation', 'if statement', 'while loop', 'misc', 'hashmap', 'break statement', 'dictionary']","import bisect

def solve():
    n, x = map(int, input().split())
    stations = list(map(int, input().split()))

    # Sort the stations in non-decreasing order
    stations.sort()

    # Initialize the start and end indices for binary search
    start, end = 0, len(stations)

    # Binary search for the minimum fuel required
    while start <= end:
        mid = (start + end) // 2
        fuel = x - stations[mid]
        if fuel >= stations[0]:
            # If the fuel is enough to reach the starting point, we can refuel at the current station
            end = mid - 1
        else:
            # If the fuel is not enough, we need to find the station that can refuel us to reach the starting point
            refuel_point = bisect.bisect_left(stations, fuel)
            if refuel_point == 0:
                # If there is no station that can refuel us, we need more fuel
                start = mid + 1
            else:
                # If there is a station that can refuel us, we can continue the binary search from there
                fuel += stations[refuel_point - 1]
                start = refuel_point

    # The minimum fuel required is the fuel at the end of the binary search
    return x + stations[start]

# Test cases
",False,True,0,0.0
1899A,0,['this is the og problem'],"['if statement', 'for loop']","['for loop', 'if statement', 'matrix operation', 'while loop']","import sys

def solve():
    t = int(input())
    for _ in range(t):
        n = int(input())
        if n % 3 == 0:
            print(""First"")
        elif n > 3 and (10 - (n - 3) % 10) % 2 == 0:
            print(""Second"")
        else:
            print(""First"")

",False,True,0,0.0
1899A,1,['for loop'],"['for loop', 'if statement', 'misc']","['for loop', 'if statement', 'matrix operation', 'while loop']","import sys

def solve():
    t = int(input())
    for _ in range(t):
        n = int(input())
        if n % 3 == 0:
            print(""First"")
        elif n > 3 and (10 - (n - 3) % 10) % 2 == 0:
            print(""Second"")
        else:
            print(""First"")

",False,False,1,0.3333333333333333
1899A,2,"['for loop', 'while loop']",['for loop'],"['for loop', 'if statement', 'matrix operation', 'while loop']","import sys

def solve():
    def is_divisible_by_three(n):
        return n % 3 == 0

    def can_vanya_win(n):
        return is_divisible_by_three(n) or n <= 2

    def can_vova_win(n, moves):
        return moves >= 10 and not is_divisible_by_three(n)

    def min_moves_to_win(n):
        if n <= 2:
            return 0
        if is_divisible_by_three(n):
            return 1
        if n == 3:
            return 2
        moves = [float('inf')] * (n + 1)
        moves[1] = 0
        moves[2] = 1
        for i in range(3, n + 1):
            moves[i] = min(moves[i - 1] + 1, moves[i - 2] + 2)
            if not is_divisible_by_three(i - 1):
                moves[i] = min(moves[i], moves[i - 3] + 3)
        return moves[n]

    t = int(input())
    for _ in range(t):
        n = int(input())
        if can_vanya_win(n):
            print(""First"")
        elif can_vova_win(n, min_moves_to_win(n)):
            print(""Second"")
        else:
            print(""Draw"")

",False,False,0,0.0
1899A,3,"['for loop', 'while loop', 'if statement']","['if statement', 'for loop']","['for loop', 'if statement', 'matrix operation', 'while loop']","import sys

def solve():
    t = int(input())
    for _ in range(t):
        n = int(input())
        if n % 3 == 0:
            print(""First"")
        elif n > 3 and (10 - (n - 1) % 10) % 3 == 0:
            print(""Second"")
        else:
            print(""First"")

",False,False,0,0.0
1899A,4,"['for loop', 'while loop', 'if statement', 'tuple']",['recursion'],"['for loop', 'if statement', 'matrix operation', 'while loop']","import sys

def solve():
    def is_divisible_by_three(n):
        return n % 3 == 0

    def can_vanya_win(n):
        return is_divisible_by_three(n) or n <= 2

    def can_vova_win(n, moves):
        return moves >= 10

    def min_moves_to_win(n):
        if is_divisible_by_three(n):
            return 1
        if n <= 2:
            return 0
        moves = [0] * (n - 1)
        for i in range(1, n):
            moves[i - 1] = min(moves[i - 2] + 2 if i > 1 else 2, moves[i - 1] + 1)
            if can_vanya_win(n - i):
                return moves[i - 1] + 1
        return 10 + min(moves)

    for _ in range(int(input())):
        n = int(input().strip())
        result = ""First"" if min_moves_to_win(n) <= 10 else ""Second""
        print(result)

",False,True,1,1.0
1898A,0,['this is the og problem'],"['if statement', 'for loop', 'break statement', 'tuple']","['if statement', 'for loop', 'tuple', 'continue statement', 'break statement', 'hashmap', 'while loop', 'dictionary', 'misc', 'matrix operation']","import sys

def solve():
    t = int(input())
    for _ in range(t):
        n, k = map(int, input().split())
        s = input()
        operations = []
        for i in range(1, n + 1):
            count_b = s[:i].count('B')
            if count_b < k:
                operations.append((i, 'B'))
                k -= count_b
                s = s[:i] + 'B' + s[i:]
            if k == 0:
                break
        print(len(operations))
        for op in operations:
            print(*op)

",False,True,0,0.0
1898A,1,['hashmap'],"['for loop', 'if statement']","['if statement', 'for loop', 'tuple', 'continue statement', 'break statement', 'hashmap', 'while loop', 'dictionary', 'misc', 'matrix operation']","def solve():
    def min_ops(s, k):
        n = len(s)
        operations = []
        for i in range(1, n + 1):
            for c in 'AB':
                if s[:i] * (n - i) + c * k == s:
                    operations.append((i, c))
                    return operations
        return operations

    t = int(input())
    for _ in range(t):
        n, k = map(int, input().split())
        s = input()
        operations = min_ops(s, k)
        if operations:
            print(len(operations))
            for op in operations:
                print(*op)
        else:
            print(0)

",False,True,0,0.0
1898A,2,"['hashmap', 'continue statement']",['for loop'],"['if statement', 'for loop', 'tuple', 'continue statement', 'break statement', 'hashmap', 'while loop', 'dictionary', 'misc', 'matrix operation']","import sys

def solve():
    t = int(input())
    for _ in range(t):
        n, k = map(int, input().split())
        s = input()
        operations = []
        i = 0
        while k > 0:
            if i + k <= n and s[i:i+k].count('B') < k:
                operations.append((i, 'B'))
                k -= n - i
                i = n
            else:
                i += 1
        print(len(operations))
        for op in operations:
            print(*op)

",False,True,0,0.0
1898A,3,"['hashmap', 'continue statement', 'for loop']","['if statement', 'for loop', 'while loop', 'break statement', 'tuple']","['if statement', 'for loop', 'tuple', 'continue statement', 'break statement', 'hashmap', 'while loop', 'dictionary', 'misc', 'matrix operation']","import sys

def solve():
    t = int(input())
    for _ in range(t):
        n, k = map(int, input().split())
        s = input()
        operations = []
        i = 0
        while k > 0:
            if i == n:
                break
            if s[i] == 'B':
                k -= 1
            else:
                c = 'B' if k > 0 else s[i]
                operations.append((i+1, c))
                k += (n - i) - (n - i - (n - i - k) // (n - i))
                i = n
        print(len(operations))
        for op in operations:
            print(*op)

",False,False,0,0.0
1898A,4,"['hashmap', 'continue statement', 'for loop', 'if statement']","['for loop', 'if statement', 'tuple', 'while loop']","['if statement', 'for loop', 'tuple', 'continue statement', 'break statement', 'hashmap', 'while loop', 'dictionary', 'misc', 'matrix operation']","import sys

def solve():
    t = int(input())
    for _ in range(t):
        n, k = map(int, input().split())
        s = input()
        i, c = min((i, 'A') for i in range(1, n+1)) if k <= n - n // 2 else min((i, 'B') for i in range(1, n+1))
        operations = []
        while s[0] != c:
            s = s[1:] + s[0:1]
            operations.append((1, s[0]))
        operations.append((i, c))
        print(len(operations))
        for op in operations:
            print(*op)

",False,False,0,0.0
1898A,5,"['hashmap', 'continue statement', 'for loop', 'if statement', 'misc']",['for loop'],"['if statement', 'for loop', 'tuple', 'continue statement', 'break statement', 'hashmap', 'while loop', 'dictionary', 'misc', 'matrix operation']","import itertools

def solve():
    n, k = map(int, input().split())
    s = input()

    def count_b(s):
        return s.count('B')

    def replace(s, i, c):
        return s[:i] + c * (len(s) - i) + s[len(s) - (len(s) - i):]

    operations = []
    for i in range(1, n + 1):
        if count_b(s) + (n - i) <= k:
            operations.append((i, 'A'))
            k += n - i
        elif count_b(s) + (k - count_b(s)) <= i:
            operations.append((i, 'B'))
            k -= count_b(s)
        else:
            for c, count in itertools.groupby(reversed(s)):
                if c == 'B':
                    operations.append((i + sum(1 for j in range(1, i) if count[1] > j), 'A'))
                    k += j
                    break
            else:
                operations.append((i, 'B'))
                k += 1

    print(len(operations))
    for operation in operations:
        print(*operation)

",False,False,0,0.0
1895B,0,['this is the og problem'],"['heap', 'dictionary', 'graph']","['while loop', 'for loop', 'tuple', 'if statement', 'sorting', 'matrix operation', 'two pointers', 'misc', 'hashmap']","import heapq

def solve():
    def dijkstra(graph, start):
        distances = {node: float('inf') for node in graph}
        distances[start] = 0
        priority_queue = [(0, start)]

        while priority_queue:
            current_distance, current_node = heapq.heappop(priority_queue)

            if current_distance > distances[current_node]:
                continue

            for neighbor, weight in graph[current_node].items():
                distance = current_distance + weight

                if distance < distances[neighbor]:
                    distances[neighbor] = distance
                    heapq.heappush(priority_queue, (distance, neighbor))

        return distances

    def create_graph(points):
        graph = {}
        for i in range(len(points)):
            x, y = points[i]
            for j in range(i + 1, len(points)):
                graph.setdefault(i, {})[(j,)] = abs(x - points[j][0]) + abs(y - points[j][1])
                graph.setdefault(j, {})[(i,)] = abs(x - points[i][0]) + abs(y - points[i][1])

        return graph

    def find_path(distances):
        path = []
        visited = set()
        start = min(distances, key=distances.get)
        visited.add(start)
        path.append((start // 2, start % 2))

        for i in range(len(distances)):
            if i in visited:
                continue

            min_distance = float('inf')
            min_index = None

            for j in range(len(distances)):
                if j in visited:
                    continue

                distance = distances[j]
                if distance < min_distance:
                    min_distance = distance
                    min_index = j

            path.append((min_index // 2, min_index % 2))
            visited.add(min_index)

        return path

    t = int(input())

    for _ in range(t):
        n = int(input())
        points = [tuple(map(int, input().split())) for _ in range(2 * n)]
        graph = create_graph(points)
        distances = dijkstra(graph, 0)
        min_distance = min(distances.values())
        path = find_path(distances)
        print(min_distance)
        for point in path:
            print(*point)
",False,True,3,1.0
1895B,1,['for loop'],['for loop'],"['while loop', 'for loop', 'tuple', 'if statement', 'sorting', 'matrix operation', 'two pointers', 'misc', 'hashmap']","import heapq

def solve():
    n = int(input())
    a = list(map(int, input().split()))
    points = [(a[2*i], a[2*i+1]) for i in range(n)]
    heap = [(abs(points[i][0] - points[j][0]) + abs(points[i][1] - points[j][1]), i, j) for i in range(n) for j in range(i, n)]
    heapq.heapify(heap)
    path = []
    visited = set()
    while heap:
        dist, i, j = heapq.heappop(heap)
        if i not in visited:
            path.append((points[i]))
            visited.add(i)
        if len(path) >= n:
            break
        for k in range(j+1, n):
            heapq.heappush(heap, (abs(path[-1][0] - points[k][0]) + abs(path[-1][1] - points[k][1]), k, j))
    print(sum(abs(path[i][0] - path[i+1][0]) + abs(path[i][1] - path[i+1][1]) for i in range(len(path)-1)))
    for point in path:
        print(*point)

",False,False,0,0.0
1895B,2,"['for loop', 'if statement']",['for loop'],"['while loop', 'for loop', 'tuple', 'if statement', 'sorting', 'matrix operation', 'two pointers', 'misc', 'hashmap']","import heapq

def solve():
    def manhattan_distance(p1, p2):
        return abs(p1[0] - p2[0]) + abs(p1[1] - p2[1])

    def dijkstra(points):
        inf = float('inf')
        dist = {p: inf for p in points}
        prev = {p: None for p in points}
        dist[points[0]] = 0
        q = [(0, points[0])]

        while q:
            d, current = heapq.heappop(q)
            if d > dist[current]:
                continue
            for neighbor, weight in enumerate(points):
                if current == neighbor:
                    continue
                new_dist = dist[current] + manhattan_distance(current, neighbor)
                if new_dist < dist[neighbor]:
                    dist[neighbor] = new_dist
                    prev[neighbor] = current
                    heapq.heappush(q, (new_dist, neighbor))

        return dist, prev

    def find_path(dist, prev, start, end):
        path = [end]
        while path[-1] != start:
            path.append(prev[path[-1]])
        path.reverse()
        return path

    def main():
        t = int(input())
        for _ in range(t):
            n = int(input())
            points = list(map(int, input().split()))
            points = [(points[2*i], points[2*i+1]) for i in range(n)]
            dist, prev = dijkstra(points)
            min_dist = dist[points[0]]
            path = find_path(dist, prev, points[0], points[0])
            print(min_dist)
            for p in path:
                print(*p)

    main()
",False,False,0,0.0
1895B,3,"['for loop', 'if statement', 'while loop']",['for loop'],"['while loop', 'for loop', 'tuple', 'if statement', 'sorting', 'matrix operation', 'two pointers', 'misc', 'hashmap']","import heapq

def solve():
    n = int(input())
    points = list(map(int, input().split()))

    # Create a list of tuples representing the points
    point_list = [(points[i], points[i+1]) for i in range(0, len(points), 2)]

    # Sort the points by their x-coordinates
    point_list.sort(key=lambda x: x[0])

    # Create a priority queue to store the points in sorted order by their y-coordinates
    min_heap = [(point[1], point[0]) for point in point_list]
    heapq.heapify(min_heap)

    # Initialize the path with the first point
    path = [min_heap[0]]
    min_heap.pop(0)

    # Iterate through the remaining points
    for point in min_heap:
        # Add the point to the path and update the path length
        path.append(point)
        path_length = sum(abs(path[i][0] - path[i+1][0]) + abs(path[i][1] - path[i+1][1]) for i in range(len(path)-1))
        # Remove the points that are no longer needed
        while len(min_heap) > 1 and min_heap[0][1] == path[-1][1]:
            min_heap.pop(0)
        # If there are still points left in the priority queue, add the next point to the path
        if len(min_heap) > 0:
            path.append(min_heap[0])
            min_heap.pop(0)

    # Print the path length and the coordinates of the points in the path
    print(path_length)
    for point in path:
        print(*point)

# Call the solve function to solve the problem
",False,False,0,0.0
1895B,4,"['for loop', 'if statement', 'while loop', 'sorting']",['for loop'],"['while loop', 'for loop', 'tuple', 'if statement', 'sorting', 'matrix operation', 'two pointers', 'misc', 'hashmap']","import heapq

def solve():
    n = int(input())
    a = list(map(int, input().split()))
    points = [(a[i], a[i+1]) for i in range(0, len(a), 2)]
    heap = [(abs(points[i][0] - points[j][0]) + abs(points[i][1] - points[j][1]), i, j) for i in range(len(points)) for j in range(i+1, len(points))]
    heapq.sort(heap)
    path = []
    visited = set()
    for _, i, j in heap:
        path.append((points[i], points[j]))
        visited.add(i)
        visited.add(j)
    start = path[0][0]
    end = path[-1][0]
    path.append((start, end))
    for point in path:
        print(*point)
    print(sum([abs(point[0][0] - point[1][0]) + abs(point[0][1] - point[1][1]) for point in path[:-1]]) + abs(start[0] - end[0]) + abs(start[1] - end[1]))

",False,False,0,0.0
1895B,5,"['for loop', 'if statement', 'while loop', 'sorting', 'tuple']",['for loop'],"['while loop', 'for loop', 'tuple', 'if statement', 'sorting', 'matrix operation', 'two pointers', 'misc', 'hashmap']","import math
import heapq

def solve():
    def manhattan_distance(p1, p2):
        return abs(p1[0] - p2[0]) + abs(p1[1] - p2[1])

    def dijkstra(graph, start):
        distances = {start: 0}
        unvisited = set(graph.keys())
        queue = [(0, start)]

        while unvisited:
            current_distance, current_node = heapq.heappop(queue)
            if current_node in unvisited:
                unvisited.remove(current_node)
                for neighbor, weight in graph[current_node].items():
                    distance = current_distance + weight
                    if neighbor not in distances or distance < distances[neighbor]:
                        distances[neighbor] = distance
                        heapq.heappush(queue, (distance, neighbor))

        return distances

    def find_path(points):
        graph = {}
        for i in range(len(points)):
            for j in range(i + 1, len(points)):
                key = (points[i], points[j]) if i < j else (points[j], points[i])
                if key not in graph:
                    graph[key] = {}
                graph[key][(i, j)] = manhattan_distance(points[i], points[j])
                graph[key][(j, i)] = manhattan_distance(points[j], points[i])

        distances = dijkstra(graph, 0)
        path = []
        for i in range(len(points)):
            min_distance = float('inf')
            min_index = -1
            for j in range(len(points)):
                if j not in path and distances[j] + manhattan_distance(points[i], points[j]) < min_distance:
                    min_distance = distances[j] + manhattan_distance(points[i], points[j])
                    min_index = j
            path.append(min_index)

        return path

    t = int(input())
    for _ in range(t):
        n = int(input())
        points = list(map(int, input().split()))
        path = find_path(points)
        print(sum(manhattan_distance(points[i], points[i + 1]) for i in range(len(path) - 1)))
        for point in path:
            print(*points[point])

",False,False,0,0.0
1895A,0,['this is the og problem'],"['recursion', 'hashmap', 'depth first search', 'if statement']","['for loop', 'if statement', 'tuple', 'hashmap', 'while loop', 'misc']","from collections import defaultdict

def solve():
    def dfs(x, y, k, visited, cache):
        if x == y and visited[y]:
            return 0
        if x == y and not visited[y]:
            return k + 1
        if (x, y, k) in cache:
            return cache[(x, y, k)]
        min_time = float('inf')
        for dx in [-1, 1]:
            nx = x + dx
            if 0 <= nx <= 100 and nx not in visited:
                visited[nx] = True
                time = dfs(nx, y, k - 1, visited, cache)
                if time != float('inf'):
                    min_time = min(min_time, time + 1)
                visited[nx] = False
        if min_time == float('inf'):
            min_time = k + 1
        cache[(x, y, k)] = min_time
        return min_time

    visited = defaultdict(bool)
    cache = {}
    t = int(input())
    for _ in range(t):
        x, y, k = map(int, input().split())
        print(dfs(0, y, k, visited, cache))
",False,True,2,0.5
1895A,1,['if statement'],"['dictionary', 'set', 'tuple', 'heap', 'graph', 'greedy algorithm']","['for loop', 'if statement', 'tuple', 'hashmap', 'while loop', 'misc']","from collections import defaultdict
from typing import List

def solve():
    def dijkstra(graph, start, end):
        dist = {start: 0}
        queue = [(0, start)]
        visited = set()

        while queue:
            curr_dist, curr_node = heapq.heappop(queue)

            if curr_node in visited:
                continue

            visited.add(curr_node)

            for neighbor, weight in graph[curr_node].items():
                new_dist = curr_dist + weight

                if neighbor not in dist or new_dist < dist[neighbor]:
                    dist[neighbor] = new_dist
                    heapq.heappush(queue, (new_dist, neighbor))

        return dist[end]

    def can_pick_up(node, key_node, chest_node, k):
        return abs(node - key_node) + abs(node - chest_node) <= k

    def can_move(node, k):
        return k >= abs(node - chest_node)

    graph = defaultdict(lambda: {})
    graph[chest_node][chest_node] = 0
    graph[key_node][key_node] = 0

    for node in range(1, 101):
        if can_pick_up(node, key_node, chest_node, k):
            graph[chest_node][node] = 0
            graph[node][chest_node] = 0

    for node in range(1, 101):
        if can_move(node, k):
            graph[node][node - 1] = 1
            graph[node][node + 1] = 1

    return dijkstra(graph, 0, chest_node)

",False,True,5,0.8333333333333334
1895A,2,"['if statement', 'for loop']",['misc'],"['for loop', 'if statement', 'tuple', 'hashmap', 'while loop', 'misc']","from typing import List

def solve():
    def go(x, k):
        return max(0, k - abs(x))

    def open_chest(x, y, k):
        return min(go(x - y, k), go(x + y, k))

    def solve_case(x, y, k):
        return open_chest(x, y, k) + open_chest(y, x, k)

    test_cases = int(input())
    for _ in range(test_cases):
        x, y, k = map(int, input().split())
        print(solve_case(x, y, k))

",False,True,0,0.0
1895A,3,"['if statement', 'for loop', 'matrix operation']","['dictionary', 'set', 'while loop', 'for loop', 'if statement', 'greedy algorithm']","['for loop', 'if statement', 'tuple', 'hashmap', 'while loop', 'misc']","from collections import defaultdict
from typing import List

def solve():
    def dijkstra(graph, start, end):
        distances = {start: 0}
        unvisited = set(graph.keys())
        while unvisited:
            current = min(unvisited, key=lambda node: distances.get(node, float('inf')))
            unvisited.remove(current)
            for neighbor, weight in graph[current].items():
                distance = distances[current] + weight
                if neighbor not in distances or distance < distances[neighbor]:
                    distances[neighbor] = distance
        return distances[end]

    def can_reach(graph, start, end, capacity):
        return dijkstra(graph, start, end) <= capacity

    def shortest_path(graph, start, end, capacity):
        if not can_reach(graph, start, end, capacity):
            return float('inf')
        return dijkstra(graph, start, end)

    def treasure_chest(x, y, k):
        graph = defaultdict(lambda: {})
        graph[0][x] = 1
        graph[x][0] = 1
        graph[x][y] = -1

        left_move = 1
        right_move = 1
        pick_up = 0
        put_down = 0
        open_chest = 0

        def move(direction, weight):
            new_x = x + direction * left_move
            if new_x in graph:
                graph[new_x][x] = weight
                graph[x][new_x] = weight
                x = new_x

        def pick_up_key():
            nonlocal pick_up
            pick_up += 1

        def put_down_chest():
            nonlocal put_down
            put_down += 1

        def open_chest():
            nonlocal open_chest
            open_chest += 1
            if open_chest == 1:
                return 0

        time = 0
        while True:
            if x == y:
                if pick_up >= 1:
                    time += open_chest()
                    break
            time += 1
            if time > k:
                return float('inf')
            if time - put_down >= k:
                if x != 0:
                    move(-1, right_move)
                else:
                    right_move = 0
                    left_move = 1
                    pick_up_key()
                    continue
            if time - put_down <= k - left_move:
                move(1, left_move)
            else:
                put_down_chest()
                left_move = k - time + put_down
                right_move = 1
                pick_up_key()

        return time

    test_cases = int(input())
    for _ in range(test_cases):
        x, y, k = map(int, input().split())
        print(treasure_chest(x, y, k))
",False,False,3,0.5
1895A,4,"['if statement', 'for loop', 'matrix operation', 'while loop']","['dictionary', 'queue', 'set']","['for loop', 'if statement', 'tuple', 'hashmap', 'while loop', 'misc']","from collections import defaultdict
from typing import List

def solve():
    def dijkstra(graph, start, end):
        dist = {start: 0}
        queue = [(0, start)]
        visited = set()

        while queue:
            curr_dist, curr_node = heapq.heappop(queue)

            if curr_node in visited:
                continue

            visited.add(curr_node)

            for neighbor, weight in graph[curr_node].items():
                new_dist = curr_dist + weight

                if neighbor not in dist or new_dist < dist[neighbor]:
                    dist[neighbor] = new_dist
                    heapq.heappush(queue, (new_dist, neighbor))

        return dist[end]

    graph = defaultdict(lambda: {})
    graph[(0, 'C')] = {1: 1}
    graph[(0, 'K')] = {1: 1}
    graph[(1, 'C')] = {'put': 0}
    graph[(1, 'K')] = {'pick': 0}

    for _ in range(int(input())):
        x, y, k = map(int, input().split())
        graph[(x, 'C')] = {1: 1}
        graph[(y, 'K')] = {1: 1}
        graph[(x, 'put')] = {'C': 0}
        graph[(y, 'pick')] = {'K': 0}

        dist = dijkstra(graph, (0, 'K'), (x, 'C'))
        print(dist)

",False,True,3,1.0
1895A,5,"['if statement', 'for loop', 'matrix operation', 'while loop', 'tuple']",['for loop'],"['for loop', 'if statement', 'tuple', 'hashmap', 'while loop', 'misc']","import sys

def solve():
    def go(x, k):
        return min(abs(x), k)

    def pick_up(x, k):
        return 0

    def put_down(x, k):
        return 0

    def open_chest(x, k):
        return 0

    def move(x, y, k, direction):
        if direction == 'L':
            return x - 1, k - go(x, k)
        else:
            return x + 1, k - go(x, k)

    def pick_key(x, k):
        if x == y:
            return k - pick_up(x, k), True
        else:
            return k, False

    def open_chest_if_possible(x, k, has_key):
        if has_key and x == chest_location:
            return k - open_chest(x, k), True
        else:
            return k, False

    def solve_helper(x, y, k, time, has_key):
        if x == chest_location and has_key:
            return time
        if time > k:
            return float('inf')
        next_x, next_k = move(x, y, k, 'L')
        next_time, next_has_key = pick_key(next_x, next_k)
        next_time = min(next_time, solve_helper(next_x, y, next_k, next_time, next_has_key))
        next_x, next_k = move(x, y, k, 'R')
        next_time, next_has_key = pick_key(next_x, next_k)
        next_time = min(next_time, solve_helper(next_x, y, next_k, next_time, next_has_key))
        next_time, next_has_key = open_chest_if_possible(x, k, has_key)
        return min(next_time, solve_helper(x, y, k, next_time, next_has_key))

    chest_location, key_location, k = map(int, input().strip().split())
    print(solve_helper(0, key_location, k, 0, False))

",False,False,0,0.0
1894A,0,['this is the og problem'],['for loop'],"['for loop', 'if statement', 'misc']","import collections

def solve():
    n = int(input())
    plays = input().strip()

    # Count the number of wins for each player
    player_wins = collections.Counter(plays)

    # If one player has more wins than the other, return the winner
    if player_wins['A'] > player_wins['B']:
        return 'A'
    elif player_wins['B'] > player_wins['A']:
        return 'B'

    # If both players have the same number of wins, check if either player has won more than half of the plays
    if n % 2 == 0:
        # If the number of plays is even, a tie is possible
        if player_wins['A'] <= n // 2 and player_wins['B'] <= n // 2:
            return '?'
        # If one player has won more than half of the plays, they are the winner
        else:
            return max(player_wins, key=player_wins.get)
    else:
        # If the number of plays is odd, the player with more wins is the winner
        return max(player_wins, key=player_wins.get)
",False,True,0,0.0
1894A,1,['for loop'],"['if statement', 'dictionary', 'hashmap']","['for loop', 'if statement', 'misc']","import collections

def solve():
    n = int(input())
    plays = input().strip()
    player_wins = collections.Counter(plays)
    max_wins = max(player_wins.values())
    if max_wins == n:
        return ""?""
    if player_wins['A'] == max_wins:
        return ""A""
    return ""B""
",False,True,2,0.6666666666666666
1894A,2,"['for loop', 'if statement']","['for loop', 'dictionary', 'break statement']","['for loop', 'if statement', 'misc']","import collections

def solve():
    n = int(input())
    plays = input().strip()
    player_wins = collections.defaultdict(int)
    for i, play in enumerate(plays):
        player_wins[play] += 1
        if player_wins[play] == n:
            winner = play
            break

    if max(player_wins.values()) >= n:
        print(winner)
    elif sum(player_wins.values()) % 2 == 1:
        print('?')
    else:
        print('?')

# Test cases
",False,False,2,0.6666666666666666
1894A,3,"['for loop', 'if statement', 'tuple']",['for loop'],"['for loop', 'if statement', 'misc']","import collections

def solve():
    def check_winner(plays, x, y):
        sets = collections.defaultdict(int)
        current_set = 0
        current_winner = None
        for play in plays:
            if play == 'A':
                if current_winner is None:
                    current_set += 1
                sets[current_set] += 1
                if sets[current_set] == x:
                    winner = 'A'
                    break
                if sets[current_set] > y:
                    return winner
            else:
                if current_winner is None:
                    current_winner = 'B'
                sets[current_set] -= 1
                if sets[current_set] == 0:
                    current_set -= 1
                    if current_set == -1:
                        current_winner = None
                        current_set = 0
        if current_winner is None:
            return '?'
        if sets[current_set] > y:
            return current_winner
        winner = 'B' if current_winner == 'B' else 'A'
        for set_num in sets:
            if sets[set_num] > y:
                return winner
        return '?'

    t = int(input())
    for _ in range(t):
        n = int(input())
        plays = list(input())
        winner = check_winner(plays, n + 1, n + 1)
        print(winner)
",False,False,0,0.0
1894A,4,"['for loop', 'if statement', 'tuple', 'set']","['if statement', 'dictionary', 'hashmap']","['for loop', 'if statement', 'misc']","import collections

def solve():
    n = int(input())
    plays = input().strip()
    player_wins = collections.Counter(plays)
    max_wins = max(player_wins.values())
    if max_wins == n:
        return ""?""
    if player_wins['A'] == max_wins:
        return ""A""
    return ""B""
",False,False,2,0.6666666666666666
1891A,0,['this is the og problem'],['for loop'],"['for loop', 'if statement', 'break statement', 'dictionary', 'while loop', 'set', 'tuple', 'misc', 'matrix operation', 'sorting']","import functools

def solve():
    @functools.lru_cache(maxsize=None)
    def twosort(arr, m):
        if not arr:
            return arr
        if m == 0:
            return sorted(arr)
        half = 2**(m-1)
        left, right = arr[:half], arr[half:]
        left = twosort(left, m-1)
        right = twosort(right, m-1)
        i = j = k = 0
        result = []
        while i < len(left) and j < len(right):
            if left[i] < right[j]:
                result.append(left[i])
                i += 1
            else:
                result.append(right[j])
                j += 1
        result.extend(left[i:])
        result.extend(right[j:])
        for _ in range(half):
            result[2*_] -= 1
        return result

    t = int(input())
    for _ in range(t):
        n = int(input())
        arr = list(map(int, input().split()))
        if twosort(arr, int(n.bit_length())-1) == sorted(arr):
            print(""YES"")
        else:
            print(""NO"")
",False,True,0,0.0
1891A,1,['if statement'],"['if statement', 'for loop', 'recursion', 'dynamic programming', 'matrix operation', 'misc']","['for loop', 'if statement', 'break statement', 'dictionary', 'while loop', 'set', 'tuple', 'misc', 'matrix operation', 'sorting']","import functools
from typing import List

def sort_with_twos(arr: List[int]):
    @functools.lru_cache(maxsize=None)
    def dp(n, k):
        if n == 1:
            return 1 if k == 0 else 0
        if k == 0:
            return 0
        res = float('inf')
        for i in range(1, min(k + 1, n) + 1):
            res = min(res, dp(n - 2 ** i, k - 2 ** i))
        return res + 1

    n = len(arr)
    return any(dp(n, i) < n for i in range(1, 1 << n))

def solve():
    t = int(input())
    for _ in range(t):
        n = int(input())
        arr = list(map(int, input().split()))
        print(""YES"" if sort_with_twos(arr) else ""NO"")

",False,False,2,0.3333333333333333
1891A,2,"['if statement', 'for loop']","['recursion', 'dynamic programming', 'misc']","['for loop', 'if statement', 'break statement', 'dictionary', 'while loop', 'set', 'tuple', 'misc', 'matrix operation', 'sorting']","import functools
from typing import List

def solve():
    @functools.lru_cache(maxsize=None)
    def sort_array(a, m):
        if not a:
            return a
        if m == 0:
            return sorted(a)
        half = 2**(m - 1)
        return sort_array(a[:half], m - 1) + [a[i] - 1 for i in range(1, half + 1)] + sort_array(a[half:], m - 1)

    t = int(input())
    for _ in range(t):
        n = int(input())
        a = list(map(int, input().split()))
        result = ""YES"" if sort_array(a, int(math.log2(n)) + 1) == sorted(a) else ""NO""
        print(result)

",False,True,2,0.6666666666666666
1891A,3,"['if statement', 'for loop', 'tuple']","['recursion', 'if statement', 'sorting']","['for loop', 'if statement', 'break statement', 'dictionary', 'while loop', 'set', 'tuple', 'misc', 'matrix operation', 'sorting']","import functools
from typing import List

def solve():
    @functools.lru_cache(maxsize=None)
    def sort_array(a, m):
        if not a:
            return a
        if m == 0:
            return sorted(a)
        half = 2**(m-1)
        return sort_array(a[:half], m-1) + [a[i]-1 for i in range(1, half+1)] + sort_array(a[half:], m-1)

    t = int(input())
    for _ in range(t):
        n = int(input())
        a = list(map(int, input().split()))
        if sort_array(a, int(n.bit_length())-1) == sorted(a):
            print(""YES"")
        else:
            print(""NO"")

",False,False,1,0.3333333333333333
1891A,4,"['if statement', 'for loop', 'tuple', 'while loop']","['recursion', 'dynamic programming']","['for loop', 'if statement', 'break statement', 'dictionary', 'while loop', 'set', 'tuple', 'misc', 'matrix operation', 'sorting']","import functools
from typing import List

def solve():
    @functools.lru_cache(maxsize=None)
    def sort_array(a, m):
        if not a:
            return a
        half = 2**m
        a[:half] = [max(0, x - 1) for x in a[:half]]
        return sort_array(a[half:], m - 1) + a[:half]

    def can_sort(a):
        return all(x <= y for x, y in zip(a, a[1:]))

    t = int(input())
    for _ in range(t):
        n = int(input())
        a = list(map(int, input().split()))
        if can_sort(a):
            print(""YES"")
        else:
            m = functools.reduce(max, a)
            while not can_sort(sort_array(a, m)):
                m -= 1
            print(""YES"") if can_sort(sort_array(a, m)) else print(""NO"")

",False,True,2,1.0
1891A,5,"['if statement', 'for loop', 'tuple', 'while loop', 'misc']","['recursion', 'dynamic programming']","['for loop', 'if statement', 'break statement', 'dictionary', 'while loop', 'set', 'tuple', 'misc', 'matrix operation', 'sorting']","import functools
from typing import List

def solve():
    def twosort(arr):
        @functools.lru_cache(maxsize=None)
        def bit_mask(n):
            return [0] * n
            for i in range(n):
                bit_mask[i] = bit_mask[i | (i + 1)] + 1
            return bit_mask

        n = len(arr)
        bit_mask = bit_mask(n)
        for i in range(1, n):
            for j in range(i, n):
                if arr[i] > arr[j]:
                    m = bit_mask[j] - bit_mask[i]
                    arr[i ^ (1 << m)] -= 1
                    arr[j ^ (1 << m)] += 1

        return arr

    t = int(input())
    for _ in range(t):
        n = int(input())
        arr = list(map(int, input().split()))
        sorted_arr = twosort(arr)
        print(""YES"" if sorted_arr == sorted(arr) else ""NO"")

",False,True,2,1.0
1890B,0,['this is the og problem'],"['if statement', 'for loop', 'continue statement']","['if statement', 'for loop', 'break statement', 'while loop', 'misc', 'function', 'string', 'return statement', 'set', 'tuple', 'continue statement']","import re

def solve():
    T = int(input())
    for _ in range(T):
        n, m = map(int, input().split())
        s = input()
        t = input()
        if re.search(r'(0|1)\1{2,}', s):
            print(""NO"")
        else:
            for i in range(n + m):
                s = s[:i] + t + s[i:]
                if re.search(r'(0|1)\1{2,}', s):
                    continue
                print(""YES"")
                break

",False,True,0,0.0
1890B,1,['for loop'],"['recursion', 'if statement', 'if statement', 'recursion']","['if statement', 'for loop', 'break statement', 'while loop', 'misc', 'function', 'string', 'return statement', 'set', 'tuple', 'continue statement']","import functools

def solve():
    def is_good(s):
        for i in range(1, len(s)):
            if s[i] == s[i - 1]:
                return False
        return True

    def make_good(s, t):
        for i in range(len(s)):
            new_s = s[:i] + t + s[i:]
            if is_good(new_s):
                return new_s
        return None

    T = int(input())
    for _ in range(T):
        n, m = map(int, input().split())
        s = input()
        t = input()
        result = make_good(s, t)
        if result is not None:
            print(""YES"")
        else:
            print(""NO"")

",False,True,1,0.25
1890B,2,"['for loop', 'while loop']","['for loop', 'tuple']","['if statement', 'for loop', 'break statement', 'while loop', 'misc', 'function', 'string', 'return statement', 'set', 'tuple', 'continue statement']","import re

def solve():
    T = int(input())
    for _ in range(T):
        n, m = map(int, input().split())
        s = input()
        t = input()

        if re.search(r'(.)\1{2,}', s):
            print(""NO"")
        else:
            print(""YES"")
            for i in range(n + m):
                print(""s = s[:i] + t + s[i:]"")

",False,False,0,0.0
1890B,3,"['for loop', 'while loop', 'tuple']","['for loop', 'if statement']","['if statement', 'for loop', 'break statement', 'while loop', 'misc', 'function', 'string', 'return statement', 'set', 'tuple', 'continue statement']","def solve():
    def is_good(s):
        for i in range(1, len(s)):
            if s[i] == s[i-1]:
                return False
        return True

    T = int(input())
    for _ in range(T):
        n, m = map(int, input().split())
        s = input()
        t = input()
        if is_good(s):
            print(""YES"")
        else:
            for i in range(len(s) + 1):
                for j in range(m):
                    new_s = s[:i] + t + s[i:]
                    if is_good(new_s):
                        print(""YES"")
                        break
            else:
                print(""NO"")
",False,False,0,0.0
1890B,4,"['for loop', 'while loop', 'tuple', 'recursion']",['for loop'],"['if statement', 'for loop', 'break statement', 'while loop', 'misc', 'function', 'string', 'return statement', 'set', 'tuple', 'continue statement']","def solve():
    def is_good(s):
        for i in range(1, len(s)):
            if s[i] == s[i-1]:
                return False
        return True

    T = int(input())
    for _ in range(T):
        n, m = map(int, input().split())
        s = input()
        t = input()
        if is_good(s):
            print(""YES"")
        else:
            for i in range(len(s) + 1):
                for j in range(m):
                    new_s = s[:i] + t[j] + s[i:]
                    if is_good(new_s):
                        print(""YES"")
                        break
            else:
                print(""NO"")
",False,False,0,0.0
1890A,0,['this is the og problem'],['for loop'],"['if statement', 'while loop', 'for loop', 'dictionary', 'set', 'sorting', 'hashmap', 'break statement', 'misc', 'continue statement']","import functools

def solve():
    def is_good(arr):
        if len(arr) < 2:
            return False
        k = arr[0] + arr[1]
        for i in range(1, len(arr) - 1):
            if arr[i] + arr[i + 1] != k:
                return False
        return True

    t = int(input())
    for _ in range(t):
        n = int(input())
        arr = list(map(int, input().split()))
        print(""Yes"" if is_good(arr) else ""No"")

",False,True,0,0.0
1890A,1,['if statement'],['for loop'],"['if statement', 'while loop', 'for loop', 'dictionary', 'set', 'sorting', 'hashmap', 'break statement', 'misc', 'continue statement']","import functools

@functools.lru_cache(maxsize=None)
def is_good(arr):
    if len(arr) < 2:
        return False
    k = arr[0] + arr[1]
    for i in range(1, len(arr) - 1):
        if arr[i] + arr[i + 1] != k:
            return False
    return True

def solve():
    t = int(input())
    for _ in range(t):
        n = int(input())
        arr = list(map(int, input().split()))
        print(""Yes"" if is_good(arr) else ""No"")

",False,True,0,0.0
1890A,2,"['if statement', 'tuple']","['if statement', 'for loop', 'break statement', 'matrix operation']","['if statement', 'while loop', 'for loop', 'dictionary', 'set', 'sorting', 'hashmap', 'break statement', 'misc', 'continue statement']","import sys

def solve():
    t = int(input())
    for _ in range(t):
        n = int(input())
        a = list(map(int, input().split()))
        prefix_sum = [0] * (n + 1)
        for i in range(1, n + 1):
            prefix_sum[i] = prefix_sum[i - 1] + a[i - 1]
        k = prefix_sum[n] - prefix_sum[0]
        for i in range(1, n):
            if prefix_sum[i] - prefix_sum[i - 1] != k:
                print(""No"")
                break
        else:
            print(""Yes"")

",False,False,1,0.25
1890A,3,"['if statement', 'tuple', 'sorting']","['for loop', 'if statement', 'tuple', 'matrix operation']","['if statement', 'while loop', 'for loop', 'dictionary', 'set', 'sorting', 'hashmap', 'break statement', 'misc', 'continue statement']","import sys

def solve():
    t = int(input())
    for _ in range(t):
        n = int(input())
        a = list(map(int, input().split()))
        window = [a[0], a[1]]
        for i in range(2, n):
            if window[0] + window[1] == a[i] + a[i+1]:
                window[0], window[1] = window[1], window[0]
            else:
                window = [a[i], a[i+1]]
        if len(window) == 1:
            print(""Yes"")
        else:
            print(""No"")

",False,False,2,0.5
1890A,4,"['if statement', 'tuple', 'sorting', 'for loop']","['for loop', 'if statement', 'hashmap']","['if statement', 'while loop', 'for loop', 'dictionary', 'set', 'sorting', 'hashmap', 'break statement', 'misc', 'continue statement']","import functools

def solve():
    t = int(input())
    for _ in range(t):
        n = int(input())
        a = list(map(int, input().split()))
        xor = functools.reduce(lambda a, b: a ^ b, a)
        if not xor:
            print(""Yes"")
        else:
            print(""No"")
",False,False,0,0.0
1890A,5,"['if statement', 'tuple', 'sorting', 'for loop', 'set']","['for loop', 'if statement', 'break statement']","['if statement', 'while loop', 'for loop', 'dictionary', 'set', 'sorting', 'hashmap', 'break statement', 'misc', 'continue statement']","def solve():
    t = int(input())
    for _ in range(t):
        n = int(input())
        a = list(map(int, input().split()))
        prefix_sum = [0] * (n + 1)
        for i in range(1, n + 1):
            prefix_sum[i] = prefix_sum[i - 1] + a[i - 1]
        for i in range(1, n):
            if prefix_sum[i] - prefix_sum[i - 1] != prefix_sum[n] - prefix_sum[i]:
                print(""No"")
                break
        else:
            print(""Yes"")
",False,False,0,0.0
1886A,0,['this is the og problem'],"['for loop', 'if statement', 'break statement', 'tuple']","['if statement', 'for loop', 'tuple', 'while loop', 'continue statement', 'misc']","import itertools

def solve():
    for _ in range(int(input())):
        n = int(input())
        valid = False
        for x, y, z in itertools.combinations(range(1, n), 3):
            if n == x + y + z and 3 not in (x, y, z):
                valid = True
                break
        if valid:
            print(""YES"")
            print(*sorted([x, y, z]))
        else:
            print(""NO"")
",False,True,1,0.25
1886A,1,['if statement'],"['for loop', 'tuple', 'if statement', 'set', 'misc']","['if statement', 'for loop', 'tuple', 'while loop', 'continue statement', 'misc']","import itertools

def solve():
    for t in int(input()):
        n = int(input())
        triplets = [(x, y, z) for x, y, z in itertools.permutations(range(1, n // 3 * 2 + 1), 3) if x + y + z == n and not any(i % 3 == 0 for i in (x, y, z))]
        if not triplets:
            print(""NO"")
        else:
            print(""YES"")
            print(*sorted(triplets[0]))

",False,False,1,0.2
1886A,2,"['if statement', 'for loop']",['for loop'],"['if statement', 'for loop', 'tuple', 'while loop', 'continue statement', 'misc']","from itertools import combinations

def solve():
    for t in int(input()):
        n = int(input())
        triplets = []
        for x in range(1, n // 3 + 1):
            for y in range(x + 1, n // 2 + 1):
                z = n - x - y
                if z > y and z % 3 != 0 and x % 3 != 0 and y % 3 != 0:
                    triplets.append((x, y, z))
        if triplets:
            print(""YES"")
            print(*triplets[0])
        else:
            print(""NO"")

",False,False,0,0.0
1886A,3,"['if statement', 'for loop', 'tuple']","['for loop', 'while loop', 'if statement']","['if statement', 'for loop', 'tuple', 'while loop', 'continue statement', 'misc']","import sys

def solve():
    for _ in range(int(input())):
        n = int(input())
        x, y, z = 1, 2, n - x - y
        while x % 3 == 0 or y % 3 == 0 or z % 3 == 0:
            x += 1
            if x > y:
                y += 1
                z = n - x - y
            if x > z:
                z += 1
        print(""YES"")
        print(x, y, z)

",False,False,0,0.0
1886A,4,"['if statement', 'for loop', 'tuple', 'depth first search']","['if statement', 'for loop', 'while loop']","['if statement', 'for loop', 'tuple', 'while loop', 'continue statement', 'misc']","import math
import sys

def solve():
    t = int(input())
    for _ in range(t):
        n = int(input())
        x, y, z = 1, 2, n - 1 - y - z
        while x % 3 == 0 or y % 3 == 0 or z % 3 == 0:
            y += 1
            z = n - 1 - y
            x = y + z + 1
        print(""YES"")
        print(x, y, z)

",False,False,0,0.0
1886A,5,"['if statement', 'for loop', 'tuple', 'depth first search', 'matrix operation']","['for loop', 'if statement', 'while loop']","['if statement', 'for loop', 'tuple', 'while loop', 'continue statement', 'misc']","import math
import sys

def solve():
    t = int(input())
    for _ in range(t):
        n = int(input())
        x, y, z = 1, 2, n - x - y
        while x % 3 == 0 or y % 3 == 0 or z % 3 == 0:
            x += 1
            if x > y:
                y += 1
                z = n - x - y
            if x > z:
                z += 1
        print(""YES"")
        print(x, y, z)

",False,False,0,0.0
1884A,0,['this is the og problem'],['for loop'],"['recursion', 'while loop', 'if statement', 'for loop', 'tuple', 'hashmap', 'break statement', 'matrix operation', 'misc']","import functools

def solve(x, k):
    def digit_sum(n):
        return sum(int(digit) for digit in str(n))

    @functools.lru_cache(maxsize=None)
    def is_k_beautiful(n):
        return digit_sum(n) % k == 0

    y = x
    while True:
        if is_k_beautiful(y):
            return y
        y += 1
",False,True,0,0.0
1884A,1,['break statement'],"['for loop', 'while loop', 'break statement', 'hashmap']","['recursion', 'while loop', 'if statement', 'for loop', 'tuple', 'hashmap', 'break statement', 'matrix operation', 'misc']","import math

def solve():
    t = int(input())
    for _ in range(t):
        x, k = map(int, input().split())
        y = x
        while True:
            if sum(int(digit) for digit in str(y)) % k == 0:
                print(y)
                break
            y += 1

",True,False,0,0.0
1884A,2,"['break statement', 'continue statement']",['for loop'],"['recursion', 'while loop', 'if statement', 'for loop', 'tuple', 'hashmap', 'break statement', 'matrix operation', 'misc']","import functools

def solve(x, k):
    def digit_sum(n):
        return sum(int(digit) for digit in str(n))

    @functools.lru_cache(maxsize=None)
    def is_k_beautiful(n):
        return digit_sum(n) % k == 0

    y = x
    while True:
        if is_k_beautiful(y):
            return y
        y += 1

# Test cases
",False,True,0,0.0
1884A,3,"['break statement', 'continue statement', 'if statement']",['for loop'],"['recursion', 'while loop', 'if statement', 'for loop', 'tuple', 'hashmap', 'break statement', 'matrix operation', 'misc']","from functools import reduce

def solve():
    def digit_sum(n):
        return sum(int(digit) for digit in str(n))

    def k_beautiful(x, k):
        y = x
        while True:
            y += 1
            if digit_sum(y) % k == 0:
                return y

    for _ in range(int(input())):
        x, k = map(int, input().split())
        print(k_beautiful(x, k))
",False,True,0,0.0
1884A,4,"['break statement', 'continue statement', 'if statement', 'while loop']","['recursion', 'for loop', 'if statement']","['recursion', 'while loop', 'if statement', 'for loop', 'tuple', 'hashmap', 'break statement', 'matrix operation', 'misc']","def digit_sum(n):
    return sum(int(digit) for digit in str(n))

def smallest_k_beautiful(x, k):
    def recurse(n):
        if n > x:
            return n
        if digit_sum(n) % k != 0:
            return recurse(n + 1)
        return n
    return recurse(x)

def solve():
    t = int(input())
    for _ in range(t):
        x, k = map(int, input().split())
        print(smallest_k_beautiful(x, k))

",False,False,0,0.0
1884A,5,"['break statement', 'continue statement', 'if statement', 'while loop', 'for loop']",['for loop'],"['recursion', 'while loop', 'if statement', 'for loop', 'tuple', 'hashmap', 'break statement', 'matrix operation', 'misc']","def digit_sum(n):
    return sum(int(digit) for digit in str(n))

def is_k_beautiful(n, k):
    return digit_sum(n) % k == 0

def smallest_k_beautiful(x, k):
    def go(n):
        if n >= x and is_k_beautiful(n, k):
            return n
        if n + 1 >= x and is_k_beautiful(n + 1, k):
            return n + 1
        return go(n + 1)
    return go(x)

def solve():
    t = int(input())
    for _ in range(t):
        x, k = map(int, input().split())
        print(smallest_k_beautiful(x, k))
",True,False,0,0.0
1883A,0,['this is the og problem'],"['if statement', 'for loop']","['for loop', 'if statement', 'misc', 'tuple', 'while loop', 'break statement', 'dictionary', 'matrix operation', 'two pointers']","import sys

def solve():
    t = int(input())
    for _ in range(t):
        pin = input()
        steps = 0
        for i in range(len(pin)):
            if i == 0:
                steps += 1
            elif i == len(pin) - 1:
                steps += 1
            else:
                steps += 2
        print(steps)

",False,True,0,0.0
1883A,1,['if statement'],"['for loop', 'if statement']","['for loop', 'if statement', 'misc', 'tuple', 'while loop', 'break statement', 'dictionary', 'matrix operation', 'two pointers']","def solve():
    def min_steps(pin):
        steps = 0
        for i in range(len(pin)):
            if i == 0:
                steps += 1
            elif pin[i] != pin[i - 1] and i != len(pin) - 1:
                steps += 2
            elif pin[i] != pin[i - 1] and i == len(pin) - 1:
                steps += 1
        return steps

    t = int(input())
    for _ in range(t):
        pin = input()
        print(min_steps(pin))

",False,False,0,0.0
1883A,2,"['if statement', 'for loop']",['for loop'],"['for loop', 'if statement', 'misc', 'tuple', 'while loop', 'break statement', 'dictionary', 'matrix operation', 'two pointers']","import collections

def solve():
    def min_steps(pin):
        queue = collections.deque([(0, pin)])
        visited = set()
        while queue:
            pos, code = queue.popleft()
            if len(code) == 0:
                return pos
            current = int(code[pos])
            for i in [-1, 0, 1]:
                next_pos = pos + i
                if 0 <= next_pos < 4:
                    next_code = list(code)
                    next_code[pos] = next_code[next_pos]
                    next_code[next_pos] = current
                    if (next_pos, ''.join(next_code)) not in visited:
                        visited.add((next_pos, ''.join(next_code)))
                        queue.append((next_pos, next_code))
        return -1

    t = int(input())
    for _ in range(t):
        pin = input()
        print(min_steps(pin))
",False,False,0,0.0
1883A,3,"['if statement', 'for loop', 'dictionary']","['for loop', 'if statement', 'tuple']","['for loop', 'if statement', 'misc', 'tuple', 'while loop', 'break statement', 'dictionary', 'matrix operation', 'two pointers']","def solve():
    def move(pin, pos):
        return sum(abs(pos - i) for i, digit in enumerate(pin) if pos != i)

    def min_seconds(pin):
        return min(move(pin, pos) + min_seconds(pin[1:]) for pos in range(len(pin)))

    def test_case(pin):
        print(f""{min_seconds(pin)}"")

    for _ in range(int(input())):
        test_case(input())

",False,False,0,0.0
1883A,4,"['if statement', 'for loop', 'dictionary', 'while loop']","['recursion', 'if statement']","['for loop', 'if statement', 'misc', 'tuple', 'while loop', 'break statement', 'dictionary', 'matrix operation', 'two pointers']","def solve(pin):
 def move(pos, direction):
 if direction == 'L':
 if pos == 1:
 return 0
 else:
 return 1 + move(pos - 1, direction)
 elif direction == 'R':
 if pos == 4:
 return 0
 else:
 return 1 + move(pos + 1, direction)

 def min_steps(pos, target):
 if pos == target:
 return 0
 elif pos > target:
 return float('inf')
 else:
 return 1 + min(min_steps(pos + 1, target), min_steps(move(pos, 'L'), target), min_steps(move(pos, 'R'), target))

 return min_steps(1, int(pin))
",False,False,1,0.5
1883A,5,"['if statement', 'for loop', 'dictionary', 'while loop', 'tuple']",['for loop'],"['for loop', 'if statement', 'misc', 'tuple', 'while loop', 'break statement', 'dictionary', 'matrix operation', 'two pointers']","def solve():
    def move(pin, pos):
        return (pos + 1) % 4 if pos < 3 else (pos - 3) % 4

    def press(pin, pos):
        return 1

    def enter(pin):
        visited = [0] * 4
        steps = 0
        pos = 1
        for digit in pin:
            while visited[pos] == 1:
                pos = move(pin, pos)
            visited[pos] = 1
            steps += press(pin, pos)
            pos = move(pin, pos)
        return steps

    test_cases = int(input())
    for _ in range(test_cases):
        pin = input()
        print(enter(pin))

",False,False,0,0.0
1882A,0,['this is the og problem'],"['if statement', 'for loop', 'set']","['for loop', 'if statement', 'while loop', 'misc']","import sys
import math

def solve():
    def is_good(b):
        if all(b[i] > 0 for i in range(len(b))):
            if len(b) == len(set(b)):
                return all(b[i] != a[i] for i in range(len(b))) and all(b[i] < b[i+1] for i in range(len(b)-1)):
            else:
                return False
        else:
            return False

    def find_min_good_sequence(a):
        n = len(a)
        start = 1
        end = math.inf
        while start < end:
            mid = (start + end) // 2
            if is_good([mid] + a + list(range(mid+1, n+1))):
                end = mid
            else:
                start = mid + 1
        return end

    for _ in range(int(input())):
        n = int(input())
        a = list(map(int, input().split()))
        print(find_min_good_sequence(a))

",False,True,1,0.3333333333333333
1882A,1,['set'],"['if statement', 'for loop', 'tuple']","['for loop', 'if statement', 'while loop', 'misc']","import sys
import math

def solve():
    def is_good(b):
        if all(type(i) is int and i > 0 for i in b) and all(i != a for i, a in zip(b, a_list)):
            return b[1] < b[2] < ... < b[-1]
        return False

    def find_min_good_sequence(a_list):
        nonlocal min_val
        min_val = math.inf
        backtrack(a_list, [1])
        return min_val

    def backtrack(a_list, b):
        if len(b) == len(a_list):
            if is_good(b):
                min_val = min(min_val, max(b))
            return
        for i in range(1, len(a_list) + 1):
            b.append(i)
            backtrack(a_list, b)
            b.pop()

    a_list = []
    for _ in range(int(input())):
        a_list.append(list(map(int, input().split())))
    for a in a_list:
        min_val = find_min_good_sequence(a)
        print(min_val)

",False,True,1,0.3333333333333333
1882A,2,"['set', 'misc']","['for loop', 'if statement', 'sorting']","['for loop', 'if statement', 'while loop', 'misc']","import sys

def solve():
    t = int(input())
    for _ in range(t):
        n = int(input())
        a = list(map(int, input().split()))
        a.sort()
        min_val = a[-1] + 1
        for i in range(n - 1):
            if a[i] + 1 < min_val:
                min_val = a[i] + 1
        print(min_val)

",False,True,1,0.3333333333333333
1882A,3,"['set', 'misc', 'for loop']","['for loop', 'if statement', 'matrix operation', 'two pointers', 'hashmap']","['for loop', 'if statement', 'while loop', 'misc']","import sys
import math

def solve():
    t = int(input())
    for _ in range(t):
        n = int(input())
        a = list(map(int, input().split()))
        a.sort()
        max_val = math.inf
        for i in range(1, n + 1):
            if a[i - 1] + 1 <= a[i]:
                max_val = min(max_val, a[i] - 1)
        print(max_val)

",False,False,3,0.6
1882A,4,"['set', 'misc', 'for loop', 'if statement']",['for loop'],"['for loop', 'if statement', 'while loop', 'misc']","import sys
import math

def solve():
    t = int(input())
    for _ in range(t):
        n = int(input())
        a = list(map(int, input().split()))
        a.sort()
        max_val = math.inf
        for i in range(1, n + 1):
            if all(x != y for x, y in zip(a, range(1, i))):
                max_val = min(max_val, a[i - 1] + i)
        print(max_val)

",False,False,0,0.0
1882A,5,"['set', 'misc', 'for loop', 'if statement', 'recursion']",['for loop'],"['for loop', 'if statement', 'while loop', 'misc']","import sys
import math

def solve():
    t = int(input())
    for _ in range(t):
        n = int(input())
        a = list(map(int, input().split()))
        max_a = max(a)
        min_b = math.inf
        for i in range(1, max_a + 1):
            if i not in a:
                min_b = min(min_b, i)
        print(min_b)

",False,False,0,0.0
1881A,0,['this is the og problem'],"['for loop', 'if statement']","['for loop', 'if statement', 'break statement', 'while loop', 'tuple', 'continue statement']","import re

def solve():
    t = int(input())
    for _ in range(t):
        n, m = map(int, input().split())
        x = input()
        s = input()
        for _ in range(n * m):
            x += x
        if re.search(s, x):
            print(len(x) - len(x[::-1].find(s[::-1])))
        else:
            print(-1)
",False,True,0,0.0
1881A,1,['if statement'],"['if statement', 'for loop']","['for loop', 'if statement', 'break statement', 'while loop', 'tuple', 'continue statement']","import re

def solve():
    def find_substring(x, s):
        for i in range(1, len(x) + 1):
            for j in range(i, len(x) + 1 - len(s)):
                if x[j:j + len(s)] == s:
                    return i - len(s)
        return -1

    def count_ops(x, s):
        count = 0
        while find_substring(x, s) == -1:
            x += x
            count += 1
        return count

    t = int(input())
    for _ in range(t):
        n, m = map(int, input().split())
        x = input()
        s = input()
        print(count_ops(x, s))

",False,False,0,0.0
1881A,2,"['if statement', 'matrix operation']","['for loop', 'if statement']","['for loop', 'if statement', 'break statement', 'while loop', 'tuple', 'continue statement']","import re

def solve():
    def count_substrings(x, s):
        count = 0
        for i in range(len(x) - len(s) + 1):
            if x[i:i+len(s)] == s:
                count += 1
        return count

    def find_min_operations(n, m, x, s):
        operations = 0
        while True:
            if count_substrings(x, s) == 0:
                operations += 1
                x += x
            else:
                break
            if len(x) > n * m:
                return -1
        return operations

    t = int(input())
    for _ in range(t):
        n, m = map(int, input().split())
        x = input()
        s = input()
        result = find_min_operations(n, m, x, s)
        print(result)

",False,False,0,0.0
1881A,3,"['if statement', 'matrix operation', 'for loop']","['for loop', 'if statement']","['for loop', 'if statement', 'break statement', 'while loop', 'tuple', 'continue statement']","import re

def solve():
    def count_substrings(x, s):
        count = 0
        for i in range(len(x) - len(s) + 1):
            if x[i:i+len(s)] == s:
                count += 1
        return count

    def find_next_position(x, s):
        for i in range(len(x)):
            if x[i:] == s:
                return i
        return -1

    def append_x(x):
        return x + x

    def solve_helper(x, s):
        if find_next_position(x, s) != -1:
            return 0
        if count_substrings(x, s) > 0:
            return -1
        return 1 + min(solve_helper(append_x(x), s), solve_helper(x + s, s[1:]))

    t = int(input().strip())
    for _ in range(t):
        n, m = map(int, input().strip().split())
        x = input().strip()
        s = input().strip()
        print(solve_helper(x, s))

",False,False,0,0.0
1881A,4,"['if statement', 'matrix operation', 'for loop', 'break statement']","['for loop', 'if statement', 'misc']","['for loop', 'if statement', 'break statement', 'while loop', 'tuple', 'continue statement']","import re

def solve():
    def find_substring(x, s):
        for i in range(1, len(x) + 1):
            for j in range(i, len(x) + 1 - len(s)):
                if x[j:j+len(s)] == s:
                    return i
        return -1

    def count_ops(x, s):
        count = 0
        while find_substring(x, s) == -1:
            x += x
            count += 1
        return count

    t = int(input().strip())
    for _ in range(t):
        n, m = map(int, input().strip().split())
        x = input().strip()
        s = input().strip()
        print(count_ops(x, s))

",False,False,1,0.3333333333333333
1879A,0,['this is the og problem'],"['if statement', 'for loop', 'tuple']","['while loop', 'for loop', 'if statement', 'misc', 'continue statement', 'tuple', 'break statement', 'queue']","import sys

def solve():
    t = int(input())
    for _ in range(t):
        n = int(input())
        athletes = list(map(list, zip(*[list(map(int, input().split())) for _ in range(n)])))
        max_endurance = max(athletes[1])
        max_strength = max(athletes[0])
        if max_strength >= max_endurance:
            print(-1)
        else:
            w = max_strength + max_endurance - 1
            print(w)

",False,True,0,0.0
1879A,1,['sorting'],['for loop'],"['while loop', 'for loop', 'if statement', 'misc', 'continue statement', 'tuple', 'break statement', 'queue']","import sys

def solve():
    t = int(input())
    for _ in range(t):
        n = int(input())
        athletes = list(map(list, zip(*[input().split() for _ in range(n)])))
        strength, endurance = zip(*athletes)
        strength = list(map(int, strength))
        endurance = list(map(int, endurance))

        max_endurance = max(endurance)
        if not max_endurance:
            print(-1)
            continue

        max_strength = max(strength)
        if max_strength < max_endurance:
            print(max_strength)
        else:
            print(-1)

",False,True,0,0.0
1879A,2,"['sorting', 'break statement']",['for loop'],"['while loop', 'for loop', 'if statement', 'misc', 'continue statement', 'tuple', 'break statement', 'queue']","import sys

def solve():
    t = int(input())
    for _ in range(t):
        n = int(input())
        athletes = list(map(list, zip(*[input().split() for _ in range(n)])))
        strength = [int(x[0]) for x in athletes]
        endurance = [int(x[1]) for x in athletes]
        polycarp_strength = strength[0]
        max_lifts = max(endurance)
        max_lifts_index = endurance.index(max_lifts)
        if polycarp_strength >= max_lifts:
            print(-1)
        else:
            weight = max_lifts + 1
            for i in range(1, n):
                if strength[i] >= weight:
                    print(-1)
                    break
            else:
                print(weight)

",False,True,0,0.0
1879A,3,"['sorting', 'break statement', 'for loop']",['for loop'],"['while loop', 'for loop', 'if statement', 'misc', 'continue statement', 'tuple', 'break statement', 'queue']","import sys

def solve():
    t = int(input())
    for _ in range(t):
        n = int(input())
        athletes = list(map(list, zip(map(int, input().split()), map(int, input().split()))))
        max_endurance = max(athletes, key=lambda x: x[1])
        max_strength = max(athletes, key=lambda x: x[0])
        if max_strength[0] >= max_endurance[1]:
            print(-1)
        else:
            w = max_strength[0] + max_endurance[1] - 1
            print(w)

",False,False,0,0.0
1879A,4,"['sorting', 'break statement', 'for loop', 'if statement']","['for loop', 'tuple']","['while loop', 'for loop', 'if statement', 'misc', 'continue statement', 'tuple', 'break statement', 'queue']","import sys

def solve():
    for _ in range(int(input())):
        n = int(input())
        athletes = list(map(list, zip(*[input().split() for _ in range(n)])))
        strength, endurance = zip(*athletes)
        strength = list(strength)
        endurance = list(endurance)

        max_endurance = max(endurance)
        if max_endurance == 0:
            print(-1)
            continue

        max_index = endurance.index(max_endurance)
        w = strength[max_index]
        for i in range(1, n):
            if strength[i] > w:
                w += max_endurance

        print(w)

",False,False,0,0.0
1879A,5,"['sorting', 'break statement', 'for loop', 'if statement', 'tuple']","['if statement', 'for loop', 'tuple', 'continue statement']","['while loop', 'for loop', 'if statement', 'misc', 'continue statement', 'tuple', 'break statement', 'queue']","import sys

def solve():
    t = int(input())
    for _ in range(t):
        n = int(input())
        athletes = list(map(list, zip(*[input().split() for _ in range(n)])))
        strength, endurance = map(list, zip(*athletes))
        max_endurance = max(endurance)
        max_strength = max(strength)
        if max_strength < 1:
            print(-1)
            continue
        w = max_strength + max_endurance - 1
        count = [0] * n
        for i in range(n):
            if strength[i] <= w:
                count[i] = endurance[i]
        if count.count(max(count)) > 1:
            print(-1)
        else:
            print(w)

",False,False,0,0.0
1878B,0,['this is the og problem'],"['for loop', 'if statement', 'continue statement', 'tuple']","['for loop', 'tuple', 'matrix operation', 'if statement']","import math

def solve():
    for n in int(input()):
        if n < 3:
            print(*(1, 2, 3))
            continue

        a = [1, 2, 3]
        for i in range(3, n):
            while True:
                a.append(a[-1] + 1)
                if 3 * a[-1] > a[-2] + a[-1] and 3 * a[-1] > a[-3] + a[-2]:
                    break

        print(*a)
",False,True,1,0.25
1878B,1,['if statement'],['for loop'],"['for loop', 'tuple', 'matrix operation', 'if statement']","from `3` to `n`, we find the smallest `a[j]` such that `3 * a[i]` is not divisible by `a[j] + a[j+1]` and update `a[i]` with this value.

Here is the Python code for the function `solve()`:

",False,True,0,0.0
1878B,2,"['if statement', 'for loop']","['recursion', 'if statement', 'for loop']","['for loop', 'tuple', 'matrix operation', 'if statement']","import math

def solve():
    def generate(n, a, last):
        if n == 2:
            return a
        if len(a) < n:
            for i in range(last + 1, math.inf):
                if i * 3 not in [a[j] + a[j + 1] for j in range(len(a))]:
                    a.append(i)
                    result = generate(n, a, i)
                    if result is not None:
                        return result
                    a.pop()
        return None

    for _ in range(int(input())):
        n = int(input())
        a = [1, 2]
        result = generate(n, a, a[-1])
        if result is not None:
            print(*result)

",False,False,1,0.3333333333333333
1878B,3,"['if statement', 'for loop', 'while loop']","['dynamic programming', 'if statement']","['for loop', 'tuple', 'matrix operation', 'if statement']","import sys

def solve():
    n = int(input())
    dp = [0] * (n + 1)
    dp[1] = 1
    dp[2] = 2

    for i in range(3, n + 1):
        dp[i] = min(dp[j] * 2 for j in range(1, i))
        while dp[i] <= i and 3 * dp[i + 2] % (dp[i] + dp[i + 1]) != 0:
            dp[i] += 1

    print(*dp[1:])

",False,False,1,0.5
1878A,0,['this is the og problem'],"['for loop', 'tuple', 'if statement', 'hashmap']","['for loop', 'if statement', 'tuple', 'set', 'while loop', 'hashmap']","import collections

def solve():
    t = int(input())
    for _ in range(t):
        n, k = map(int, input().split())
        a = list(map(int, input().split()))
        max_count = collections.Counter(a).most_common(1)[0][1]
        if max_count == k:
            print(""YES"")
        else:
            print(""NO"")
",False,True,0,0.0
1878A,1,['sliding window'],"['for loop', 'if statement', 'dictionary', 'hashmap']","['for loop', 'if statement', 'tuple', 'set', 'while loop', 'hashmap']","from collections import Counter

def solve():
    t = int(input())
    for _ in range(t):
        n, k = map(int, input().split())
        a = list(map(int, input().split()))
        count = Counter(a)
        max_count = max(count.values())
        if max_count == count[k]:
            print(""YES"")
        else:
            print(""NO"")
",False,True,1,0.25
1878A,2,"['sliding window', 'for loop']",['for loop'],"['for loop', 'if statement', 'tuple', 'set', 'while loop', 'hashmap']","from collections import Counter

def solve():
    t = int(input())
    for _ in range(t):
        n, k = map(int, input().split())
        a = list(map(int, input().split()))
        counter = Counter(a)
        max_count = max(counter.values())
        if counter[k] == max_count:
            print(""YES"")
        else:
            print(""NO"")
",False,False,0,0.0
1878A,3,"['sliding window', 'for loop', 'if statement']","['for loop', 'matrix operation', 'hashmap']","['for loop', 'if statement', 'tuple', 'set', 'while loop', 'hashmap']","from collections import Counter

def solve():
    def most_common_subsegment(arr, k):
        n = len(arr)
        for i in range(1, n):
            for j in range(i, n):
                subarr = arr[i:j]
                if Counter(subarr) and k in Counter(subarr) and Counter(subarr)[k] > Counter(subarr)[Counter(subarr).most_common(1)[0][0]]:
                    return True
        return False

    t = int(input())
    for _ in range(t):
        n, k = map(int, input().split())
        arr = list(map(int, input().split()))
        print(""YES"" if most_common_subsegment(arr, k) else ""NO"")

",False,False,1,0.3333333333333333
1878A,4,"['sliding window', 'for loop', 'if statement', 'tuple']","['for loop', 'if statement', 'tuple', 'misc']","['for loop', 'if statement', 'tuple', 'set', 'while loop', 'hashmap']","import collections
import sys

def solve():
    t = int(input())
    for _ in range(t):
        n, k = map(int, input().split())
        a = list(map(int, input().split()))
        max_count = collections.Counter(a).most_common(1)[0][1]
        if max_count == k:
            print(""YES"")
        else:
            print(""NO"")

",False,False,1,0.25
1878A,5,"['sliding window', 'for loop', 'if statement', 'tuple', 'while loop']","['for loop', 'if statement', 'dictionary']","['for loop', 'if statement', 'tuple', 'set', 'while loop', 'hashmap']","from collections import Counter

def solve():
    def most_common_subsegment(arr, k):
        n = len(arr)
        for i in range(1, n):
            for j in range(i, n):
                subarr = arr[i:j]
                counts = Counter(subarr)
                if counts[k] > counts[max(counts, key=counts.get)]:
                    return True
        return False

    t = int(input())
    for _ in range(t):
        n, k = map(int, input().split())
        arr = list(map(int, input().split()))
        print(""YES"" if most_common_subsegment(arr, k) else ""NO"")

",False,False,1,0.3333333333333333
1877A,0,['this is the og problem'],[],"['for loop', 'tuple', 'if statement', 'while loop', 'hashmap', 'misc', 'matrix operation', 'two pointers']","from the sum of the given efficiencies.

Here is the Python function to solve the problem:

```python
def solve():
    n = int(input())
    efficiencies = list(map(int, input().split()))
    total_efficiency = sum(efficiencies)
    avg_efficiency = total_efficiency / (n - 1)
    missing_efficiency = total_efficiency - (avg_efficiency * (n - 1))
    print(missing_efficiency)
",False,True,0,0.0
1877A,1,['for loop'],[],"['for loop', 'tuple', 'if statement', 'while loop', 'hashmap', 'misc', 'matrix operation', 'two pointers']","from zero.

Here's the Python function to solve the problem:

```python
def solve():
    n = int(input())
    efficiencies = list(map(int, input().split()))
    total_efficiency = sum(efficiencies)
    missing_efficiency = -total_efficiency
    for efficiency in efficiencies:
        missing_efficiency -= efficiency
    print(missing_efficiency)
",False,True,0,0.0
1877A,2,"['for loop', 'while loop']",[],"['for loop', 'tuple', 'if statement', 'while loop', 'hashmap', 'misc', 'matrix operation', 'two pointers']","from zero. Here is the Python function to solve the problem:

```python
def solve():
    def calculate_efficiency(scores):
        team1_score, team2_score = scores
        return team1_score - team2_score

    def calculate_total_efficiency(efficiencies):
        return sum(efficiencies)

    def find_missing_efficiency(efficiencies):
        total_efficiency = calculate_total_efficiency(efficiencies)
        return -total_efficiency

    import sys
    from functools import reduce

    for _ in range(int(input())):
        n = int(input())
        efficiencies = list(map(int, input().split()))
        missing_efficiency = find_missing_efficiency(efficiencies)
        print(missing_efficiency)
",False,True,0,0.0
1877A,3,"['for loop', 'while loop', 'recursion']",[],"['for loop', 'tuple', 'if statement', 'while loop', 'hashmap', 'misc', 'matrix operation', 'two pointers']","from zero. Here is the Python function `solve()` that implements this approach:

",False,True,0,0.0
1873D,0,['this is the og problem'],"['for loop', 'if statement', 'while loop', 'queue']","['while loop', 'if statement', 'for loop', 'hashmap', 'matrix operation', 'tuple']","from collections import deque

def solve():
    t = int(input())
    for _ in range(t):
        n, k = map(int, input().split())
        s = input()
        black_cells = deque()
        white_cells = 0
        for i, c in enumerate(s):
            if c == 'B':
                black_cells.append(i)
            elif c == 'W':
                white_cells += 1
        operations = 0
        while black_cells:
            index = black_cells.popleft()
            if index + k <= n and s[index:index+k] == 'B' * k:
                operations += 1
                white_cells += k
                s = s[:index] + 'W' * k + s[index+k:]
            elif white_cells >= k:
                operations += 1
                white_cells -= k
                s = s[:index] + 'W' * k + s[index:]
        print(operations)

",False,True,1,0.25
1873D,1,['for loop'],"['queue', 'while loop', 'if statement']","['while loop', 'if statement', 'for loop', 'hashmap', 'matrix operation', 'tuple']","from collections import deque

def solve():
    def erase(s, k):
        q = deque()
        i = 0
        count = 0
        while i + k <= len(s):
            if s[i] == 'B':
                count += 1
            q.append(s[i])
            i += 1

        while q:
            if q[0] == 'B':
                count += 1
            q.popleft()
            i += k

        s = s[:i] + q + s[i:]

        while s and s[-1] == 'B':
            s.pop()

        return count, s

    t = int(input())
    for _ in range(t):
        n, k = map(int, input().split())
        s = input()
        count, _ = erase(s, k)
        print(count)
",False,True,1,0.3333333333333333
1873D,2,"['for loop', 'if statement']","['queue', 'while loop', 'if statement']","['while loop', 'if statement', 'for loop', 'hashmap', 'matrix operation', 'tuple']","from collections import deque

def solve():
    def erase(s, k):
        q = deque()
        i = 0
        count = 0
        while i + k <= len(s):
            if s[i] == 'B':
                count += 1
            q.append(s[i])
            i += 1

        while q:
            if q[0] == 'B':
                count += 1
            q.popleft()
            if len(q) >= k:
                q.extend(s[i:i+k])
                i += k

        return count

    t = int(input())
    for _ in range(t):
        n, k = map(int, input().split())
        s = input()
        print(erase(s, k))
",False,False,1,0.3333333333333333
1873C,0,['this is the og problem'],"['for loop', 'if statement', 'dictionary']","['for loop', 'if statement', 'matrix operation', 'while loop', 'continue statement', 'misc']","import collections

def solve():
    points = collections.defaultdict(int)
    for _ in range(10):
        row = input().strip()
        for i, char in enumerate(row):
            if char == 'X':
                points[i+1] += i
    return sum(points.values())
",False,True,1,0.3333333333333333
1873C,1,['if statement'],['for loop'],"['for loop', 'if statement', 'matrix operation', 'while loop', 'continue statement', 'misc']","def solve(targets):
    points = [0, 0, 0, 0, 0, 0, 0, 0, 0, 0]

    for row in targets:
        for i, arrow in enumerate(row):
            if arrow == 'X':
                points[5 - i] += i + 1

    return sum(points)
",False,True,0,0.0
1873C,2,"['if statement', 'matrix operation']",['for loop'],"['for loop', 'if statement', 'matrix operation', 'while loop', 'continue statement', 'misc']","import itertools

def solve():
    points = [0, 0, 0, 0, 0]

    def add_points(r, c):
        points[r] += r + 1

    for _ in range(10):
        row = input().strip()
        for r, c in enumerate(row):
            if c == 'X':
                add_points(r, c)

    return sum(points)
",False,True,0,0.0
1873C,3,"['if statement', 'matrix operation', 'dictionary']","['for loop', 'matrix operation', 'if statement']","['for loop', 'if statement', 'matrix operation', 'while loop', 'continue statement', 'misc']","def solve(grid):
    points = [0, 0, 0, 0, 0, 0, 0, 0, 0, 0]
    for i in range(10):
        for j in range(10):
            if grid[i][j] == 'X':
                points[i] += i + 1
    return sum(points)
",False,False,0,0.0
1873C,4,"['if statement', 'matrix operation', 'dictionary', 'for loop']",['for loop'],"['for loop', 'if statement', 'matrix operation', 'while loop', 'continue statement', 'misc']","import itertools

def solve():
    points = [0, 0, 0, 0, 0, 0, 0, 0, 0, 0]

    def get_ring_index(y, x):
        if y % 2 == 0:
            return y // 2 + x // 2
        else:
            return y // 2 + (x + 1) // 2 - 1

    for y in range(10):
        line = input().strip()
        for x in range(10):
            if line[x] == 'X':
                points[get_ring_index(y, x)] += y + 1

    return sum(points)
",False,False,0,0.0
1873B,0,['this is the og problem'],"['for loop', 'if statement']","['for loop', 'sorting', 'matrix operation', 'tuple', 'if statement', 'misc']","import math

def solve():
    t = int(input())
    for _ in range(t):
        n = int(input())
        a = list(map(int, input().split()))
        max_product = 1
        for i in range(n):
            for j in range(1, 10):
                a_copy = a[:]
                a_copy[i] = (a[i] + 1) % 10
                product = reduce(lambda x, y: x * y, a_copy)
                max_product = max(max_product, product)
        print(max_product)
",False,True,0,0.0
1873B,1,['if statement'],"['recursion', 'misc', 'misc']","['for loop', 'sorting', 'matrix operation', 'tuple', 'if statement', 'misc']","from functools import reduce
import itertools

def solve():
    def add_one(num):
        return (num - 1) + 10 * (num // 10)

    def max_product(nums):
        return reduce(lambda a, b: a * b, nums)

    def max_product_with_one_added(nums):
        return max(max_product(nums) * (i + 1) for i in itertools.chain([0], itertools.islice(itertools.accumulate(nums, add_one), 1, None)))

    def solve_case(n, nums):
        return max_product_with_one_added(nums)

    for _ in range(int(input())):
        n = int(input())
        nums = list(map(int, input().split()))
        print(solve_case(n, nums))
",False,True,1,0.3333333333333333
1873B,2,"['if statement', 'for loop']",['for loop'],"['for loop', 'sorting', 'matrix operation', 'tuple', 'if statement', 'misc']","from the start of the array up to the current index. We can calculate the prefix product for each digit and then find the maximum product that can be obtained by adding 1 to one of the digits.

Here is the Python code for the function `solve()`:

",False,False,0,0.0
1873B,3,"['if statement', 'for loop', 'while loop']","['for loop', 'if statement', 'if statement', 'for loop']","['for loop', 'sorting', 'matrix operation', 'tuple', 'if statement', 'misc']","import math

def solve():
    def max_product(a):
        max_digit = max(a)
        max_product = 1
        for digit in a:
            if digit != max_digit:
                max_product *= digit
        return max_digit * max_product

    t = int(input())
    for _ in range(t):
        n = int(input())
        a = list(map(int, input().split()))
        print(max_product(a) - 1)

",False,False,0,0.0
1873B,4,"['if statement', 'for loop', 'while loop', 'recursion']",['for loop'],"['for loop', 'sorting', 'matrix operation', 'tuple', 'if statement', 'misc']","from functools import reduce
import itertools

def solve():
    def max_product(nums):
        max_digit = max(nums)
        max_digit_index = nums.index(max_digit)
        return max(nums) * reduce(lambda x, y: x * y, itertools.chain([nums[i] for i in range(max_digit_index)], [nums[i] + 1 for i in range(max_digit_index + 1, len(nums))]))

    return max_product
",False,False,0,0.0
1873B,5,"['if statement', 'for loop', 'while loop', 'recursion', 'misc']","['recursion', 'tuple', 'matrix operation']","['for loop', 'sorting', 'matrix operation', 'tuple', 'if statement', 'misc']","from functools import reduce
import itertools

def solve():
    def max_product(n, a):
        # Generate all possible permutations of the digits
        perms = list(itertools.permutations(a))

        # Initialize the maximum product as the product of the original digits
        max_prod = reduce((lambda x, y: x * y), a)

        # Iterate through all permutations and find the maximum product
        for perm in perms:
            prod = reduce((lambda x, y: x * y), perm)
            if prod > max_prod:
                max_prod = prod

        # Find the maximum product by adding 1 to one of the digits
        for i in range(n):
            for j in range(1, 10):
                new_a = list(a)
                new_a[i] = j
                new_prod = reduce((lambda x, y: x * y), new_a)
                if new_prod > max_prod:
                    max_prod = new_prod

        return max_prod

    # Read the number of test cases
    t = int(input())

    # Iterate through the test cases
    for _ in range(t):
        # Read the number of digits and the digits themselves
        n = int(input())
        a = list(map(int, input().split()))

        # Calculate and print the maximum product
        print(max_product(n, a))

",False,False,1,0.3333333333333333
1873A,0,['this is the og problem'],"['if statement', 'for loop', 'break statement']","['for loop', 'if statement', 'while loop', 'set', 'tuple']","import itertools

def solve():
    t = int(input())
    for _ in range(t):
        cards = input()
        if cards == 'abc':
            print('YES')
        else:
            for pair in itertools.combinations(cards, 2):
                if 'abc' in ''.join(sorted(pair[0] + pair[1])):
                    print('YES')
                    break
            else:
                print('NO')
",False,True,1,0.3333333333333333
1873A,1,['for loop'],"['for loop', 'if statement', 'break statement']","['for loop', 'if statement', 'while loop', 'set', 'tuple']","import itertools

def solve():
    t = int(input())
    for _ in range(t):
        cards = input()
        if cards == 'abc':
            print('YES')
        else:
            for pair in itertools.combinations(cards, 2):
                if 'abc' in ''.join(sorted(pair[0], pair[1])):
                    print('YES')
                    break
            else:
                print('NO')
",False,False,1,0.3333333333333333
1873A,2,"['for loop', 'while loop']","['for loop', 'if statement', 'break statement', 'tuple']","['for loop', 'if statement', 'while loop', 'set', 'tuple']","import itertools

def solve():
    t = int(input())
    for _ in range(t):
        cards = input()
        if cards == 'abc':
            print('YES')
        else:
            for a, b in itertools.combinations(cards, 2):
                if cards[0] == a[1] and cards[1] == b[1] and cards[2] == b[0]:
                    print('YES')
                    break
            else:
                print('NO')
",False,False,1,0.25
1873A,3,"['for loop', 'while loop', 'recursion']","['if statement', 'for loop', 'break statement']","['for loop', 'if statement', 'while loop', 'set', 'tuple']","import itertools

def solve():
    t = int(input())
    for _ in range(t):
        cards = input()
        if cards == 'abc':
            print('YES')
        else:
            for a, b in itertools.combinations(cards, 2):
                if cards[0] == b[0] and cards[1] == a[1] and cards[2] == a[1] or \
                   cards[0] == a[1] and cards[1] == b[1] and cards[2] == b[0] or \
                   cards[0] == a[0] and cards[1] == b[0] and cards[2] == a[1]:
                    print('YES')
                    break
            else:
                print('NO')
",False,False,1,0.3333333333333333
1873A,4,"['for loop', 'while loop', 'recursion', 'tuple']","['for loop', 'if statement', 'break statement']","['for loop', 'if statement', 'while loop', 'set', 'tuple']","import itertools

def solve():
    t = int(input())
    for _ in range(t):
        cards = input()
        if cards == 'abc':
            print('YES')
        else:
            for a, b in itertools.combinations(cards, 2):
                if cards[a] == 'a' and cards[b] == 'b' and cards[cards.index('c')] != cards[a + 1] and cards[cards.index('c')] != cards[b + 1]:
                    print('YES')
                    break
            else:
                print('NO')
",False,False,1,0.3333333333333333
1873A,5,"['for loop', 'while loop', 'recursion', 'tuple', 'if statement']","['for loop', 'break statement', 'if statement', 'misc']","['for loop', 'if statement', 'while loop', 'set', 'tuple']","import itertools

def solve():
    t = int(input())
    for _ in range(t):
        cards = input()
        permutations = list(itertools.permutations(cards))
        for perm in permutations:
            if ''.join(perm) == 'abc':
                print('YES')
                break
        else:
            print('NO')
",False,False,2,0.5
1872A,0,['this is the og problem'],"['for loop', 'if statement', 'while loop', 'tuple', 'misc']","['for loop', 'tuple', 'if statement', 'misc', 'matrix operation']","def solve():
    t = int(input())
    for _ in range(t):
        a, b, c = map(int, input().split())
        if a > b:
            a, b = b, a
        moves = 0
        while a != b:
            if a > b:
                if a - b <= c:
                    a -= (a - b)
                else:
                    a -= c
                    b += c
                    moves += 1
            else:
                if b - a <= c:
                    b -= (b - a)
                else:
                    b -= c
                    a += c
                    moves += 1
        print(moves)
",False,True,1,0.2
1872A,1,['matrix operation'],"['if statement', 'while loop', 'tuple']","['for loop', 'tuple', 'if statement', 'misc', 'matrix operation']","def solve():
    def min_moves(a, b, c):
        if a > b:
            a, b = b, a
        if a == b:
            return 0
        moves = 0
        while a < b:
            if c >= b - a:
                moves += 1
                b -= (b - a)
                a = b
            else:
                moves += 1
                a += c
                c = 0
        return moves

    t = int(input().strip())
    for _ in range(t):
        a, b, c = map(int, input().strip().split())
        print(min_moves(a, b, c))
",False,True,1,0.3333333333333333
1872A,2,"['matrix operation', 'continue statement']","['if statement', 'while loop', 'recursion', 'tuple']","['for loop', 'tuple', 'if statement', 'misc', 'matrix operation']","def solve():
    def min_moves(a, b, c):
        if a > b:
            a, b = b, a
        if a == b:
            return 0
        moves = 0
        while a != b:
            if a > b:
                a -= c if c > a else a
                moves += 1
            else:
                b -= c if c > b else b
                moves += 1
        return moves

    t = int(input().strip())
    for _ in range(t):
        a, b, c = map(int, input().strip().split())
        print(min_moves(a, b, c))
",False,True,2,0.5
1872A,3,"['matrix operation', 'continue statement', 'if statement']","['while loop', 'tuple', 'recursion']","['for loop', 'tuple', 'if statement', 'misc', 'matrix operation']","def solve():
    def gcd(a, b):
        while b:
            a, b = b, a % b
        return a

    def min_moves(a, b, c):
        g = gcd(a, b)
        return (a // g + b // g - 1) * 2 + (c >= g)

    while True:
        try:
            t = int(input())
            for _ in range(t):
                a, b, c = map(int, input().split())
                print(min_moves(a, b, c))
        except EOFError:
            break

",False,True,2,0.6666666666666666
1872A,4,"['matrix operation', 'continue statement', 'if statement', 'misc']","['recursion', 'while loop']","['for loop', 'tuple', 'if statement', 'misc', 'matrix operation']","def solve():
    def gcd(a, b):
        while b:
            a, b = b, a % b
        return a

    def min_moves(a, b, c):
        g = gcd(a, b)
        return (a // g + b // g - 1) * 2 + (g - (a % g) - (b % g)) // c + 1

    t = int(input().strip())
    for _ in range(t):
        a, b, c = map(int, input().strip().split())
        print(min_moves(a, b, c))
",False,True,2,1.0
1872A,5,"['matrix operation', 'continue statement', 'if statement', 'misc', 'tuple']","['for loop', 'if statement', 'tuple']","['for loop', 'tuple', 'if statement', 'misc', 'matrix operation']","import math

def solve():
    t = int(input())
    for _ in range(t):
        a, b, c = map(int, input().split())
        if a > b:
            a, b = b, a

        if a - b < c:
            print(math.ceil((a - b) / c))
        elif a - b == c:
            print(1)
        else:
            print(math.ceil((a - b) / c) + 1)

",False,False,0,0.0
1870A,0,['this is the og problem'],['for loop'],"['if statement', 'for loop', 'continue statement', 'while loop', 'tuple', 'matrix operation', 'recursion', 'misc']","import sys

def solve():
    n, k, x = map(int, input().strip().split())
    dp = [0] * (n+1)
    dp[0] = 0

    for i in range(1, n+1):
        for j in range(min(i, k), x+1):
            dp[i] = max(dp[i], dp[i-j] + j)

    print(dp[-1])

",False,True,0,0.0
1870A,1,['misc'],['for loop'],"['if statement', 'for loop', 'continue statement', 'while loop', 'tuple', 'matrix operation', 'recursion', 'misc']","from typing import List

def solve():
    n, k, x = map(int, input().split())
    arr = [0] * n
    total = 0
    for i in range(n):
        while True:
            if k <= x:
                arr[i] = k
                total += k
                k = 0
                x -= k
            else:
                k -= 1
                arr[i] = x
                total += x
                x = 0
        if x > 0:
            arr[i] = x
            total += x
            break
    print(total if all(j <= x for j in arr) else -1)

",False,True,0,0.0
1870A,2,"['misc', 'for loop']",['set'],"['if statement', 'for loop', 'continue statement', 'while loop', 'tuple', 'matrix operation', 'recursion', 'misc']","from math import ceil
from functools import reduce

def solve():
    def mex(arr):
        seen = set()
        for num in arr:
            seen.add(num)
        return min(range(max(seen) + 1)) not in seen

    def dp(n, k, x):
        if n == 0:
            return 0
        if k == 1:
            return x
        if dp_cache.get((n, k, x)) is not None:
            return dp_cache[(n, k, x)]
        max_sum = -1
        for i in range(1, min(n, x) + 1):
            if mex([i] + arr[:n - i]):
                max_sum = max(max_sum, i + dp(n - i, k - 1, x))
        dp_cache[(n, k, x)] = max_sum
        return max_sum

    dp_cache = {}
    t = int(input())
    for _ in range(t):
        n, k, x = map(int, input().split())
        print(dp(n, k, x))

",False,True,1,1.0
1870A,3,"['misc', 'for loop', 'break statement']",['dictionary'],"['if statement', 'for loop', 'continue statement', 'while loop', 'tuple', 'matrix operation', 'recursion', 'misc']","from collections import defaultdict

def solve():
    def mex(arr):
        seen = defaultdict(int)
        for num in arr:
            seen[num] += 1
        for i in range(len(arr) + 1):
            if seen[i] == 0:
                return i
        return len(arr)

    def dp(n, k, x):
        dp = [[-1] * (x + 1) for _ in range(k + 1)]
        dp[0][0] = 0
        for i in range(1, k + 1):
            dp[i][0] = 0
        for i in range(1, n + 1):
            for j in range(1, min(i, k) + 1):
                for val in range(1, x + 1):
                    if dp[j - 1][val] != -1:
                        dp[i][j] = max(dp[i][j], dp[i - 1][val] + val)
                    mex_val = mex([val] + list(dp[i - 1][:j]))
                    if mex_val <= k and dp[i - 1][mex_val] != -1:
                        dp[i][j] = max(dp[i][j], dp[i - 1][mex_val] + mex_val)
        return dp[n][k] if dp[n][k] != -1 else -1

    t = int(input())
    for _ in range(t):
        n, k, x = map(int, input().split())
        print(solve(n, k, x))

",False,True,1,1.0
1870A,4,"['misc', 'for loop', 'break statement', 'while loop']","['recursion', 'for loop']","['if statement', 'for loop', 'continue statement', 'while loop', 'tuple', 'matrix operation', 'recursion', 'misc']","from functools import lru_cache

def solve():
    @lru_cache(maxsize=None)
    def dp(n, k, x, used):
        if n == 0:
            return 0
        if k == 0:
            return -1
        if x == 0:
            return -1
        if (n, k, x) in used:
            return used[(n, k, x)]
        res = -1
        for i in range(1, min(k + 1, x + 1)):
            res = max(res, i + dp(n - 1, k, x - i, used))
        used[(n, k, x)] = res
        return res

    t = int(input())
    for _ in range(t):
        n, k, x = map(int, input().split())
        print(dp(n, k, x, {}))

",False,False,0,0.0
1870A,5,"['misc', 'for loop', 'break statement', 'while loop', 'if statement']",['recursion'],"['if statement', 'for loop', 'continue statement', 'while loop', 'tuple', 'matrix operation', 'recursion', 'misc']","import math
import functools

def solve():
    @functools.lru_cache(maxsize=None)
    def dfs(n, k, x, current_sum, current_set):
        if n == 0:
            return current_sum
        max_sum = -1
        for i in range(min(k, x + 1), 0, -1):
            if i not in current_set:
                new_current_set = current_set.union({i})
                max_sum = max(max_sum, dfs(n - 1, k, x, current_sum + i, new_current_set))
        return max_sum

    t = int(input())
    for _ in range(t):
        n, k, x = map(int, input().split())
        print(dfs(n, k, x, 0, set())) if dfs(n, k, x, 0, set()) != -1 else print(-1)

",False,True,0,0.0
1867A,0,['this is the og problem'],['for loop'],"['for loop', 'tuple', 'sorting', 'matrix operation', 'if statement', 'dictionary', 'hashmap', 'while loop', 'heap']","import itertools

def solve():
    def max_distinct_diffs(a):
        n = len(a)
        counts = [0] * (max(a) - min(a) + 1)
        for num in a:
            counts[num - min(a)] += 1
        max_count = max(counts)
        max_num = max(i for i, count in enumerate(counts) if count == max_count)
        return [max_num] + [i for i in range(1, n+1) if i != max_num]

    t = int(input())
    for _ in range(t):
        n = int(input())
        a = list(map(int, input().split()))
        permutation = max_distinct_diffs(a)
        print(*permutation)

",False,True,0,0.0
1867A,1,['if statement'],['for loop'],"['for loop', 'tuple', 'sorting', 'matrix operation', 'if statement', 'dictionary', 'hashmap', 'while loop', 'heap']","import itertools

def solve():
    n_test_cases = int(input())

    for _ in range(n_test_cases):
        n = int(input())
        a = list(map(int, input().split()))

        max_distinct = n
        max_permutation = list(range(1, n+1))

        for perm in itertools.permutations(range(1, n+1)):
            distinct_elements = set()
            for i in range(n):
                diff = abs(a[i] - perm[i])
                distinct_elements.add(diff)

            if len(distinct_elements) > max_distinct:
                max_distinct = len(distinct_elements)
                max_permutation = list(perm)

        print(*max_permutation)

",False,True,0,0.0
1867A,2,"['if statement', 'for loop']","['for loop', 'if statement', 'dictionary', 'set', 'hashmap', 'break statement', 'misc', 'tuple']","['for loop', 'tuple', 'sorting', 'matrix operation', 'if statement', 'dictionary', 'hashmap', 'while loop', 'heap']","import itertools
from collections import Counter

def solve():
    t = int(input())
    for _ in range(t):
        n = int(input())
        a = list(map(int, input().split()))
        max_count = max(Counter(a) - Counter(range(1, n+1)))
        permutation = list(itertools.permutations(range(1, n+1)))
        result = []
        for perm in permutation:
            count = Counter(list(map(lambda x, y: x - y, a, perm)))
            if len(count) == max_count:
                result = list(perm)
                break
        print(*result)
",True,False,3,0.375
1867A,3,"['if statement', 'for loop', 'queue']",['for loop'],"['for loop', 'tuple', 'sorting', 'matrix operation', 'if statement', 'dictionary', 'hashmap', 'while loop', 'heap']","import itertools

def solve():
    n_test_cases = int(input())

    for _ in range(n_test_cases):
        n = int(input())
        a = list(map(int, input().split()))
        max_distinct = n - 1
        max_distinct_perm = sorted(list(itertools.permutations(list(range(1, n + 1)))))[-1]
        distinct_count = 0
        for i in range(n):
            if a[i] != max_distinct_perm[i]:
                distinct_count += 1
        print(*max_distinct_perm)
        if distinct_count == max_distinct:
            print(*max_distinct_perm)
        else:
            for perm in max_distinct_perm:
                for i in range(n):
                    if a[i] == perm[i]:
                        perm[i] = max_distinct_perm[i]
                    elif perm[i] == max_distinct_perm[i]:
                        perm[i] = a[i]
                if distinct_count == sum(1 for j in set(perm) - set(range(1, n + 1))):
                    print(*perm)
                    break

",False,False,0,0.0
1867A,4,"['if statement', 'for loop', 'queue', 'recursion']","['for loop', 'set', 'if statement', 'for loop', 'set', 'if statement']","['for loop', 'tuple', 'sorting', 'matrix operation', 'if statement', 'dictionary', 'hashmap', 'while loop', 'heap']","import itertools

def solve():
    def max_distinct_difference(a):
        n = len(a)
        max_diff = 0
        used = set()
        for i in range(n):
            diff = abs(a[i] - i)
            if diff not in used:
                max_diff = max(max_diff, diff)
                used.add(diff)
        return max_diff

    t = int(input())
    for _ in range(t):
        n = int(input())
        a = list(map(int, input().split()))
        max_diff = max_distinct_difference(a)
        permutation = list(itertools.permutations(list(range(1, n+1)))[0])
        for i in range(n):
            diff = abs(a[i] - permutation[i])
            if diff > max_diff:
                permutation[i], permutation[max_diff] = permutation[max_diff], permutation[i]
                max_diff -= 1
        print(*permutation)
",False,False,1,0.16666666666666666
1867A,5,"['if statement', 'for loop', 'queue', 'recursion', 'hashmap']","['for loop', 'set', 'tuple']","['for loop', 'tuple', 'sorting', 'matrix operation', 'if statement', 'dictionary', 'hashmap', 'while loop', 'heap']","import itertools

def solve():
    t = int(input())
    for _ in range(t):
        n = int(input())
        a = list(map(int, input().split()))
        max_diff = 0
        max_diff_count = 0
        max_permutation = []
        for i in range(1, n+1):
            for perm in itertools.permutations(range(1, n+1)):
                diff = list(map(lambda x, y: abs(x - y), a, perm))
                if len(set(diff)) > max_diff_count:
                    max_diff = max(diff)
                    max_diff_count = len(set(diff))
                    max_permutation = list(perm)
        print(*max_permutation)

",False,False,1,0.3333333333333333
1866A,0,['this is the og problem'],['misc'],"['if statement', 'for loop', 'tuple', 'set', 'dictionary', 'misc', 'hashmap', 'sorting']","import functools

def solve():
    def multiply(arr):
        return functools.reduce(lambda x, y: x * y, arr, 1)

    def gcd(a, b):
        while b:
            a, b = b, a % b
        return a

    def min_ops(arr):
        g = gcd(*arr)
        if g == 0:
            return 0
        return sum(abs(x // g) for x in arr)

    n = int(input())
    arr = list(map(int, input().split()))
    print(min_ops(arr))

",False,True,0,0.0
1866A,1,['recursion'],['for loop'],"['if statement', 'for loop', 'tuple', 'set', 'dictionary', 'misc', 'hashmap', 'sorting']","import sys

def solve():
    n = int(input())
    arr = list(map(int, input().split()))

    min_val = min(arr)
    max_val = max(arr)

    if min_val * max_val == 0:
        print(0)
    else:
        count = 1
        while min_val * max_val != 0:
            if min_val * max_val < 0:
                min_val *= -1
            else:
                max_val *= -1
            count += 1
        print(count)

",False,True,0,0.0
1866A,2,"['recursion', 'if statement']",['recursion'],"['if statement', 'for loop', 'tuple', 'set', 'dictionary', 'misc', 'hashmap', 'sorting']","import functools

def solve():
    def product(arr):
        return functools.reduce(lambda x, y: x * y, arr, 1)

    def min_ops(arr):
        negatives = [x for x in arr if x < 0]
        positives = [x for x in arr if x > 0]
        if not negatives and not positives:
            return 0
        if not negatives:
            return len(positives)
        if not positives:
            return len(negatives) + 1
        return min(len(negatives) + min_ops(positives), len(positives) + min_ops(negatives)) + 1

    n = int(input())
    arr = list(map(int, input().split()))
    print(min_ops(arr))
",False,False,1,1.0
1866A,3,"['recursion', 'if statement', 'matrix operation']","['misc', 'misc']","['if statement', 'for loop', 'tuple', 'set', 'dictionary', 'misc', 'hashmap', 'sorting']","import functools
from typing import List

def solve():
    def product(nums: List[int]) -> int:
        return functools.reduce(lambda x, y: x * y, nums, 1)

    def gcd(a: int, b: int) -> int:
        while b:
            a, b = b, a % b
        return a

    def min_ops(nums: List[int]) -> int:
        g = gcd(*nums)
        if g == 1:
            return 0
        return sum(abs(x) // g for x in nums)

    n = int(input())
    nums = list(map(int, input().split()))
    print(min_ops(nums))

",False,True,0,0.0
1866A,4,"['recursion', 'if statement', 'matrix operation', 'tuple']","['for loop', 'if statement']","['if statement', 'for loop', 'tuple', 'set', 'dictionary', 'misc', 'hashmap', 'sorting']","import math

def solve():
    n = int(input())
    arr = list(map(int, input().split()))
    prefix_product = 1
    count = 0
    for i in range(1, n):
        if prefix_product * arr[i] != 0:
            flips = math.ceil(math.log(abs(arr[i]) - abs(prefix_product), 2))
            count += flips
        prefix_product *= arr[i]
    print(count)
",False,False,0,0.0
1864A,0,['this is the og problem'],['for loop'],"['for loop', 'if statement', 'while loop', 'tuple', 'heap', 'misc', 'continue statement', 'matrix operation', 'break statement']","import sys

def solve():
    t = int(input())
    for _ in range(t):
        x, y, n = map(int, input().split())
        if x >= y or n <= 2:
            print(-1)
        else:
            a = [x]
            b = [y - x]
            for _ in range(1, n - 1):
                a.append(a[-1] + b[-1])
                b[0] = b[0] - b[1]
                b = b[1:]
            a.append(y)
            print(*a)

",False,True,0,0.0
1864A,1,['if statement'],"['if statement', 'for loop', 'continue statement', 'tuple']","['for loop', 'if statement', 'while loop', 'tuple', 'heap', 'misc', 'continue statement', 'matrix operation', 'break statement']","import math

def solve():
    n_test_cases = int(input())
    for _ in range(n_test_cases):
        x, y, n = map(int, input().split())
        if n == 2:
            print(x, y)
            continue
        a = [x]
        diff = y - x
        for _ in range(1, n - 1):
            a.append(a[-1] + diff)
            diff -= 1
        a.append(y)
        if all(b >= 0 for b in [a[i] - a[i - 1] for i in range(1, n)]):
            print(*a)
        else:
            print(-1)
",False,False,0,0.0
1864A,2,"['if statement', 'for loop']","['if statement', 'for loop', 'tuple']","['for loop', 'if statement', 'while loop', 'tuple', 'heap', 'misc', 'continue statement', 'matrix operation', 'break statement']","import math

def solve():
    def is_valid(a):
        if len(a) < 3 or a[1] <= a[0] or a[-1] <= a[-2]:
            return False
        for i in range(1, len(a) - 1):
            if a[i] <= a[i - 1] or a[i + 1] <= a[i]:
                return False
        if all(b >= b_[0] for b in zip(a[1:], a[:-1])):
            return True
        return False

    def find_a(x, y, n):
        if n == 2:
            return [x, y]
        mid = math.floor((n + 1) / 2)
        a = find_a(x, (x + y) // mid, mid)
        b = find_a((a[-1] + 1), y, n - mid)
        if is_valid(a + b[1:]):
            return a + b[1:]
        return [-1]

    t = int(input().strip())
    for _ in range(t):
        x, y, n = map(int, input().strip().split())
        result = find_a(x, y, n)
        print(*result)
",False,False,0,0.0
1864A,3,"['if statement', 'for loop', 'while loop']",['for loop'],"['for loop', 'if statement', 'while loop', 'tuple', 'heap', 'misc', 'continue statement', 'matrix operation', 'break statement']","import math

def solve():
    n = int(input())
    x, y = map(int, input().split())

    if x >= y:
        print(-1)
        return

    a = [x]
    b = [y - x]

    for _ in range(1, n - 1):
        next_x = a[-1] + b[-1]
        next_b = math.ceil((x + y) / 2) - next_x
        a.append(next_x)
        b.append(next_b)

    a.append(y)
    print(*a)

",False,False,0,0.0
1863A,0,['this is the og problem'],['for loop'],"['for loop', 'if statement', 'continue statement', 'matrix operation', 'while loop', 'misc', 'queue', 'hashmap', 'tuple']","def solve():
    def check_online(n, a, q, online):
        return all(online[i] >= a for i in range(q)) and sum(online) == n

    def solve_test_case():
        n, a, q = map(int, input().split())
        online = list(map(lambda x: 0 if x == '-' else 1, input()))
        result = ""YES"" if check_online(n, a, q, online) else ""NO""
        if not check_online(n, a, q, [1] * q) and check_online(n, a - 1, q, online):
            result = ""MAYBE""
        return result

    t = int(input())
    for _ in range(t):
        print(solve_test_case())
",False,True,0,0.0
1863A,1,['for loop'],['for loop'],"['for loop', 'if statement', 'continue statement', 'matrix operation', 'while loop', 'misc', 'queue', 'hashmap', 'tuple']","from collections import deque

def solve():
    def check_online(n, a, q, online):
        subscribers = set(range(1, n+1))
        online_queue = deque(online)
        for _ in range(q):
            event = online_queue.popleft()
            if event == '+':
                online.add(online_queue.popleft())
            else:
                online.remove(event)
            if len(online) == a:
                return True
            if len(online) > a:
                return False
            if len(subscribers) - len(online) < n - a:
                return False
        return len(online) == n

    t = int(input())
    for _ in range(t):
        n, a, q = map(int, input().split())
        online = deque(range(1, a+1))
        result = 'YES' if check_online(n, a, q, online) else 'NO'
        if n - a > a:
            result = 'MAYBE'
        print(result)

",False,False,0,0.0
1863A,2,"['for loop', 'tuple']","['if statement', 'dictionary', 'hashmap']","['for loop', 'if statement', 'continue statement', 'matrix operation', 'while loop', 'misc', 'queue', 'hashmap', 'tuple']","import collections

def solve():
    def check(online, notifications):
        online_count = collections.Counter(notifications)
        if online_count['+'] < online:
            return ""NO""
        if online_count['-'] > online - n:
            return ""NO""
        return ""MAYBE"" if online_count['+'] + online_count['-'] != len(notifications) else ""YES""

    n, a, q = map(int, input().split())
    notifications = list(input())
    online = a
    for notification in notifications:
        if notification == '+':
            online += 1
        else:
            online -= 1
    print(check(online, notifications))
",False,True,1,0.3333333333333333
1863A,3,"['for loop', 'tuple', 'recursion']","['if statement', 'for loop']","['for loop', 'if statement', 'continue statement', 'matrix operation', 'while loop', 'misc', 'queue', 'hashmap', 'tuple']","def solve():
    def online(n, a, q, online_seq):
        online = a
        for i in range(q):
            if online_seq[i] == '+':
                online += 1
            else:
                online -= 1
        return online >= n

    def can_read_post(n, a, q, online_seq):
        if online(n, a, q, online_seq):
            return ""YES""
        if online(n, a, q, online_seq[::-1]):
            return ""MAYBE""
        return ""NO""

    t = int(input())
    for _ in range(t):
        n, a, q = map(int, input().split())
        online_seq = input()
        print(can_read_post(n, a, q, online_seq))
",False,False,0,0.0
1863A,4,"['for loop', 'tuple', 'recursion', 'if statement']","['if statement', 'for loop']","['for loop', 'if statement', 'continue statement', 'matrix operation', 'while loop', 'misc', 'queue', 'hashmap', 'tuple']","def solve():
    def check(online, notifications):
        online_count = 0
        for notification in notifications:
            if notification == '+':
                online_count += 1
            elif online_count > 0:
                online_count -= 1
        return online_count == 0

    t = int(input())
    for _ in range(t):
        n, a, q = map(int, input().split())
        notifications = list(input())
        if check(a, notifications):
            print(""YES"")
        elif n - a > q:
            print(""NO"")
        else:
            print(""MAYBE"")
",False,False,0,0.0
1863A,5,"['for loop', 'tuple', 'recursion', 'if statement', 'while loop']","['if statement', 'recursion']","['for loop', 'if statement', 'continue statement', 'matrix operation', 'while loop', 'misc', 'queue', 'hashmap', 'tuple']","def solve():
    def check_online(n, a, q, online):
        return all(online[i] >= a for i in range(q)) and sum(online) >= n

    def solve_test_case():
        n, a, q = map(int, input().split())
        online = [0] * q
        for i in range(q):
            online[i] = a if input()[i] == '+' else -a
        if check_online(n, a, q, online):
            print(""YES"")
        elif sum(online) < 0:
            print(""NO"")
        else:
            print(""MAYBE"")

    t = int(input())
    for _ in range(t):
        solve_test_case()

",False,False,1,0.5
1862B,0,['this is the og problem'],"['for loop', 'while loop']","['for loop', 'if statement', 'tuple', 'misc', 'continue statement', 'matrix operation', 'while loop']","import sys

def solve():
    for _ in range(int(input())):
        n = int(input())
        b = list(map(int, input().split()))
        m = n
        a = b[:]
        while len(a) > n:
            a.remove(min(a))
        while len(a) < n:
            a.append(a[-1])
        print(m)
        print(' '.join(map(str, a)))

",False,True,0,0.0
1862B,1,['for loop'],"['if statement', 'for loop', 'continue statement', 'if statement', 'for loop', 'continue statement']","['for loop', 'if statement', 'tuple', 'misc', 'continue statement', 'matrix operation', 'while loop']","import sys
from typing import List

def solve():
    def is_valid(a, b):
        if len(a) != len(b) + 1:
            return False
        for i in range(1, len(a)):
            if a[i - 1] > a[i]:
                continue
            if a[i] < b[i - 1]:
                return False
        return True

    def find_sequence(b):
        n = len(b)
        m = n + 1
        while m <= 2 * n:
            a = [0] * m
            for i in range(n):
                if b[i] < a[i]:
                    a[i + 1] = b[i]
            if is_valid(a, b):
                return a
            m += 1
        return None

    for _ in range(int(input())):
        n = int(input())
        b = list(map(int, input().split()))
        sequence = find_sequence(b)
        if sequence is not None:
            print(len(sequence))
            print(*sequence)

",True,False,0,0.0
1862B,2,"['for loop', 'recursion']","['if statement', 'for loop', 'continue statement']","['for loop', 'if statement', 'tuple', 'misc', 'continue statement', 'matrix operation', 'while loop']","import sys
from typing import List

def solve():
    def is_valid(a: List[int], b: List[int]):
        if len(a) != len(b) + 2:
            return False
        a_i = a[1:]
        for i in range(1, len(a)):
            if a_i[i - 1] > a_i[i]:
                continue
            return False
        return True

    def generate_sequence(n: int, b: List[int]):
        a = [0] * (2 * n)
        a[0] = b[0]
        for i in range(1, n):
            if b[i - 1] > b[i]:
                continue
            a[i + 1] = b[i]
        for i in range(n, len(a)):
            a[i] = a[i - n]
        return a

    t = int(input())
    for _ in range(t):
        n = int(input())
        b = list(map(int, input().split()))
        if not is_valid(generate_sequence(n, b), b):
            print(""Invalid input"")
            continue
        m = 2 * n
        print(m)
        print(list(generate_sequence(m, b)))

",False,False,0,0.0
1862B,3,"['for loop', 'recursion', 'break statement']","['for loop', 'while loop', 'if statement']","['for loop', 'if statement', 'tuple', 'misc', 'continue statement', 'matrix operation', 'while loop']","import sys

def solve():
    t = int(input())
    for _ in range(t):
        n = int(input())
        b = list(map(int, input().split()))
        m = n
        a = b[:]
        while len(a) > n:
            a.remove(max(a))
        while len(a) < n:
            a.append(a[-1])
        print(m)
        print(' '.join(map(str, a)))

",False,False,0,0.0
1862B,4,"['for loop', 'recursion', 'break statement', 'while loop']",['for loop'],"['for loop', 'if statement', 'tuple', 'misc', 'continue statement', 'matrix operation', 'while loop']","import sys

def solve():
    t = int(input())
    for _ in range(t):
        n = int(input())
        b = list(map(int, input().split()))
        a = [0] * (2 * n)
        i = 0
        for j in range(n):
            while i < 2 * n and a[i] < b[j]:
                i += 1
            a[i] = b[j]
            i += 1
        print(2 * n)
        print(*a[:n])

",False,False,0,0.0
1862A,0,['this is the og problem'],"['for loop', 'if statement', 'continue statement', 'matrix operation', 'set']","['for loop', 'if statement', 'break statement', 'matrix operation', 'tuple', 'while loop', 'misc', 'set']","import collections

def solve():
    t = int(input())
    for _ in range(t):
        n, m = map(int, input().split())
        carpet = [input().lower() for _ in range(n)]
        vika_columns = [[] for _ in range(m)]
        for i in range(m):
            for j in range(n):
                if carpet[j][i] == 'v':
                    vika_columns[i].append(j)
        if len(vika_columns) != 4 or not all(len(v) == 1 for v in vika_columns) or not all(set(v) == {0} for v in vika_columns[:3]):
            print(""NO"")
            continue
        vika_columns[3].sort()
        if all(carpet[vika_columns[i][0]][i] in {'a', 'i', 'k'} for i in range(4)):
            print(""YES"")
        else:
            print(""NO"")
",False,True,1,0.2
1862A,1,['if statement'],"['for loop', 'if statement', 'matrix operation', 'hashmap']","['for loop', 'if statement', 'break statement', 'matrix operation', 'tuple', 'while loop', 'misc', 'set']","import collections

def solve():
    t = int(input())
    for _ in range(t):
        n, m = map(int, input().split())
        carpet = [input() for _ in range(n)]
        if all(collections.Counter(col)['v'] and collections.Counter(col)['i'] and collections.Counter(col)['k'] and collections.Counter(col)['a'] for col in zip(*carpet)):
            print(""YES"")
        else:
            print(""NO"")
",False,False,1,0.25
1862A,2,"['if statement', 'for loop']","['queue', 'for loop', 'if statement']","['for loop', 'if statement', 'break statement', 'matrix operation', 'tuple', 'while loop', 'misc', 'set']","import collections

def solve():
    def check_name(carpet):
        names = collections.deque([""v"", ""i"", ""k"", ""a""])
        for row in carpet:
            for col, char in enumerate(row):
                if char == names[0]:
                    names.popleft()
                if char == names[1]:
                    names.popleft()
                if char == names[2]:
                    names.popleft()
                if not names:
                    return True
        return False

    t = int(input())
    for _ in range(t):
        n, m = map(int, input().split())
        carpet = [list(input().strip()) for _ in range(n)]
        print(""YES"" if check_name(carpet) else ""NO"")
",False,False,1,0.3333333333333333
1862A,3,"['if statement', 'for loop', 'matrix operation']","['dictionary', 'for loop']","['for loop', 'if statement', 'break statement', 'matrix operation', 'tuple', 'while loop', 'misc', 'set']","import collections

def solve():
    def check_name(carpet):
        names = collections.Counter(carpet)
        return all(names[letter] >= 1 for letter in ""vikA"")

    t = int(input())
    for _ in range(t):
        n, m = map(int, input().split())
        carpet = [input().lower() for _ in range(n)]
        print(""YES"" if check_name(carpet) else ""NO"")

",False,False,1,0.5
1862A,4,"['if statement', 'for loop', 'matrix operation', 'misc']",['for loop'],"['for loop', 'if statement', 'break statement', 'matrix operation', 'tuple', 'while loop', 'misc', 'set']","import collections

def solve():
    t = int(input())
    for _ in range(t):
        n, m = map(int, input().split())
        carpet = [input().split() for _ in range(n)]
        names = [""v"", ""i"", ""k"", ""a""]
        for i in range(m):
            if all(name in set(col) for col in zip(*carpet)) and names[i] in set(carpet[0][i]):
                print(""YES"")
                break
        else:
            print(""NO"")
",False,False,0,0.0
1861A,0,['this is the og problem'],"['if statement', 'for loop', 'break statement', 'recursion', 'if statement', 'for loop', 'break statement', 'recursion']","['for loop', 'if statement', 'while loop', 'break statement', 'misc']","import math

def is_prime(n):
 if n <= 1:
 return False
 for i in range(2, int(math.sqrt(n)) + 1):
 if n % i == 0:
 return False
 return True

def solve():
 t = int(input())
 for _ in range(t):
 sequence = input()
 for i in range(len(sequence)):
 for j in range(i+1, len(sequence)):
 if sequence[i] == sequence[j]:
 sequence = sequence[:i] + sequence[j+1:]
 break
 if len(sequence) < 3:
 print(-1)
 else:
 for num in range(int(10**(len(sequence)-1)), 0, -1):
 if is_prime(int(''.join(sorted(sequence)) + str(num))):
 print(''.join(sorted(sequence)) + str(num))
 break

",False,True,1,0.125
1861A,1,['break statement'],"['if statement', 'for loop']","['for loop', 'if statement', 'while loop', 'break statement', 'misc']","import math

def is_prime(n):
 if n <= 1:
 return False
 for i in range(2, int(math.sqrt(n)) + 1):
 if n % i == 0:
 return False
 return True

def solve():
 test_cases = int(input())
 for _ in range(test_cases):
 sequence = input()
 digits = list(map(int, sequence))

 # Check if the sequence has only two digits
 if len(digits) == 2:
 print(-1)
 continue

 # Sort the digits in ascending order
 digits.sort()

 # Iterate through the digits and check if the resulting sequence is prime
 for i in range(len(digits)):
 for j in range(i+1, len(digits)):
 digits[i], digits[j] = digits[j], digits[i]
 if is_prime(sum(digits)):
 print(' '.join(map(str, digits)))
 digits[i], digits[j] = digits[j], digits[i]

",False,True,0,0.0
1861A,2,"['break statement', 'matrix operation']","['if statement', 'for loop', 'break statement']","['for loop', 'if statement', 'while loop', 'break statement', 'misc']",,False,False,0,0.0
1861A,3,"['break statement', 'matrix operation', 'if statement']","['if statement', 'for loop']","['for loop', 'if statement', 'while loop', 'break statement', 'misc']","import math

def is_prime(n):
 if n <= 1:
 return False
 for i in range(2, int(math.sqrt(n)) + 1):
 if n % i == 0:
 return False
 return True

def solve():
 sequence = list(map(int, input()))
 if len(sequence) == 2:
 print(-1)
 return

 for i in range(len(sequence)):
 for j in range(i+1, len(sequence)):
 if sequence[i] + sequence[j] == sum(sequence) - sequence[i] - sequence[j]:
 sequence.remove(sequence[i])
 sequence.remove(sequence[j])
 break

 if len(sequence) < 3:
 print(-1)
 else:
 for num in sequence:
 if not is_prime(num):
 sequence.remove(num)

 print(' '.join(map(str, sequence)))

# Test cases
",False,False,0,0.0
1861A,4,"['break statement', 'matrix operation', 'if statement', 'for loop']","['if statement', 'for loop', 'while loop', 'break statement', 'recursion', 'tuple']","['for loop', 'if statement', 'while loop', 'break statement', 'misc']","import math
import itertools

def is_prime(n):
    if n <= 1:
        return False
    if n <= 3:
        return True
    if n % 2 == 0 or n % 3 == 0:
        return False
    i = 5
    while i * i <= n:
        if n % i == 0 or n % (i + 2) == 0:
            return False
        i += 6
    return True

def solve():
    t = int(input())
    for _ in range(t):
        num_str = input()
        num_list = list(num_str)
        permutations = list(itertools.permutations(num_list))
        for permutation in permutations:
            permutation_str = ''.join(permutation)
            if is_prime(int(permutation_str)):
                print(permutation_str)
                break
        else:
            print(-1)

",False,False,2,0.3333333333333333
1861A,5,"['break statement', 'matrix operation', 'if statement', 'for loop', 'recursion']","['if statement', 'for loop', 'break statement']","['for loop', 'if statement', 'while loop', 'break statement', 'misc']","import itertools

def is_prime(n):
    if n < 2:
        return False
    for i in range(2, int(n ** 0.5) + 1):
        if n % i == 0:
            return False
    return True

def solve():
    for _ in range(int(input())):
        sequence = input()
        if len(sequence) == 2:
            print(-1)
            continue
        for i in range(len(sequence)):
            for j in range(i + 1, len(sequence)):
                if is_prime(int(sequence[i]) * int(sequence[j])):
                    sequence = sequence.replace(sequence[i], '', 1)
                    if is_prime(int(''.join(sequence))):
                        print(''.join(sequence))
                        break
                    sequence = sequence.replace(sequence[j], '', 1)
        else:
            print(-1)

",False,False,0,0.0
1859A,0,['this is the og problem'],['for loop'],"['for loop', 'if statement', 'while loop', 'set', 'sorting', 'tuple', 'continue statement', 'hashmap', 'matrix operation', 'dictionary', 'misc']","import sys
from collections import defaultdict
from math import gcd

def solve():
    t = int(input())
    for _ in range(t):
        n = int(input())
        a = list(map(int, input().split()))
        b, c = [], []
        div_map = defaultdict(set)
        for i in range(1, max(a) + 1):
            div_map[i].update(divisors(i))

        for i in range(n):
            for j in range(len(b) + len(c)):
                if j < len(b) and a[i] not in div_map[b[j]]:
                    b.append(a[i])
                    break
                if j == len(b) and a[i] not in div_map[c[j - len(b)]]:
                    c.append(a[i])
                    break

        if len(b) + len(c) != n:
            print(-1)
        else:
            print(len(b), len(c))
            print(*b)
            print(*c)

",False,True,0,0.0
1859A,1,['sorting'],"['for loop', 'if statement', 'dictionary', 'set', 'break statement']","['for loop', 'if statement', 'while loop', 'set', 'sorting', 'tuple', 'continue statement', 'hashmap', 'matrix operation', 'dictionary', 'misc']","from collections import defaultdict
import sys

def solve():
    t = int(input())
    for _ in range(t):
        n = int(input())
        a = list(map(int, input().split()))
        b, c = [], []
        div = defaultdict(set)
        for num in a:
            for i in range(1, num):
                if num % i == 0:
                    div[i].add(num)
        for num in a:
            if not div[num]:
                b.append(num)
            else:
                for i in div[num]:
                    if i not in c:
                        c.append(i)
                        break
        if b and c:
            print(len(b), len(c))
            print(*b)
            print(*c)
        else:
            print(-1)

",False,True,1,0.2
1859A,2,"['sorting', 'if statement']","['while loop', 'recursion']","['for loop', 'if statement', 'while loop', 'set', 'sorting', 'tuple', 'continue statement', 'hashmap', 'matrix operation', 'dictionary', 'misc']","import itertools

def solve():
    def gcd(a, b):
        while b:
            a, b = b, a % b
        return a

    def split(a, b, c):
        for i in range(len(a)):
            for j in range(len(b)):
                if gcd(a[i], b[j]) != 1:
                    return False
            for j in range(len(c)):
                if gcd(a[i], c[j]) == 1:
                    b.append(a[i])
                    a.pop(i)
                    i -= 1
                    break
        c += a
        return b, c

    t = int(input())
    for _ in range(t):
        n = int(input())
        a = list(map(int, input().split()))
        b, c = split(a, [], [])
        if not b and not c:
            print(-1)
        else:
            print(len(b), len(c))
            print(*b)
            print(*c)

",False,True,1,0.5
1859A,3,"['sorting', 'if statement', 'for loop']",['for loop'],"['for loop', 'if statement', 'while loop', 'set', 'sorting', 'tuple', 'continue statement', 'hashmap', 'matrix operation', 'dictionary', 'misc']","import sys
from collections import defaultdict
from math import gcd

def solve():
    t = int(input())
    for _ in range(t):
        n = int(input())
        a = list(map(int, input().split()))
        b, c = [], []
        div_map = defaultdict(set)
        for i in range(1, 1000001):
            div_map[i].update(range(1, i))
        for num in a:
            for i in range(len(b)):
                if gcd(num, b[i]) not in div_map[num]:
                    b.append(num)
                    break
            else:
                c.append(num)
        if not b or not c:
            print(-1)
        else:
            print(len(b), len(c))
            print(*b)
            print(*c)

",False,False,0,0.0
1859A,4,"['sorting', 'if statement', 'for loop', 'recursion']",['for loop'],"['for loop', 'if statement', 'while loop', 'set', 'sorting', 'tuple', 'continue statement', 'hashmap', 'matrix operation', 'dictionary', 'misc']","import sys
from collections import defaultdict
from functools import reduce

def solve():
    t = int(input())
    for _ in range(t):
        n = int(input())
        a = list(map(int, input().split()))
        b, c = [], []
        div_map = defaultdict(set)
        for i in a:
            for j in b:
                if i % j == 0:
                    div_map[j].add(i)
                    break
            if not div_map:
                b.append(a.pop())
                continue
            for j in c:
                if i not in div_map[j]:
                    b.append(a.pop(0))
                    break
            else:
                c.append(a.pop(0))
        if not b or not c:
            print(-1)
            continue
        print(len(b), len(c))
        print(*b)
        print(*c)

",False,False,0,0.0
1858A,0,['this is the og problem'],"['if statement', 'for loop', 'tuple']","['for loop', 'if statement', 'tuple', 'while loop', 'misc']","import sys

def solve():
    t = int(input())
    for _ in range(t):
        a, b, c = map(int, input().split())
        if a > b:
            winner = ""First"" if a + c >= b else ""Second""
        elif a < b:
            winner = ""First"" if b + c >= a else ""Second""
        else:
            winner = ""First"" if c > 0 else ""Second""
        print(winner)

",False,True,0,0.0
1858A,1,['for loop'],"['if statement', 'for loop', 'tuple']","['for loop', 'if statement', 'tuple', 'while loop', 'misc']","import sys

def solve():
    t = int(input())
    for _ in range(t):
        a, b, c = map(int, input().split())
        if a > b:
            winner = ""First"" if a + c >= b + c else ""Second""
        elif a < b:
            winner = ""First"" if b + c >= a + c else ""Second""
        else:
            winner = ""First"" if c > 0 else ""Second""
        print(winner)

",False,False,0,0.0
1858A,2,"['for loop', 'if statement']","['if statement', 'for loop']","['for loop', 'if statement', 'tuple', 'while loop', 'misc']","import sys

def solve():
    t = int(input())
    for _ in range(t):
        a, b, c = map(int, input().split())
        if a > b:
            winner = 'First' if a + c > b + c else 'Second'
        elif a < b:
            winner = 'First' if a + c > c else 'Second'
        else:
            winner = 'First' if c > b else 'Second'
        print(winner)

",False,False,0,0.0
1858A,3,"['for loop', 'if statement', 'while loop']","['for loop', 'if statement']","['for loop', 'if statement', 'tuple', 'while loop', 'misc']","import sys

def solve():
    t = int(input())
    for _ in range(t):
        a, b, c = map(int, input().split())
        if a > b:
            print(""First"")
        elif a < b:
            print(""Second"")
        else:
            if c > a:
                print(""Second"")
            else:
                print(""First"")

",False,False,0,0.0
1858A,4,"['for loop', 'if statement', 'while loop', 'tuple']","['if statement', 'for loop']","['for loop', 'if statement', 'tuple', 'while loop', 'misc']","import sys

def solve():
    t = int(input())
    for _ in range(t):
        a, b, c = map(int, input().split())
        if a > b:
            winner = 'First' if a + c > b + c else 'Second'
        elif a < b:
            winner = 'First' if a + c > c else 'Second'
        else:
            winner = 'First' if c > b else 'Second'
        print(winner)

",False,False,0,0.0
1857A,0,['this is the og problem'],"['if statement', 'for loop', 'matrix operation']","['for loop', 'if statement', 'matrix operation', 'tuple', 'misc']","import collections

def solve():
    t = int(input())
    for _ in range(t):
        n = int(input())
        arr = list(map(int, input().split()))
        odd_sum, even_sum = 0, 0
        odd_count, even_count = 0, 0
        for num in arr:
            if num & 1:
                odd_sum += num
                odd_count += 1
            else:
                even_sum += num
                even_count += 1
        if odd_count > 0 and even_count > 0 and (odd_sum == even_sum or (odd_sum + 1) == even_sum or (even_sum + 1) == odd_sum):
            print(""YES"")
        else:
            print(""NO"")
",False,True,0,0.0
1857A,1,['for loop'],['for loop'],"['for loop', 'if statement', 'matrix operation', 'tuple', 'misc']","from collections import defaultdict

def solve():
    n = int(input())
    a = list(map(int, input().split()))

    odd_sum = sum(filter(lambda x: x % 2, a))
    even_sum = sum(filter(lambda x: x % 2 == 0, a))

    if odd_sum == even_sum:
        print(""YES"")
    elif odd_sum == 0 and even_sum != 0:
        colors = defaultdict(int)
        colors[0] += 1
        for num in a:
            if num % 2 == 1:
                colors[num] += 1
                colors[0] -= 1
                if colors[0] == 0:
                    print(""YES"")
                    return
        print(""NO"")
    elif odd_sum != 0 and even_sum == 0:
        colors = defaultdict(int)
        colors[0] += 1
        for num in a:
            if num % 2 == 0:
                colors[num] += 1
                colors[0] -= 1
                if colors[0] == 0:
                    print(""YES"")
                    return
        print(""NO"")
    else:
        print(""NO"")

# Test cases
",False,False,0,0.0
1857A,2,"['for loop', 'recursion']","['for loop', 'if statement', 'misc', 'tuple']","['for loop', 'if statement', 'matrix operation', 'tuple', 'misc']","import collections

def solve():
    t = int(input())
    for _ in range(t):
        n = int(input())
        a = list(map(int, input().split()))
        odd_sum = sum(filter(lambda x: x % 2, a))
        even_sum = sum(filter(lambda x: x % 2 == 0, a))
        if odd_sum == even_sum or (odd_sum and not even_sum):
            print(""YES"")
        else:
            print(""NO"")
",False,False,0,0.0
1857A,3,"['for loop', 'recursion', 'while loop']","['for loop', 'if statement', 'hashmap']","['for loop', 'if statement', 'matrix operation', 'tuple', 'misc']","import math

def solve():
    t = int(input())
    for _ in range(t):
        n = int(input())
        arr = list(map(int, input().split()))
        odd_sum = sum(filter(lambda x: x % 2 != 0, arr))
        even_sum = sum(filter(lambda x: x % 2 == 0, arr))
        if odd_sum == even_sum or (odd_sum + 1) == even_sum or (even_sum + 1) == odd_sum:
            print(""YES"")
        else:
            print(""NO"")
",False,False,1,0.3333333333333333
1857A,4,"['for loop', 'recursion', 'while loop', 'tuple']","['for loop', 'if statement', 'misc']","['for loop', 'if statement', 'matrix operation', 'tuple', 'misc']","import math

def solve():
    t = int(input())
    for _ in range(t):
        n = int(input())
        arr = list(map(int, input().split()))
        odd_sum = sum(filter(lambda x: x % 2 != 0, arr))
        even_sum = sum(filter(lambda x: x % 2 == 0, arr))
        if odd_sum == even_sum and (odd_sum or even_sum):
            print(""YES"")
        else:
            print(""NO"")
",False,False,0,0.0
1856A,0,['this is the og problem'],"['recursion', 'dynamic programming', 'if statement', 'divide & conquer']","['for loop', 'tuple', 'if statement', 'while loop', 'break statement', 'misc', 'Kadanes algorithm', 'continue statement']","import functools

def solve():
    @functools.lru_cache(maxsize=None)
    def count_ops(arr):
        if len(arr) == 1:
            return 0 if arr[0] == 0 else 1
        n = len(arr)
        left = count_ops(arr[:n // 2])
        right = count_ops(arr[n // 2:])
        return left + right + 1 if arr[n // 2] > arr[n // 2 + 1] else min(left, right)

    t = int(input())
    for _ in range(t):
        n = int(input())
        arr = list(map(int, input().split()))
        print(count_ops(arr))

",False,True,3,0.75
1856A,1,['if statement'],"['recursion', 'if statement']","['for loop', 'tuple', 'if statement', 'while loop', 'break statement', 'misc', 'Kadanes algorithm', 'continue statement']","import functools

def solve():
    @functools.lru_cache(maxsize=None)
    def count_ops(arr):
        if len(arr) == 1:
            return 0 if arr[0] == 0 else 1
        return 1 + count_ops([max(0, x - 1) for x in arr])

    t = int(input())
    for _ in range(t):
        n = int(input())
        arr = list(map(int, input().split()))
        print(count_ops(arr))

",False,False,1,0.5
1856A,2,"['if statement', 'matrix operation']","['for loop', 'while loop', 'break statement']","['for loop', 'tuple', 'if statement', 'while loop', 'break statement', 'misc', 'Kadanes algorithm', 'continue statement']","import sys
from functools import reduce

def solve():
    t = int(input())
    for _ in range(t):
        n = int(input())
        a = list(map(int, input().split()))
        operations = 0
        while True:
            next_a = [max(0, x - 1) for x in a]
            if a == next_a:
                break
            a = next_a
            operations += 1
        print(operations)

",False,True,0,0.0
1856A,3,"['if statement', 'matrix operation', 'for loop']","['recursion', 'dynamic programming']","['for loop', 'tuple', 'if statement', 'while loop', 'break statement', 'misc', 'Kadanes algorithm', 'continue statement']","import functools

def solve():
    @functools.lru_cache(maxsize=None)
    def max_down(arr, n):
        if n == 1:
            return 0 if arr[0] == 0 else 1
        return max_down(arr[:n-1], n-1) + (1 if arr[n-1] > max(arr[:n]) else 0)

    def solve_case(arr):
        return max_down(arr, len(arr))

    t = int(input())
    for _ in range(t):
        n = int(input())
        arr = list(map(int, input().split()))
        print(solve_case(arr))

",False,True,2,1.0
1856A,4,"['if statement', 'matrix operation', 'for loop', 'while loop']","['recursion', 'for loop', 'if statement', 'dynamic programming', 'matrix operation']","['for loop', 'tuple', 'if statement', 'while loop', 'break statement', 'misc', 'Kadanes algorithm', 'continue statement']","import functools

def solve():
    @functools.lru_cache(maxsize=None)
    def max_down(arr, n):
        if n == 1:
            return 0 if arr[0] == 0 else 1
        count = 0
        for i in range(1, n):
            if arr[i] < arr[i - 1]:
                count += max_down(arr, i)
                arr[i] = max(0, arr[i] - 1)
        return count + max_down(arr, n - 1) if arr[-1] != 0 else count

    t = int(input())
    for _ in range(t):
        n = int(input())
        arr = list(map(int, input().split()))
        print(max_down(arr, n))

",False,False,3,0.6
1856A,5,"['if statement', 'matrix operation', 'for loop', 'while loop', 'recursion']","['while loop', 'if statement']","['for loop', 'tuple', 'if statement', 'while loop', 'break statement', 'misc', 'Kadanes algorithm', 'continue statement']","from typing import List

def solve():
    def max_decrement(arr: List[int]):
        count = 0
        while True:
            new_arr = [max(0, x - 1) for x in arr]
            if arr == new_arr:
                return count
            arr = new_arr
            count += 1

    t = int(input())
    for _ in range(t):
        n = int(input())
        arr = list(map(int, input().split()))
        print(max_decrement(arr))

",False,False,0,0.0
1855A,0,['this is the og problem'],"['for loop', 'dictionary', 'if statement']","['while loop', 'if statement', 'for loop', 'misc', 'tuple']","from collections import Counter

def solve():
    n = int(input())
    p = list(map(int, input().split()))
    c = Counter(p)
    count = 0
    for i in range(1, n+1):
        if c[i] != 1:
            count += c[i] - 1
            c[i] = 1
    print(count)
",False,True,1,0.3333333333333333
1855A,1,['hashmap'],['for loop'],"['while loop', 'if statement', 'for loop', 'misc', 'tuple']","import itertools

def solve():
    n = int(input())
    students = list(map(int, input().split()))
    permutation = list(range(1, n+1))

    # Find the index of the first student that is not in the correct position
    for i in range(n):
        if students[i] != permutation[i]:
            break

    # Swap the student with the correct position and the student found above
    students[i], permutation[i] = permutation[i], students[i]

    # Swap the students in pairs until all students are in the correct position
    for operation in itertools.islice(itertools.permutations(range(n)), n//2):
        for i in range(n):
            if students[i] != permutation[i]:
                students[i], students[i + operation[i]] = students[i + operation[i]], students[i]
                permutation[i], permutation[i + operation[i]] = permutation[i + operation[i]], permutation[i]

    print(len(list(filter(lambda x: x != x[0], enumerate(zip(students, permutation))))))

",False,True,0,0.0
1855A,2,"['hashmap', 'for loop']",['for loop'],"['while loop', 'if statement', 'for loop', 'misc', 'tuple']","import itertools

def solve():
    n = int(input())
    students = list(map(int, input().split()))
    permutation = list(range(1, n+1))

    # Find the index of the first student that is not in the correct position
    for i in range(n):
        if students[i] != permutation[i]:
            break

    # Swap the student with the correct position and the student found above
    students[i], permutation[i] = permutation[i], students[i]

    # Swap the students in pairs until they are all in the correct position
    for pair in itertools.pairwise(students):
        if pair[0] != pair[1]:
            students[pair.index0], students[pair.index1] = students[pair.index1], students[pair.index0]

    print(len(list(filter(lambda x: x != x[0], enumerate(students)))))

",False,False,0,0.0
1855A,3,"['hashmap', 'for loop', 'if statement']","['if statement', 'for loop', 'dictionary', 'hashmap']","['while loop', 'if statement', 'for loop', 'misc', 'tuple']","from collections import Counter

def solve():
    n = int(input())
    p = list(map(int, input().split()))
    c = Counter(p)
    count = 0
    for i in range(1, n+1):
        if i != p[i-1] and c[i] > 1:
            count += c[i] - 1
            c[i] -= (c[i] - 1)
    print(count)
",False,False,2,0.5
1855A,4,"['hashmap', 'for loop', 'if statement', 'recursion']",['dictionary'],"['while loop', 'if statement', 'for loop', 'misc', 'tuple']","from collections import Counter

def solve():
    n = int(input())
    students = list(map(int, input().split()))
    counter = Counter(students)
    moves = 0

    for student, count in counter.items():
        if student != count:
            moves += count - 1

    print(moves)
",True,True,1,1.0
1855A,5,"['hashmap', 'for loop', 'if statement', 'recursion', 'continue statement']",['for loop'],"['while loop', 'if statement', 'for loop', 'misc', 'tuple']","from collections import Counter

def solve():
    n = int(input())
    students = list(map(int, input().split()))
    counter = Counter(students)
    count = 0

    for student, count_student in counter.items():
        if student != count_student:
            count += count_student - 1

    print(count)
",True,False,0,0.0
1853A,0,['this is the og problem'],"['if statement', 'for loop']","['for loop', 'if statement', 'while loop', 'dictionary', 'tuple']","import sys

def solve():
    t = int(input())
    for _ in range(t):
        n = int(input())
        a = list(map(int, input().split()))
        if all(a[i] <= a[i+1] for i in range(n-1)):
            print(0)
        else:
            operations = 0
            for i in range(1, n):
                if a[i] < a[i-1]:
                    operations += 1
                    a[0] += 1
                    for j in range(1, i+1):
                        a[j] -= 1
                    a[i+1:] = [x - 1 for x in a[i+1:]]
            print(operations)

",False,True,0,0.0
1853A,1,['if statement'],"['for loop', 'if statement']","['for loop', 'if statement', 'while loop', 'dictionary', 'tuple']","from typing import List

def solve():
    def is_sorted(arr: List[int]):
        for i in range(1, len(arr)):
            if arr[i] < arr[i - 1]:
                return False
        return True

    def min_ops(arr: List[int]):
        n = len(arr)
        if is_sorted(arr):
            return 0
        ops = float('inf')
        for i in range(1, n):
            left_sum = sum(arr[:i])
            right_sum = sum(arr[i:])
            diff = left_sum - right_sum + 1
            ops = min(ops, diff)
            arr[i] += diff
            arr[i + 1:] = [x - diff for x in arr[i + 1:]]
        return ops

    t = int(input())
    for _ in range(t):
        n = int(input())
        arr = list(map(int, input().split()))
        print(min_ops(arr))

",False,False,0,0.0
1853A,2,"['if statement', 'while loop']","['recursion', 'if statement', 'for loop', 'dictionary']","['for loop', 'if statement', 'while loop', 'dictionary', 'tuple']","import functools
from typing import List

def solve():
    @functools.lru_cache(maxsize=None)
    def min_ops(arr, n, i):
        if i == n:
            return 0
        if arr[i] > arr[i + 1]:
            return float('inf')
        min_val = float('inf')
        for j in range(i + 1, n):
            if arr[j] < arr[i]:
                min_val = min(min_val, 1 + min_ops(arr, n, j))
        if min_val == float('inf'):
            return 1 + min_ops(arr[:i] + [arr[i] + 1] + arr[i + 1:], n, i + 1)
        return 1 + min_val

    t = int(input())
    for _ in range(t):
        n = int(input())
        arr = list(map(int, input().split()))
        print(min_ops(arr, n, 0))

",False,False,1,0.25
1853A,3,"['if statement', 'while loop', 'match statement']",['for loop'],"['for loop', 'if statement', 'while loop', 'dictionary', 'tuple']","import sys
from functools import reduce

def solve():
    def is_sorted(arr):
        return all(arr[i] <= arr[i+1] for i in range(len(arr)-1))

    def min_ops(arr):
        if not is_sorted(arr):
            return 0
        n = len(arr)
        ops = [[0] * n for _ in range(n)]
        for i in range(1, n):
            for j in range(i):
                if arr[i] < arr[j]:
                    ops[i][j] = 1 + ops[j][i-1]
        return min(ops[n-1])

    t = int(input())
    for _ in range(t):
        n = int(input())
        arr = list(map(int, input().split()))
        print(min_ops(arr))

",False,True,0,0.0
1853A,4,"['if statement', 'while loop', 'match statement', 'tuple']","['if statement', 'for loop', 'heap']","['for loop', 'if statement', 'while loop', 'dictionary', 'tuple']","import sys
import heapq

def solve():
    t = int(input())
    for _ in range(t):
        n = int(input())
        a = list(map(int, input().split()))
        a.insert(0, float('-inf'))
        a.append(float('inf'))
        heapq.heapify(a)
        operations = 0
        for i in range(1, n):
            if a[i] - a[i - 1] == 1:
                heapq.heappop(a)
                operations += 1
            else:
                break
        if a[1] - a[0] == -1:
            operations += 1
        print(operations)

",False,False,1,0.3333333333333333
1853A,5,"['if statement', 'while loop', 'match statement', 'tuple', 'set']","['for loop', 'if statement']","['for loop', 'if statement', 'while loop', 'dictionary', 'tuple']","from typing import List

def solve():
    def is_sorted(arr: List[int]):
        for i in range(1, len(arr)):
            if arr[i] < arr[i - 1]:
                return False
        return True

    def min_ops(arr: List[int]):
        n = len(arr)
        if n == 1:
            return 0
        if is_sorted(arr):
            return 1
        min_ops_list = [0] * n
        for i in range(1, n):
            min_ops_list[i] = min_ops_list[i - 1] + 1
            if arr[i] > arr[i - 1]:
                min_ops_list[i] = min(min_ops_list[i], min_ops(arr[:i] + [arr[i] - 1] + arr[i + 1:]))
            if arr[i] < arr[i - 1]:
                min_ops_list[i] = min(min_ops_list[i], min_ops(arr[:i] + [arr[i] + 1] + arr[i + 1:]))
        return min_ops_list[-1]

    test_cases = int(input())
    for _ in range(test_cases):
        n = int(input())
        arr = list(map(int, input().split()))
        print(min_ops(arr))

",False,False,0,0.0
1851B,0,['this is the og problem'],"['for loop', 'if statement']","['for loop', 'if statement', 'break statement', 'sorting', 'tuple', 'continue statement', 'misc', 'while loop', 'hashmap']","import functools

def solve():
    t = int(input())
    for _ in range(t):
        n = int(input())
        a = list(map(int, input().split()))
        odd_count, even_count = 0, 0
        for num in a:
            if num % 2 == 1:
                odd_count += 1
            else:
                even_count += 1
        if odd_count <= 1 and even_count <= 1:
            print(""YES"")
        else:
            print(""NO"")

",False,True,0,0.0
1851B,1,['if statement'],['for loop'],"['for loop', 'if statement', 'break statement', 'sorting', 'tuple', 'continue statement', 'misc', 'while loop', 'hashmap']","import functools
from collections import defaultdict
from typing import List

def solve():
    n_test_cases = int(input())

    for _ in range(n_test_cases):
        n = int(input())
        a = list(map(int, input().split()))
        odd, even = defaultdict(int), defaultdict(int)

        for num in a:
            if num % 2 == 1:
                odd[num] += 1
            else:
                even[num] += 1

        if functools.reduce(lambda x, y: x and y, odd.values()) and functools.reduce(lambda x, y: x and y, even.values()):
            print(""YES"")
        else:
            print(""NO"")

",False,True,0,0.0
1851B,2,"['if statement', 'tuple']","['if statement', 'for loop', 'sorting']","['for loop', 'if statement', 'break statement', 'sorting', 'tuple', 'continue statement', 'misc', 'while loop', 'hashmap']","import functools

def solve():
    def parity_sort(arr):
        even = []
        odd = []
        for num in arr:
            if num % 2 == 0:
                even.append(num)
            else:
                odd.append(num)
        return sorted(even) + sorted(odd)

    t = int(input())
    for _ in range(t):
        n = int(input())
        arr = list(map(int, input().split()))
        result = functools.reduce(lambda x, y: x and parity_sort(x) == sorted(y), [arr], True)
        print(""YES"" if result else ""NO"")

",False,False,0,0.0
1851B,3,"['if statement', 'tuple', 'for loop']","['for loop', 'dictionary', 'if statement']","['for loop', 'if statement', 'break statement', 'sorting', 'tuple', 'continue statement', 'misc', 'while loop', 'hashmap']","import functools
from collections import defaultdict
from typing import List

def solve():
    n = int(input())
    for _ in range(n):
        a = list(map(int, input().split()))
        parity = defaultdict(int)
        for num in a:
            parity[num % 2] += 1
        odd = parity[1]
        even = parity[0]
        if odd > 1 or (odd == 1 and even > 0):
            print(""YES"")
        else:
            print(""NO"")

",False,False,1,0.3333333333333333
1851B,4,"['if statement', 'tuple', 'for loop', 'sorting']","['for loop', 'if statement']","['for loop', 'if statement', 'break statement', 'sorting', 'tuple', 'continue statement', 'misc', 'while loop', 'hashmap']","import functools
from typing import List

def solve():
    t = int(input())
    for _ in range(t):
        n = int(input())
        a = list(map(int, input().split()))
        odd, even = [], []
        for num in a:
            if num % 2 == 0:
                even.append(num)
            else:
                odd.append(num)
        if len(odd) <= 1 or len(even) <= 1:
            print(""YES"")
        else:
            print(""NO"")

",False,False,0,0.0
1851B,5,"['if statement', 'tuple', 'for loop', 'sorting', 'while loop']","['for loop', 'if statement', 'sorting']","['for loop', 'if statement', 'break statement', 'sorting', 'tuple', 'continue statement', 'misc', 'while loop', 'hashmap']","import functools

def solve():
    def parity_sort(arr):
        even = []
        odd = []
        for num in arr:
            if num % 2 == 0:
                even.append(num)
            else:
                odd.append(num)
        return sorted(even) + sorted(odd)

    t = int(input())
    for _ in range(t):
        n = int(input())
        arr = list(map(int, input().split()))
        result = functools.reduce(lambda x, y: x and parity_sort(x) == sorted(y), [arr], True)
        print(""YES"" if result else ""NO"")
",False,False,0,0.0
1851A,0,['this is the og problem'],"['if statement', 'for loop']","['for loop', 'if statement', 'tuple', 'while loop', 'matrix operation', 'continue statement']","def solve():
    t = int(input())
    for _ in range(t):
        n, m, k, H = map(int, input().split())
        heights = list(map(int, input().split()))
        conversations = 0
        for i in range(n):
            for j in range(i+1, n):
                if abs(heights[i] - heights[j]) == abs(m - (i - j) * k) and abs(heights[i] - H) <= abs(m - (i - j) * k):
                    conversations += 1
        print(conversations)
",False,True,0,0.0
1851A,1,['if statement'],"['if statement', 'for loop', 'tuple', 'dictionary']","['for loop', 'if statement', 'tuple', 'while loop', 'matrix operation', 'continue statement']","from collections import defaultdict

def solve():
    t = int(input())
    for _ in range(t):
        n, m, k, H = map(int, input().split())
        heights = list(map(int, input().split()))
        height_diff = [(i * k) for i in range(1, m + 1)]
        height_diff.append(height_diff[-1] + k)
        conversations = defaultdict(int)
        for i in range(n):
            for j in range(1, m + 1):
                if (j - 1) in height_diff and abs(heights[i] - height_diff[j - 1]) == H:
                    conversations[i + 1] += 1
                    break
        print(sum(conversations.values()))

",False,False,1,0.25
1851A,2,"['if statement', 'dictionary']","['for loop', 'if statement', 'tuple', 'matrix operation']","['for loop', 'if statement', 'tuple', 'while loop', 'matrix operation', 'continue statement']","import math

def solve():
    t = int(input())
    for _ in range(t):
        n, m, k, H = map(int, input().split())
        heights = list(map(int, input().split()))
        conversations = 0
        for i in range(n):
            for j in range(i+1, n):
                if abs(heights[i] - heights[j]) == abs(m - math.gcd(m, i - j)) * k:
                    conversations += 1
        print(conversations)
",False,False,0,0.0
1851A,3,"['if statement', 'dictionary', 'tuple']","['for loop', 'if statement', 'tuple']","['for loop', 'if statement', 'tuple', 'while loop', 'matrix operation', 'continue statement']","import math

def solve():
    t = int(input())
    for _ in range(t):
        n, m, k, H = map(int, input().split())
        heights = list(map(int, input().split()))
        conversations = 0
        for i in range(n):
            for j in range(i+1, n):
                if abs(heights[i] - heights[j]) == abs(m - math.gcd(m, i - j)) * k:
                    conversations += 1
        print(conversations)
",False,False,0,0.0
1851A,4,"['if statement', 'dictionary', 'tuple', 'for loop']","['for loop', 'if statement', 'tuple', 'matrix operation']","['for loop', 'if statement', 'tuple', 'while loop', 'matrix operation', 'continue statement']","import math

def solve():
    t = int(input())
    for _ in range(t):
        n, m, k, H = map(int, input().split())
        heights = list(map(int, input().split()))
        conversations = 0
        for i in range(n):
            for j in range(i+1, n):
                if abs(heights[i] - heights[j]) == abs(m - math.gcd(m, i - j)) * k:
                    conversations += 1
        print(conversations)
",False,False,0,0.0
1850C,0,['this is the og problem'],"['for loop', 'if statement', 'break statement']","['for loop', 'if statement', 'tuple', 'matrix operation', 'while loop', 'set', 'misc']","import itertools

def solve():
    for _ in range(int(input())):
        grid = [list(input()) for _ in range(8)]
        for col in range(8):
            word = ''.join(filter(lambda x: x != '.', grid[col]))
            if all(word[i] == word[0] for i in range(1, len(word))):
                print(word)
                break

",False,True,1,0.3333333333333333
1850C,1,['for loop'],"['for loop', 'if statement', 'recursion', 'matrix operation']","['for loop', 'if statement', 'tuple', 'matrix operation', 'while loop', 'set', 'misc']","import itertools

def solve():
    def find_word(grid):
        for row in grid:
            for letter in row:
                if letter.isalpha():
                    yield letter
                    for col in range(len(grid[0])):
                        if col != len(row) - 1 and grid[row.index(letter) + 1][col] == letter:
                            yield from find_word(grid[:row.index(letter) + 1])
                        elif col != 0 and grid[row.index(letter) - 1][col] == letter:
                            yield from find_word(grid[row.index(letter) - 1:])
                        else:
                            break

    t = int(input())
    for _ in range(t):
        grid = [list(input().strip()) for _ in range(8)]
        word = list(find_word(grid))
        print(''.join(word))

",False,False,1,0.25
1850C,2,"['for loop', 'if statement']","['recursion', 'matrix operation']","['for loop', 'if statement', 'tuple', 'matrix operation', 'while loop', 'set', 'misc']","import itertools

def solve():
    def find_word(grid):
        for word in itertools.product(string.ascii_lowercase, repeat=8):
            if all(all(grid[i][j] == word[j] for j in range(8)) for i in range(8)):
                return ''.join(word)
        return None

    t = int(input())
    for _ in range(t):
        grid = [list(input().strip()) for _ in range(8)]
        word = find_word(grid)
        if word:
            print(word)
        else:
            print(""No word found."")
",False,True,1,0.5
1850C,3,"['for loop', 'if statement', 'while loop']",['for loop'],"['for loop', 'if statement', 'tuple', 'matrix operation', 'while loop', 'set', 'misc']","import itertools

def solve():
    def find_word(grid):
        for word_length in range(1, 9):
            for word in itertools.product(grid[0], repeat=word_length) if all(x == grid[0][0] for x in word):
                for row in range(1, 8):
                    if all(grid[row][col] == word[col - row] for col in range(word_length, 8 - row, -1)):
                        return word
        return None

    t = int(input())
    for _ in range(t):
        grid = [list(input().strip()) for _ in range(8)]
        word = find_word(grid)
        if word:
            print(word)
        else:
            print(""No word found"")
",False,False,0,0.0
1850C,4,"['for loop', 'if statement', 'while loop', 'tuple']","['recursion', 'matrix operation']","['for loop', 'if statement', 'tuple', 'matrix operation', 'while loop', 'set', 'misc']","import itertools

def solve():
    def find_word(grid):
        for row in grid:
            for letter in row:
                if letter.isalpha():
                    start_col = grid.index(row)
                    word = []
                    for col in range(start_col, 8):
                        if grid[col][row] == letter:
                            word.append(letter)
                        elif grid[col][row] != '.':
                            return None
                    return ''.join(word)
        return None

    test_cases = int(input())
    for _ in range(test_cases):
        grid = [list(input().strip()) for _ in range(8)]
        word = find_word(grid)
        if word is not None:
            print(word)

",False,True,1,0.5
1850B,0,['this is the og problem'],"['for loop', 'tuple', 'heap']","['for loop', 'if statement', 'tuple', 'sorting', 'while loop', 'hashmap']","import heapq

def solve():
    def read_input():
        t = int(input())
        for _ in range(t):
            n = int(input())
            responses = []
            for _ in range(n):
                a, b = map(int, input().split())
                responses.append((a, b))
            return n, responses

    def find_winner(n, responses):
        max_quality = -1
        winner = None
        for a, b in responses:
            if a > 10:
                continue
            if b > max_quality:
                max_quality = b
                winner = a
        return winner

    for test_case in read_input():
        winner = find_winner(test_case[0], test_case[1])
        print(winner)
",False,True,1,0.3333333333333333
1850B,1,['if statement'],"['for loop', 'tuple', 'heap']","['for loop', 'if statement', 'tuple', 'sorting', 'while loop', 'hashmap']","import heapq

def solve():
    def read_input():
        t = int(input())
        for _ in range(t):
            n = int(input())
            responses = []
            for _ in range(n):
                a, b = map(int, input().split())
                responses.append((a, b))
            return n, responses

    def find_winner(n, responses):
        heap = []
        for a, b in responses:
            if a > 10:
                continue
            heapq.heappush(heap, (-b, a))
        return heap[0][1] + 1

    for test_case in read_input():
        print(find_winner(*test_case))
",False,True,1,0.3333333333333333
1850B,2,"['if statement', 'tuple']",['for loop'],"['for loop', 'if statement', 'tuple', 'sorting', 'while loop', 'hashmap']","import heapq

def solve():
    def compare(a, b):
        if a[1] == b[1]:
            return a[0] < b[0]
        return a[1] > b[1]

    def process_input(lines):
        responses = []
        for line in lines:
            a, b = map(int, line.split())
            responses.append((a, b))
        return responses

    def find_winner(responses):
        short_responses = [r for r in responses if r[0] <= 10]
        heapq.heapify(short_responses, key=lambda x: (-x[1], x[0]))
        winner = None
        max_quality = float('-inf')
        while short_responses:
            response, _ = heapq.heappop(short_responses)
            if response[1] > max_quality:
                max_quality = response[1]
                winner = response[0]
        return winner

    t = int(input())
    for _ in range(t):
        n = int(input())
        lines = [input().split() for _ in range(n)]
        winner = find_winner(process_input(lines))
        print(winner)

",False,True,0,0.0
1850B,3,"['if statement', 'tuple', 'for loop']","['heap', 'if statement']","['for loop', 'if statement', 'tuple', 'sorting', 'while loop', 'hashmap']","import heapq

def solve():
    def compare(a, b):
        if a[1] == b[1]:
            return a[0] < b[0]
        return a[1] > b[1]

    def find_winner(responses):
        heap = []
        for response in responses:
            if response[0] > 10:
                continue
            heapq.heappush(heap, (response[0], response[1], response[2]))
        return heapq.heappop(heap)[2] + 1

    t = int(input())
    for _ in range(t):
        n = int(input())
        responses = []
        for _ in range(n):
            a, b = map(int, input().split())
            responses.append((a, b, _ + 1))
        print(find_winner(responses))
",False,False,1,0.5
1850B,4,"['if statement', 'tuple', 'for loop', 'while loop']",['for loop'],"['for loop', 'if statement', 'tuple', 'sorting', 'while loop', 'hashmap']","import heapq

def solve():
    def compare(a, b):
        if a[1] == b[1]:
            return a[0] < b[0]
        return a[1] > b[1]

    def process_input(lines):
        responses = []
        for line in lines:
            length, quality = map(int, line.split())
            responses.append((length, quality))
        return responses

    def find_winner(responses):
        short_responses = [r for r in responses if r[0] <= 10]
        heapq.heapify(short_responses)
        winner = None
        max_quality = float('-inf')
        while short_responses:
            length, quality = heapq.heappop(short_responses)
            if quality > max_quality:
                max_quality = quality
                winner = (length, quality)
        return winner[1]

    t = int(input())
    for _ in range(t):
        n = int(input())
        lines = [input().split() for _ in range(n)]
        responses = process_input(lines)
        winner = find_winner(responses)
        print(winner)

",False,False,0,0.0
1850B,5,"['if statement', 'tuple', 'for loop', 'while loop', 'recursion']",['for loop'],"['for loop', 'if statement', 'tuple', 'sorting', 'while loop', 'hashmap']","import heapq

def solve():
    def compare(a, b):
        if a[1] == b[1]:
            return a[0] < b[0]
        return a[1] > b[1]

    def find_winner():
        max_heap = []
        for i in range(1, n + 1):
            if a[i] <= 10:
                heapq.heappush(max_heap, (a[i], b[i]))
        return heapq.heappop(max_heap)[0]

    while True:
        t = int(input())
        if not t:
            break
        n = int(input())
        a = [0] * (n + 1)
        b = [0] * (n + 1)
        for i in range(1, n + 1):
            a[i], b[i] = map(int, input().split())
        winner = find_winner()
        print(winner)

",False,False,0,0.0
1850A,0,['this is the og problem'],"['for loop', 'if statement']","['for loop', 'if statement', 'tuple', 'set', 'sorting', 'misc', 'matrix operation']","def solve():
    for _ in range(int(input())):
        a, b, c = map(int, input().split())
        if max(a, b, c) >= 8:
            print(""YES"")
        elif a + b >= 10 or b + c >= 10 or a + c >= 10:
            print(""YES"")
        else:
            print(""NO"")
",True,True,0,0.0
1850A,1,['for loop'],"['if statement', 'tuple']","['for loop', 'if statement', 'tuple', 'set', 'sorting', 'misc', 'matrix operation']","def solve(nums):
    a, b, c = nums
    if max(a, b, c) >= 8:
        return ""YES""
    if a + b >= 10 or b + c >= 10 or a + c >= 10:
        return ""YES""
    return ""NO""
",False,True,0,0.0
1850A,2,"['for loop', 'while loop']",['for loop'],"['for loop', 'if statement', 'tuple', 'set', 'sorting', 'misc', 'matrix operation']","def solve():
    def check_pair(a, b, c):
        return max(a, b, c) + min(a, b, c) >= 10

    while True:
        try:
            t = int(input())
            for _ in range(t):
                a, b, c = map(int, input().split())
                if check_pair(a, b, c):
                    print(""YES"")
                else:
                    print(""NO"")
        except EOFError:
            break
",False,False,0,0.0
1850A,3,"['for loop', 'while loop', 'if statement']","['for loop', 'if statement']","['for loop', 'if statement', 'tuple', 'set', 'sorting', 'misc', 'matrix operation']","def solve():
    for _ in range(int(input())):
        a, b, c = map(int, input().split())
        if max(a, b, c) >= 8:
            print(""YES"")
        elif a + b >= 10 or b + c >= 10 or a + c >= 10:
            print(""YES"")
        else:
            print(""NO"")
",True,False,0,0.0
1849A,0,['this is the og problem'],"['if statement', 'for loop']","['for loop', 'tuple', 'if statement', 'misc', 'matrix operation', 'while loop', 'hashmap']","def solve():
    testcases = int(input())
    for _ in range(testcases):
        b, c, h = map(int, input().split())
        layers = max(b, c, h)
        if layers % 2 == 1:
            layers -= 1
        if b > layers:
            layers += (b - layers) // 2
        if c > layers:
            layers += (c - layers) // 2
        if h > layers:
            layers += (h - layers) // 2
        print(layers)
",False,True,0,0.0
1849A,1,['if statement'],['for loop'],"['for loop', 'tuple', 'if statement', 'misc', 'matrix operation', 'while loop', 'hashmap']","def solve():
    def max_layers(bread, cheese, ham):
        # Base cases for 0 slices of bread, cheese, or ham
        if not bread or not cheese and not ham:
            return 0
        if not bread:
            return max(max_layers(cheese, ham, 0), max_layers(0, cheese, ham))
        if not cheese and not ham:
            return 1

        # Recursive cases for each slice of cheese or ham
        max_layers_with_cheese = max_layers(bread - 2, cheese - 1, ham)
        max_layers_with_ham = max_layers(bread - 2, cheese, ham - 1)

        # Return the maximum number of layers between the two recursive cases
        return max(max_layers_with_cheese, max_layers_with_ham)

    # Read the number of test cases
    t = int(input())

    # Iterate through the test cases
    for _ in range(t):
        b, c, h = map(int, input().split())
        print(max_layers(b, c, h))

",False,True,0,0.0
1849A,2,"['if statement', 'tuple']","['if statement', 'recursion', 'if statement']","['for loop', 'tuple', 'if statement', 'misc', 'matrix operation', 'while loop', 'hashmap']","from typing import List

def solve():
    def max_layers(bread, cheese, ham):
        max_layers = min(bread, cheese + ham)
        if max_layers == 1:
            return max_layers
        return 2 * max_layers - (cheese + ham)

    t = int(input())
    for _ in range(t):
        b, c, h = map(int, input().split())
        print(max_layers(b, c, h))
",False,False,1,0.3333333333333333
1849A,3,"['if statement', 'tuple', 'two pointers']",['recursion'],"['for loop', 'tuple', 'if statement', 'misc', 'matrix operation', 'while loop', 'hashmap']","def solve():
    def max_layers(bread, cheese, ham):
        if not bread and not cheese and not ham:
            return 0
        if not bread:
            return max(max_layers(cheese, ham, 0), max_layers(0, cheese, ham + 1))
        if not cheese:
            return max(max_layers(bread - 1, ham, 0), max_layers(bread, ham - 1, 1))
        if not ham:
            return max(max_layers(bread, cheese - 1, 0), max_layers(bread - 1, cheese, 1))
        return max(max_layers(bread - 1, cheese - 1, ham), max_layers(bread, cheese, ham - 1))

    for _ in range(int(input())):
        b, c, h = map(int, input().split())
        print(max_layers(b, c, h))
",False,True,1,1.0
1849A,4,"['if statement', 'tuple', 'two pointers', 'for loop']",['for loop'],"['for loop', 'tuple', 'if statement', 'misc', 'matrix operation', 'while loop', 'hashmap']","def solve():
    def max_layers(b, c, h):
        return max(b // 2 + c // 2 + h // 2, b, c, h)

    t = int(input())
    for _ in range(t):
        b, c, h = map(int, input().split())
        print(max_layers(b, c, h))
",False,False,0,0.0
1847A,0,['this is the og problem'],['for loop'],"['for loop', 'tuple', 'sorting', 'if statement', 'matrix operation', 'set', 'dictionary']","import sys
import math

def solve():
    t = int(input())
    for _ in range(t):
        n, k = map(int, input().split())
        a = list(map(int, input().split()))
        a.insert(0, 0)
        a.append(math.inf)
        groups = []
        total_power = 0
        for i in range(1, n + 1):
            if not groups or a[i] - a[groups[-1][-1]] > a[groups[-1][0]] - a[groups[-1][-1]]:
                groups.append([i])
                total_power += a[i] - a[i - 1]
            else:
                groups[-1].append(i)
                total_power += a[i] - a[groups[-1][-1]]
        if len(groups) < k:
            print(-1)
            continue
        groups = groups[:k - 1]
        total_power += sum([sum(abs(a[r[0]] - a[r[-1]]) for r in groups)])
        print(total_power)

",False,True,0,0.0
1847A,1,['continue statement'],"['for loop', 'if statement', 'matrix operation', 'dynamic programming', 'misc']","['for loop', 'tuple', 'sorting', 'if statement', 'matrix operation', 'set', 'dictionary']","import sys
import math

def solve():
    t = int(input())
    for _ in range(t):
        n, k = map(int, input().split())
        a = list(map(int, input().split()))
        a.insert(0, 0)
        a.append(math.inf)
        dp = [0] * (n + 1)
        for i in range(1, n + 1):
            dp[i] = dp[i - 1] + abs(a[i] - a[i - 1])
        groups = []
        total = float('inf')
        for i in range(1, n):
            for j in range(i + 1, n):
                if len(groups) < k - 1:
                    groups.append((i, j))
                    new_dp = [0] * (n + 1)
                    for l in range(1, n + 1):
                        if l < i:
                            new_dp[l] = dp[l]
                        elif l > j:
                            new_dp[l] = dp[l]
                        else:
                            new_dp[l] = dp[i - 1] + dp[j + 1] - dp[l]
                    total = min(total, sum(new_dp[i + 1: j + 1]) + dp[j + 1])
        print(total)

",False,True,2,0.4
1847A,2,"['continue statement', 'matrix operation']","['if statement', 'for loop', 'tuple', 'break statement', 'if statement', 'for loop', 'tuple', 'break statement']","['for loop', 'tuple', 'sorting', 'if statement', 'matrix operation', 'set', 'dictionary']","import sys
import math

def solve():
    t = int(input())
    for _ in range(t):
        n, k = map(int, input().split())
        a = list(map(int, input().split()))
        a.insert(0, 0)
        a.append(math.inf)
        groups = []
        total_power = 0
        start = 0
        for i in range(1, n + 1):
            while len(groups) < k - 1:
                end = min(n, i + 1)
                power = sum(abs(a[start + j] - a[end]) for j in range(start, end))
                total_power += power
                groups.append((start, end))
                start = end
            if len(groups) == k - 1:
                break
            start = end + 1
        print(total_power)

",False,True,1,0.125
1847A,3,"['continue statement', 'matrix operation', 'for loop']",['for loop'],"['for loop', 'tuple', 'sorting', 'if statement', 'matrix operation', 'set', 'dictionary']","import sys
import operator

def solve():
    t = int(input())
    for _ in range(t):
        n, k = map(int, input().split())
        a = list(map(int, input().split()))
        a.insert(0, 0)
        a.append(sys.maxsize)
        groups = sorted(list(range(1, n + 1)), key=lambda x: (a[x] - a[x - 1]))
        groups = [groups[i] for i in range(k - 1) if i + 1 < len(groups)]
        result = sum(sum(abs(a[groups[i] - 1] - a[groups[i]]) for i in range(len(groups))) for j in range(len(groups) - 1))
        print(result)

",False,False,0,0.0
1847A,4,"['continue statement', 'matrix operation', 'for loop', 'if statement']","['for loop', 'recursion', 'dynamic programming', 'tuple']","['for loop', 'tuple', 'sorting', 'if statement', 'matrix operation', 'set', 'dictionary']","import math
import functools

def solve():
    t = int(input())
    for _ in range(t):
        n, k = map(int, input().split())
        a = list(map(int, input().split()))
        a.insert(0, 0)
        a.append(math.inf)
        @functools.lru_cache(maxsize=None)
        def f(i, j):
            if i == j:
                return 0
            return sum(abs(a[i] - a[i + 1]) for i in range(i, j))

        @functools.lru_cache(maxsize=None)
        def dp(i, k):
            if i == k:
                return 0
            res = math.inf
            for j in range(i + 1, n):
                res = min(res, dp(j, k) + f(i, j))
            return res + f(i, n)

        print(dp(1, k))

",False,False,2,0.5
1846B,0,['this is the og problem'],"['if statement', 'for loop', 'matrix operation']","['if statement', 'for loop', 'while loop', 'matrix operation', 'break statement', 'recursion', 'hashmap', 'misc', 'tuple', 'queue']","def solve():
    def check_win(board, symbol):
        for i in range(3):
            if all([board[i][j] == symbol for j in range(3)]):
                return symbol
            if all([board[j][i] == symbol for j in range(3)]):
                return symbol
        if all([board[i][i] == symbol for i in range(3)]) or all([board[i][2-i] == symbol for i in range(3)]):
            return symbol
        return None

    t = int(input())
    for _ in range(t):
        board = [list(input().strip()) for _ in range(3)]
        winner = check_win(board, 'X')
        if winner == 'X':
            print('X')
        elif winner == 'O':
            print('O')
        elif winner == '+':
            print('+')
        else:
            print('DRAW')
",False,True,0,0.0
1846B,1,['if statement'],"['if statement', 'for loop', 'tuple', 'matrix operation']","['if statement', 'for loop', 'while loop', 'matrix operation', 'break statement', 'recursion', 'hashmap', 'misc', 'tuple', 'queue']","import itertools

def solve():
    t = int(input())
    for _ in range(t):
        board = [list(input().strip()) for _ in range(3)]
        winners = [(x, y) for x, row in enumerate(board) for y, cell in enumerate(row) if cell in ('X', 'O', '+')]
        if winners:
            symbol = winners[0][0] + 1 if winners[0][1] == 0 else (winners[0][0] - 1) if winners[0][1] == 2 else winners[0][1] + 1
            print(chr(symbol + 64))
        else:
            print(""DRAW"")
",False,False,0,0.0
1846B,2,"['if statement', 'dictionary']","['if statement', 'for loop']","['if statement', 'for loop', 'while loop', 'matrix operation', 'break statement', 'recursion', 'hashmap', 'misc', 'tuple', 'queue']","import itertools

def check_win(board):
    for row in board:
        if all(elem == board[0][0] for elem in row) or all(elem == board[0][2] for elem in row):
            return board[0][0]

    for col in range(3):
        if all(board[row][col] == board[1][col] == board[2][col] for row in range(3)):
            return board[1][col]

    if all(board[i][i] == board[2-i][i] for i in range(3)):
        return board[1][1]

    return ""DRAW""

def solve():
    t = int(input())
    for _ in range(t):
        board = [list(input().strip()) for _ in range(3)]
        winner = check_win(board)
        print(winner)

",False,False,0,0.0
1846B,3,"['if statement', 'dictionary', 'for loop']","['for loop', 'if statement', 'tuple']","['if statement', 'for loop', 'while loop', 'matrix operation', 'break statement', 'recursion', 'hashmap', 'misc', 'tuple', 'queue']","import itertools

def solve():
    def check_win(board, player):
        for row in board:
            if all(cell == player for cell in row) or all(cell == player for cell in zip(*row)):
                return True
        diagonal1 = list(itertools.zip_longest(*board))
        diagonal2 = diagonal1[::-1]
        return any(all(cell == player for cell in diagonal) for diagonal in [diagonal1, diagonal2])

    def check_draw(board):
        return all(all(cell for cell in row) for row in board) and not any(check_win(board, player) for player in ['X', 'O', '+'])

    def dfs(board, player, index):
        if index == len(board) * len(board[0]) * len(board[0][0]):
            if check_draw(board):
                print('DRAW')
                return
            for player_opponent in ['X', 'O', '+']:
                if check_win(board, player_opponent):
                    print(player_opponent)
                    return
        for i in range(index, len(board) * len(board[0]) * len(board[0][0])):
            x, y, z = i // len(board[0]) // len(board[0][0]), i // len(board[0]) % len(board[0]), i % len(board[0][0])
            if board[x][y][z] == '.':
                board[x][y][z] = player
                dfs(board, player_opponent(player), i + 1)
                board[x][y][z] = '.'

    board = [
        [
            ['.', '.', '.'],
            ['.', '.', '.'],
            ['.', '.', '.']
        ]
        for _ in range(3)
    ]
    dfs(board, 'X', 0)

",False,False,0,0.0
1846B,4,"['if statement', 'dictionary', 'for loop', 'tuple']","['if statement', 'for loop']","['if statement', 'for loop', 'while loop', 'matrix operation', 'break statement', 'recursion', 'hashmap', 'misc', 'tuple', 'queue']","import itertools

def check_win(board, player):
    for row in board:
        if all(cell == player for cell in row):
            return True

    for col in range(3):
        if all(board[row][col] == player for row in range(3)):
            return True

    if all(board[i][i] == player for i in range(3)):
        return True

    if all(board[i][2 - i] == player for i in range(3)):
        return True

    return False

def solve(board):
    for i in range(3):
        for j in range(3):
            if board[i][j] == '.':
                board[i][j] = 'X'
                if check_win(board, 'X'):
                    return 'X'
                board[i][j] = '.'

                board[i][j] = 'O'
                if check_win(board, 'O'):
                    return 'O'
                board[i][j] = '.'

                board[i][j] = '+'
                if check_win(board, '+'):
                    return '+'
                board[i][j] = '.'

    for combo in itertools.product(['X', 'O', '+'], repeat=3):
        if all(cell == combo[i] for cell, i in zip(board[0], range(3))):
            return combo[0]
        if all(board[i][j] == combo[i] for i, j in itertools.product(range(3), repeat=2)):
            return combo[1]
        if all(board[i][2 - i] == combo[i] for i in range(3)):
            return combo[2]

    return 'DRAW'

",False,False,0,0.0
1846B,5,"['if statement', 'dictionary', 'for loop', 'tuple', 'matrix operation']","['for loop', 'matrix operation']","['if statement', 'for loop', 'while loop', 'matrix operation', 'break statement', 'recursion', 'hashmap', 'misc', 'tuple', 'queue']","import itertools

def solve():
    def check_win(board, player):
        for row in board:
            if all(cell == player for cell in row) or all(cell == player for cell in zip(*row)):
                return True
        diagonal1 = list(itertools.zip_longest(*board))
        diagonal2 = diagonal1[::-1]
        return any(all(cell == player for cell in diagonal) for diagonal in [diagonal1, diagonal2])

    def check_draw(board):
        return all(all(cell for cell in row) for row in board) and not check_win(board, 'X') and not check_win(board, 'O') and not check_win(board, '+')

    def solve_helper(board, player, depth):
        if check_win(board, player):
            return player
        if check_draw(board):
            return 'DRAW'
        for i in range(3):
            for j in range(3):
                if board[i][j] == '.':
                    board[i][j] = player
                    result = solve_helper(board, player if player == 'X' else '+' if player == 'O' else 'O', depth + 1)
                    board[i][j] = '.'
                    if result:
                        return result
        return None

    test_cases = int(input())
    for _ in range(test_cases):
        board = [list(input().strip()) for _ in range(3)]
        result = solve_helper(board, 'X', 0)
        if not result:
            result = solve_helper(board, 'O', 0)
        if not result:
            result = solve_helper(board, '+', 0)
        print(result)
",False,False,0,0.0
1846A,0,['this is the og problem'],['for loop'],"['for loop', 'if statement', 'matrix operation', 'while loop', 'tuple']","from collections import defaultdict

def solve():
    n = int(input())
    heights = list(map(int, input().split()))
    lengths = list(map(int, input().split()))

    # Create a dictionary to store the minimum height for each length
    min_heights = defaultdict(int)
    for i in range(n):
        min_heights[lengths[i]] = min(min_heights[lengths[i]], heights[i])

    # Initialize the result as the maximum height
    result = max(heights)

    # Iterate through the lengths in decreasing order
    for length in sorted(lengths, reverse=True):
        # If the minimum height for the current length is less than the result, update the result
        if min_heights[length] < result:
            result = min_heights[length]

    print(n - result)
",False,True,0,0.0
1846A,1,['if statement'],['for loop'],"['for loop', 'if statement', 'matrix operation', 'while loop', 'tuple']","from the longest one. For each cut rope, we check if the combined length of the remaining ropes is greater than the height of the lowest nail. If it is, we can continue cutting ropes, otherwise, we have found the minimum number of ropes to be cut.

Here is the Python code for the solution:

```python
import heapq

def solve():
    t = int(input())
    for _ in range(t):
        n = int(input())
        ropes = []
        for _ in range(n):
            a, b = map(int, input().split())
            heapq.heappush(ropes, (-b, a))
        ropes = heapq.nlargest(n, ropes)
        total_length = 0
        for _, a in ropes:
            total_length += a
            if total_length >= min(ropes, key=lambda x: x[1])[1]:
                break
        print(len(ropes) - len(list(filter(lambda x: x[0] > 0, ropes))))

",False,True,0,0.0
1846A,2,"['if statement', 'for loop']",['for loop'],"['for loop', 'if statement', 'matrix operation', 'while loop', 'tuple']","from typing import List

def solve():
    def min_cuts(heights: List[int], lengths: List[int]) -> int:
        dp = [0] * (max(heights) + 1)
        for height, length in zip(heights, lengths):
            for i in range(height, 0, -1):
                dp[i] = max(dp[i], dp[i - height] + length)
        return max(dp)

    def read_input() -> List[List[int]]:
        n_tests = int(input())
        tests = []
        for _ in range(n_tests):
            n = int(input())
            heights = [int(x) for x in input().split()]
            lengths = [int(x) for x in input().split()]
            tests.append((heights, lengths))
        return tests

    tests = read_input()
    for test in tests:
        print(min_cuts(*test))

",False,False,0,0.0
1846A,3,"['if statement', 'for loop', 'sorting']","['for loop', 'if statement', 'tuple']","['for loop', 'if statement', 'matrix operation', 'while loop', 'tuple']","from collections import defaultdict

def solve():
    def get_min_height():
        min_height = float('inf')
        for i, (_, b) in enumerate(rope_lengths):
            if min_height > heights[i] + b:
                min_height = heights[i] + b
        return min_height

    def get_max_height():
        max_height = -float('inf')
        for i, (h, _) in enumerate(heights):
            if max_height < h:
                max_height = h
        return max_height

    def get_min_rope_length(height):
        return min(rope_lengths[i] for i, (h, l) in enumerate(zip(heights, rope_lengths)) if h >= height)

    def can_reach(height):
        return get_min_height() <= height <= get_max_height()

    def cut_rope(height):
        min_length = get_min_rope_length(height)
        if min_length == float('inf'):
            return float('inf')
        return min_length + 1

    while True:
        n = int(input())
        if not n:
            break
        heights = list(map(int, input().split()))
        rope_lengths = list(map(int, input().split()))
        if not can_reach(get_min_height()):
            print(cut_rope(get_min_height()))
        else:
            print(0)

",False,False,0,0.0
1846A,4,"['if statement', 'for loop', 'sorting', 'tuple']","['dictionary', 'for loop', 'tuple', 'dictionary', 'for loop', 'tuple']","['for loop', 'if statement', 'matrix operation', 'while loop', 'tuple']","from collections import defaultdict

def solve():
    n = int(input())
    heights = defaultdict(list)
    for _ in range(n):
        a, b = map(int, input().split())
        heights[a].append(b)

    min_heights = sorted(list(heights.keys()))
    min_heights.reverse()

    result = 0
    for height in min_heights:
        if len(heights[height]) == 1:
            result += 1
        else:
            shortest = min(heights[height])
            del heights[height][heights[height].index(shortest)]
            result += 1

    print(result)
",False,False,1,0.16666666666666666
1846A,5,"['if statement', 'for loop', 'sorting', 'tuple', 'while loop']",['for loop'],"['for loop', 'if statement', 'matrix operation', 'while loop', 'tuple']","from collections import defaultdict

def solve():
    n = int(input())
    heights = list(map(int, input().split()))
    lengths = list(map(int, input().split()))

    # Create a dictionary to store the maximum height that can be reached by a rope of a given length
    max_heights = defaultdict(int)
    for i in range(len(heights)):
        max_heights[lengths[i]] = max(max_heights[lengths[i]], heights[i])

    # Initialize a variable to store the minimum number of ropes that need to be cut
    min_cuts = 0

    # Iterate through the heights in descending order
    for height in sorted(heights, reverse=True):
        # Find the longest rope that can reach the current height
        for length, max_height in max_heights.items():
            # If the maximum height that can be reached by the current rope is less than the current height,
            # then the rope can be cut and the candy can reach the ground
            if max_height < height:
                min_cuts += 1
                # Update the maximum heights that can be reached by the remaining ropes
                max_heights[length] = max(max_heights[length], height - lengths[length])

    print(min_cuts)
",False,False,0,0.0
1845A,0,['this is the og problem'],['for loop'],"['for loop', 'if statement', 'tuple', 'while loop', 'hashmap', 'misc']","from itertools import combinations

def solve():
    for _ in range(int(input())):
        n, k, x = map(int, input().split())
        if x > n:
            print(""NO"")
            continue
        if x == n:
            print(""YES"")
            print(1)
            print(x)
            continue
        if x == 1:
            print(""NO"")
            continue
        taken = set()
        for i in range(1, k+1):
            if i != x:
                taken.add(i)
        for i in range(2, n-x+1):
            if all(j not in taken for j in combinations(range(1, k+1), i)):
                print(""YES"")
                print(i)
                print(*sorted(list(combinations(range(1, k+1), i)) - {tuple([x] * i) if x in range(1, k+1) else [])))
                break
        else:
            print(""NO"")
",False,True,0,0.0
1845A,1,['if statement'],"['if statement', 'for loop', 'continue statement', 'set']","['for loop', 'if statement', 'tuple', 'while loop', 'hashmap', 'misc']","from itertools import combinations

def solve():
    for _ in range(int(input())):
        n, k, x = map(int, input().split())
        if x > n:
            print(""NO"")
            continue
        if x == 1:
            print(""YES"")
            print(n)
            print(list(range(1, k+1)) if n <= k else [n])
            continue
        taken = set()
        for i in range(1, k+1):
            if i != x:
                taken.add(i)
        for m in range(1, n+1):
            if m not in taken:
                taken.add(m)
            if len(taken) == n:
                print(""YES"")
                print(len(taken))
                print(list(taken))
                break
        else:
            print(""NO"")

",False,False,2,0.5
1845A,2,"['if statement', 'tuple']",['for loop'],"['for loop', 'if statement', 'tuple', 'while loop', 'hashmap', 'misc']","from itertools import combinations

def solve():
    for _ in range(int(input())):
        n, k, x = map(int, input().split())
        if x > n:
            print(""NO"")
            continue
        if x == 1:
            print(""YES"")
            print(n)
            print(list(range(1, k+1)) * (n // k))
            continue
        taken = set()
        for i in range(1, k+1):
            if i != x:
                taken.update(combinations(range(1, k+1), i))
        for combo in taken:
            if sum(combo) == n:
                print(""YES"")
                print(len(combo))
                print(*combo)
                break
        else:
            print(""NO"")
",False,True,0,0.0
1845A,3,"['if statement', 'tuple', 'for loop']",['for loop'],"['for loop', 'if statement', 'tuple', 'while loop', 'hashmap', 'misc']","from collections import Counter

def solve():
    def can_sum(target, numbers, exclude):
        memo = {0: set([[]])}
        for i in range(1, target + 1):
            if i in memo:
                continue
            for num in numbers:
                if num != exclude and i - num in memo:
                    memo[i] = memo[i - num] | {num + combination for combination in memo[i - num]}
        return memo[target] if target in memo else None

    t = int(input())
    for _ in range(t):
        n, k, x = map(int, input().split())
        numbers = set(range(1, k + 1)) - {x}
        combinations = can_sum(n, numbers, x)
        if combinations:
            print(""YES"")
            print(len(combinations))
            for combination in combinations:
                print(*combination)
        else:
            print(""NO"")

",False,False,0,0.0
1844A,0,['this is the og problem'],"['while loop', 'for loop', 'if statement', 'tuple', 'while loop', 'for loop', 'if statement', 'tuple', 'recursion']","['for loop', 'tuple', 'misc', 'if statement', 'while loop', 'matrix operation']","import math

def gcd(a, b):
    while b:
        a, b = b, a % b
    return a

def solve():
    t = int(input())
    for _ in range(t):
        a, b = map(int, input().split())
        if a + 1 >= b:
            print(1)
        elif gcd(a, b) == 1:
            print(b - a)
        else:
            g = gcd(a, b)
            a //= g
            b //= g
            x = math.gcd(a - 1, b)
            print((b // x) * x + (a - 1) // x + 1)

",False,True,1,0.1111111111111111
1844A,1,['if statement'],"['while loop', 'if statement', 'for loop']","['for loop', 'tuple', 'misc', 'if statement', 'while loop', 'matrix operation']","import math

def gcd(a, b):
    while b:
        a, b = b, a % b
    return a

def solve():
    t = int(input())
    for _ in range(t):
        a, b = map(int, input().split())
        g = gcd(a, b)
        n = (b - a + g) // g
        print(n)

",False,False,0,0.0
1844A,2,"['if statement', 'tuple']","['while loop', 'for loop', 'recursion']","['for loop', 'tuple', 'misc', 'if statement', 'while loop', 'matrix operation']","import math

def gcd(a, b):
    while b:
        a, b = b, a % b
    return a

def solve():
    t = int(input())
    for _ in range(t):
        a, b = map(int, input().split())
        g = gcd(a, b)
        n = (a * b) // g
        while n % a != 0 or n % b != 0:
            n += g
        print(n)

",False,True,1,0.3333333333333333
1844A,3,"['if statement', 'tuple', 'for loop']","['while loop', 'for loop', 'if statement', 'tuple', 'recursion']","['for loop', 'tuple', 'misc', 'if statement', 'while loop', 'matrix operation']","import math

def gcd(a, b):
    while b:
        a, b = b, a % b
    return a

def solve():
    t = int(input())
    for _ in range(t):
        a, b = map(int, input().split())
        g = gcd(a, b)
        n = (b - a + g) // g
        print(n)

",False,False,1,0.2
1844A,4,"['if statement', 'tuple', 'for loop', 'while loop']","['while loop', 'if statement', 'for loop', 'recursion']","['for loop', 'tuple', 'misc', 'if statement', 'while loop', 'matrix operation']","import math

def gcd(a, b):
    while b:
        a, b = b, a % b
    return a

def solve():
    t = int(input())
    for _ in range(t):
        a, b = map(int, input().split())
        g = gcd(a, b)
        n = (b - a + g) // g
        print(n)

",False,False,1,0.25
1844A,5,"['if statement', 'tuple', 'for loop', 'while loop', 'matrix operation']","['while loop', 'tuple', 'for loop']","['for loop', 'tuple', 'misc', 'if statement', 'while loop', 'matrix operation']","import math

def gcd(a, b):
    while b:
        a, b = b, a % b
    return a

def solve():
    t = int(input())
    for _ in range(t):
        a, b = map(int, input().split())
        g = gcd(a, b)
        n = (b - a + g) // g
        print(n)

",False,False,0,0.0
1843C,0,['this is the og problem'],[],"['for loop', 'while loop', 'misc', 'if statement', 'tuple', 'break statement', 'recursion']","from the root to a given vertex. Here's the Python code for the `solve()` function:

",False,True,0,0.0
1843C,1,['misc'],['if statement'],"['for loop', 'while loop', 'misc', 'if statement', 'tuple', 'break statement', 'recursion']","from math import log2

def solve():
    n = int(input())
    if n == 1:
        print(1)
        return

    depth = int(log2(n))
    sum = (depth + 1) * (n - (2 ** depth)) // 2
    print(sum)

",False,True,0,0.0
1843C,2,"['misc', 'while loop']",['for loop'],"['for loop', 'while loop', 'misc', 'if statement', 'tuple', 'break statement', 'recursion']","from math import log2

def solve():
    n = int(input())
    depth = int(log2(n))
    sum = (depth + 1) * (2 ** depth) - 1
    print(sum)
",False,True,0,0.0
1843C,3,"['misc', 'while loop', 'if statement']","['misc', 'misc']","['for loop', 'while loop', 'misc', 'if statement', 'tuple', 'break statement', 'recursion']","from math import log2

def solve():
    def get_sum(n):
        return (n * (n + 1)) // 2

    def get_level(n):
        return int(log2(n) + 1)

    while True:
        n = int(input())
        if n == 0:
            break
        level = get_level(n)
        sum = get_sum(n) - get_sum(n - (1 << level)) - get_sum(n - (1 << (level - 1)))
        print(sum)

",False,False,0,0.0
1843C,4,"['misc', 'while loop', 'if statement', 'recursion']",['for loop'],"['for loop', 'while loop', 'misc', 'if statement', 'tuple', 'break statement', 'recursion']","import math

def solve():
    def power(x, n):
        return math.pow(x, n)

    def sum_path(n):
        return (n - 1) * (n + 1) // 2

    t = int(input())
    for _ in range(t):
        n = int(input())
        print(sum_path(n))

",False,True,0,0.0
1843C,5,"['misc', 'while loop', 'if statement', 'recursion', 'for loop']",['for loop'],"['for loop', 'while loop', 'misc', 'if statement', 'tuple', 'break statement', 'recursion']","from math import log2

def solve():
    def power(a, b):
        return a ** b

    def sum_in_binary_tree(n):
        return power(2, log2(n) + 1) * (n + 1) // 2 - power(2, log2(n))

    t = int(input())
    for _ in range(t):
        n = int(input())
        print(sum_in_binary_tree(n))
",False,False,0,0.0
1843B,0,['this is the og problem'],"['while loop', 'break statement', 'continue statement', 'pass statement']","['for loop', 'while loop', 'if statement', 'tuple', 'continue statement', 'hashmap', 'misc']","from typing import List
from functools import reduce
from sys import stdout

def solve():
    t = int(input())
    for _ in range(t):
        n = int(input())
        a = list(map(int, input().split()))
        dp_max = [0] * (n + 1)
        dp_min = [0] * (n + 1)
        dp_max[-1] = a[-1]
        dp_min[-1] = abs(a[-1])
        for i in range(n - 1, -1, -1):
            dp_max[i] = max(dp_max[i], dp_min[i + 1])
            dp_min[i] = min(dp_min[i], -dp_max[i + 1])
            dp_max[i] += a[i]
        stdout.write(f""{dp_max[0]} {len(a) - dp_min.index(min(dp_min))} \n"")

",True,True,2,0.5
1843B,1,['for loop'],['for loop'],"['for loop', 'while loop', 'if statement', 'tuple', 'continue statement', 'hashmap', 'misc']","from typing import List
from functools import reduce
from math import inf

def solve():
    def max_sum_and_ops(arr: List[int]):
        n = len(arr)
        dp = [[0] * 2 for _ in range(n)]
        dp[-1][0], dp[-1][1] = arr[-1], 1 if arr[-1] > 0 else 0

        for i in range(n - 2, -1, -1):
            dp[i][0] = max(dp[i + 1][0], dp[i + 1][1] - arr[i]) * arr[i] + dp[i + 1][1]
            dp[i][1] = min(dp[i + 1][0], dp[i + 1][1])

        return dp[0]

    t = int(input())
    for _ in range(t):
        n = int(input())
        arr = list(map(int, input().split()))
        max_sum, ops = max_sum_and_ops(arr)
        print(f""{max_sum} {ops}"")

",False,False,0,0.0
1843B,2,"['for loop', 'if statement']","['dynamic programming', 'for loop', 'tuple', 'misc']","['for loop', 'while loop', 'if statement', 'tuple', 'continue statement', 'hashmap', 'misc']","from typing import List
from functools import reduce
from operator import xor

def solve():
    def max_sum_and_ops(arr: List[int]):
        n = len(arr)
        dp = [[0] * 2 for _ in range(n)]
        dp[-1][1] = arr[-1]
        for i in range(n - 2, -1, -1):
            dp[i][0] = max(dp[i + 1][0], dp[i + 1][1])
            dp[i][1] = dp[i + 1][0] + arr[i]
            dp[i][1] = max(dp[i][1], dp[i + 1][1] + arr[i])
            dp[i][1] = max(dp[i][1], -dp[i + 1][0])
        return dp[0][0], dp[0][1]

    t = int(input())
    for _ in range(t):
        n = int(input())
        arr = list(map(int, input().split()))
        max_sum, ops = max_sum_and_ops(arr)
        print(f""{max_sum} {ops}"")

",False,False,1,0.25
1843B,3,"['for loop', 'if statement', 'tuple']","['for loop', 'if statement', 'dynamic programming', 'matrix operation']","['for loop', 'while loop', 'if statement', 'tuple', 'continue statement', 'hashmap', 'misc']","from typing import List
from functools import reduce
from math import inf

def solve():
    def max_sum_and_ops(arr: List[int]):
        n = len(arr)
        dp = [[0] * 2 for _ in range(n)]
        for i in range(n):
            dp[i][0] = arr[i]
            dp[i][1] = 1
            for j in range(i):
                if arr[i] * arr[j] > 0:
                    dp[i][0] = max(dp[i][0], dp[j][0] + arr[i])
                    dp[i][1] = min(dp[i][1], dp[j][1] + 1)
        return dp[n - 1]

    t = int(input())
    for _ in range(t):
        n = int(input())
        arr = list(map(int, input().split()))
        max_sum, ops = max_sum_and_ops(arr)
        print(max_sum, ops)

",False,False,2,0.5
1843B,4,"['for loop', 'if statement', 'tuple', 'while loop']","['dynamic programming', 'matrix operation']","['for loop', 'while loop', 'if statement', 'tuple', 'continue statement', 'hashmap', 'misc']","from typing import List
from functools import reduce
from math import inf

def solve():
    def max_sum_and_ops(arr: List[int]):
        n = len(arr)
        dp = [[0] * 2 for _ in range(n)]
        for i in range(n):
            dp[i][0] = arr[i]
            dp[i][1] = 1
            for j in range(i):
                if arr[i] * arr[j] > 0:
                    dp[i][0] = max(dp[i][0], dp[j][0] + arr[i])
                    dp[i][1] = max(dp[i][1], dp[j][1] + 1)
        return dp[n - 1]

    t = int(input())
    for _ in range(t):
        n = int(input())
        arr = list(map(int, input().split()))
        max_sum, ops = max_sum_and_ops(arr)
        print(max_sum, ops)

",False,True,2,1.0
1843A,0,['this is the og problem'],"['recursion', 'dictionary', 'depth first search', 'recursion', 'dictionary', 'depth first search', 'dynamic programming']","['for loop', 'sorting', 'tuple', 'matrix operation', 'while loop', 'if statement', 'two pointers']","import functools
from typing import List

def solve():
    def dfs(index, current_color, current_sum, max_sum, min_sum, colors, memo):
        if index == len(nums):
            return max_sum - min_sum
        for color in colors:
            if color not in memo:
                memo[color] = dfs(index + 1, color, current_sum + nums[index], max_sum, min_sum, colors, memo)
            memo[color] = max(memo[color], dfs(index + 1, color, current_sum, max_sum, min_sum, colors, memo))
        memo[current_color] = max(memo[current_color], current_sum)
        memo[current_color] = max(memo[current_color], dfs(index + 1, current_color, current_sum, max_sum, min_sum, colors, memo))
        min_sum = min(min_sum, current_sum)
        return memo[current_color]

    while True:
        n = int(input())
        if not n:
            break
        nums = list(map(int, input().split()))
        colors = set()
        memo = {}
        max_sum = float('-inf')
        for num in nums:
            max_sum = max(max_sum, num)
            colors.add(num)
        min_sum = float('inf')
        for num in nums:
            min_sum = min(min_sum, num)
        result = float('-inf')
        for color in colors:
            result = max(result, dfs(0, color, 0, max_sum, min_sum, colors, memo))
        print(result)

",False,True,4,0.5714285714285714
1843A,1,['hashmap'],['for loop'],"['for loop', 'sorting', 'tuple', 'matrix operation', 'while loop', 'if statement', 'two pointers']","import functools
from typing import List

def solve():
    def color(arr: List[int]):
        n = len(arr)
        colors = set()
        for i in range(n):
            color_set = set(arr[i:])
            if len(color_set) <= len(colors):
                colors.add(color_set)
            else:
                colors.update(color_set)
        return max(sum((max(c) - min(c) for c in colors)) if len(c) > 0 else 0 for c in colors)

    t = int(input())
    for _ in range(t):
        n = int(input())
        arr = list(map(int, input().split()))
        print(color(arr))

",False,True,0,0.0
1843A,2,"['hashmap', 'if statement']",['for loop'],"['for loop', 'sorting', 'tuple', 'matrix operation', 'while loop', 'if statement', 'two pointers']","import functools
from typing import List

def solve():
    @functools.lru_cache(maxsize=None)
    def dfs(arr, pos, color, cost):
        if pos == len(arr):
            return cost
        min_cost = float('inf')
        for c in range(1, len(arr) + 1):
            if c != color and not any(arr[pos] == i for i in range(1, c + 1)):
                min_cost = min(min_cost, dfs(arr, pos + 1, c, cost + (max(arr) - min(arr[arr == c]))) if not dfs.cache_info.cache_miss else min_cost)
        return min_cost

    t = int(input())
    for _ in range(t):
        n = int(input())
        arr = list(map(int, input().split()))
        print(dfs(arr, 0, 0, 0))

",False,True,0,0.0
1843A,3,"['hashmap', 'if statement', 'for loop']","['recursion', 'dynamic programming', 'tuple']","['for loop', 'sorting', 'tuple', 'matrix operation', 'while loop', 'if statement', 'two pointers']","import functools
from typing import List

def solve():
    @functools.lru_cache(maxsize=None)
    def dfs(arr, pos, color, memo):
        if pos == len(arr):
            return 0
        if memo[pos][color] != -1:
            return memo[pos][color]
        cost = float('inf')
        for c in range(1, len(arr) + 1):
            if not (c & (arr[pos] | color)):
                new_color = arr[pos] | c
                new_cost = dfs(arr, pos + 1, new_color, memo) + max(new_color) - min(new_color)
                cost = min(cost, new_cost)
        memo[pos][color] = cost
        return cost

    t = int(input())
    for _ in range(t):
        n = int(input())
        arr = list(map(int, input().split()))
        memo = [[-1] * (1 << len(arr)) for _ in range(len(arr))]
        print(dfs(arr, 0, 0, memo))

",False,True,2,0.6666666666666666
1843A,4,"['hashmap', 'if statement', 'for loop', 'tuple']",['for loop'],"['for loop', 'sorting', 'tuple', 'matrix operation', 'while loop', 'if statement', 'two pointers']","import functools
from typing import List

def solve():
    @functools.lru_cache(maxsize=None)
    def dfs(arr, pos, color, memo):
        if pos == len(arr):
            return 0
        if memo[pos] != -1:
            return memo[pos]
        max_cost = float('inf')
        for c in range(1, len(color) + 1):
            max_val = max(arr[pos:])
            min_val = min(arr[pos:])
            cost = max_val - min_val
            new_color = color + [arr[pos]]
            new_cost = dfs(arr[pos + 1:], pos + 1, new_color, memo)
            max_cost = min(max_cost, cost + new_cost)
        memo[pos] = max_cost
        return max_cost

    while True:
        n = int(input())
        if not n:
            break
        arr = list(map(int, input().split()))
        memo = [-1] * len(arr)
        color = []
        result = dfs(arr, 0, color, memo)
        print(result)

",False,False,0,0.0
1843A,5,"['hashmap', 'if statement', 'for loop', 'tuple', 'while loop']",['for loop'],"['for loop', 'sorting', 'tuple', 'matrix operation', 'while loop', 'if statement', 'two pointers']","import functools
from typing import List

def solve():
    @functools.lru_cache(maxsize=None)
    def dfs(arr, pos, color, cost):
        if pos == len(arr):
            return cost
        min_cost = float('inf')
        for c in set(arr) - set([color]):
            min_cost = min(min_cost, dfs(arr, pos + 1, c, cost + (max(arr) - min(arr) if c == color else max(arr[pos:]) - min(arr[pos:]))) if arr[pos] != c else min_cost)
        min_cost = min(min_cost, dfs(arr, pos + 1, color, cost))
        return min_cost

    t = int(input())
    for _ in range(t):
        n = int(input())
        arr = list(map(int, input().split()))
        print(dfs(arr, 0, None, 0))

",False,False,0,0.0
1842A,0,['this is the og problem'],['for loop'],"['for loop', 'if statement', 'tuple', 'hashmap', 'misc', 'matrix operation', 'set']","import sys
import heapq

def solve():
    t = int(input())
    for _ in range(t):
        n, m = map(int, input().split())
        ts = list(map(int, input().split()))
        ts.sort(reverse=True)
        ts += [0] * (n - len(ts))
        ts = [(-x, i) for i, x in enumerate(ts)]
        ts = heapq.nlargest(n, ts)

        ts = [x[1] for x in ts]
        ts_alive = list(ts)
        ts = [(-x, i) for i, x in enumerate(ts)]

        gs = []
        for _ in range(m):
            gs.append(list(map(int, input().split())))
        gs = [(-x[1], x[0]) for x in gs]
        gs = heapq.nsmallest(m, gs)

        for i, (_, t) in enumerate(ts):
            if not gs:
                break
            j, (_, g) = gs[0]
            if g > t:
                del ts[i]
                gs.pop(0)
            else:
                ts[i] -= g
                gs[0] = (-g, j)

        if ts:
            print(""Tsondu"")
        elif not gs:
            print(""Draw"")
        else:
            print(""Tenzing"")

",False,True,0,0.0
1842A,1,['if statement'],"['heap', 'while loop', 'if statement', 'continue statement']","['for loop', 'if statement', 'tuple', 'hashmap', 'misc', 'matrix operation', 'set']","import heapq

def solve():
    def play_game(tsondu, tenzing):
        tsondu_monsters, tenzing_monsters = tsondu, tenzing
        while tsondu_monsters and tenzing_monsters:
            tsondu_monster, tenzing_monster = heapq.heappop(tsondu_monsters), heapq.heappop(tenzing_monsters)
            diff = abs(tsondu_monster - tenzing_monster)
            if diff <= 0:
                continue
            tsondu_monster -= tenzing_monster
            tenzing_monster -= tsondu_monster
            if tsondu_monster <= 0:
                tsondu_monsters.append(tsondu_monster)
            if tenzing_monster <= 0:
                tenzing_monsters.append(tenzing_monster)
        return bool(tsondu_monsters)

    def optimal_strategy(abilities):
        abilities.sort(reverse=True)
        return abilities

    def read_input():
        t_cases = int(input())
        for _ in range(t_cases):
            n, m = map(int, input().split())
            tsondu_abilities = list(map(int, input().split()))
            tenzing_abilities = list(map(int, input().split()))
            tsondu_abilities = optimal_strategy(tsondu_abilities)
            tenzing_abilities = optimal_strategy(tenzing_abilities)
            winner = ""Tsondu"" if play_game(tsondu_abilities, tenzing_abilities) else ""Tenzing""
            print(winner)

    read_input()
",False,False,3,0.75
1842A,2,"['if statement', 'dictionary']","['if statement', 'recursion', 'heap']","['for loop', 'if statement', 'tuple', 'hashmap', 'misc', 'matrix operation', 'set']","import heapq

def solve():
    def fight(a, b):
        if a > b:
            return a - b, b - a
        else:
            return b - a, a - b

    def optimal_move(player, monsters):
        monsters.sort(reverse=True)
        opponent_monsters = opponent_monsters[::-1]
        result = []
        while monsters and opponent_monsters:
            a, b = monsters.pop(0), opponent_monsters.pop(0)
            x, y = fight(a, b)
            result.append(x)
            if y <= 0:
                opponent_monsters = opponent_monsters[::-1]
            else:
                monsters = [z for z in monsters if z > y]
        return result

    def game_result(player_monsters, opponent_monsters):
        if not player_monsters:
            return ""Tenzing""
        if not opponent_monsters:
            return ""Tsondu""
        player_moves = optimal_move(player_monsters, opponent_monsters)
        opponent_moves = optimal_move(opponent_monsters, player_monsters)
        if sum(player_moves) > sum(opponent_moves):
            return ""Tsondu""
        elif sum(player_moves) < sum(opponent_moves):
            return ""Tenzing""
        else:
            return ""Draw""

    t = int(input())
    for _ in range(t):
        n, m = map(int, input().split())
        tsondu_monsters = list(map(int, input().split()))
        tenzing_monsters = list(map(int, input().split()))
        print(game_result(tsondu_monsters, tenzing_monsters))

",False,False,2,0.6666666666666666
1842A,3,"['if statement', 'dictionary', 'sorting']",['for loop'],"['for loop', 'if statement', 'tuple', 'hashmap', 'misc', 'matrix operation', 'set']","import heapq

def solve():
    def play_game(tsondu, tenzing):
        while tsondu and tenzing:
            tsondu_max, tsondu_min = max(tsondu, key=lambda x: x[0]), min(tsondu, key=lambda x: x[0])
            tenzing_max, tenzing_min = max(tenzing, key=lambda x: x[0]), min(tenzing, key=lambda x: x[0])
            if tsondu_max > tenzing_min:
                tsondu.remove((tsondu_max[1], tsondu_max))
                tenzing.remove((tenzing_min[1], tenzing_min))
            elif tsondu_max < tenzing_min:
                tenzing.remove((tenzing_min[1], tenzing_min))
                tsondu.remove((tsondu_max[1], tsondu_max))
            else:
                tsondu.remove((tsondu_max[1], tsondu_max))
                tenzing.remove((tenzing_min[1], tenzing_min))
        return bool(tsondu)

    def main():
        t = int(input().strip())
        for _ in range(t):
            n, m = map(int, input().strip().split())
            tsondu = [(a, i) for i, a in enumerate(list(map(int, input().strip().split())))]
            tenzing = [(b, i) for i, b in enumerate(list(map(int, input().strip().split())))]
            heapq.nlargest(n, tsondu, key=lambda x: x[0])
            heapq.nsmallest(m, tenzing, key=lambda x: x[0])
            print(""Tsondu"" if play_game(tsondu, tenzing) else ""Tenzing"")
            print()

    main()

",False,True,0,0.0
1842A,4,"['if statement', 'dictionary', 'sorting', 'tuple']",['heap'],"['for loop', 'if statement', 'tuple', 'hashmap', 'misc', 'matrix operation', 'set']","import heapq

def solve():
    def play_game(a, b):
        a_heap = [(a[i], i) for i in range(len(a))]
        b_heap = [(b[i], i) for i in range(len(b))]
        heapq.heapify(a_heap)
        heapq.heapify(b_heap)

        while a_heap and b_heap:
            a_val, a_idx = heapq.heappop(a_heap)
            b_val, b_idx = heapq.heappop(b_heap)

            if a_val > b_val:
                a_heap.append((a_val - b_val, a_idx))
                b_heap.append((b_val - a_val, b_idx))
            elif a_val < b_val:
                b_heap.append((b_val - a_val, b_idx))
                continue
            else:
                a_heap.append((0, a_idx))
                b_heap.append((0, b_idx))

        return bool(a_heap)

    t = int(input().strip())
    for _ in range(t):
        n, m = map(int, input().strip().split())
        a = list(map(int, input().strip().split()))
        b = list(map(int, input().strip().split()))
        winner = ""Tsondu"" if play_game(a, b) else ""Tenzing"" if not play_game(b, a) else ""Draw""
        print(winner)

",False,True,1,1.0
1842A,5,"['if statement', 'dictionary', 'sorting', 'tuple', 'for loop']",['for loop'],"['for loop', 'if statement', 'tuple', 'hashmap', 'misc', 'matrix operation', 'set']","import sys
import heapq

def solve():
    t = int(input())
    for _ in range(t):
        n, m = map(int, input().split())
        a = list(map(int, input().split()))
        b = list(map(int, input().split()))

        # Create two max-heaps for Tsondu and Tenzing
        ts_heap = [-x for x in a]
        ts_heapq = heapq.nlargest(n, ts_heap)
        ts_index = {x: i for i, x in enumerate(ts_heap)}

        tz_heap = [-x for x in b]
        tz_heapq = heapq.nlargest(m, tz_heap)
        tz_index = {x: i for i, x in enumerate(tz_heap)}

        # Simulate the game
        while len(ts_heap) > 0 and len(tz_heap) > 0:
            ts_index_1 = ts_index[ts_heapq[0]]
            tz_index_1 = tz_index[tz_heapq[0]]
            ts_index_2 = (ts_index_1 + 1) % len(ts_heap)
            tz_index_2 = (tz_index_1 + 1) % len(tz_heap)

            # Update the heaps and indices
            if ts_heap[ts_index_1] > tz_heap[tz_index_1]:
                ts_heapq.remove(ts_heap[ts_index_1])
                ts_heap[ts_index_2] -= ts_heap[ts_index_1]
                ts_heap[ts_index_1] = 0
            else:
                tz_heapq.remove(tz_heap[tz_index_1])
                tz_heap[tz_index_2] -= tz_heap[tz_index_1]
                tz_heap[tz_index_1] = 0

        winner = ""Tsondu"" if len(ts_heap) > 0 else ""Tenzing"" if len(tz_heap) > 0 else ""Draw""
        print(winner)

",False,False,0,0.0
1841A,0,['this is the og problem'],['if statement'],"['for loop', 'if statement', 'while loop', 'misc']","import sys

def solve():
    def game(board):
        if len(board) == 1:
            return ""Alice"" if board[0] % 2 == 0 else ""Bob""

        for i in range(1, len(board)):
            if board[i] == board[0]:
                board[i] = board[0] + board[i]
                board.remove(board[0])
                if game(board) == ""Alice"":
                    return ""Alice""
                board[i] = board[0] - board[i]
                board.insert(i, board[0])

        return ""Bob""

    for _ in range(int(input())):
        n = int(input())
        board = list(map(int, input().split()))
        board[0] = 1
        print(game(board))

",False,True,0,0.0
1841A,1,['if statement'],['for loop'],"['for loop', 'if statement', 'while loop', 'misc']","import sys
from collections import defaultdict
from functools import lru_cache

@lru_cache(maxsize=None)
def min_moves(board, moves):
    if not moves:
        return 1 if len(board) == 1 else 0
    min_val = float('inf')
    for i in range(len(board)):
        if board[i] == moves[0]:
            new_board, new_moves = update_board(board, moves[0], i, moves[1:])
            min_val = min(min_val, min_moves(new_board, new_moves))
    return min_val

def update_board(board, value, index, remaining_values):
    new_board = list(board)
    new_board[index] = sum(remaining_values)
    new_moves = list(remaining_values)
    new_moves.sort(reverse=True)
    return new_board, new_moves

def solve():
    t = int(input())
    for _ in range(t):
        n = int(input())
        board = [1] * n
        moves = [n - 1]
        while min_moves(board, moves) > 1:
            moves = moves[1:]
        print(""Alice"" if min_moves(board, moves) == 1 else ""Bob"")

",False,True,0,0.0
1841A,2,"['if statement', 'for loop']",['for loop'],"['for loop', 'if statement', 'while loop', 'misc']","import sys
from collections import Counter

def solve():
    for _ in range(int(input())):
        n = int(input())
        board = [1] * n
        counter = Counter(board)
        while counter:
            max_count = max(counter.values())
            for key in counter.keys():
                if counter[key] == max_count:
                    board = [x if x != key else 0 for x in board]
                    counter = Counter(board)
                    if not counter:
                        print(""Alice"")
                        break
                    if not max_count * (n - counter.most_common(1)[0][1]) in board:
                        print(""Bob"")
                        break
    return

",False,False,0,0.0
1841A,3,"['if statement', 'for loop', 'while loop']","['recursion', 'dynamic programming', 'misc']","['for loop', 'if statement', 'while loop', 'misc']","import functools
from typing import List

def solve():
    @functools.lru_cache(maxsize=None)
    def dp(remaining, board):
        if not remaining:
            return 1
        if board[-1] not in remaining:
            return 0
        res = 0
        for i in range(1, min(remaining, len(board))):
            if board[i] == board[i - 1]:
                res += dp(remaining - i, board[:i] + [board[i] + board[i - 1]] + board[i + 1:])
        return res

    t = int(input())
    for _ in range(t):
        n = int(input())
        board = list(map(int, [1] * n))
        if dp(n, board) == 0:
            print(""Bob"")
        else:
            print(""Alice"")

",False,True,2,0.6666666666666666
1840A,0,['this is the og problem'],"['for loop', 'dictionary', 'hashmap']","['for loop', 'while loop', 'if statement', 'break statement', 'misc', 'two pointers', 'matrix operation', 'queue']","import collections

def solve():
    t = int(input())
    for _ in range(t):
        n = int(input())
        s = input()
        freq = collections.Counter(s)
        result = """"
        for char in s:
            if char in freq:
                count = freq[char]
                result += char * (count - 1)
            result += char
        print(result)

",False,True,2,0.6666666666666666
1840A,1,['for loop'],['for loop'],"['for loop', 'while loop', 'if statement', 'break statement', 'misc', 'two pointers', 'matrix operation', 'queue']","import collections

def solve():
    test_cases = int(input())
    for _ in range(test_cases):
        n = int(input())
        s = input()
        count = collections.Counter(s)
        result = """"
        for char in s:
            result += char * count[char] - count[char] + 1
        print(result)
",False,False,0,0.0
1839A,0,['this is the og problem'],"['for loop', 'if statement']","['for loop', 'tuple', 'misc', 'while loop', 'if statement', 'matrix operation']","import math

def solve():
    t = int(input())
    for _ in range(t):
        n, k = map(int, input().split())
        ones = min(n, k)
        if k > 1:
            ones += math.ceil((n - ones) / (k - 1))
        print(ones)
",False,True,0,0.0
1839A,1,['if statement'],"['for loop', 'if statement', 'misc']","['for loop', 'tuple', 'misc', 'while loop', 'if statement', 'matrix operation']","import math

def solve():
    t = int(input())
    for _ in range(t):
        n, k = map(int, input().split())
        ones = math.ceil(n / k) * 2
        if k > 1:
            ones += min(n - ones, k - 1)
        print(ones)
",False,False,0,0.0
1839A,2,"['if statement', 'tuple']","['for loop', 'if statement']","['for loop', 'tuple', 'misc', 'while loop', 'if statement', 'matrix operation']","import math

def solve():
    t = int(input())
    for _ in range(t):
        n, k = map(int, input().split())
        ones = math.ceil(n / k) * 2
        if k > 1:
            ones += min(n - ones, k - 1)
        print(ones)
",False,False,0,0.0
1839A,3,"['if statement', 'tuple', 'for loop']",['for loop'],"['for loop', 'tuple', 'misc', 'while loop', 'if statement', 'matrix operation']","import math

def solve():
    def good_array(n, k, ones):
        return all(ones[:i] >= math.ceil(i / k) and ones[-i:] >= math.ceil(i / k) for i in range(1, n + 1))

    def min_ones(n, k):
        if k == 1:
            return n
        if k > n:
            return 0
        if k == n:
            return 1
        if k == 2:
            return n // 2
        left, right = 0, n
        while left < right:
            mid = (left + right) // 2
            if good_array(n, k, [1] * mid + [0] * (n - mid)):
                right = mid
            else:
                left = mid + 1
        return left

    t = int(input())
    for _ in range(t):
        n, k = map(int, input().split())
        print(min_ones(n, k))
",False,False,0,0.0
1839A,4,"['if statement', 'tuple', 'for loop', 'while loop']","['for loop', 'if statement']","['for loop', 'tuple', 'misc', 'while loop', 'if statement', 'matrix operation']","import math

def solve():
    t = int(input())
    for _ in range(t):
        n, k = map(int, input().split())
        ones = min(n, k)
        if k > 1:
            ones += math.ceil((n - ones) / (k - 1))
        print(ones)
",False,False,0,0.0
1838A,0,['this is the og problem'],['for loop'],"['for loop', 'if statement', 'break statement', 'misc', 'tuple', 'sorting', 'hashmap', 'continue statement']","import sys
from collections import defaultdict
from math import gcd

def solve():
    n = int(input())
    for _ in range(n):
        numbers = list(map(int, input().split()))
        diff_set = set()
        for i in range(len(numbers)):
            for j in range(i+1, len(numbers)):
                diff = abs(numbers[i] - numbers[j])
                diff_set.add(diff)
        gcd_set = set()
        for diff in diff_set:
            gcd_set.add(gcd(diff, numbers[0]))
        for gcd_val in gcd_set:
            if gcd_val > 1:
                print(numbers[0] // gcd_val)
                break
        else:
            print(numbers[0])

",False,True,0,0.0
1838A,1,['if statement'],['for loop'],"['for loop', 'if statement', 'break statement', 'misc', 'tuple', 'sorting', 'hashmap', 'continue statement']","import sys
from collections import defaultdict
from math import gcd

def solve():
    t = int(input())
    for _ in range(t):
        n = int(input())
        numbers = list(map(int, input().split()))

        # Create a dictionary to store the frequency of each number
        freq = defaultdict(int)
        for num in numbers:
            freq[num] += 1

        # Find the numbers with frequency 2 (these are the possible initial numbers)
        initial_numbers = [num for num in numbers if freq[num] == 2]

        # If there are no such numbers, the problem is unsolvable
        if not initial_numbers:
            print(-1)
            continue

        # Find the greatest common divisor of the initial numbers
        gcd_val = gcd(*initial_numbers)

        # The initial numbers must have been the numbers that can be obtained by subtracting multiples of gcd_val from each other
        for num in numbers:
            for initial_num in initial_numbers:
                if num == initial_num - (numbers.index(initial_num) - numbers.index(num)) * gcd_val:
                    print(num)
                    break

",False,True,0,0.0
1838A,2,"['if statement', 'sorting']","['while loop', 'recursion']","['for loop', 'if statement', 'break statement', 'misc', 'tuple', 'sorting', 'hashmap', 'continue statement']","import math

def solve():
    def gcd(a, b):
        while b:
            a, b = b, a % b
        return a

    def extended_euclidean(a, b):
        if not b:
            return (1, 0, a)
        else:
            g, x1, y1 = extended_euclidean(b, a % b)
            x = y1 - (a // b) * x1
            return (g, x, y1)

    def find_initial_numbers(numbers):
        n = len(numbers)
        if n < 3:
            return None

        # Calculate the GCD of all pairs of numbers
        gcds = [(gcd(numbers[i], numbers[j])) for i in range(n) for j in range(i + 1, n)]

        # Find the greatest common divisor of all GCDs
        gcd_gcd = max(gcds)

        # Find the pair of numbers that produce the GCD_GCD when their difference is taken
        for i in range(n):
            for j in range(i + 1, n):
                if gcd_gcd == gcd(numbers[i], numbers[j]):
                    return numbers[i], numbers[j]

        # If no such pair is found, return None
        return None

    test_cases = int(input())
    for _ in range(test_cases):
        n = int(input())
        numbers = list(map(int, input().split()))
        initial_numbers = find_initial_numbers(numbers)
        if initial_numbers:
            print(initial_numbers[0])
        else:
            print(""No solution"")

",False,True,2,1.0
1838A,3,"['if statement', 'sorting', 'for loop']","['while loop', 'recursion', 'misc']","['for loop', 'if statement', 'break statement', 'misc', 'tuple', 'sorting', 'hashmap', 'continue statement']","import math
import functools
from typing import List

def solve():
    def gcd(a, b):
        while b:
            a, b = b, a % b
        return a

    def extended_euclidean_algorithm(a, b):
        if b == 0:
            return (1, 0, a)
        else:
            g, y, x = extended_euclidean_algorithm(b, a % b)
            return (x - (a // b) * g, g, y)

    def find_gcd(nums):
        gcd_val = math.gcd(*nums)
        gcd_pair = extended_euclidean_algorithm(gcd_val, sum(nums))
        return gcd_pair[1], gcd_pair[2]

    @functools.lru_cache(maxsize=None)
    def get_diff_count(num, diff_set):
        count = 0
        for diff in diff_set:
            if num % diff == 0:
                count += num // diff
        return count

    def find_initial_numbers(nums):
        gcd, x, y = find_gcd(nums)
        diff_set = set()
        for i in range(1, gcd + 1):
            diff_set.add(i)
            diff_count = get_diff_count(i, diff_set)
            if diff_count > len(nums) // 2:
                diff_set.remove(i)
        return nums[x], nums[y]

    t = int(input())
    for _ in range(t):
        n = int(input())
        nums = list(map(int, input().split()))
        initial_numbers = find_initial_numbers(nums)
        print(*initial_numbers)

",False,True,2,0.6666666666666666
1838A,4,"['if statement', 'sorting', 'for loop', 'while loop']",['for loop'],"['for loop', 'if statement', 'break statement', 'misc', 'tuple', 'sorting', 'hashmap', 'continue statement']","import collections
import itertools

def solve():
    n = int(input())
    for _ in range(n):
        numbers = list(map(int, input().split()))
        # Create a dictionary to store the count of each number
        count = collections.Counter(numbers)
        # Find pairs of numbers that appear an odd number of times
        pairs = [(num1, num2) for num1, num2 in itertools.combinations(numbers, 2) if count[num1] % 2 != 0 or count[num2] % 2 != 0]
        # If there is only one pair, it must be the initial pair
        if len(pairs) == 1:
            print(min(pairs))
        # If there are multiple pairs, print any one of them
        else:
            print(list(pairs)[0][0])

",False,False,0,0.0
1838A,5,"['if statement', 'sorting', 'for loop', 'while loop', 'queue']",['for loop'],"['for loop', 'if statement', 'break statement', 'misc', 'tuple', 'sorting', 'hashmap', 'continue statement']","import math
from collections import defaultdict

def solve():
    def gcd(a, b):
        while b:
            a, b = b, a % b
        return a

    def extended_euclidean_algorithm(a, b):
        if a == 0:
            return (0, 1, b)
        else:
            g, x1, y1 = extended_euclidean_algorithm(b % a, a)
            x = y1 - (b // a) * x1
            y = 1 - (b // a) * x1
            return (g, x, y)

    def find_gcd(nums):
        gcd_values = defaultdict(int)
        for num in nums:
            gcd_values[gcd(num, gcd_values[num])] += 1
        return max(gcd_values.keys())

    def find_initial_numbers(nums):
        g = find_gcd(nums)
        x, y, _ = extended_euclidean_algorithm(g, len(nums))
        return nums[x], nums[x + y]

    t = int(input().strip())
    for _ in range(t):
        n = int(input().strip())
        nums = list(map(int, input().strip().split()))
        initial_numbers = find_initial_numbers(nums)
        print(initial_numbers[0])

",False,False,0,0.0
1837A,0,['this is the og problem'],['for loop'],"['for loop', 'if statement', 'tuple', 'misc', 'dictionary', 'matrix operation']","import math

def solve():
    for _ in range(int(input())):
        x, k = map(int, input().split())
        steps = 0
        pos = 0
        while pos != x:
            if pos + k <= x:
                pos += k
            else:
                steps += 1
                pos += math.gcd(abs(pos - x), k)
        print(steps)
        print(*[i for i in range(steps) if i + pos != x and i + pos not in {-j * k for j in range(1, math.floor(abs(pos - x) // k) + 1)}])

",False,True,0,0.0
1837A,1,['for loop'],"['recursion', 'while loop']","['for loop', 'if statement', 'tuple', 'misc', 'dictionary', 'matrix operation']","from math import gcd

def solve():
    def jump(x, k):
        steps = 0
        while x != 0:
            step = x // k * k if x > 0 else -(x + k - 1) % k
            x += step
            steps += 1
        return steps

    t = int(input())
    for _ in range(t):
        x, k = map(int, input().split())
        print(jump(x, k))
        print(*[step for step in range(-1000000001, 1000000001) if gcd(step, k) != 1])
        print()
",False,True,2,1.0
1837A,2,"['for loop', 'recursion']",['Kadanes algorithm'],"['for loop', 'if statement', 'tuple', 'misc', 'dictionary', 'matrix operation']","from typing import List

def solve():
    def min_jumps(x, k):
        steps = []
        while x != 0:
            jump = -10 ** 9 if x < 0 else 10 ** 9
            if jump % k != 0:
                steps.append(jump)
                x += jump
            else:
                steps.append(-k if x > 0 else k)
                x += -k if x > 0 else k
        return steps, len(steps)

    test_cases = int(input())
    for _ in range(test_cases):
        x, k = map(int, input().split())
        steps, num_steps = min_jumps(x, k)
        print(num_steps)
        print(*steps)

",False,True,1,1.0
1837A,3,"['for loop', 'recursion', 'if statement']","['for loop', 'while loop', 'if statement', 'tuple', 'matrix operation', 'hashmap']","['for loop', 'if statement', 'tuple', 'misc', 'dictionary', 'matrix operation']","import math

def solve():
    test_cases = int(input())
    for _ in range(test_cases):
        x, k = map(int, input().split())
        steps = 0
        jump = -math.gcd(x, k) if x > 0 else math.gcd(x, k)
        while x != 0:
            x += jump
            steps += 1
        print(steps)
        print(*[jump for _ in range(steps)])
        jump *= -1

",False,False,2,0.3333333333333333
1837A,4,"['for loop', 'recursion', 'if statement', 'hashmap']","['for loop', 'while loop', 'if statement']","['for loop', 'if statement', 'tuple', 'misc', 'dictionary', 'matrix operation']","import math

def solve():
    test_cases = int(input())
    for _ in range(test_cases):
        x, k = map(int, input().split())
        moves = []
        jump = math.gcd(x, k)
        while x != 0:
            if x > 0:
                moves.append(x - jump)
                x -= jump
            else:
                moves.append(-x + jump)
                x += jump
        moves.append(x)
        print(len(moves))
        print(*moves)

",False,False,1,0.3333333333333333
1836A,0,['this is the og problem'],"['if statement', 'for loop', 'break statement', 'tuple']","['while loop', 'sorting', 'for loop', 'if statement', 'misc', 'matrix operation', 'hashmap', 'break statement', 'dictionary', 'continue statement']","import itertools

def solve():
    t = int(input())
    for _ in range(t):
        n = int(input())
        lines = list(map(int, input().split()))
        for line in itertools.permutations(range(1, n+1)):
            if all(lines[i] == sum(line[:i]) for i in range(1, n)):
                print(""YES"")
                break
        else:
            print(""NO"")
",False,True,1,0.25
1836A,1,['for loop'],"['for loop', 'if statement', 'dictionary', 'hashmap']","['while loop', 'sorting', 'for loop', 'if statement', 'misc', 'matrix operation', 'hashmap', 'break statement', 'dictionary', 'continue statement']","import collections

def solve():
    t = int(input())
    for _ in range(t):
        n = int(input())
        lines = list(map(int, input().split()))
        counts = collections.Counter(lines)
        if len(counts) == 1 and counts[0] == n:
            print(""YES"")
        elif all(counts[i] == lines.count(i) for i in counts):
            print(""YES"")
        else:
            print(""NO"")
",False,False,0,0.0
1836A,2,"['for loop', 'break statement']","['for loop', 'if statement', 'break statement', 'set', 'tuple', 'misc']","['while loop', 'sorting', 'for loop', 'if statement', 'misc', 'matrix operation', 'hashmap', 'break statement', 'dictionary', 'continue statement']","import itertools

def solve():
    for _ in range(int(input())):
        n = int(input())
        lines = list(map(int, input().split()))
        robots = sorted(set(lines))
        for line in itertools.permutations(range(1, n+1)):
            line_sum = sum(lines[i] + sum(lines[:i]) for i in line)
            if line_sum == sum(robots) * len(line):
                print(""YES"")
                break
        else:
            print(""NO"")
",False,False,2,0.3333333333333333
1836A,3,"['for loop', 'break statement', 'while loop']",['for loop'],"['while loop', 'sorting', 'for loop', 'if statement', 'misc', 'matrix operation', 'hashmap', 'break statement', 'dictionary', 'continue statement']","from collections import defaultdict

def solve():
    t = int(input())
    for _ in range(t):
        n = int(input())
        lines = defaultdict(int)
        for i in range(n):
            lines[input()] += 1
        for i in range(1, n):
            if lines[str(i)] != lines[str(i - lines[str(i)])]:
                print(""NO"")
                break
        else:
            print(""YES"")

",False,False,0,0.0
1836A,4,"['for loop', 'break statement', 'while loop', 'if statement']",['for loop'],"['while loop', 'sorting', 'for loop', 'if statement', 'misc', 'matrix operation', 'hashmap', 'break statement', 'dictionary', 'continue statement']","import itertools

def solve():
    for _ in range(int(input())):
        n = int(input())
        lines = list(map(int, input().split()))
        robots = list(range(1, n+1))
        for line in lines:
            if line != sum(robots[:line]):
                print(""NO"")
                break
            robots = robots[line:]
        else:
            print(""YES"")
",False,False,0,0.0
1836A,5,"['for loop', 'break statement', 'while loop', 'if statement', 'recursion']",['for loop'],"['while loop', 'sorting', 'for loop', 'if statement', 'misc', 'matrix operation', 'hashmap', 'break statement', 'dictionary', 'continue statement']","import itertools

def solve():
    t = int(input())
    for _ in range(t):
        n = int(input())
        lines = list(map(int, input().split()))
        robots = list(range(1, n+1))
        for line in lines:
            if line != len(list(filter(lambda x: x < x + line, robots))):
                print(""NO"")
                break
        else:
            print(""YES"")
",False,False,0,0.0
1834A,0,['this is the og problem'],['tuple'],"['for loop', 'if statement', 'while loop', 'matrix operation', 'misc']","import math

def solve():
    def is_good(arr):
        return sum(arr) >= 0 and math.gcd(*arr) == 1

    def flip(arr, index):
        arr[index] *= -1

    def min_flips(arr):
        n = len(arr)
        dp = [[0] * 2 for _ in range(n)]
        for i in range(n):
            dp[i][arr[i]] = 1
            for j in range(i):
                dp[i][arr[i] * arr[j]] = min(dp[i][arr[i] * arr[j]], dp[j][arr[j]] + 1)
        return dp[n - 1][1]

    t = int(input())
    for _ in range(t):
        n = int(input())
        arr = list(map(int, input().split()))
        flips = min_flips(arr)
        if is_good(arr):
            print(0)
        else:
            print(flips)

",False,True,1,1.0
1834A,1,['for loop'],"['for loop', 'if statement']","['for loop', 'if statement', 'while loop', 'matrix operation', 'misc']","import functools
from typing import List

def solve():
    def product_sum(arr: List[int]):
        product = 1
        sum = 0
        for num in arr:
            sum += num
            product *= num
        return sum >= 0 and product == 1

    @functools.lru_cache(maxsize=None)
    def min_ops(arr: List[int], index: int = 0) -> int:
        if index == len(arr):
            return 0 if product_sum(arr) else float('inf')

        res = float('inf')
        res = min(res, 1 + min_ops(arr[:index] + [1 - arr[index]] + arr[index + 1:]))
        res = min(res, min_ops(arr[:index] + [1 - arr[index - 1]] + arr[index:]))
        return res

    t = int(input())
    for _ in range(t):
        n = int(input())
        arr = list(map(int, input().split()))
        print(min_ops(arr))

",False,False,0,0.0
1834A,2,"['for loop', 'while loop']",['for loop'],"['for loop', 'if statement', 'while loop', 'matrix operation', 'misc']","import functools
from typing import List

def solve():
    @functools.lru_cache(maxsize=None)
    def dp(arr, i, prod):
        if i == len(arr):
            return 0 if prod == 1 else float('inf')
        res = float('inf')
        for j in range(i, len(arr)):
            res = min(res, dp(arr, j + 1, prod * arr[j]))
        res += 1 if arr[i] * res >= 0 else 0
        return res

    t = int(input())
    for _ in range(t):
        n = int(input())
        arr = list(map(int, input().split()))
        print(dp(arr, 0, 1))

",False,False,0,0.0
1834A,3,"['for loop', 'while loop', 'tuple']",['for loop'],"['for loop', 'if statement', 'while loop', 'matrix operation', 'misc']","import math

def solve():
    def is_good(a):
        return sum(a) >= 0 and math.gcd(*a) == 1

    def flip(a, i):
        a[i] *= -1

    def min_flips(a):
        n = len(a)
        dp = [[0] * 2 for _ in range(n)]
        for i in range(n):
            for j in range(i):
                if a[i] * a[j] == -1:
                    dp[i][1] = max(dp[j][0] + 1, dp[i][1])
                else:
                    dp[i][0] = max(dp[j][0], dp[i][0])
            dp[i][0] = max(dp[i][0], dp[i][1])
        return dp[n - 1][0]

    t = int(input())
    for _ in range(t):
        n = int(input())
        a = list(map(int, input().split()))
        if all(x == 1 for x in a):
            print(0)
        elif all(x == -1 for x in a):
            print(1)
        else:
            flips = min_flips(a)
            if is_good(a):
                print(0)
            else:
                flips += 1
                flip(a, 0)
                if is_good(a):
                    print(flips)
                else:
                    for i in range(1, n):
                        if a[i] == -1:
                            flip(a, i)
                            if is_good(a):
                                print(flips + min_flips(a))
                                break
                            else:
                                flip(a, i)
                        flips += 1

",False,False,0,0.0
1834A,4,"['for loop', 'while loop', 'tuple', 'if statement']",['for loop'],"['for loop', 'if statement', 'while loop', 'matrix operation', 'misc']","import math

def solve():
    def product(arr):
        prod = 1
        for num in arr:
            prod *= num
        return prod

    def sum_abs(arr):
        sum = 0
        for num in arr:
            sum += abs(num)
        return sum

    def min_ops(arr):
        n = len(arr)
        if n == 1:
            return 0 if arr[0] == 1 else 1
        if sum_abs(arr) <= 1 or product(arr) == 1:
            return 0
        min_ops_count = float('inf')
        for i in range(n):
            if arr[i] == -1:
                arr[i] = 1
                new_product = product(arr)
                new_sum = sum_abs(arr)
                if new_product == 1 and new_sum >= 0:
                    min_ops_count = min(min_ops_count, 1 + min_ops(arr))
                arr[i] = -1
                new_product = product(arr)
                new_sum = sum_abs(arr)
                if new_product == 1 and new_sum >= 0:
                    min_ops_count = min(min_ops_count, 1 + min_ops(arr))
        return min_ops_count

    t = int(input().strip())
    for _ in range(t):
        n = int(input().strip())
        arr = list(map(int, input().strip().split()))
        print(min_ops(arr))

",False,False,0,0.0
1833C,0,['this is the og problem'],['for loop'],"['for loop', 'if statement', 'tuple', 'set', 'sorting', 'while loop', 'continue statement', 'break statement']","import functools

def solve():
    t = int(input())
    for _ in range(t):
        n = int(input())
        a = list(map(int, input().split()))
        odd_count = sum(1 for x in a if x & 1)
        if odd_count == n or odd_count == 0:
            print(""YES"")
        else:
            print(""NO"")

",False,True,0,0.0
1833C,1,['for loop'],"['if statement', 'for loop']","['for loop', 'if statement', 'tuple', 'set', 'sorting', 'while loop', 'continue statement', 'break statement']","from typing import List

def solve(a: List[int]):
    even_count, odd_count = 0, 0
    for num in a:
        if num % 2 == 0:
            even_count += 1
        else:
            odd_count += 1

    if even_count == 0 or odd_count == 0:
        return ""NO""

    if even_count > 0 and odd_count > 0:
        return ""NO""

    result = [0] * len(a)
    if even_count > 0:
        for i in range(len(a)):
            result[i] = a[i]
    else:
        for i in range(len(a)):
            result[i] = a[i] - a[0]

    return ""YES""

",False,False,0,0.0
1833C,2,"['for loop', 'tuple']","['if statement', 'for loop']","['for loop', 'if statement', 'tuple', 'set', 'sorting', 'while loop', 'continue statement', 'break statement']","from typing import List

def solve():
    t = int(input())
    for _ in range(t):
        n = int(input())
        a = list(map(int, input().split()))
        odd_count = sum(1 for x in a if x & 1)
        even_count = n - odd_count
        if odd_count == 0 or even_count == 0:
            print(""YES"")
        elif odd_count == n or even_count == n:
            print(""YES"")
        else:
            print(""NO"")

",False,False,0,0.0
1833C,3,"['for loop', 'tuple', 'recursion']","['if statement', 'for loop', 'if statement', 'for loop']","['for loop', 'if statement', 'tuple', 'set', 'sorting', 'while loop', 'continue statement', 'break statement']","import functools

def solve():
    t = int(input())
    for _ in range(t):
        n = int(input())
        a = list(map(int, input().split()))
        odd_count = sum(1 for x in a if x & 1)
        even_count = n - odd_count
        if odd_count == 0 or even_count == 0:
            print(""NO"")
        elif odd_count == n or even_count == n:
            print(""YES"")
        else:
            print(""NO"")

",False,False,0,0.0
1833C,4,"['for loop', 'tuple', 'recursion', 'if statement']",['for loop'],"['for loop', 'if statement', 'tuple', 'set', 'sorting', 'while loop', 'continue statement', 'break statement']","import functools

def solve():
    n = int(input())
    a = list(map(int, input().split()))

    # Check if all elements are positive
    if any(x < 0 for x in a):
        print(""NO"")
        return

    # Check if all elements have the same parity
    parity = a[0] % 2
    if any(x % 2 != parity for x in a[1:]):
        print(""NO"")
        return

    # Check if it's possible to build a beautiful array
    @functools.lru_cache(maxsize=None)
    def can_build(remaining, target_parity):
        if not remaining:
            return target_parity == 0
        if remaining[0] % 2 != target_parity:
            return False
        return any(can_build(remaining[i:], target_parity) for i in range(1, len(remaining))) or any(can_build(remaining[i:], 1 - target_parity) for i in range(1, len(remaining)))

    if can_build(a, parity):
        print(""YES"")
    else:
        print(""NO"")

# Main function to run the program
",False,False,0,0.0
1833C,5,"['for loop', 'tuple', 'recursion', 'if statement', 'while loop']","['for loop', 'if statement']","['for loop', 'if statement', 'tuple', 'set', 'sorting', 'while loop', 'continue statement', 'break statement']","import functools

def solve():
    t = int(input())
    for _ in range(t):
        n = int(input())
        a = list(map(int, input().split()))
        even_count = sum(1 for x in a if x % 2 == 0)
        odd_count = sum(1 for x in a if x % 2 != 0)
        if even_count == 0 or odd_count == n:
            print(""YES"")
        else:
            print(""NO"")

",False,False,0,0.0
1833A,0,['this is the og problem'],['for loop'],"['for loop', 'set', 'misc', 'tuple', 'matrix operation', 'dictionary', 'hashmap']","import collections

def solve():
    t = int(input())
    for _ in range(t):
        n = int(input())
        s = input()
        count = collections.Counter(s)
        if len(count) == 1:
            print(1)
        else:
            freq = sorted(count.values())
            if freq[0] > 1:
                print(freq[0] // 2)
            else:
                print(2)

",False,True,0,0.0
1833A,1,['if statement'],"['for loop', 'if statement', 'dictionary', 'misc']","['for loop', 'set', 'misc', 'tuple', 'matrix operation', 'dictionary', 'hashmap']","import collections

def solve():
    t = int(input())
    for _ in range(t):
        n = int(input())
        s = input()
        count = collections.Counter(s)
        groups = [list(g) for k, g in count.items() if k != ' ' and g > 1]
        result = len(groups)
        if not groups:
            result = 1
        print(result)
",False,False,1,0.25
1833A,2,"['if statement', 'for loop']","['for loop', 'if statement', 'misc']","['for loop', 'set', 'misc', 'tuple', 'matrix operation', 'dictionary', 'hashmap']","import collections

def solve():
    for _ in range(int(input())):
        n = int(input())
        s = input()
        count = collections.Counter(s)
        if len(count) == 1:
            print(1)
        else:
            melody = []
            for char in s:
                if count[char] > 1:
                    count[char] -= 2
                    melody.append(char * 2)
                else:
                    melody.append(char)
            if len(melody) > 1:
                print(len(melody) // 2)
            else:
                print(1)
",False,False,1,0.3333333333333333
1833A,3,"['if statement', 'for loop', 'set']",['for loop'],"['for loop', 'set', 'misc', 'tuple', 'matrix operation', 'dictionary', 'hashmap']","import collections

def solve():
    for _ in range(int(input())):
        n = int(input())
        s = input()
        count = collections.Counter(s)
        groups = collections.deque()
        result = 0
        for char in s:
            if char not in groups:
                groups.append(char)
                result += 1
            else:
                groups.popleft()
        print(result)
",False,False,0,0.0
1833A,4,"['if statement', 'for loop', 'set', 'while loop']","['for loop', 'dictionary', 'hashmap']","['for loop', 'set', 'misc', 'tuple', 'matrix operation', 'dictionary', 'hashmap']","import collections

def solve():
    t = int(input())
    for _ in range(t):
        n = int(input())
        s = input()
        count = collections.Counter(s)
        groups = [list(g) for k, g in count.items() if len(g) >= 2]
        result = len(groups)
        for group in groups:
            result += len(group) - 1
        print(result)
",False,False,0,0.0
1833A,5,"['if statement', 'for loop', 'set', 'while loop', 'recursion']","['for loop', 'dictionary', 'if statement']","['for loop', 'set', 'misc', 'tuple', 'matrix operation', 'dictionary', 'hashmap']","import collections

def solve():
    for _ in range(int(input())):
        n = int(input())
        s = input()
        count = collections.Counter(s)
        groups = [list(g) for k, g in count.items() if g > 1]
        if not groups:
            print(1)
        else:
            result = len(groups)
            for group in groups:
                result += len(group) - 1
            print(result)
",False,False,1,0.3333333333333333
1832A,0,['this is the og problem'],"['for loop', 'if statement', 'continue statement', 'break statement']","['for loop', 'if statement', 'set', 'break statement']","import itertools

def solve():
    t = int(input())
    for _ in range(t):
        s = input()
        if len(s) <= 1:
            print(""YES"")
            continue
        for perm in itertools.permutations(s):
            if perm[0] != perm[-1]:
                continue
            for i in range(1, len(perm)):
                if perm[i] != perm[len(perm) - i - 1]:
                    break
            else:
                print(""YES"")
                break
        else:
            print(""NO"")
",False,True,1,0.25
1832A,1,['if statement'],"['for loop', 'if statement', 'continue statement', 'break statement', 'tuple', 'recursion']","['for loop', 'if statement', 'set', 'break statement']","import itertools

def solve():
    t = int(input())
    for _ in range(t):
        s = input()
        if len(s) <= 1:
            print(""YES"")
            continue
        for perm in itertools.permutations(s):
            if perm[0] != perm[-1] and ''.join(perm) != s:
                print(""YES"")
                break
        else:
            print(""NO"")

",False,False,3,0.5
1832A,2,"['if statement', 'hashmap']","['for loop', 'if statement', 'continue statement', 'break statement']","['for loop', 'if statement', 'set', 'break statement']","import itertools

def solve():
    t = int(input())
    for _ in range(t):
        s = input()
        if len(s) <= 1:
            print(""YES"")
            continue
        for perm in itertools.permutations(s):
            if perm[0] != perm[-1] or ''.join(perm) == s:
                continue
            print(""YES"")
            break
        else:
            print(""NO"")
",False,False,1,0.25
1832A,3,"['if statement', 'hashmap', 'for loop']","['for loop', 'if statement', 'continue statement', 'break statement']","['for loop', 'if statement', 'set', 'break statement']","import itertools

def solve():
    t = int(input())
    for _ in range(t):
        s = input()
        if len(s) <= 1:
            print(""YES"")
            continue
        for perm in itertools.permutations(s):
            if perm[0] != perm[-1] and ''.join(perm) != s:
                print(""YES"")
                break
        else:
            print(""NO"")
",False,False,1,0.25
1832A,4,"['if statement', 'hashmap', 'for loop', 'set']","['if statement', 'for loop', 'continue statement', 'break statement']","['for loop', 'if statement', 'set', 'break statement']","import itertools

def solve():
    t = int(input())
    for _ in range(t):
        s = input()
        if len(s) <= 1:
            print(""YES"")
            continue
        for perm in itertools.permutations(s):
            if perm[0] != perm[-1]:
                continue
            for i in range(1, len(perm)):
                if perm[i] != perm[i - 1][::-1]:
                    break
            else:
                print(""YES"")
                break
        else:
            print(""NO"")
",False,False,1,0.25
1832A,5,"['if statement', 'hashmap', 'for loop', 'set', 'while loop']","['for loop', 'if statement', 'continue statement', 'break statement']","['for loop', 'if statement', 'set', 'break statement']","import itertools

def solve():
    t = int(input())
    for _ in range(t):
        s = input()
        if len(s) <= 1:
            print(""YES"")
            continue
        for perm in itertools.permutations(s):
            if perm[0] != perm[-1] and ''.join(perm) != s:
                print(""YES"")
                break
        else:
            print(""NO"")
",False,False,1,0.25
1831A,0,['this is the og problem'],['for loop'],"['for loop', 'tuple', 'matrix operation']","import itertools

def solve():
    t = int(input())
    for _ in range(t):
        n = int(input())
        a = list(map(int, input().split()))
        a.sort()
        for b in itertools.permutations(list(range(1, n+1))):
            if all(a[i] + b[i] >= a[i+1] + b[i+1] for i in range(n-1)):
                print(*b)
                break

",False,True,0,0.0
1831A,1,['if statement'],"['for loop', 'sorting']","['for loop', 'tuple', 'matrix operation']","import itertools

def solve():
    t = int(input())
    for _ in range(t):
        n = int(input())
        a = list(map(int, input().split()))
        a.sort()
        b = list(a)
        b.reverse()
        print(*b)

",False,True,1,0.5
1831A,2,"['if statement', 'sorting']",['for loop'],"['for loop', 'tuple', 'matrix operation']","import itertools

def solve():
    n_test_cases = int(input())

    for _ in range(n_test_cases):
        n = int(input())
        a = list(map(int, input().split()))
        a.sort()

        # Generate all permutations of length n
        permutations = list(itertools.permutations(range(1, n+1)))

        # Find the permutation that satisfies the condition
        for perm in permutations:
            if all(a[i] + perm[i] >= a[i+1] + perm[i+1] for i in range(n-1)):
                print(*perm)
                break

",False,True,0,0.0
1831A,3,"['if statement', 'sorting', 'for loop']",['for loop'],"['for loop', 'tuple', 'matrix operation']","import itertools

def solve():
    t = int(input())
    for _ in range(t):
        n = int(input())
        a = list(map(int, input().split()))
        a.sort()
        for b in itertools.permutations(list(range(1, n+1))):
            if all(a[i] >= b[i][0] + b[i-1][-1] for i in range(1, n)):
                print(*b)
                break

",False,False,0,0.0
1831A,4,"['if statement', 'sorting', 'for loop', 'tuple']",['sorting'],"['for loop', 'tuple', 'matrix operation']","import heapq

def solve():
    n = int(input())
    a = list(map(int, input().split()))
    a.sort()

    b = [0] * n
    for i in range(n - 1, -1, -1):
        heapq.heappush(b, a[i] - i)

    print(*b)
",False,False,1,1.0
1831A,5,"['if statement', 'sorting', 'for loop', 'tuple', 'while loop']",['recursion'],"['for loop', 'tuple', 'matrix operation']","import itertools

def solve():
    def find_twin_permutation(a):
        n = len(a)
        b = list(range(1, n + 1))
        for i in range(n):
            b[i], b[a[i] - 1] = b[a[i] - 1], b[i]
        return b

    t = int(input())
    for _ in range(t):
        n = int(input())
        a = list(map(int, input().split()))
        assert len(set(a)) == n, ""Input permutation contains duplicate elements.""
        print(*find_twin_permutation(a))

",False,True,1,1.0
1829C,0,['this is the og problem'],['for loop'],"['for loop', 'dictionary', 'if statement', 'matrix operation', 'tuple', 'misc', 'while loop', 'hashmap']","from functools import reduce
from collections import defaultdict

def solve():
    t = int(input())
    for _ in range(t):
        n = int(input())
        books = [list(map(int, input().split())) for _ in range(n)]
        skills = [(0, 0) for _ in range(n)]
        dp = [[float('inf')] * (1 << 2) for _ in range(n + 1)]
        for i in range(n - 1, -1, -1):
            for mask in range(1, 4):
                for j in range(i + 1, n):
                    if skills[j][0] & mask == mask and dp[j][mask] != float('inf'):
                        dp[i][mask] = min(dp[i][mask], dp[j][mask] + books[j][0])
            if skills[i][1] & (1 - skills[i][0]) == 1:
                dp[i][skills[i][0]] = min(dp[i][skills[i][0]], books[i][0])
        result = float('inf')
        for mask in range(1, 4):
            result = min(result, dp[-1][mask])
        print(result if result != float('inf') else -1)

",False,True,0,0.0
1829C,1,['for loop'],['for loop'],"['for loop', 'dictionary', 'if statement', 'matrix operation', 'tuple', 'misc', 'while loop', 'hashmap']","from functools import reduce
from typing import List

def solve():
    def dfs(books, skills, minutes, dp):
        if not books:
            return float('inf') if skills != (1, 1) else 0
        min_time = float('inf')
        for book, skill in zip(books[0], skills):
            if skill:
                new_skills = (skills[0] | (1 << book), skills[1])
                new_minutes = minutes + books[0][book]
                if new_minutes > dp[(new_skills)]:
                    dp[(new_skills)] = dfs(books[1:], new_skills, new_minutes, dp)
                min_time = min(min_time, dp[(new_skills)] if dp[(new_skills)] != float('inf') else float('inf'))
        return min_time

    t = int(input())
    for _ in range(t):
        n = int(input())
        books = [list(map(int, input().split())) for _ in range(n)]
        dp = {(0, 0): 0}
        print(dfs(books, (0, 0), 0, dp))

",False,False,0,0.0
1829C,2,"['for loop', 'if statement']","['recursion', 'tuple', 'depth first search']","['for loop', 'dictionary', 'if statement', 'matrix operation', 'tuple', 'misc', 'while loop', 'hashmap']","from functools import reduce
from typing import List

def solve():
    def dfs(books, skills, minutes, index, skill_set):
        if index == len(books):
            if skill_set == (1, 1):
                return minutes
            return -1

        book = books[index]
        for mask in range(4):
            if not book & mask:
                continue
            new_skills = (skills[0] | (1 << mask), skills[1] | (1 << mask))
            new_minutes = minutes + book[1]
            result = dfs(books, new_skills, new_minutes, index + 1, skill_set)
            if result != -1:
                return result
        return -1

    t = int(input())
    for _ in range(t):
        n = int(input())
        books = list(map(lambda x: (int(x), int(x[2:]), int(x[4:])), input().split()))
        result = dfs(books, (0, 0), 0, 0, (0, 0))
        print(result if result != -1 else -1)

",False,True,2,0.6666666666666666
1829C,3,"['for loop', 'if statement', 'dictionary']",['for loop'],"['for loop', 'dictionary', 'if statement', 'matrix operation', 'tuple', 'misc', 'while loop', 'hashmap']","from functools import reduce
from itertools import accumulate

def solve():
    def dfs(books, skills, time, dp):
        if not books:
            return float('inf') if skills != (1, 1) else 0
        min_time = float('inf')
        for i, (m, s) in enumerate(books):
            new_skills = (skills[0] | s[0], skills[1] | s[1])
            new_time = time + m
            if new_skills == (1, 1):
                min_time = min(min_time, new_time)
            if dp[new_skills] == -1:
                dp[new_skills] = dfs(books[i+1:], new_skills, new_time, dp)
            min_time = min(min_time, dp[new_skills] if dp[new_skills] != -1 else float('inf'))
        dp[skills] = min_time
        return dp[skills]

    return lambda: dfs([(m, s) for m, s in zip(map(int, input().split()), map(int, input().split()))], (0, 0), 0, {(0, 0): -1})
",False,False,0,0.0
1829C,4,"['for loop', 'if statement', 'dictionary', 'hashmap']",['for loop'],"['for loop', 'dictionary', 'if statement', 'matrix operation', 'tuple', 'misc', 'while loop', 'hashmap']","from functools import reduce
from operator import xor

def solve():
    def dfs(books, skills, minutes, index, skill_set):
        if index == len(books):
            return minutes if skill_set == (1, 1) else -1

        for i in range(index, len(books)):
            if books[i][1] <= minutes:
                new_minutes = minutes + books[i][1]
                new_skill_set = skill_set | books[i][0]
                if dfs(books, skills, new_minutes, i + 1, new_skill_set) != -1:
                    return new_minutes
        return -1

    def process_book(book):
        return (book[0], 1 << book[0])

    return lambda: reduce(lambda x, y: dfs(x, y[1], 0, 0, 0), [process_book(book) for book in zip(range(1, len(skills) + 1), enumerate(skills))], [[]])

",False,False,0,0.0
1829B,0,['this is the og problem'],['for loop'],"['for loop', 'if statement', 'set', 'sorting', 'while loop', 'misc', 'break statement']","import sys

def solve():
    t = int(input())
    for _ in range(t):
        n = int(input())
        a = list(map(int, input().split()))
        max_len = 0
        current_len = 0
        for i in range(n):
            if a[i] == 0:
                current_len += 1
                max_len = max(max_len, current_len)
            else:
                current_len = 0
        print(max_len)

",True,True,0,0.0
1829B,1,['for loop'],"['for loop', 'if statement']","['for loop', 'if statement', 'set', 'sorting', 'while loop', 'misc', 'break statement']","import sys

def solve():
    t = int(input())
    for _ in range(t):
        n = int(input())
        a = list(map(int, input().split()))
        start, max_len = 0, 0
        for i in range(n):
            if a[i] == 0:
                if i > start:
                    max_len = max(max_len, i - start)
                start = i
        print(max_len)

",False,False,0,0.0
1829B,2,"['for loop', 'recursion']","['for loop', 'if statement', 'hashmap']","['for loop', 'if statement', 'set', 'sorting', 'while loop', 'misc', 'break statement']","import sys

def solve():
    for _ in range(int(input())):
        n = int(input())
        a = list(map(int, input().split()))
        max_len = 0
        current_len = 0
        for i in range(n):
            if a[i] == 0:
                current_len += 1
                max_len = max(max_len, current_len)
            else:
                current_len = 0
        print(max_len)
",True,False,1,0.3333333333333333
1829B,3,"['for loop', 'recursion', 'dictionary']","['if statement', 'for loop']","['for loop', 'if statement', 'set', 'sorting', 'while loop', 'misc', 'break statement']","import sys

def solve():
    n = int(input())
    a = list(map(int, input().split()))
    start, max_len = 0, 0
    for i in range(n):
        if a[i] == 0:
            if i > start:
                max_len = max(max_len, i - start)
            start = i
    if n > start:
        max_len = max(max_len, n - start)
    print(max_len)

",False,False,0,0.0
1829B,4,"['for loop', 'recursion', 'dictionary', 'while loop']",['for loop'],"['for loop', 'if statement', 'set', 'sorting', 'while loop', 'misc', 'break statement']","def solve():
    import sys

    def longest_blank_space(arr):
        max_length = 0
        window = [0, 0]
        for i in arr:
            if i == 0:
                window[1] += 1
                max_length = max(max_length, window[1])
            else:
                max_length = max(max_length, window[1])
                window = [0, 0]
        max_length = max(max_length, window[1])
        return max_length

    for _ in range(int(input())):
        n = int(input())
        arr = list(map(int, input().split()))
        print(longest_blank_space(arr))
",True,False,0,0.0
1829A,0,['this is the og problem'],"['for loop', 'if statement', 'misc']","['for loop', 'misc', 'if statement', 'tuple', 'matrix operation']","def solve():
    for _ in range(int(input())):
        s = input()
        count = sum(1 for i, c in enumerate(s) if c != 'c' or c != 'o' or c != 'd' or c != 'e' or c != 'f' or c != 'o' or c != 'r' or c != 's')
        print(count)
",False,True,0,0.0
1829A,1,['for loop'],['for loop'],"['for loop', 'misc', 'if statement', 'tuple', 'matrix operation']","def solve():
    import string

    def diff_count(s):
        return sum(c != 'c' and c != 'o' and c != 'd' and c != 'e' and c != 'f' and c != 'o' and c != 'r' and c != 'c' and c != 'e' and c != 's' for c in s)

    t = int(input())
    for _ in range(t):
        s = input()
        print(diff_count(s))
",False,False,0,0.0
1829A,2,"['for loop', 'while loop']",['for loop'],"['for loop', 'misc', 'if statement', 'tuple', 'matrix operation']","def solve():
    from collections import Counter

    def diff_count(s1, s2):
        return sum(1 for i in range(len(s1)) if s1[i] != s2[i])

    t = int(input())
    for _ in range(t):
        s = input()
        ref = ""codeforces""
        result = diff_count(s, ref)
        print(result)
",True,False,0,0.0
1829A,3,"['for loop', 'while loop', 'if statement']","['for loop', 'if statement', 'hashmap']","['for loop', 'misc', 'if statement', 'tuple', 'matrix operation']","from collections import Counter

def solve():
    t = int(input())
    for _ in range(t):
        s = input()
        c = Counter(""codeforces"")
        count = 0
        for char in s:
            if char != ""c"" and char != ""o"" and char != ""d"" and char != ""e"" and char != ""f"" and char != ""r"" and char != ""s"":
                count += 1
            elif c[char] == 0:
                count += 1
            c[char] -= 1
        print(count)
",False,False,1,0.3333333333333333
1829A,4,"['for loop', 'while loop', 'if statement', 'tuple']","['for loop', 'dictionary', 'hashmap']","['for loop', 'misc', 'if statement', 'tuple', 'matrix operation']","from collections import Counter

def solve():
    t = int(input())
    for _ in range(t):
        s = input()
        c = Counter(""codeforces"")
        d = Counter(s)
        diff = sum(abs(c[k] - d[k]) for k in ""codeforces"")
        print(diff)
",False,False,2,0.6666666666666666
1828A,0,['this is the og problem'],['for loop'],"['for loop', 'tuple', 'if statement', 'matrix operation', 'while loop']","import math

def solve():
    def is_divisible(n, m):
        return n % m == 0

    def generate_perfect_array(n):
        arr = [0] * n
        for i in range(1, n + 1):
            arr[i - 1] = i * math.gcd(i, n)
        return arr

    t = int(input())
    for _ in range(t):
        n = int(input())
        if n == 1:
            print(1)
        else:
            arr = generate_perfect_array(n)
            total_sum = sum(arr)
            if total_sum % n != 0:
                print(""No solution exists."")
            else:
                print(*arr)

",False,True,0,0.0
1828A,1,['for loop'],['for loop'],"['for loop', 'tuple', 'if statement', 'matrix operation', 'while loop']","from functools import reduce
from itertools import chain, accumulate

def solve():
    def divisibility(n, arr):
        return all(i % a == 0 for i, a in enumerate(arr, 1))

    def sum_divisibility(n, arr):
        return all(n % a == 0 for a in arr)

    def generate_perfect_array(n):
        if n == 1:
            return [1]
        else:
            candidates = list(chain.from_iterable(accumulate(range(1, 1001), lambda a, b: [a, a + b])))
            filtered_candidates = [candidate for candidate in candidates if divisibility(n, [candidate])]
            sum_of_filtered_candidates = sum(filtered_candidates)
            if sum_divisibility(n, [sum_of_filtered_candidates]):
                return filtered_candidates
            else:
                return generate_perfect_array(n - 1) + [sum_of_filtered_candidates]

    t = int(input())
    for _ in range(t):
        n = int(input())
        print(list(generate_perfect_array(n)))

",False,False,0,0.0
1828A,2,"['for loop', 'if statement']",['recursion'],"['for loop', 'tuple', 'if statement', 'matrix operation', 'while loop']","import math
import functools

def solve():
    @functools.lru_cache(maxsize=None)
    def divisors(n):
        divisors = []
        for i in range(1, int(n**0.5) + 1):
            if n % i == 0:
                divisors.append(i)
                divisors.append(n // i)
        divisors.sort()
        return divisors

    def perfect_array(n):
        divisors = divisors(n)
        result = [0] * n
        for i in range(1, n + 1):
            result[i - 1] = divisors[i - 1]
        total = sum(result)
        while total % n != 0:
            next_divisor = divisors[n - total % n]
            for j in range(1, n):
                if result[j] == next_divisor:
                    result[j] += next_divisor
                    total += next_divisor
                    break
        return result

    t = int(input())
    for _ in range(t):
        n = int(input())
        print(*perfect_array(n))

",False,True,1,1.0
1828A,3,"['for loop', 'if statement', 'while loop']",['for loop'],"['for loop', 'tuple', 'if statement', 'matrix operation', 'while loop']","import math
import itertools

def solve():
    def divisors(n):
        divisors = []
        for i in range(1, int(math.sqrt(n)) + 1):
            if n % i == 0:
                divisors.append(i)
                divisors.append(n // i)
        divisors.sort()
        return divisors

    def perfect_array(n):
        divisors = divisors(n)
        result = [0] * n
        for i in range(1, n + 1):
            result[i - 1] = divisors[i - 1]
        for i in range(2, n):
            result[i - 1] += result[i - 1] // divisors[i] * divisors[i]
        return result

    t = int(input())
    for _ in range(t):
        n = int(input())
        print(perfect_array(n))
",False,False,0,0.0
1828A,4,"['for loop', 'if statement', 'while loop', 'recursion']","['for loop', 'sorting']","['for loop', 'tuple', 'if statement', 'matrix operation', 'while loop']","import math
import itertools

def solve():
    def divisors(n):
        divisors = []
        for i in range(1, int(math.sqrt(n)) + 1):
            if n % i == 0:
                divisors.append(i)
                divisors.append(n // i)
        divisors.sort()
        return divisors

    def perfect_array(n):
        divisors = divisors(n)
        result = [0] * n
        for i in range(n):
            result[i] = divisors[i]
        for i in range(1, n):
            for j in range(i + 1, n):
                if result[i] + result[j] <= n:
                    result[i] += result[j]
                    result[j] = 0
        return result

    t = int(input())
    for _ in range(t):
        n = int(input())
        print(perfect_array(n))
",False,False,1,0.5
1825A,0,['this is the og problem'],"['for loop', 'if statement', 'recursion', 'dynamic programming']","['for loop', 'set', 'if statement', 'while loop', 'tuple', 'break statement', 'continue statement', 'misc']","import sys

def is_palindrome(s):
    n = len(s)
    for i in range(n // 2):
        if s[i] != s[n - i - 1]:
            return False
    return True

def solve():
    t = int(input().strip())
    for _ in range(t):
        s = input().strip()
        if is_palindrome(s):
            print(-1)
        else:
            dp = [0] * (len(s) + 1)
            for i in range(1, len(s) + 1):
                for j in range(i, len(s) + 1):
                    if s[i - 1] != s[j - 1]:
                        dp[j] = max(dp[j], dp[i - 1] + 1)
            print(len(s) - dp[-1])

",False,True,2,0.5
1825A,1,['for loop'],['for loop'],"['for loop', 'set', 'if statement', 'while loop', 'tuple', 'break statement', 'continue statement', 'misc']","import sys

def solve():
    def is_palindrome(s):
        return s == s[::-1]

    def find_longest_non_palindrome(s):
        n = len(s)
        dp = [[0] * n for _ in range(n)]
        for i in range(n):
            dp[i][i] = 1
            for j in range(i - 1, -1, -1):
                if s[i] == s[j] and dp[j + 1][i - 1] == 1:
                    dp[j][i] = dp[i][i]
                else:
                    dp[j][i] = max(dp[j + 1][i], dp[j][i - 1]) + 1
        return n - max(dp[0], dp[-1])

    t = int(input())
    for _ in range(t):
        s = input().strip()
        if all(c == c[::-1] for c in [list(s)]):
            print(-1)
        else:
            print(find_longest_non_palindrome(s))

",False,False,0,0.0
1825A,2,"['for loop', 'while loop']","['for loop', 'stack', 'if statement']","['for loop', 'set', 'if statement', 'while loop', 'tuple', 'break statement', 'continue statement', 'misc']","import sys

def solve():
    t = int(input())
    for _ in range(t):
        s = input()
        stack = []
        max_len = 0
        for char in s:
            if char != stack[-1] or not stack:
                stack.append(char)
            else:
                stack.pop()
            max_len = max(max_len, len(stack))
        print(-1 if not max_len else max_len)

",False,False,1,0.3333333333333333
1825A,3,"['for loop', 'while loop', 'if statement']",['for loop'],"['for loop', 'set', 'if statement', 'while loop', 'tuple', 'break statement', 'continue statement', 'misc']","import functools

@functools.lru_cache(maxsize=None)
def is_palindrome(s):
    return s == s[::-1]

def solve():
    t = int(input())
    for _ in range(t):
        s = input()
        if is_palindrome(s):
            print(-1)
        else:
            start, end = 0, 1
            while end < len(s):
                if not is_palindrome(s[start:end]):
                    break
                start += 1
                end += 1
            if end == len(s):
                print(-1)
            else:
                print(len(s) - end)

",False,False,0,0.0
1825A,4,"['for loop', 'while loop', 'if statement', 'set']",['misc'],"['for loop', 'set', 'if statement', 'while loop', 'tuple', 'break statement', 'continue statement', 'misc']","import itertools

def solve():
    def is_palindrome(s):
        return s == s[::-1]

    def longest_non_palindrome(s):
        n = len(s)
        dp = [[0] * n for _ in range(n)]
        for i in range(n):
            dp[i][i] = 1
        max_len = 0
        for k in range(2, n + 1):
            for i in range(n - k + 1):
                j = i + k - 1
                if is_palindrome(s[i:j]):
                    dp[i][j] = dp[i + 1][j - 1]
                else:
                    dp[i][j] = dp[i + 1][j] + 1
                    max_len = max(max_len, dp[i][j])
        return n - max_len

    t = int(input())
    for _ in range(t):
        s = input()
        if not is_palindrome(s):
            print(len(s))
        else:
            print(longest_non_palindrome(s))
",False,True,0,0.0
1825A,5,"['for loop', 'while loop', 'if statement', 'set', 'matrix operation']",['misc'],"['for loop', 'set', 'if statement', 'while loop', 'tuple', 'break statement', 'continue statement', 'misc']","import itertools

def solve():
    def is_palindrome(s):
        return s == s[::-1]

    def longest_non_palindrome(s):
        n = len(s)
        dp = [[0] * n for _ in range(n)]
        for i in range(n):
            dp[i][i] = 1
        max_len = 0
        for k in range(2, n + 1):
            for i in range(n - k + 1):
                j = i + k - 1
                if is_palindrome(s[i:j]):
                    dp[i][j] = dp[i + 1][j - 1]
                else:
                    dp[i][j] = dp[i + 1][j] + 1
                max_len = max(max_len, dp[i][j])
        return n - max_len

    t = int(input())
    for _ in range(t):
        s = input()
        if not is_palindrome(s):
            print(longest_non_palindrome(s))
        else:
            print(-1)
",False,True,0,0.0
1823A,0,['this is the og problem'],['for loop'],"['for loop', 'if statement', 'tuple', 'while loop', 'misc', 'break statement', 'matrix operation']","import itertools

def solve():
    t = int(input())
    for _ in range(t):
        n, k = map(int, input().split())
        if k > (n - 1) * n // 2:
            print(""NO"")
        else:
            pairs = set()
            a = [1]
            for i in range(2, n + 1):
                for j in range(i - 1, 0, -1):
                    if (a[i - 1] * a[j - 1] == 1) and (i, j) not in pairs:
                        a.append(-1)
                        pairs.add((i, j))
                        k -= 1
                        if k == 0:
                            break
            if k == 0:
                print(""YES"")
                print(*a)
            else:
                print(""NO"")

",False,True,0,0.0
1823A,1,['continue statement'],"['if statement', 'for loop', 'set', 'if statement', 'for loop', 'set']","['for loop', 'if statement', 'tuple', 'while loop', 'misc', 'break statement', 'matrix operation']","import itertools

def solve():
    t = int(input())
    for _ in range(t):
        n, k = map(int, input().split())
        if k > (n - 1) * n // 2:
            print(""NO"")
        else:
            pairs = set()
            a = [1]
            for _ in range(2, n + 1):
                for i in range(len(a)):
                    for j in range(i + 1, len(a)):
                        if a[i] * a[j] == 1:
                            pairs.add((i, j))
                            if len(pairs) == k:
                                break
                    if len(pairs) == k:
                        break
                a.append(-1)
            print(""YES"")
            print(*a)

",False,True,1,0.16666666666666666
1823A,2,"['continue statement', 'for loop']","['recursion', 'stack', 'depth first search', 'dictionary']","['for loop', 'if statement', 'tuple', 'while loop', 'misc', 'break statement', 'matrix operation']","from collections import defaultdict

def solve():
    def dfs(index, count, cur_sum, cur_product, memo):
        if index == n:
            if count == k:
                result.append(cur_product)
                return
            return

        if (index, count, cur_sum, cur_product) in memo:
            return
        memo[(index, count, cur_sum, cur_product)] = True

        dfs(index + 1, count, cur_sum, cur_product, memo)
        if cur_sum > 0:
            dfs(index + 1, count + 1, cur_sum - 1, cur_product * -1, memo)
        else:
            dfs(index + 1, count, cur_sum + 1, cur_product * 1, memo)

    t = int(input())
    for _ in range(t):
        n, k = map(int, input().split())
        result = []
        memo = set()
        dfs(1, 0, 0, 1, memo)
        if len(result) == 0:
            print(""NO"")
        else:
            print(""YES"")
            print(*result)

",False,True,4,1.0
1823A,3,"['continue statement', 'for loop', 'tuple']","['for loop', 'if statement']","['for loop', 'if statement', 'tuple', 'while loop', 'misc', 'break statement', 'matrix operation']","import math

def solve():
    def is_valid(a, k):
        count = 0
        for i in range(len(a)):
            for j in range(i+1, len(a)):
                if a[i] * a[j] == 1:
                    count += 1
        return count == k

    def generate_array(n, k):
        if k > math.comb(n-1, 2) // 2:
            return None

        a = [1]
        for i in range(1, n):
            if len(a) <= k:
                a.append(-1)
            else:
                a[-1] *= -1
                if is_valid(a, k):
                    return a

        return None

    t = int(input())
    for _ in range(t):
        n, k = map(int, input().split())
        result = generate_array(n, k)
        if result is None:
            print(""NO"")
        else:
            print(""YES"")
            print(*result)

",False,False,0,0.0
1823A,4,"['continue statement', 'for loop', 'tuple', 'if statement']","['if statement', 'tuple']","['for loop', 'if statement', 'tuple', 'while loop', 'misc', 'break statement', 'matrix operation']","import itertools

def solve():
    def a_characteristic(a):
        return len(list(itertools.combinations(a, 2) if all(x == 1 or x == -1 for x in a) else []))

    def find_array(n, k):
        if k > (n - 1) * n // 2:
            return ""NO""
        if k == 0:
            return ""YES\n1 -1""
        for i in range(1, n):
            if a_characteristic(list(range(1, i)) + [-1] + list(range(i, n)) + [-1]) == k:
                return ""YES\n"" + ""\n"".join(map(str, (1, -1) + list(range(1, i)) + list(range(i, n))) + [-1])
        return ""NO""

    t = int(input())
    for _ in range(t):
        n, k = map(int, input().split())
        print(find_array(n, k))
",False,False,0,0.0
1823A,5,"['continue statement', 'for loop', 'tuple', 'if statement', 'recursion']","['if statement', 'for loop']","['for loop', 'if statement', 'tuple', 'while loop', 'misc', 'break statement', 'matrix operation']","import math

def solve():
    def count_pairs(a, n, k):
        count = 0
        for i in range(n - 1):
            for j in range(i + 1, n):
                if a[i] * a[j] == 1:
                    count += 1
        return count

    def generate_array(n, k):
        a = [1]
        while len(a) < n:
            if count_pairs(a, len(a), k) == k:
                return a
            a.append(-1)
            for i in range(len(a) - 1, -1, -1):
                if count_pairs(a, i, k - count_pairs(a[:i], i, k)) == k - count_pairs(a[:i], i, k):
                    a[i] = -a[i]
                    break
        return a

    t = int(input().strip())
    for _ in range(t):
        n, k = map(int, input().strip().split())
        if k > math.comb(n - 1, 2):
            print(""NO"")
        else:
            print(""YES"")
            print(*generate_array(n, k))

",False,False,0,0.0
1822C,0,['this is the og problem'],"['for loop', 'matrix operation', 'misc']","['for loop', 'if statement', 'misc', 'while loop']","from math import sqrt, pi

def solve():
    t = int(input())
    for _ in range(t):
        n = int(input())
        side = n
        chocolate = 4 * side * (side - 4)
        inner_circle = pi * (side / 2) ** 2
        outer_circle = pi * (side) ** 2
        dough = (outer_circle - inner_circle) * 2
        total = chocolate + dough
        print(total)
",False,True,1,0.3333333333333333
1822C,1,['for loop'],['recursion'],"['for loop', 'if statement', 'misc', 'while loop']","def solve():
    def chocolate_length(n):
        # Base case: a roll of size 4 has 26 units of chocolate
        if n == 4:
            return 26
        # Recursive case: the chocolate layer of a roll of size n is the sum of the chocolate layers of rolls of size n-1, plus an additional unit for the new layer
        else:
            return chocolate_length(n - 1) * 4 + 1

    # Read the number of test cases
    t = int(input())

    # Loop through the test cases
    for _ in range(t):
        # Read the size of the Cinnabon roll
        n = int(input())

        # Calculate the total length of the chocolate layer
        total_chocolate = chocolate_length(n)

        # Print the result
        print(total_chocolate)
",False,True,1,1.0
1822C,2,"['for loop', 'while loop']","['if statement', 'recursion']","['for loop', 'if statement', 'misc', 'while loop']","def solve():
    def chocolate_length(n):
        if n <= 5:
            return 2 * (n - 1) + 4
        else:
            return 4 * chocolate_length(n // 2) + 4 * (n % 2)

    t = int(input())
    for _ in range(t):
        n = int(input())
        print(chocolate_length(n))
",False,True,1,0.5
1822C,3,"['for loop', 'while loop', 'recursion']",['for loop'],"['for loop', 'if statement', 'misc', 'while loop']","from math import sqrt, pi

def solve():
    def chocolate_length(n):
        side = 2 * n
        chocolate_segments = (n - 1) * (n - 2)
        chocolate_spiral_length = 2 * (side - 1) * (side - 2)
        chocolate_spiral_area = chocolate_spiral_length * (side - 1) / 2
        chocolate_circle_radius = sqrt(chocolate_spiral_area / pi)
        chocolate_circle_diameter = 2 * chocolate_circle_radius
        chocolate_circle_circumference = 2 * pi * chocolate_circle_radius
        return chocolate_segments + chocolate_circle_circumference

    t = int(input())
    for _ in range(t):
        n = int(input())
        print(chocolate_length(n))
",False,False,0,0.0
1822C,4,"['for loop', 'while loop', 'recursion', 'tuple']","['if statement', 'recursion', 'divide & conquer']","['for loop', 'if statement', 'misc', 'while loop']","def solve():
    def chocolate_length(n):
        if n == 4:
            return 26
        elif n == 5:
            return 37
        elif n == 6:
            return 50
        else:
            half_n = n // 2
            chocolate_length_half = chocolate_length(half_n)
            return 4 * half_n * (half_n - 1) + 4 * chocolate_length_half * half_n + 4 * chocolate_length_half * (half_n - 1)

    t = int(input())
    for _ in range(t):
        n = int(input())
        print(chocolate_length(n))
",False,False,2,0.6666666666666666
1822C,5,"['for loop', 'while loop', 'recursion', 'tuple', 'if statement']",['if statement'],"['for loop', 'if statement', 'misc', 'while loop']","def solve():
    def chocolate_length(n):
        if n == 4:
            return 26
        elif n == 5:
            return 37
        elif n == 6:
            return 50
        else:
            return (n * (n - 1) * 4 + 4) * (n // 2 - 1)

    t = int(input())
    for _ in range(t):
        n = int(input())
        print(chocolate_length(n))
",False,False,0,0.0
1822B,0,['this is the og problem'],"['if statement', 'for loop', 'continue statement']","['for loop', 'sorting', 'matrix operation', 'while loop', 'tuple', 'if statement']","import sys

def solve():
    t = int(input())
    for _ in range(t):
        n = int(input())
        a = list(map(int, input().split()))
        if n == 1:
            print(0)
            continue
        max_product = float('-inf')
        for i in range(n - 1):
            max_product = max(max_product, a[i] * a[i + 1])
        print(max_product)

",False,True,1,0.3333333333333333
1822B,1,['for loop'],"['if statement', 'for loop', 'misc']","['for loop', 'sorting', 'matrix operation', 'while loop', 'tuple', 'if statement']","from typing import List

def solve():
    n = int(input())
    for _ in range(n):
        a = list(map(int, input().split()))
        if len(a) <= 2:
            print(max(a))
        else:
            max_product = float('-inf')
            for i in range(len(a) - 1):
                max_product = max(max_product, a[i] * a[i + 1])
            print(max_product)

",False,False,1,0.3333333333333333
1822B,2,"['for loop', 'recursion']","['for loop', 'if statement', 'dynamic programming']","['for loop', 'sorting', 'matrix operation', 'while loop', 'tuple', 'if statement']","import sys
import functools

def solve():
    t = int(input())
    for _ in range(t):
        n = int(input())
        a = list(map(int, input().split()))
        if n == 2:
            print(max(a))
        else:
            dp = [0] * n
            dp[0] = a[0]
            dp[1] = max(a[0], a[1])
            for i in range(2, n):
                dp[i] = max(dp[i - 1], dp[i - 2] + a[i])
            print(dp[-1])

",False,False,1,0.3333333333333333
1822B,3,"['for loop', 'recursion', 'tuple']",['for loop'],"['for loop', 'sorting', 'matrix operation', 'while loop', 'tuple', 'if statement']","import functools
from typing import List

def solve():
    def beauty(arr: List[int]):
        n = len(arr)
        if n <= 1:
            return 0
        return max(a * b for a, b in zip(arr, arr[1:]))

    @functools.lru_cache(maxsize=None)
    def remove_elements(arr: List[int], k: int) -> List[int]:
        if k == 0:
            return arr
        return remove_elements(arr[1:], k - 1) if arr[0] > arr[1] else remove_elements(arr[1:], k)

    def max_beauty(arr: List[int]):
        n = len(arr)
        if n == 1:
            return 0
        max_beauty = 0
        for i in range(1, n):
            max_beauty = max(max_beauty, arr[i - 1] * arr[i] + max_beauty)
            arr = remove_elements(arr, i)
        return max(max_beauty, arr[0] * arr[1])

    t = int(input())
    for _ in range(t):
        n = int(input())
        arr = list(map(int, input().split()))
        print(max_beauty(arr))

",False,False,0,0.0
1822B,4,"['for loop', 'recursion', 'tuple', 'while loop']",['for loop'],"['for loop', 'sorting', 'matrix operation', 'while loop', 'tuple', 'if statement']","import sys

def solve():
    t = int(input())
    for _ in range(t):
        n = int(input())
        a = list(map(int, input().split()))
        if n == 2:
            print(max(a))
        else:
            max_beauty = -float('inf')
            for i in range(n - 1):
                max_beauty = max(max_beauty, a[i] * a[i + 1])
            a = a[:1] + [x for x in a[1:] if x != 0]
            if not a:
                print(0)
            else:
                for i in range(1, len(a)):
                    max_beauty = max(max_beauty, a[i] * a[i - 1])
                print(max_beauty)

",False,False,0,0.0
1822B,5,"['for loop', 'recursion', 'tuple', 'while loop', 'if statement']","['for loop', 'tuple', 'hashmap']","['for loop', 'sorting', 'matrix operation', 'while loop', 'tuple', 'if statement']","import functools
import sys

def solve():
    t = int(input())
    for _ in range(t):
        n = int(input())
        a = list(map(int, input().split()))
        max_beauty = max(functools.reduce(lambda x, y: x * y, pair) for pair in zip(a, a[1:]))
        print(max_beauty)

",False,False,1,0.3333333333333333
1822A,0,['this is the og problem'],['for loop'],"['for loop', 'if statement', 'tuple', 'while loop', 'matrix operation', 'two pointers']","from heapq import nlargest

def solve():
    q = int(input())
    for _ in range(q):
        n, t = map(int, input().split())
        a = list(map(int, input().split()))
        b = list(map(int, input().split()))
        videos = sorted(enumerate(b), key=lambda x: (-x[1], x[0]))
        for i in range(n):
            if a[i] > t:
                print(-1)
                break
            if i + t <= n and videos[i][1] >= videos[i + t][1]:
                print(i + 1)
                break
        else:
            print(-1)

",False,True,0,0.0
1822A,1,['for loop'],"['tuple', 'sorting', 'heap']","['for loop', 'if statement', 'tuple', 'while loop', 'matrix operation', 'two pointers']","from heapq import nlargest

def solve(t, a, b):
    videos = list(zip(a, b))
    videos.sort(key=lambda x: x[0])

    max_entertainment = nlargest(t, videos, key=lambda x: x[1])
    if len(max_entertainment) == 0:
        return -1
    return max_entertainment[0][1]
",False,True,2,0.6666666666666666
1822A,2,"['for loop', 'while loop']",['for loop'],"['for loop', 'if statement', 'tuple', 'while loop', 'matrix operation', 'two pointers']","from heapq import nlargest

def solve():
    q = int(input())
    for _ in range(q):
        n, t = map(int, input().split())
        a = list(map(int, input().split()))
        b = list(map(int, input().split()))

        videos = list(zip(a, b))
        videos.sort(key=lambda x: x[0])

        max_entertainment = -1
        max_index = -1
        current_time = 0

        for video in videos:
            if current_time + video[0] > t:
                break

            if video[1] > max_entertainment:
                max_entertainment = video[1]
                max_index = videos.index(video)

            current_time += video[0]

        print(max_index if max_entertainment != -1 else -1)
",False,False,0,0.0
1822A,3,"['for loop', 'while loop', 'if statement']",['for loop'],"['for loop', 'if statement', 'tuple', 'while loop', 'matrix operation', 'two pointers']","from heapq import nlargest

def solve():
    q = int(input())
    for _ in range(q):
        n, t = map(int, input().split())
        a = list(map(int, input().split()))
        b = list(map(int, input().split()))
        videos = list(zip(a, b))
        videos.sort(key=lambda x: x[0])
        max_entertainment = nlargest(t, videos, key=lambda x: x[1])[0][1]
        max_entertainment_video = [i for i, (a, b) in enumerate(videos) if b == max_entertainment][0]
        print(max_entertainment_video + 1)
",False,False,0,0.0
1822A,4,"['for loop', 'while loop', 'if statement', 'recursion']",['for loop'],"['for loop', 'if statement', 'tuple', 'while loop', 'matrix operation', 'two pointers']","from heapq import nlargest

def solve():
    n, t = map(int, input().split())
    a = list(map(int, input().split()))
    b = list(map(int, input().split()))

    videos = list(zip(a, b))
    videos.sort(key=lambda x: x[0])

    max_entertainment = nlargest(t, videos, key=lambda x: x[1])
    if len(max_entertainment) == 0:
        return -1
    return max_entertainment[0][1] + 1  # Return the index of the video, starting from 1

",False,False,0,0.0
1821A,0,['this is the og problem'],['for loop'],"['for loop', 'if statement', 'recursion', 'tuple', 'matrix operation', 'continue statement', 'while loop', 'misc']","import re

def solve():
    t = int(input())
    patterns = []
    for _ in range(t):
        pattern = input()
        patterns.append(re.compile(r'^(' + '|'.join(['[0-9]' for _ in pattern] + ['[0-9]*']) + ')$'))

    result = []
    for i in range(1, 100001):
        match_count = 0
        for pattern in patterns:
            if pattern.match(str(i)):
                match_count += 1
        result.append(match_count)

    for num in result:
        print(num)
",False,True,0,0.0
1821A,1,['if statement'],"['for loop', 'if statement']","['for loop', 'if statement', 'recursion', 'tuple', 'matrix operation', 'continue statement', 'while loop', 'misc']","import re

def solve():
    test_cases = int(input())
    for _ in range(test_cases):
        template = input()
        pattern = re.compile(r'(\?+)')
        matches = pattern.findall(template)
        total_combinations = 10 ** len(template)
        for match in matches:
            total_combinations -= 10 ** len(match)
        print(total_combinations)
",False,False,0,0.0
1821A,2,"['if statement', 'matrix operation']","['for loop', 'recursion', 'if statement']","['for loop', 'if statement', 'recursion', 'tuple', 'matrix operation', 'continue statement', 'while loop', 'misc']","import math

def solve():
    def count_matches(template):
        total = 0
        for i in range(1, math.pow(10, len(template))):
            if all(j == '?' or str(i)[j] == template[j] for j in range(len(template))):
                total += 1
        return total

    t = int(input())
    for _ in range(t):
        template = input()
        print(count_matches(template))
",False,False,0,0.0
1821A,3,"['if statement', 'matrix operation', 'hashmap']",['for loop'],"['for loop', 'if statement', 'recursion', 'tuple', 'matrix operation', 'continue statement', 'while loop', 'misc']","import itertools

def solve():
    def match(template):
        return len(list(filter(lambda x: int(x) > 0, itertools.permutations(range(10), len(template)))) if '?' in template else 0

    t = int(input())
    for _ in range(t):
        print(match(input()))
",False,True,0,0.0
1821A,4,"['if statement', 'matrix operation', 'hashmap', 'for loop']",['for loop'],"['for loop', 'if statement', 'recursion', 'tuple', 'matrix operation', 'continue statement', 'while loop', 'misc']","import math

def solve():
    def count_matches(template):
        pattern = re.compile(r'(\?+)')
        matches = pattern.findall(template)
        total = math.factorial(len(template))
        for match in matches:
            total /= len(match)
        return total

    t = int(input())
    for _ in range(t):
        template = input()
        print(count_matches(template))
",False,False,0,0.0
1821A,5,"['if statement', 'matrix operation', 'hashmap', 'for loop', 'while loop']","['for loop', 'recursion']","['for loop', 'if statement', 'recursion', 'tuple', 'matrix operation', 'continue statement', 'while loop', 'misc']","import re

def solve():
    t = int(input())
    for _ in range(t):
        s = input()
        pattern = re.compile(r'(\?)+')
        matches = pattern.findall(s)
        total = 0
        for m in matches:
            total += len(str(sum(int(d) for d in itertools.permutations(range(10), len(m)))) )
        print(total)
",False,False,0,0.0
1820A,0,['this is the og problem'],"['if statement', 'for loop']","['while loop', 'if statement', 'for loop', 'continue statement', 'tuple', 'misc']","import re

def solve():
    t = int(input())
    for _ in range(t):
        s = input()
        smileys = ['^_^', '^^']
        count = len(s)
        for smiley in smileys:
            if re.search(smiley, s):
                start, end = re.search(smiley, s).span()
                count -= start + len(smiley) - 1
                if start > 0:
                    count += 1
                if end < len(s):
                    count += 1
        print(count)
",False,True,0,0.0
1820A,1,['for loop'],"['for loop', 'if statement']","['while loop', 'if statement', 'for loop', 'continue statement', 'tuple', 'misc']","import re

def solve():
    t = int(input())
    for _ in range(t):
        s = input()
        smileys = [re.search(r'^(.*)(^_^|^^)(.*)', s)]
        if not smileys:
            print(0)
            continue
        min_len = len(s)
        for i in range(len(s)):
            if s[i] not in ['^', '_']:
                continue
            for j in range(i+1, len(s)):
                if s[j] not in ['^', '_']:
                    break
            else:
                sub_str = s[i:j]
                if sub_str not in ['^_^', '^^']:
                    continue
                min_len -= j - i + 1
        print(min_len)
",False,False,0,0.0
1820A,2,"['for loop', 'while loop']","['for loop', 'if statement']","['while loop', 'if statement', 'for loop', 'continue statement', 'tuple', 'misc']","import re

def solve():
    t = int(input())
    for _ in range(t):
        s = input()
        smileys = re.findall(r'^(_|__|___)(\^_|^_^)$', s)
        if not smileys:
            print(0)
        else:
            total_length = len(s)
            for smiley in smileys:
                total_length -= len(smiley) + 1
            print(total_length)
",False,False,0,0.0
1820A,3,"['for loop', 'while loop', 'recursion']","['for loop', 'if statement', 'misc']","['while loop', 'if statement', 'for loop', 'continue statement', 'tuple', 'misc']","import re

def solve():
    t = int(input())
    for _ in range(t):
        s = input()
        smileys = ['^_^', '^^']
        count = len(s)
        for smiley in smileys:
            if re.search(smiley, s):
                start, end = re.search(smiley, s).span()
                count -= start + len(smiley) - 1
                if start > 0:
                    count += 1
                if end < len(s):
                    count += 1
        print(count)
",False,False,0,0.0
1820A,4,"['for loop', 'while loop', 'recursion', 'if statement']","['for loop', 'if statement', 'tuple']","['while loop', 'if statement', 'for loop', 'continue statement', 'tuple', 'misc']","import re

def solve():
    t = int(input())
    for _ in range(t):
        s = input()
        smileys = re.findall(r'(^|^)_^|(^|^)^\^', s)
        if not smileys:
            print(0)
        else:
            missing_count = len(s) - sum(len(smiley) for smiley in smileys)
            print(missing_count)
",False,False,0,0.0
1818A,0,['this is the og problem'],['for loop'],"['for loop', 'if statement', 'two pointers', 'misc', 'hashmap', 'tuple', 'while loop', 'matrix operation']","import itertools

def solve():
    n, k = map(int, input().split())
    members = [list(input()) for _ in range(n)]

    def count_agree(members, opinion):
        return sum(1 for member in members if member[opinion] == '+')

    def count_disagree(members, opinion):
        return sum(1 for member in members if member[opinion] == '-')

    max_members = 1
    for i in range(1, n):
        for expulsions in itertools.combinations(range(1, n), i):
            remaining_members = [members[j] for j in range(1, n) if j not in expulsions]
            for opinion in range(k):
                if count_agree(remaining_members, opinion) > count_disagree(remaining_members, opinion):
                    break
            else:
                max_members = max(max_members, len(remaining_members))

    print(max_members + 1)
",False,True,0,0.0
1818A,1,['break statement'],"['for loop', 'tuple', 'if statement']","['for loop', 'if statement', 'two pointers', 'misc', 'hashmap', 'tuple', 'while loop', 'matrix operation']","import itertools

def solve():
    def count_agree(members, opinions):
        return sum(1 for member, opinion in zip(members, opinions) if member == opinion)

    def max_members(n, k, members, opinions):
        max_members = 1
        for i in range(1, n):
            for expel in range(i):
                for subset in itertools.combinations(range(1, n), expel):
                    new_members = list(set(members) - set(subset))
                    new_opinions = [opinions[i] for i in new_members]
                    if count_agree(new_members, new_opinions) > count_agree(new_members, [opinions[i] for i in subset]):
                        new_members.append(subset[0])
                    else:
                        new_members += subset
                    if len(new_members) > max_members:
                        max_members = len(new_members)
        return max_members + 1

    t = int(input())
    for _ in range(t):
        n, k = map(int, input().split())
        members = [input() for _ in range(n)]
        print(max_members(n, k, members, [member[i] for i in range(k)]))

",False,True,0,0.0
1818A,2,"['break statement', 'for loop']","['tuple', 'for loop']","['for loop', 'if statement', 'two pointers', 'misc', 'hashmap', 'tuple', 'while loop', 'matrix operation']","import collections

def solve():
    n, k = map(int, input().split())
    members = [list(input()) for _ in range(n)]
    max_members = n

    # Count agreement and disagreement for each opinion
    counts = collections.defaultdict(lambda: (0, 0))
    for member in members:
        for i in range(k):
            if member[i] == '+':
                counts[i][0] += 1
            else:
                counts[i][1] += 1

    # Find opinions with the minimum agreement and maximum disagreement
    min_agree, max_disagree = float('inf'), -float('inf')
    for count in counts.values():
        agree, disagree = count
        if agree < min_agree:
            min_agree = agree
        if disagree > max_disagree:
            max_disagree = disagree

    # Check if there is a tie
    if min_agree == max_disagree:
        max_members = 0
    else:
        # Calculate the maximum number of members that can stay
        max_members = sum(count[0] > count[1] for count in counts.values())

    print(max_members)

",False,False,0,0.0
1818A,3,"['break statement', 'for loop', 'recursion']",['for loop'],"['for loop', 'if statement', 'two pointers', 'misc', 'hashmap', 'tuple', 'while loop', 'matrix operation']","import collections

def solve():
    n, k = map(int, input().split())
    members = [list(input()) for _ in range(n)]
    max_members = n

    # Count agreement and disagreement for each opinion
    counts = collections.defaultdict(lambda: (0, 0))
    for member in members:
        for i in range(k):
            if member[i] == '+':
                counts[i][0] += 1
            else:
                counts[i][1] += 1

    # Check if there is a majority for each opinion
    for count in counts.values():
        if count[0] > count[1]:
            max_members -= count[1]
        elif count[0] < count[1]:
            max_members -= count[0]

    print(max_members)

",False,False,0,0.0
1816A,0,['this is the og problem'],['for loop'],"['for loop', 'tuple', 'while loop', 'matrix operation', 'if statement', 'misc']","import math
import sys

def manhattan_distance(a, b):
    return abs(a[0] - b[0]) + abs(a[1] - b[1])

def solve():
    t = int(input())
    for _ in range(t):
        a, b = map(int, input().split())
        dist = manhattan_distance((0, 0), (a, b))
        if dist > 2:
            print(""Error: Distance is greater than 2."")
            continue
        x, y = 0, 0
        steps = dist // 2
        if dist % 2 == 1:
            steps += 1
        for _ in range(steps):
            x, y = (x + a) // 2, (y + b) // 2
            print(x, y)
        x, y = a, b
        print(x, y)

",False,True,0,0.0
1816A,1,['for loop'],"['dictionary', 'tuple', 'while loop', 'if statement', 'heap', 'greedy algorithm', 'matrix operation', 'misc']","['for loop', 'tuple', 'while loop', 'matrix operation', 'if statement', 'misc']","import math
import heapq

def manhattan_distance(a, b):
    return abs(a[0] - b[0]) + abs(a[1] - b[1])

def dijkstra(start, end, grid):
    distances = {start: 0}
    priority_queue = [(0, start)]

    while priority_queue:
        current_distance, current = heapq.heappop(priority_queue)

        if current == end:
            return distances[end]

        for neighbor in [(current[0] + 1, (current[1], current[0] + 1)),
                         (current[0] - 1, (current[1], current[0] - 1)),
                         (current[1] + 1, (current[0], current[1] + 1)),
                         (current[1] - 1, (current[0], current[1] - 1))]:
            if neighbor[0] > 2 or not (0 <= neighbor[1][0] < 10**9 and 0 <= neighbor[1][1] < 10**9):
                continue

            new_distance = current_distance + 1
            if neighbor[1] not in distances or new_distance < distances[neighbor[1]]:
                distances[neighbor[1]] = new_distance
                heapq.heappush(priority_queue, (new_distance, neighbor[1]))

    return -1

def solve():
    t = int(input())
    for _ in range(t):
        a, b = map(int, input().split())
        result = dijkstra((0, 0), (a, b), {(x, y): float('inf') for x in range(10**9 + 1) for y in range(10**9 + 1)})
        print(1 if result == 1 else 2)
        path = [(0, 0)]
        while (x, y) != (a, b):
            x, y = path[-1]
            path.append(dijkstra((x, y), (a, b), {(x, y): 0} | {(x + dx, y + dy) for dx, dy in [(1, 0), (-1, 0), (0, 1), (0, -1)]}))
        print(*path[1:])

",False,True,3,0.375
1816A,2,"['for loop', 'matrix operation']","['heap', 'dictionary', 'if statement', 'while loop', 'for loop', 'tuple', 'break statement', 'matrix operation']","['for loop', 'tuple', 'while loop', 'matrix operation', 'if statement', 'misc']","import math
import heapq

def manhattan_distance(a, b):
    return abs(a[0] - b[0]) + abs(a[1] - b[1])

def dijkstra(start, end, grid):
    distances = {start: 0}
    priority_queue = [(0, start)]

    while priority_queue:
        current_distance, current = heapq.heappop(priority_queue)

        if current == end:
            return distances[end]

        for neighbor in [(x, y) for x, y in grid if (0 <= x < len(grid) and 0 <= y < len(grid[0])) and manhattan_distance((current[0], current[1]), (x, y)) == 1]:
            new_distance = current_distance + 1
            if neighbor not in distances or new_distance < distances[neighbor]:
                distances[neighbor] = new_distance
                heapq.heappush(priority_queue, (new_distance, neighbor))

    return -1

def solve():
    t = int(input())
    for _ in range(t):
        a, b = map(int, input().split())
        grid = [[0] * (b + 2) for _ in range(a + 2)]
        grid[1][1] = 1

        steps = dijkstra((0, 0), (a, b), grid)
        print(steps)
        path = [(0, 0)]
        for _ in range(1, steps + 1):
            path.append(dijkstra(path[-1], (a, b), grid))
        print(*path)

",False,False,3,0.375
1816A,3,"['for loop', 'matrix operation', 'while loop']",['for loop'],"['for loop', 'tuple', 'while loop', 'matrix operation', 'if statement', 'misc']","import math
import heapq

def dijkstra(start, end, grid):
    queue = [(0, start)]
    visited = set()
    while queue:
        _, current = heapq.heappop(queue)
        if current == end:
            return current
        visited.add(current)
        for dx, dy in ((1, 0), (-1, 0), (0, 1), (0, -1)):
            next_point = (current[0] + dx, current[1] + dy)
            if 0 <= next_point[0] < len(grid[0]) and 0 <= next_point[1] < len(grid) and grid[next_point[1]][next_point[0]] and next_point not in visited:
                heapq.heappush(queue, (current[0] + 1, next_point))
                grid[next_point[1]][next_point[0]] = False
    return None

def solve():
    t = int(input())
    for _ in range(t):
        a, b = map(int, input().split())
        grid = [[1] * len(str(math.sqrt(a**2 + b**2) + 1)] * (math.sqrt(a**2 + b**2) + 1) for _ in range(math.sqrt(a**2 + b**2) + 1)]
        grid[0][0] = 0
        start = (0, 0)
        end = (a, b)
        path = dijkstra(start, end, grid)
        if path:
            print(1)
            print(*path)
        else:
            print(2)
            print(*dijkstra((0, 0), (a // 2, b // 2), grid))
            print(*dijkstra((a // 2, b // 2), end, grid))

",False,False,0,0.0
1816A,4,"['for loop', 'matrix operation', 'while loop', 'recursion']","['heap', 'dictionary', 'while loop', 'for loop', 'if statement', 'tuple', 'continue statement']","['for loop', 'tuple', 'while loop', 'matrix operation', 'if statement', 'misc']","import math
import heapq

def manhattan_distance(a, b):
    return abs(a[0] - b[0]) + abs(a[1] - b[1])

def dijkstra(start, end, grid):
    distances = {start: 0}
    neighbors = []
    heapq.heappush(neighbors, (0, start))

    while neighbors:
        current_distance, current = heapq.heappop(neighbors)
        if current in distances:
            continue
        distances[current] = current_distance

        for neighbor in [(current[0] + 2 * dx, current[1] + 2 * dy) for dx, dy in [(-1, 0), (1, 0), (0, -1), (0, 1)]]:
            if 0 <= neighbor[0] < 10 ** 9 and 0 <= neighbor[1] < 10 ** 9 and neighbor not in distances and manhattan_distance(neighbor, end) <= 2:
                heapq.heappush(neighbors, (current_distance + 1, neighbor))

    return distances[end]

def solve():
    t = int(input())
    for _ in range(t):
        a, b = map(int, input().split())
        print(dijkstra((0, 0), (a, b), {(0, 0): 0}) + 1)
        jumps = dijkstra((0, 0), (a, b), {(0, 0): 0})
        path = []
        current = (0, 0)
        for _ in range(jumps):
            path.append(current)
            neighbors = [(current[0] + 2 * dx, current[1] + 2 * dy) for dx, dy in [(-1, 0), (1, 0), (0, -1), (0, 1)]]
            next_node = min(neighbors, key=lambda n: manhattan_distance(n, (a, b)))
            current = next_node
        print(*path, sep='\n')

",False,False,3,0.42857142857142855
1814A,0,['this is the og problem'],"['if statement', 'for loop', 'misc']","['for loop', 'if statement', 'misc', 'tuple', 'while loop']","from typing import List

def solve():
    test_cases = int(input())
    for _ in range(test_cases):
        n, k = map(int, input().split())
        if k == 2:
            print(""YES"")
        elif n % k == 0:
            print(""YES"")
        else:
            print(""NO"")

",False,True,0,0.0
1814A,1,['for loop'],['for loop'],"['for loop', 'if statement', 'misc', 'tuple', 'while loop']","def extended_euclidean(a, b):
    if b == 0:
        return (1, 0, a)
    else:
        g, y, x = extended_euclidean(b, a % b)
        return (x - (a // b) * y, y, g)

def solve():
    t = int(input())
    for _ in range(t):
        n, k = map(int, input().split())
        if n % 2 == 0 and k != 2:
            print(""YES"")
        else:
            g, x, y = extended_euclidean(n, k)
            if g == n:
                print(""YES"")
            else:
                print(""NO"")
",False,False,0,0.0
1814A,2,"['for loop', 'misc']","['if statement', 'for loop', 'recursion', 'tuple']","['for loop', 'if statement', 'misc', 'tuple', 'while loop']","def extended_euclidean(a, b):
    if b == 0:
        return (1, 0, a)
    else:
        g, y, x = extended_euclidean(b, a % b)
        return (x - (a // b) * y, y, g)

def solve():
    t = int(input())
    for _ in range(t):
        n, k = map(int, input().split())
        if n % 2 == 0 and k != 2:
            print(""YES"")
            continue
        g, x, y = extended_euclidean(n, k)
        if g == n:
            print(""YES"")
        else:
            print(""NO"")

",False,False,1,0.25
1814A,3,"['for loop', 'misc', 'while loop']","['if statement', 'for loop', 'recursion', 'tuple']","['for loop', 'if statement', 'misc', 'tuple', 'while loop']","def extended_euclidean(a, b):
    if b == 0:
        return (1, 0, a)
    else:
        g, y, x = extended_euclidean(b, a % b)
        return (x - (a // b) * y, y, g)

def solve():
    t = int(input())
    for _ in range(t):
        n, k = map(int, input().split())
        if k == 2:
            print(""YES"")
        elif k > 2 and n % k == 0:
            print(""YES"")
        else:
            g, x, y = extended_euclidean(k, n)
            if g == 1:
                print(""YES"")
            else:
                print(""NO"")

",False,False,1,0.25
1814A,4,"['for loop', 'misc', 'while loop', 'if statement']","['tuple', 'dictionary', 'dynamic programming']","['for loop', 'if statement', 'misc', 'tuple', 'while loop']","from collections import defaultdict

def solve():
    n, k = map(int, input().split())
    dp = defaultdict(int)
    dp[0] = 1

    for i in range(1, n+1):
        dp[i] += dp[i - k] if i >= k else 0
        dp[i] += dp[i - 2]

    if dp[n]:
        print(""YES"")
    else:
        print(""NO"")
",True,True,2,0.6666666666666666
1814A,5,"['for loop', 'misc', 'while loop', 'if statement', 'matrix operation']","['for loop', 'if statement']","['for loop', 'if statement', 'misc', 'tuple', 'while loop']","import math

def solve():
    for _ in range(int(input())):
        n, k = map(int, input().split())
        if k == 2:
            print(""YES"")
        elif n % k == 0:
            print(""YES"")
        elif n % 2 == 0 and math.isqrt(n // 2) ** 2 * k == n:
            print(""YES"")
        else:
            print(""NO"")
",False,False,0,0.0
1811A,0,['this is the og problem'],['misc'],"['while loop', 'if statement', 'break statement', 'for loop', 'tuple', 'matrix operation']","import functools

def solve():
    def insert_digit(num, pos, digit):
        return int(num[:pos] + str(digit) + num[pos:])

    def max_insert_pos(num, digit):
        return max(range(len(num) + 1), key=lambda i: insert_digit(num, i, digit))

    def solve_case(n, d):
        num = str(n)
        max_pos = max_insert_pos(num, d)
        return str(insert_digit(n, max_pos, d))

    t = int(input())
    for _ in range(t):
        n, d = map(int, input().split())
        print(solve_case(n, d))

",False,True,1,1.0
1811A,1,['break statement'],['for loop'],"['while loop', 'if statement', 'break statement', 'for loop', 'tuple', 'matrix operation']","import itertools

def solve():
    n_test_cases = int(input())
    for _ in range(n_test_cases):
        n, d = map(int, input().split())
        number = list(map(int, input().split()))
        max_number = max(number) * 10 ** (n - 1) + d
        for i in range(1, n):
            for j in range(i + 1, n):
                num = number[:i] + [d] + number[j:]
                if num > max_number:
                    max_number = num[0] * 10 ** (n - 1) + num[1:]
        print(*max_number)
",False,True,0,0.0
1811A,2,"['break statement', 'for loop']","['recursion', 'if statement', 'for loop']","['while loop', 'if statement', 'break statement', 'for loop', 'tuple', 'matrix operation']","import functools

def solve():
    @functools.lru_cache(maxsize=None)
    def max_number(n, pos, num, digit):
        if pos == n:
            return num + digit
        if pos > n:
            return 0
        max_val = 0
        for d in range(10):
            max_val = max(max_val, max_number(n, pos + 1, num * 10 + d, digit))
        max_val = max(max_val, num * 10 + digit)
        max_val = max(max_val, max_number(n, pos + 1, num, digit))
        return max_val

    t = int(input())
    for _ in range(t):
        n, digit = map(int, input().split())
        num = int(input())
        print(max_number(n, 0, 0, digit))

",False,False,1,0.3333333333333333
1811A,3,"['break statement', 'for loop', 'while loop']",['for loop'],"['while loop', 'if statement', 'break statement', 'for loop', 'tuple', 'matrix operation']","import functools

def solve():
    def insert_digit(num, pos, digit):
        return int(num[:pos] + str(digit) + num[pos:])

    @functools.lru_cache(maxsize=None)
    def max_number(num, digit, pos=0):
        if pos == len(num):
            return insert_digit(num, pos, digit)
        max_val = max_number(num, digit, pos + 1)
        return max(max_val, insert_digit(num, pos, digit), max_number(num[1:] + num[0], digit, pos + 1))

    t = int(input())
    for _ in range(t):
        n, d = map(int, input().split())
        num = input()
        print(str(max_number(num, d)))

",False,False,0,0.0
1811A,4,"['break statement', 'for loop', 'while loop', 'recursion']",['misc'],"['while loop', 'if statement', 'break statement', 'for loop', 'tuple', 'matrix operation']","import functools
from typing import List

def solve():
    def insert_digit(num: str, pos: int, digit: int) -> str:
        return num[:pos] + str(digit) + num[pos:]

    def max_insert_pos(num: str, digit: int) -> int:
        return max(range(len(num) + 1), key=lambda pos: int(insert_digit(num, pos, digit)) if pos > 0 else digit)

    @functools.lru_cache(maxsize=None)
    def max_insert_pos_memo(num: str, digit: int, pos: int = 0) -> int:
        if pos == len(num):
            return digit
        return max(max_insert_pos_memo(num, digit, pos + 1), max_insert_pos(num[pos:], digit))

    def solve_test_case(n: int, d: int, num: str) -> str:
        max_pos = max_insert_pos_memo(num, d)
        return insert_digit(num, max_pos, d)

    t = int(input())
    for _ in range(t):
        n, d = map(int, input().split())
        num = input()
        print(solve_test_case(n, d, num))

",False,True,1,1.0
1811A,5,"['break statement', 'for loop', 'while loop', 'recursion', 'dictionary']",['for loop'],"['while loop', 'if statement', 'break statement', 'for loop', 'tuple', 'matrix operation']","import functools

def solve():
    @functools.lru_cache(maxsize=None)
    def max_insert(num, pos, digit):
        if pos == 0:
            return str(digit) + num
        if pos > len(num):
            return num + str(digit)
        return max(num[:pos] + str(digit) + num[pos:], num[:pos] + str(num[pos - 1]) + str(digit) + num[pos:], max_insert(num[:pos] + str(num[pos]), pos - 1, digit))

    t = int(input())
    for _ in range(t):
        n, d = map(int, input().split())
        num = input()
        print(max_insert(num, len(num), d))

",False,False,0,0.0
1810B,0,['this is the og problem'],['for loop'],"['for loop', 'if statement', 'while loop', 'stack', 'misc', 'continue statement', 'break statement', 'recursion', 'matrix operation']","import sys

def solve():
    t = int(input())
    for _ in range(t):
        n = int(input())
        spells = []
        if n == 1:
            print(1)
            print(1)
            continue
        candies = 1
        steps = 0
        while candies < n:
            if candies * 2 > n:
                candies += 1
                steps += 1
            else:
                candies *= 2 - 1
                spells.append(1)
                steps += 1
        if candies != n:
            print(-1)
        else:
            spells.append(2)
            while len(spells) < steps:
                spells.append(2)
            print(steps)
            print(*spells)

",False,True,0,0.0
1810B,1,['misc'],"['if statement', 'for loop']","['for loop', 'if statement', 'while loop', 'stack', 'misc', 'continue statement', 'break statement', 'recursion', 'matrix operation']","import sys

def solve():
    for _ in range(int(input())):
        n = int(input())
        if n == 1:
            print(1)
            print(1)
        elif n % 2 == 0:
            m = n // 2
            print(m)
            print(*[2 for _ in range(m)])
        else:
            m = (n - 1) // 2
            print(m + 1)
            print(*[2 for _ in range(m)], 1)

",False,True,0,0.0
1810B,2,"['misc', 'if statement']",['if statement'],"['for loop', 'if statement', 'while loop', 'stack', 'misc', 'continue statement', 'break statement', 'recursion', 'matrix operation']","import math

def solve():
    def spell(x, spell_type):
        if spell_type == 1:
            return 2 * x - 1
        else:
            return 2 * x + 1

    def binary_search(n, spells):
        left, right = 0, spells
        while left <= right:
            mid = (left + right) // 2
            candies = spells[mid]
            if candies >= n:
                right = mid - 1
                best_spells = spells[:mid]
            else:
                left = mid + 1
        return best_spells

    def solve_helper(n, spells_used):
        if spells_used == 40:
            return [n] if n == 1 else -1
        candies = 1
        spells = []
        for _ in range(spells_used):
            if candies < n:
                spells.append(1)
                candies = spell(candies, 1)
            elif candies > n:
                spells.append(2)
                candies = spell(candies, 2)
            else:
                return spells + solve_helper(n, spells_used + 1)
        return spells + solve_helper(n, spells_used + 1)

    t = int(input())
    for _ in range(t):
        n = int(input())
        spells = list(range(1, 41))
        spells = binary_search(n, spells)
        if spells:
            print(len(spells))
            print(*spells)
        else:
            print(-1)

",False,False,0,0.0
1810B,3,"['misc', 'if statement', 'for loop']","['if statement', 'queue', 'if statement', 'queue']","['for loop', 'if statement', 'while loop', 'stack', 'misc', 'continue statement', 'break statement', 'recursion', 'matrix operation']","import sys
from collections import deque

def solve():
    n = int(input())
    if n == 1:
        return 1, [1]

    q = deque([(1, [1])])
    visited = set()
    while q:
        candies, steps = q.popleft()
        if candies == n:
            return len(steps), steps

        if (candies, len(steps)) in visited:
            continue
        visited.add((candies, len(steps)))

        if candies > n:
            continue

        q.append((2 * candies + 1, steps + [2]))
        q.append((2 * candies - 1, steps + [1]))

    return -1

",False,False,1,0.25
1810B,4,"['misc', 'if statement', 'for loop', 'recursion']","['queue', 'dictionary', 'set']","['for loop', 'if statement', 'while loop', 'stack', 'misc', 'continue statement', 'break statement', 'recursion', 'matrix operation']","import collections

def solve():
    q = collections.deque()
    spells = {1: (2, -1), 2: (2, 1)}
    visited = set()

    def dfs(candies):
        if candies in visited:
            return False
        visited.add(candies)
        if candies == 1:
            q.append((1, []))
            return True
        for spell, change in spells.items():
            if dfs(candies + change):
                q.append((spell, [change] * change))
                return True
        return False

    for n in map(int, input().split()):
        if dfs(1):
            steps, spells_used = q.popleft()
            print(len(spells_used))
            print(*spells_used)
        else:
            print(-1)

",False,True,3,1.0
1810A,0,['this is the og problem'],"['if statement', 'for loop', 'set']","['for loop', 'if statement', 'break statement', 'recursion', 'misc']","import sys

def solve():
    t = int(input())
    for _ in range(t):
        n = int(input())
        a = list(map(int, input().split()))
        good_subseq = False
        for i in range(1, n+1):
            if set(a) & set(range(1, i+1)):
                good_subseq = True
                break
        print(""YES"" if good_subseq else ""NO"")

",False,True,1,0.3333333333333333
1810A,1,['if statement'],"['for loop', 'if statement', 'set', 'break statement']","['for loop', 'if statement', 'break statement', 'recursion', 'misc']","import sys

def solve():
    t = int(input())
    for _ in range(t):
        n = int(input())
        a = list(map(int, input().split()))
        good_subseq = False
        for i in range(1, n+1):
            if set(a[i-1:]) & {i}:
                good_subseq = True
                break
        print(""YES"" if good_subseq else ""NO"")

",True,False,1,0.25
1810A,2,"['if statement', 'set']",['for loop'],"['for loop', 'if statement', 'break statement', 'recursion', 'misc']","import functools

def solve():
 def is_good(seq):
 return any(i == j for i, j in zip(seq, range(1, len(seq) + 1)))

 def is_beautiful(seq):
 return any(is_good(subseq) for subseq in functools.reduce(lambda x, y: x + y, ([[]] + [list(i) for i in itertools.combinations(seq, r) for r in range(1, len(seq) + 1))))

 def main():
 t = int(input())
 for _ in range(t):
 n = int(input())
 seq = list(map(int, input().split()))
 print(""YES"" if is_beautiful(seq) else ""NO"")

 if __name__ == ""__main__"":
 main()
",False,True,0,0.0
1810A,3,"['if statement', 'set', 'for loop']","['recursion', 'dynamic programming']","['for loop', 'if statement', 'break statement', 'recursion', 'misc']","import functools

def solve():
    @functools.lru_cache(maxsize=None)
    def is_good(index, sequence):
        if index > len(sequence):
            return False
        if sequence[index - 1] == index:
            return True
        return any(is_good(i, sequence) for i in range(index + 1, len(sequence) + 1))

    def is_beautiful(sequence):
        return any(is_good(i, sequence) for i in range(1, len(sequence) + 1))

    t = int(input())
    for _ in range(t):
        n = int(input())
        sequence = list(map(int, input().split()))
        print(""YES"" if is_beautiful(sequence) else ""NO"")

",False,True,1,0.5
1810A,4,"['if statement', 'set', 'for loop', 'while loop']","['recursion', 'dynamic programming']","['for loop', 'if statement', 'break statement', 'recursion', 'misc']","import functools

def solve():
    @functools.lru_cache(maxsize=None)
    def is_good(arr, i=0):
        if i >= len(arr):
            return False
        if arr[i] == i:
            return True
        return any(is_good(arr[i:], j) for j in range(i+1, len(arr)))

    def is_beautiful(arr):
        return any(is_good(arr[i:]) for i in range(len(arr)))

    t = int(input())
    for _ in range(t):
        n = int(input())
        arr = list(map(int, input().split()))
        print(""YES"" if is_beautiful(arr) else ""NO"")

",False,True,1,0.5
1809A,0,['this is the og problem'],"['for loop', 'if statement', 'dictionary', 'set', 'stack', 'continue statement', 'graph traversal']","['set', 'for loop', 'if statement', 'misc', 'tuple', 'dictionary', 'hashmap', 'while loop', 'sorting', 'continue statement']","from collections import defaultdict

def solve():
    n = int(input())
    for _ in range(n):
        s = input()
        colors = defaultdict(int)
        for i, c in enumerate(s):
            colors[c] = i
        if len(colors) != 4:
            print(-1)
            continue
        visited = set()
        stack = [0]
        while stack:
            i = stack.pop()
            if i in visited:
                continue
            visited.add(i)
            if i + 1 < 4 and colors[s[i + 1]] not in visited:
                stack.append(i + 1)
            if i - 1 >= 0 and colors[s[i - 1]] not in visited:
                stack.append(i - 1)
        print(len(visited))

",False,True,2,0.2857142857142857
1809A,1,['misc'],['for loop'],"['set', 'for loop', 'if statement', 'misc', 'tuple', 'dictionary', 'hashmap', 'while loop', 'sorting', 'continue statement']","from collections import defaultdict

def solve():
    def dfs(node, color, visited):
        if visited[node]:
            return False
        visited[node] = True
        if color[node] == 0:
            return True
        for neighbor in graph[node]:
            if dfs(neighbor, color, visited):
                return True
        return False

    n = int(input())
    for _ in range(n):
        s = list(map(int, input()))
        graph = defaultdict(list)
        for i in range(4):
            for j in range(i+1, 4):
                if abs(s[i] - s[j]) == 1:
                    graph[i].append(j)
                    graph[j].append(i)
        visited = [False] * 4
        for i in range(4):
            if not visited[i] and dfs(i, s, visited):
                print(1)
                break
        else:
            print(-1)

",False,True,0,0.0
1809A,2,"['misc', 'for loop']","['for loop', 'if statement', 'while loop', 'dictionary', 'set', 'tuple']","['set', 'for loop', 'if statement', 'misc', 'tuple', 'dictionary', 'hashmap', 'while loop', 'sorting', 'continue statement']","from collections import Counter

def solve():
    t = int(input())
    for _ in range(t):
        s = input()
        if len(set(s)) < 4:
            print(-1)
        else:
            count = Counter(s)
            bulbs = list(range(4))
            operations = 0
            while True:
                if count[s[bulbs[0]]] == 0:
                    count[s[bulbs[0]]] += 1
                    operations += 1
                    bulbs[0] = (bulbs[0] + 1) % 4
                else:
                    count[s[bulbs[0]]] -= 1
                    operations += 1
                    if all(count[s[i]] == 0 for i in bulbs):
                        break
            print(operations)
",False,False,0,0.0
1809A,3,"['misc', 'for loop', 'if statement']","['if statement', 'for loop', 'set', 'misc']","['set', 'for loop', 'if statement', 'misc', 'tuple', 'dictionary', 'hashmap', 'while loop', 'sorting', 'continue statement']","import itertools

def solve():
    t = int(input())
    for _ in range(t):
        s = list(map(int, input()))
        if len(set(s)) < 4:
            print(-1)
        else:
            # Find the number of unique colors
            unique_colors = len(set(s))
            # Find the number of pairs of same-colored bulbs
            pairs = sum(1 for i in range(4) for j in range(i+1, 4): 1 if s[i] == s[j])
            # If there are more than 2 pairs, it's impossible to turn all bulbs on
            if pairs > 2:
                print(-1)
            else:
                # Find the number of bulbs that are off
                off_bulbs = sum(1 for i in range(4) if s[i] == 0)
                # If there are an odd number of off bulbs, it's impossible to turn all bulbs on
                if off_bulbs % 2 != 0:
                    print(-1)
                else:
                    # Calculate the number of operations
                    operations = off_bulbs // 2 + pairs
                    print(operations)

",False,False,0,0.0
1809A,4,"['misc', 'for loop', 'if statement', 'set']",['for loop'],"['set', 'for loop', 'if statement', 'misc', 'tuple', 'dictionary', 'hashmap', 'while loop', 'sorting', 'continue statement']","import itertools

def solve():
    t = int(input())
    for _ in range(t):
        s = list(map(int, input()))
        if len(set(s)) < 4:
            print(-1)
        else:
            for group in itertools.groupby(sorted(s)):
                if len(list(group[1])) > 1:
                    print(len(s) - len(list(group[1])))
                    break

",False,False,0,0.0
1809A,5,"['misc', 'for loop', 'if statement', 'set', 'while loop']","['for loop', 'if statement', 'set']","['set', 'for loop', 'if statement', 'misc', 'tuple', 'dictionary', 'hashmap', 'while loop', 'sorting', 'continue statement']","import itertools

def solve():
    t = int(input())
    for _ in range(t):
        s = list(map(int, input().strip()))
        if len(set(s)) < 4:
            print(-1)
        else:
            for group in itertools.groupby(sorted(s)):
                if len(list(group[1])) > 1:
                    print(len(s) - len(list(group[1])))
                    break

",False,False,0,0.0
1807C,0,['this is the og problem'],"['for loop', 'if statement']","['for loop', 'if statement', 'set', 'break statement', 'while loop', 'dictionary', 'matrix operation', 'misc']","import re

def solve():
    t = int(input())
    for _ in range(t):
        n = int(input())
        s = input()
        if re.match(r'^(0|1){1,n}$', s):
            print(""YES"")
        else:
            print(""NO"")
",False,True,0,0.0
1807C,1,['for loop'],"['if statement', 'for loop']","['for loop', 'if statement', 'set', 'break statement', 'while loop', 'dictionary', 'matrix operation', 'misc']","import re

def solve():
    def is_alternating(s):
        if len(s) < 2:
            return True
        for i in range(1, len(s)):
            if s[i] == s[i - 1]:
                return False
        return True

    def flip(s, c):
        return re.sub(c, '0' if s[0] == '0' else '1', s)

    def find_flip(s):
        for c in set(s):
            if is_alternating(flip(s, c)):
                return c
        return None

    t = int(input())
    for _ in range(t):
        n = int(input())
        s = input()
        if find_flip(s) is None:
            print(""NO"")
        else:
            print(""YES"")

",False,False,0,0.0
1807C,2,"['for loop', 'if statement']","['if statement', 'for loop']","['for loop', 'if statement', 'set', 'break statement', 'while loop', 'dictionary', 'matrix operation', 'misc']","import re

def solve():
    def is_alternating(s):
        if len(s) < 2:
            return True
        for i in range(1, len(s)):
            if s[i] == s[i - 1]:
                return False
        return True

    def flip(s, c):
        return re.sub(c, '0' if s.count(c) % 2 else '1', s)

    t = int(input())
    for _ in range(t):
        n = int(input())
        s = input()
        for c in set(s):
            if is_alternating(flip(s, c)):
                print(""YES"")
                break
        else:
            print(""NO"")
",False,False,0,0.0
1807C,3,"['for loop', 'if statement', 'recursion']","['for loop', 'if statement']","['for loop', 'if statement', 'set', 'break statement', 'while loop', 'dictionary', 'matrix operation', 'misc']","import re

def solve():
    t = int(input())
    for _ in range(t):
        n = int(input())
        s = input()
        if re.match(r'^(0|1){1,n}$', s):
            print(""YES"")
        else:
            print(""NO"")
",False,False,0,0.0
1807C,4,"['for loop', 'if statement', 'recursion', 'while loop']","['for loop', 'if statement']","['for loop', 'if statement', 'set', 'break statement', 'while loop', 'dictionary', 'matrix operation', 'misc']","import re

def solve():
    t = int(input())
    for _ in range(t):
        n = int(input())
        s = input()
        if re.match(r'^(0|1){1,n}$', s):
            print(""YES"")
        else:
            print(""NO"")

",False,False,0,0.0
1807B,0,['this is the og problem'],"['for loop', 'if statement']","['for loop', 'if statement', 'tuple', 'matrix operation', 'sorting', 'while loop']","import sys

def solve():
    t = int(input())
    for _ in range(t):
        n = int(input())
        a = list(map(int, input().split()))
        odd_count = sum(1 for i in a if i % 2 != 0)
        if odd_count == 0:
            print(""YES"")
        elif n % 2 == 1 and odd_count == 1:
            print(""YES"")
        else:
            print(""NO"")

",False,True,0,0.0
1807B,1,['for loop'],"['recursion', 'tuple', 'if statement', 'for loop']","['for loop', 'if statement', 'tuple', 'matrix operation', 'sorting', 'while loop']","import functools

def solve():
    @functools.lru_cache(maxsize=None)
    def can_reorder(arr, mihai, bianca):
        if not arr:
            return mihai > bianca
        odd = sum(1 for i in arr if arr[i] % 2)
        if odd == 1:
            return can_reorder(arr[1:], mihai + arr[0], bianca) if arr[0] % 2 == 0 else can_reorder(arr[1:], mihai, bianca + arr[0])
        return can_reorder(arr[1:], mihai, bianca)

    t = int(input())
    for _ in range(t):
        n = int(input())
        arr = list(map(int, input().split()))
        print(""YES"" if can_reorder(arr, 0, 0) else ""NO"")

",False,False,1,0.25
1807B,2,"['for loop', 'while loop']","['if statement', 'for loop']","['for loop', 'if statement', 'tuple', 'matrix operation', 'sorting', 'while loop']","import functools

def solve():
    def check(arr):
        mihai, bianca = 0, 0
        for num in arr:
            if num % 2 == 0:
                mihai += num
            else:
                bianca += num
            if mihai > bianca + 1:
                return False
        return True

    @functools.lru_cache(maxsize=None)
    def reorder(arr, n):
        if n == 1:
            return [arr[0]]
        odd_count = sum(1 for i in arr if i % 2 != 0)
        if odd_count == 0:
            return sorted(arr, reverse=True)
        if odd_count == n:
            return sorted(arr)
        for i in range(1, n):
            if check(reorder(arr[:i] + arr[i+1:], n-1)):
                return [arr[i]] + reorder(arr[:i] + arr[i+1:], n-1)
        return []

    t = int(input())
    for _ in range(t):
        n = int(input())
        arr = list(map(int, input().split()))
        result = ""YES"" if reorder(arr, n) else ""NO""
        print(result.upper())

",False,False,0,0.0
1807B,3,"['for loop', 'while loop', 'tuple']","['sorting', 'if statement']","['for loop', 'if statement', 'tuple', 'matrix operation', 'sorting', 'while loop']","import functools

def solve():
    def reorder(arr):
        odd_count = sum(1 for i in arr if i % 2 != 0)
        if odd_count == 0:
            return arr
        if odd_count == 1:
            return arr[::-1]
        return sorted(arr, key=lambda x: x % 2, reverse=True)

    t = int(input())
    for _ in range(t):
        n = int(input())
        arr = list(map(int, input().split()))
        reordered = reorder(arr)
        print(""YES"" if sum(reordered[i] % 2 != reordered[i - 1] % 2 for i in range(1, len(reordered))) else ""NO"")

",False,True,0,0.0
1807B,4,"['for loop', 'while loop', 'tuple', 'if statement']",['for loop'],"['for loop', 'if statement', 'tuple', 'matrix operation', 'sorting', 'while loop']","import functools

def solve():
    def reorder(arr):
        def is_even(n):
            return n % 2 == 0

        def swap(arr, i, j):
            arr[i], arr[j] = arr[j], arr[i]

        def move_candies(player, candies):
            player += candies

        def process_bag(i):
            if is_even(arr[i]):
                move_candies(mihai, arr[i])
            else:
                move_candies(bianca, arr[i])

        mihai, bianca = 0, 0
        for i in range(len(arr)):
            process_bag(i)
            if mihai > bianca:
                return True
            if mihai < bianca:
                return False
        return False

    def find_reordering(arr):
        n = len(arr)
        for i in range(1, n):
            for j in range(i, n):
                if reorder(arr[:i] + arr[j:] + arr[i:j]):
                    return True
        return False

    t = int(input())
    for _ in range(t):
        n = int(input())
        arr = list(map(int, input().split()))
        if find_reordering(arr):
            print(""YES"")
        else:
            print(""NO"")

",False,False,0,0.0
1807A,0,['this is the og problem'],['if statement'],"['for loop', 'if statement', 'tuple', 'while loop']","import functools

def solve():
    def plus_or_minus(a, b, c):
        return ""+"" if a + b == c else ""-""

    @functools.lru_cache(maxsize=162)
    def solve_test_case(a, b, c):
        return plus_or_minuss(a, b, c)

    t = int(input())
    for _ in range(t):
        a, b, c = map(int, input().split())
        print(solve_test_case(a, b, c))
",False,True,0,0.0
1807A,1,['for loop'],"['recursion', 'hashmap']","['for loop', 'if statement', 'tuple', 'while loop']","import functools

@functools.lru_cache(maxsize=128)
def solve(a, b, c):
    return ""+"" if a + b == c else ""-""

",False,True,2,1.0
1807A,2,"['for loop', 'tuple']","['for loop', 'if statement']","['for loop', 'if statement', 'tuple', 'while loop']","import sys

def solve():
    t = int(input())
    for _ in range(t):
        a, b, c = map(int, input().split())
        if a + b == c:
            print(""+"")
        else:
            print(""-"")

",True,False,0,0.0
1807A,3,"['for loop', 'tuple', 'if statement']",['misc'],"['for loop', 'if statement', 'tuple', 'while loop']","import functools

def solve():
    def add(a, b, c):
        return a + b == c

    def sub(a, b, c):
        return a - b == c

    @functools.lru_cache(maxsize=None)
    def check(a, b, c):
        return any([add(a, b, c), sub(a, b, c)])

    def process_input(a, b, c):
        if check(a, b, c):
            return '+' if add(a, b, c) else '-'
        else:
            raise ValueError(""Invalid input"")

    for _ in range(int(input())):
        a, b, c = map(int, input().split())
        print(process_input(a, b, c))
",True,True,1,1.0
1807A,4,"['for loop', 'tuple', 'if statement', 'recursion']","['if statement', 'for loop', 'misc']","['for loop', 'if statement', 'tuple', 'while loop']","import sys

def solve():
    t = int(input())
    for _ in range(t):
        a, b, c = map(int, input().split())
        if a + b == c:
            print(""+"")
        elif a - b == c:
            print(""-"")

",True,False,1,0.3333333333333333
1806A,0,['this is the og problem'],"['if statement', 'for loop', 'while loop', 'break statement']","['for loop', 'if statement', 'tuple', 'while loop', 'misc', 'continue statement']","import math

def solve():
    t = int(input())
    for _ in range(t):
        a, b, c, d = map(int, input().split())
        if a == c and b == d:
            print(0)
        elif a != c and b != d:
            print(-1)
        else:
            x, y = a, b
            moves = 0
            while x != c or y != d:
                moves += 1
                if x + 1 == c and y + 1 == d:
                    x, y = x + 1, y + 1
                elif x - 1 == c and y == d:
                    x, y = x - 1, y
                else:
                    print(-1)
                    break
            print(moves)
",False,True,1,0.25
1806A,1,['matrix operation'],"['if statement', 'recursion']","['for loop', 'if statement', 'tuple', 'while loop', 'misc', 'continue statement']","import math

def solve():
    def is_reachable(a, b, c, d):
        if a > c and b > d:
            return False
        if a < c and b < d:
            return False
        if abs(a - c) + abs(b - d) == 2:
            return True
        return False

    def min_steps(a, b, c, d):
        steps = 0
        while (a != c or b != d):
            if a > c:
                a -= 1
            elif b > d:
                b -= 1
            else:
                a += 1
                b += 1
            steps += 1
        return steps

    t = int(input())
    for _ in range(t):
        a, b, c, d = map(int, input().split())
        if is_reachable(a, b, c, d):
            print(min_steps(a, b, c, d))
        else:
            print(-1)
",False,True,1,0.5
1806A,2,"['matrix operation', 'if statement']","['if statement', 'for loop', 'tuple']","['for loop', 'if statement', 'tuple', 'while loop', 'misc', 'continue statement']","import math

def manhattan_distance(a, b, c, d):
    return abs(a - c) + abs(b - d)

def solve():
    t = int(input())
    for _ in range(t):
        a, b, c, d = map(int, input().split())
        if manhattan_distance(a, b, c, d) % 2 == 1:
            print(-1)
        else:
            moves = manhattan_distance(a, b, c, d) // 2
            print(moves)
",False,False,0,0.0
1806A,3,"['matrix operation', 'if statement', 'for loop']",['for loop'],"['for loop', 'if statement', 'tuple', 'while loop', 'misc', 'continue statement']","from typing import List
import math

def manhattan_distance(a: List[int], b: List[int]):
    return sum([abs(x - y) for x, y in zip(a, b)])

def solve():
    t = int(input())
    for _ in range(t):
        ab, cd = list(map(list, zip(*[input().split() for _ in range(2)])))
        if manhattan_distance(ab, cd) % 2 == 1:
            print(-1)
        else:
            moves = math.ceil(manhattan_distance(ab, cd) / 2)
            print(moves)
",False,False,0,0.0
1806A,4,"['matrix operation', 'if statement', 'for loop', 'hashmap']",['recursion'],"['for loop', 'if statement', 'tuple', 'while loop', 'misc', 'continue statement']","from the initial point to the destination point. Since we are not allowed to use a for loop, we can use a recursive approach instead. Here is the Python code for the `solve()` function:

",False,True,1,1.0
1805B,0,['this is the og problem'],['for loop'],"['for loop', 'while loop', 'hashmap', 'if statement', 'continue statement', 'set', 'sorting', 'misc', 'break statement', 'tuple']","import string

def solve():
    def lex_min_string(s):
        chars = sorted(list(set(s)))
        return ''.join([chars[i] for i in sorted(range(len(s)), key=lambda x: s.index(s[x]))])

    def move_char_to_beginning(s, i):
        return s[:i] + s[i] + s[i+1:]

    def solve_single_test_case(n, s):
        return lex_min_string(move_char_to_beginning(s, s.index(min(s, key=s.index)) if s else ''))

    def main():
        t = int(input())
        for _ in range(t):
            n = int(input())
            s = input()
            print(solve_single_test_case(n, s))

    main()
",False,True,0,0.0
1805B,1,['for loop'],['for loop'],"['for loop', 'while loop', 'hashmap', 'if statement', 'continue statement', 'set', 'sorting', 'misc', 'break statement', 'tuple']","import heapq

def solve():
    def lex_min(s):
        heap = [(ord(c), i) for i, c in enumerate(s)]
        heapq.sort(heap)
        return ''.join([chr(h[1]) for h in heap])

    def move(s, i):
        return s[i:] + s[:i]

    def solve_helper(s):
        for i in range(len(s)):
            new_s = move(s, i)
            if lex_min(new_s) < lex_min(s):
                return new_s
        return s

    def main():
        t = int(input())
        for _ in range(t):
            n = int(input())
            s = input()
            print(solve_helper(s))

    main()
",False,False,0,0.0
1805B,2,"['for loop', 'if statement']","['if statement', 'for loop', 'recursion', 'dynamic programming', 'misc']","['for loop', 'while loop', 'hashmap', 'if statement', 'continue statement', 'set', 'sorting', 'misc', 'break statement', 'tuple']","import functools
import operator

def lex_min_string(s):
    @functools.lru_cache(maxsize=None)
    def dfs(i, prev):
        if i == len(s):
            return s[::-1]
        min_val = float('inf')
        for j in range(i, len(s)):
            if s[j] < prev:
                new_s = s[:j] + s[i] + s[j+1:i] + s[j] + s[i+1:]
                new_val = dfs(i+1, s[j])
                min_val = min(min_val, new_val)
        return min_val

    return dfs(0, None)

def solve():
    t = int(input())
    for _ in range(t):
        n = int(input())
        s = input()
        print(lex_min_string(s))

",False,False,2,0.4
1805B,3,"['for loop', 'if statement', 'tuple']","['heap', 'misc']","['for loop', 'while loop', 'hashmap', 'if statement', 'continue statement', 'set', 'sorting', 'misc', 'break statement', 'tuple']","import heapq

def solve():
    def lex_min(s):
        heap = [(ord(c), i) for i, c in enumerate(s)]
        heapq.heapify(heap)
        return ''.join([chr(h[1]) for h in heap])

    def move_char(s, i):
        return s[i] + s[:i] + s[i+1:]

    def solve_helper(s):
        for i in range(len(s)):
            new_s = move_char(s, i)
            if lex_min(new_s) < lex_min(s):
                return new_s
        return s

    def main():
        t = int(input())
        for _ in range(t):
            n = int(input())
            s = input()
            print(solve_helper(s))

    main()
",False,True,1,0.5
1805B,4,"['for loop', 'if statement', 'tuple', 'while loop']","['heap', 'set']","['for loop', 'while loop', 'hashmap', 'if statement', 'continue statement', 'set', 'sorting', 'misc', 'break statement', 'tuple']","import heapq

def solve():
    def lex_min(s):
        chars = sorted(list(set(s)))
        return ''.join(sorted(s, key=lambda x: chars.index(x)))

    def move_char(s, i):
        return s[i] + s[:i] + s[i+1:]

    def find_min_move(s):
        n = len(s)
        min_move = n
        for i in range(n):
            new_s = move_char(s, i)
            if lex_min(new_s) < lex_min(s):
                min_move = i
        return min_move

    t = int(input())
    for _ in range(t):
        n = int(input())
        s = input()
        min_move = find_min_move(s)
        print(move_char(s, min_move))
",False,True,1,0.5
1805A,0,['this is the og problem'],['for loop'],"['if statement', 'for loop', 'break statement', 'misc', 'tuple', 'while loop', 'hashmap', 'matrix operation']","from functools import reduce

def solve():
    n = int(input())
    a = list(map(int, input().split()))

    def xor_sum(x):
        return reduce(lambda a, b: a ^ b, a, x)

    for i in range(256):
        if xor_sum(i) == 0:
            print(i)
            return
    print(-1)
",False,True,0,0.0
1805A,1,['break statement'],['for loop'],"['if statement', 'for loop', 'break statement', 'misc', 'tuple', 'while loop', 'hashmap', 'matrix operation']","import functools

def solve():
    def xor_sum(a):
        return functools.reduce(lambda x, y: x ^ y, a)

    def find_xor(n, a):
        max_x = (1 << 8) - 1
        for x in range(max_x + 1):
            if xor_sum([a[i] ^ x for i in range(n)]) == 0:
                return x
        return -1

    t = int(input())
    for _ in range(t):
        n = int(input())
        a = list(map(int, input().split()))
        print(find_xor(n, a))
",False,True,0,0.0
1805A,2,"['break statement', 'misc']",['for loop'],"['if statement', 'for loop', 'break statement', 'misc', 'tuple', 'while loop', 'hashmap', 'matrix operation']","from functools import reduce

def solve():
    def xor_sum(a):
        return reduce((lambda x, y: x ^ y), a)

    def find_xor(a):
        for i in range(256):
            if xor_sum(map(lambda x: x ^ i, a)) == 0:
                return i
        return -1

    t = int(input())
    for _ in range(t):
        n = int(input())
        a = list(map(int, input().split()))
        print(find_xor(a))

",False,True,0,0.0
1805A,3,"['break statement', 'misc', 'if statement']","['recursion', 'hashmap', 'misc']","['if statement', 'for loop', 'break statement', 'misc', 'tuple', 'while loop', 'hashmap', 'matrix operation']","from functools import reduce

def solve():
    def xor_sum(a):
        return reduce(lambda x, y: x ^ y, a)

    def find_xor(n, a):
        mask = (1 << n) - 1
        for i in range(mask + 1):
            if xor_sum([a[j] ^ i for j in range(n)]) == 0:
                return i
        return -1

    t = int(input())
    for _ in range(t):
        n = int(input())
        a = list(map(int, input().split()))
        print(find_xor(len(a), a))

",False,False,1,0.3333333333333333
1805A,4,"['break statement', 'misc', 'if statement', 'for loop']",['recursion'],"['if statement', 'for loop', 'break statement', 'misc', 'tuple', 'while loop', 'hashmap', 'matrix operation']","from functools import reduce

def solve():
    def xor_sum(a):
        return reduce(lambda x, y: x ^ y, a)

    def find_xor(n, a):
        mask = (1 << n) - 1
        for x in range(mask + 1):
            if xor_sum([a[i] ^ x for i in range(n)]) == 0:
                return x
        return -1

    t = int(input())
    for _ in range(t):
        n = int(input())
        a = list(map(int, input().split()))
        print(find_xor(len(a), a))

",False,True,1,1.0
1805A,5,"['break statement', 'misc', 'if statement', 'for loop', 'tuple']",['for loop'],"['if statement', 'for loop', 'break statement', 'misc', 'tuple', 'while loop', 'hashmap', 'matrix operation']","from functools import reduce

def solve():
    def xor_sum(a):
        return reduce(lambda x, y: x ^ y, a)

    def find_xor(n, a):
        mask = (1 << n) - 1
        for x in range(mask + 1):
            if xor_sum([a[i] ^ x for i in range(n)]) == 0:
                return x
        return -1

    t = int(input())
    for _ in range(t):
        n = int(input())
        a = list(map(int, input().split()))
        print(find_xor(len(a), a))

",False,False,0,0.0
1804A,0,['this is the og problem'],['for loop'],"['for loop', 'if statement', 'tuple', 'while loop', 'minimax', 'misc', 'two pointers', 'matrix operation', 'sorting']","import heapq

def bfs(board, start, end):
    queue = [(0, start)]
    visited = set()
    directions = [(0, 1), (0, -1), (1, 0), (-1, 0)]

    while queue:
        sec, (r, c) = heapq.heappop(queue)
        if (r, c) == end:
            return sec
        if (r, c) in visited:
            continue
        visited.add((r, c))
        for dr, dc in directions:
            new_r, new_c = r + dr, c + dc
            if 0 <= new_r < 201 and 0 <= new_c < 201:
                heapq.heappush(queue, (sec + 1, (new_r, new_c)))

    return -1

def solve():
    t = int(input())
    for _ in range(t):
        a, b = map(int, input().split())
        print(bfs([[0] * 201 for _ in range(201)], (0, 0), (a, b)))

",False,True,0,0.0
1804A,1,['if statement'],['for loop'],"['for loop', 'if statement', 'tuple', 'while loop', 'minimax', 'misc', 'two pointers', 'matrix operation', 'sorting']","import collections
import itertools
import sys

def solve():
    moves = [(0, 0), (0, 1), (0, -1), (1, 0), (-1, 0)]
    board = [[0] * 201 for _ in range(201)]
    board[0][0] = 1

    def valid(r, c):
        return -100 < r < 101 and -100 < c < 101

    def neighbors(r, c):
        result = []
        for move in moves:
            new_r, new_c = r + move[0], c + move[1]
            if valid(new_r, new_c) and board[new_r][new_c] == 0:
                result.append((new_r, new_c))
        return result

    def bfs(r, c):
        queue = [(r, c)]
        board[r][c] = 1
        seconds = 0
        while queue:
            current = queue.pop(0)
            for neighbor in neighbors(*current):
                if neighbor == (a, b):
                    return seconds
                if board[neighbor[0]][neighbor[1]] == 0:
                    board[neighbor[0]][neighbor[1]] = 1
                    queue.append(neighbor)
            seconds += 1
        return -1

    for _ in range(int(input())):
        a, b = map(int, input().split())
        print(bfs(0, 0))

",False,True,0,0.0
1804A,2,"['if statement', 'tuple']",['for loop'],"['for loop', 'if statement', 'tuple', 'while loop', 'minimax', 'misc', 'two pointers', 'matrix operation', 'sorting']","import heapq
import sys
input = sys.stdin.readline

def manhattan_distance(a, b):
    return abs(a[0]) + abs(a[1])

def solve():
    R, C = 201, 201
    moves = [(0, 0, 0)]
    visited = set()
    visited.add((0, 0))
    directions = [(0, 1), (0, -1), (1, 0), (-1, 0)]

    def bfs():
        q = [(0, moves[-1])]
        while q:
            sec, path = heapq.heappop(q)
            if path[-1] == (a, b):
                return sec
            for dx, dy in directions:
                x, y = path[-1]
                nx, ny = x + dx, y + dy
                if 0 <= nx < R and 0 <= ny < C and (nx, ny) not in visited:
                    visited.add((nx, ny))
                    heapq.heappush(q, (sec + 1, path + [(nx, ny)]))

    for sec, path in enumerate(bfs() for a, b in map(int, input().split())):
        print(sec)

",True,True,0,0.0
1804A,3,"['if statement', 'tuple', 'matrix operation']",['for loop'],"['for loop', 'if statement', 'tuple', 'while loop', 'minimax', 'misc', 'two pointers', 'matrix operation', 'sorting']","import heapq
import sys
input = sys.stdin.readline

def manhattan_distance(a, b):
    return abs(a[0]) + abs(a[1])

def solve():
    R, C = 201, 201
    board = [[float('inf')] * C for _ in range(R)]
    board[0][0] = 0
    q = [(0, 0, 0)]

    moves = [(0, 0), (0, 1), (0, -1), (1, 0), (-1, 0)]

    while q:
        r, c, steps = heapq.heappop(q)

        for dr, dc in moves:
            new_r, new_c = r + dr, c + dc
            if new_r < 0 or new_r >= R or new_c < 0 or new_c >= C:
                continue
            new_steps = steps + 1
            if new_steps > board[new_r][new_c]:
                board[new_r][new_c] = new_steps
                heapq.heappush(q, (new_r, new_c, new_steps))

    a, b = map(int, input().split())
    return board[a][b]

",False,True,0,0.0
1804A,4,"['if statement', 'tuple', 'matrix operation', 'for loop']",['for loop'],"['for loop', 'if statement', 'tuple', 'while loop', 'minimax', 'misc', 'two pointers', 'matrix operation', 'sorting']","import heapq

def bfs(board, start, end):
    queue = [(0, start)]
    visited = set()
    directions = [(0, 1), (0, -1), (1, 0), (-1, 0)]

    while queue:
        seconds, current = heapq.heappop(queue)

        if current == end:
            return seconds

        if current in visited:
            continue

        visited.add(current)

        for dx, dy in directions:
            next_cell = (current[0] + dy, current[1] + dx)
            if -100 < next_cell[0] < 101 and -100 < next_cell[1] < 101:
                heapq.heappush(queue, (seconds + 1, next_cell))

    return -1

def solve():
    t = int(input())
    for _ in range(t):
        a, b = map(int, input().split())
        print(bfs([(r, c) for r in range(-100, 101) for c in range(-100, 101)], (0, 0), (a, b)))

",False,False,0,0.0
1804A,5,"['if statement', 'tuple', 'matrix operation', 'for loop', 'while loop']","['queue', 'tuple']","['for loop', 'if statement', 'tuple', 'while loop', 'minimax', 'misc', 'two pointers', 'matrix operation', 'sorting']","import collections
import math

def manhattan_distance(a, b):
    return abs(a[0]) + abs(a[1]) + abs(b[0]) + abs(b[1])

def solve():
    board = [[0] * 201 for _ in range(201)]
    board[0][0] = math.inf
    queue = collections.deque([(0, 0, 0)])
    moves = [(0, 0), (0, 1), (0, -1), (1, 0), (-1, 0)]

    while queue:
        r, c, steps = queue.popleft()
        for move in moves:
            new_r, new_c = r + move[0], c + move[1]
            if new_r < 0 or new_r >= 201 or new_c < 0 or new_c >= 201:
                continue
            if board[new_r][new_c] > steps + 1:
                board[new_r][new_c] = steps + 1
                queue.append((new_r, new_c, steps + 1))

    for test_case in [(a, b) for a, b in zip(map(int, input().split()), map(int, input().split()))]:
        print(board[test_case[0]][test_case[1]])

",False,False,1,0.5
1802A,0,['this is the og problem'],"['recursion', 'dynamic programming']","['for loop', 'if statement', 'tuple', 'while loop']","import functools
from typing import List

def solve():
    @functools.lru_cache(maxsize=None)
    def max_likes(a, i):
        if i == 0:
            return 0 if a[0] < 0 else 1
        return max(max_likes(a, i - 1) + 1 if a[i - 1] > 0 else max_likes(a, i - 1), max_likes(a[i:], i))

    @functools.lru_cache(maxsize=None)
    def min_likes(a, i):
        if i == 0:
            return 0 if a[0] > 0 else -1
        return min(min_likes(a, i - 1) - 1 if a[i - 1] < 0 else min_likes(a, i - 1), min_likes(a[i:], i))

    t = int(input())
    for _ in range(t):
        n = int(input())
        a = list(map(int, input().split()))
        max_likes_list = [max_likes(a, i) for i in range(n)]
        min_likes_list = [min_likes(a, i) for i in range(n)]
        print(*max_likes_list)
        print(*min_likes_list)

",False,True,2,1.0
1802A,1,['set'],"['recursion', 'dynamic programming']","['for loop', 'if statement', 'tuple', 'while loop']","import functools
import itertools

def solve():
    def max_likes(a):
        n = len(a)
        dp_max = [0] * (n + 1)
        dp_min = [0] * (n + 1)
        for i in range(1, n + 1):
            dp_max[i] = dp_max[i - 1] + a[i - 1]
            dp_min[i] = dp_min[i - 1] + a[i - 1]
            for j in range(1, i):
                dp_max[i] = max(dp_max[i], dp_max[j] + dp_min[i - j])
                dp_min[i] = min(dp_min[i], dp_max[j] + dp_min[i - j])
        return dp_max, dp_min

    def main():
        t = int(input())
        for _ in range(t):
            n = int(input())
            a = list(map(int, input().split()))
            dp_max, dp_min = max_likes(a)
            print(*dp_max)
            print(*dp_min)

    main()

",False,True,2,1.0
1802A,2,"['set', 'for loop']","['recursion', 'dynamic programming']","['for loop', 'if statement', 'tuple', 'while loop']","import functools
import itertools

def solve():
    @functools.lru_cache(maxsize=None)
    def dp_max(i, likes):
        if i == 0:
            return 0
        return max(likes[i] + dp_max(i - abs(likes[i]), likes), dp_max(i - 1, likes))

    @functools.lru_cache(maxsize=None)
    def dp_min(i, likes):
        if i == 0:
            return 0
        return min(likes[i] + dp_min(i - abs(likes[i]), likes), dp_min(i - 1, likes))

    def main():
        t = int(input())
        for _ in range(t):
            n = int(input())
            likes = list(map(int, input().split()))
            max_likes = [dp_max(i, likes) for i in range(1, n + 1)]
            min_likes = [dp_min(i, likes) for i in range(1, n + 1)]
            print(*max_likes)
            print(*min_likes)

    main()

",False,True,2,1.0
1802A,3,"['set', 'for loop', 'if statement']","['recursion', 'dynamic programming', 'tuple', 'if statement', 'hashmap']","['for loop', 'if statement', 'tuple', 'while loop']","import functools
import operator

def solve():
    @functools.lru_cache(maxsize=None)
    def max_likes(a, i):
        if i == 0:
            return max(a[0], 0)
        return max(a[i] + max_likes(a[:i], i - max(1, i - a[i])) if a[i] > 0 else max_likes(a[:i], i), 0)

    @functools.lru_cache(maxsize=None)
    def min_likes(a, i):
        if i == 0:
            return min(a[0], 0)
        return min(a[i] + min_likes(a[:i], i - min(1, i - abs(a[i])) if a[i] < 0 else i), 0)

    t = int(input())
    for _ in range(t):
        n = int(input())
        a = list(map(int, input().split()))
        max_likes_list = [max_likes(a, i) for i in range(n)]
        min_likes_list = [min_likes(a, i) for i in range(n)]
        print(*max_likes_list)
        print(*min_likes_list)

",False,False,3,0.6
1800A,0,['this is the og problem'],"['for loop', 'if statement']","['for loop', 'if statement', 'misc', 'continue statement', 'while loop']","import re

def solve():
    t = int(input())
    for _ in range(t):
        n = int(input())
        s = input()
        if re.match(r'^[meowMEOW]+w$', s):
            print(""YES"")
        else:
            print(""NO"")
",False,True,0,0.0
1800A,1,['for loop'],"['for loop', 'if statement']","['for loop', 'if statement', 'misc', 'continue statement', 'while loop']","import re

def solve():
    t = int(input())
    for _ in range(t):
        n = int(input())
        s = input()
        if re.match(r'^[meowMEOW]+w$', s):
            print(""YES"")
        else:
            print(""NO"")
",False,False,0,0.0
1800A,2,"['for loop', 'tuple']","['for loop', 'if statement']","['for loop', 'if statement', 'misc', 'continue statement', 'while loop']","import re

def solve():
    test_cases = int(input())
    for _ in range(test_cases):
        n = int(input())
        sound = input()
        if re.match(r'^[mM][eE][oO][wW]$', sound):
            print(""YES"")
        else:
            print(""NO"")
",False,False,0,0.0
1800A,3,"['for loop', 'tuple', 'while loop']","['for loop', 'if statement']","['for loop', 'if statement', 'misc', 'continue statement', 'while loop']","import re

def solve():
    test_cases = int(input())
    for _ in range(test_cases):
        n = int(input())
        sound = input()
        if re.match(r'^[mM][eE][oO][wW]$', sound):
            print(""YES"")
        else:
            print(""NO"")
",False,False,0,0.0
1800A,4,"['for loop', 'tuple', 'while loop', 'recursion']","['if statement', 'for loop']","['for loop', 'if statement', 'misc', 'continue statement', 'while loop']","import re

def solve():
    t = int(input())
    for _ in range(t):
        n = int(input())
        s = input()
        if re.match(r'^[mM][eE][oO][wW]$', s):
            print(""YES"")
        else:
            print(""NO"")
",False,False,0,0.0
1800A,5,"['for loop', 'tuple', 'while loop', 'recursion', 'if statement']","['if statement', 'for loop']","['for loop', 'if statement', 'misc', 'continue statement', 'while loop']","def solve():
    def is_meowing(s):
        if len(s) < 4 or len(s) % 3 != 0:
            return False
        for i in range(0, len(s), 3):
            if not (s[i] in 'meo' and s[i+1] in 'EO' and s[i+2] in 'ow'):
                return False
        return True

    t = int(input())
    for _ in range(t):
        n = int(input())
        s = input()
        if is_meowing(s):
            print(""YES"")
        else:
            print(""NO"")
",False,False,0,0.0
1799A,0,['this is the og problem'],"['queue', 'for loop', 'dictionary']","['for loop', 'if statement', 'while loop', 'dictionary', 'set', 'tuple', 'break statement', 'continue statement', 'misc']","from collections import deque

def solve():
    n, m = map(int, input().split())
    actions = list(map(int, input().split()))
    recent_actions = deque([i for i in range(1, n + 1)])
    result = [-1] * n
    for action in actions:
        if action <= len(recent_actions):
            recent_actions.rotate(-action + 1)
        else:
            recent_actions.append(recent_actions.popleft())
        if recent_actions[0] == recent_actions[-1]:
            index = recent_actions.index(recent_actions[0])
            result[index] = actions.index(recent_actions[0]) + 1
    print(*result)

",False,True,1,0.3333333333333333
1799A,1,['for loop'],"['queue', 'sorting']","['for loop', 'if statement', 'while loop', 'dictionary', 'set', 'tuple', 'break statement', 'continue statement', 'misc']","from collections import deque

def solve():
    n, m = map(int, input().split())
    recent_actions = deque([i for i in range(1, n + 1)])
    actions = list(map(int, input().split()))
    actions.sort()

    result = [-1] * n
    for action in actions:
        recent_actions.append(action)
        recent_actions.popleft()
        index = recent_actions[0]
        result[index - 1] = actions.index(action) + 1

    print(*result)

",False,True,2,1.0
1799A,2,"['for loop', 'queue']","['tuple', 'queue']","['for loop', 'if statement', 'while loop', 'dictionary', 'set', 'tuple', 'break statement', 'continue statement', 'misc']","from collections import deque

def solve():
    n, m = map(int, input().split())
    actions = list(map(int, input().split()))
    recent_actions = deque([i for i in range(1, n + 1)])
    actions_queue = deque(actions)
    result = [-1] * n
    time = 0

    while actions_queue or recent_actions:
        if actions_queue:
            action = actions_queue.popleft()
            if action - 1 == recent_actions[0]:
                recent_actions.popleft()
            else:
                recent_actions.appendleft(action)
                recent_actions.popleft()
            time += 1
            result[action - 1] = time
        else:
            time_to_remove = float('inf')
            for i in range(n):
                if recent_actions[i] != recent_actions[0]:
                    time_to_remove = min(time_to_remove, time + 1)
                    break
            for _ in range(time_to_remove):
                recent_actions.popleft()
            time += time_to_remove

    print(*result)

",False,False,1,0.5
1799A,3,"['for loop', 'queue', 'recursion']",['for loop'],"['for loop', 'if statement', 'while loop', 'dictionary', 'set', 'tuple', 'break statement', 'continue statement', 'misc']","from collections import deque

def solve():
    n, m = map(int, input().split())
    actions = list(map(int, input().split()))
    recent_actions = deque([i for i in range(1, n + 1)])
    actions_dict = {i: -1 for i in range(1, n + 1)}
    for action in actions:
        if action in recent_actions:
            recent_actions.rotate(-1)
            actions_dict[action] = len(recent_actions)
        else:
            recent_actions.popleft()
            actions_dict[action] = 0
    print(*[actions_dict[i] for i in range(1, n + 1)])

",False,False,0,0.0
1799A,4,"['for loop', 'queue', 'recursion', 'if statement']","['queue', 'for loop']","['for loop', 'if statement', 'while loop', 'dictionary', 'set', 'tuple', 'break statement', 'continue statement', 'misc']","from collections import deque

def solve(n, actions):
    recent_actions = deque([i for i in range(1, n + 1)])
    actions_queue = deque(actions)
    result = [-1] * n

    while actions_queue:
        time, post = actions_queue.popleft()
        if post <= len(recent_actions):
            recent_actions.rotate(-(post - 1))
        else:
            recent_actions.popleft()
            recent_actions.append(post)

        if recent_actions[0] == result[0]:
            result[0] = -1
        for i in range(1, n):
            if recent_actions[i] != recent_actions[i - 1] and recent_actions[i] != result[i]:
                result[i] = time
                break

    return result
",False,False,1,0.5
1799A,5,"['for loop', 'queue', 'recursion', 'if statement', 'dictionary']",['for loop'],"['for loop', 'if statement', 'while loop', 'dictionary', 'set', 'tuple', 'break statement', 'continue statement', 'misc']","from collections import deque

def solve():
    n, m = map(int, input().split())
    actions = list(map(int, input().split()))
    recent_actions = deque([i for i in range(1, n + 1)])
    actions_queue = deque(actions)
    result = [-1] * n
    time = 0

    while actions_queue or recent_actions:
        if actions_queue:
            action = actions_queue.popleft()
            recent_actions.rotate(-(action - n))
            if recent_actions[0] == action:
                result[action - 1] = time + 1
                recent_actions.popleft()
        else:
            time += 1

    print(*result)

",False,False,0,0.0
1798A,0,['this is the og problem'],"['tuple', 'recursion']","['for loop', 'if statement', 'tuple', 'sorting', 'break statement', 'matrix operation', 'while loop', 'misc']","def solve():
    def swap(a, i, j):
        a[i], a[j] = a[j], a[i]
        a_copy = a[:]
        a_copy[j], a_copy[i] = a_copy[i], a_copy[j]
        return a_copy

    def max_index(arr):
        return arr.index(max(arr))

    def can_swap(a, b):
        return max_index(a) == len(a) - 1 and max_index(b) == len(b) - 1

    while True:
        n = int(input())
        a = list(map(int, input().split()))
        b = list(map(int, input().split()))

        if can_swap(a, b):
            print(""Yes"")
        else:
            print(""No"")
",False,True,1,0.5
1798A,1,['for loop'],"['for loop', 'misc']","['for loop', 'if statement', 'tuple', 'sorting', 'break statement', 'matrix operation', 'while loop', 'misc']","import sys

def solve():
    t = int(input())
    for _ in range(t):
        n = int(input())
        a = list(map(int, input().split()))
        b = list(map(int, input().split()))

        a.sort(reverse=True)
        b.sort(reverse=True)

        if a[-1] == b[-1]:
            print(""Yes"")
        else:
            print(""No"")

",False,False,0,0.0
1798A,2,"['for loop', 'if statement']",['graph'],"['for loop', 'if statement', 'tuple', 'sorting', 'break statement', 'matrix operation', 'while loop', 'misc']","import sys

def solve():
    t = int(input())
    for _ in range(t):
        n = int(input())
        a = list(map(int, input().split()))
        b = list(map(int, input().split()))

        # Sort both arrays in descending order
        a.sort(reverse=True)
        b.sort(reverse=True)

        # Check if the last elements are the maximums
        if a[-1] == max(a) and b[-1] == max(b):
            print(""Yes"")
        else:
            print(""No"")

",False,True,1,1.0
1798A,3,"['for loop', 'if statement', 'tuple']",['for loop'],"['for loop', 'if statement', 'tuple', 'sorting', 'break statement', 'matrix operation', 'while loop', 'misc']","import sys

def solve():
    t = int(input())
    for _ in range(t):
        n = int(input())
        a = list(map(int, input().split()))
        b = list(map(int, input().split()))

        # Initialize max values for both arrays
        a_max = max(a)
        b_max = max(b)

        # Swap elements if necessary to make a[n-1] == a_max and b[n-1] == b_max
        for i in range(n - 1, -1, -1):
            if a[i] > a_max:
                a_max = a[i]
                a[n - 1], a[i] = a[i], a[n - 1]
            if b[i] > b_max:
                b_max = b[i]
                b[n - 1], b[i] = b[i], b[n - 1]

        # Check if both conditions are satisfied
        if a_max == a[n - 1] and b_max == b[n - 1]:
            print(""Yes"")
        else:
            print(""No"")

",False,False,0,0.0
1798A,4,"['for loop', 'if statement', 'tuple', 'while loop']",['for loop'],"['for loop', 'if statement', 'tuple', 'sorting', 'break statement', 'matrix operation', 'while loop', 'misc']","import sys

def solve():
    t = int(input())
    for _ in range(t):
        n = int(input())
        a = list(map(int, input().split()))
        b = list(map(int, input().split()))

        a.sort(reverse=True)
        b.sort(reverse=True)

        if a[-1] == b[-1]:
            print(""Yes"")
        else:
            print(""No"")

",False,False,0,0.0
1798A,5,"['for loop', 'if statement', 'tuple', 'while loop', 'recursion']",['Kadanes algorithm'],"['for loop', 'if statement', 'tuple', 'sorting', 'break statement', 'matrix operation', 'while loop', 'misc']","import sys

def solve():
    t = int(input())
    for _ in range(t):
        n = int(input())
        a = list(map(int, input().split()))
        b = list(map(int, input().split()))

        a.sort(reverse=True)
        b.sort(reverse=True)

        if a[-1] == b[-1]:
            print(""Yes"")
        else:
            print(""No"")

",False,True,1,1.0
1797A,0,['this is the og problem'],"['queue', 'set', 'while loop', 'tuple', 'if statement']","['if statement', 'while loop', 'min function', 'comparison operator', 'subtract operator', 'output stream operator', 'input stream operator', 'for loop', 'matrix operation', 'misc', 'break statement', 'tuple']","from collections import defaultdict, deque

def solve():
    def bfs(maze, start, end):
        visited = set()
        queue = deque([start])
        visited.add(start)
        while queue:
            current = queue.popleft()
            for dx, dy in ((-1, 0), (1, 0), (0, -1), (0, 1)):
                next_x, next_y = current[0] + dx, current[1] + dy
                if 0 <= next_x < maze_size[0] and 0 <= next_y < maze_size[1] and (next_x, next_y) not in visited and maze[next_x][next_y] == 0:
                    queue.append((next_x, next_y))
                    visited.add((next_x, next_y))
                    if next_x == end[0] and next_y == end[1]:
                        return True
        return False

    def count_obstacles(maze, start, end):
        obstacles = 0
        for i in range(maze_size[0]):
            for j in range(maze_size[1]):
                if bfs(maze, (i, j), end):
                    maze[i][j] = 1
                    obstacles += 1
        return obstacles

    while True:
        n, m = map(int, input().split())
        if not n and not m:
            break
        x1, y1, x2, y2 = map(int, input().split())
        maze = [[0] * m for _ in range(n)]
        maze_size = (n, m)
        obstacles = count_obstacles(maze, (x1, y1), (x2, y2))
        print(obstacles)
",False,True,2,0.4
1797A,1,['for loop'],['for loop'],"['if statement', 'while loop', 'min function', 'comparison operator', 'subtract operator', 'output stream operator', 'input stream operator', 'for loop', 'matrix operation', 'misc', 'break statement', 'tuple']","from collections import deque
from typing import List

def bfs(graph: List[List[int]], start: List[int], end: List[int], obstacles: List[List[int]]):
    visited = set()
    queue = deque([start])
    while queue:
        current = queue.popleft()
        if current == end:
            return len(obstacles)
        visited.add(current)
        for neighbor in graph[current]:
            if neighbor not in visited and neighbor not in obstacles:
                queue.append(neighbor)
    return len(obstacles) + 1

def solve():
    t = int(input())
    for _ in range(t):
        n, m = map(int, input().split())
        start, end = map(list, zip(*(map(list, input().split()))))
        obstacles = []
        graph = [[[] for _ in range(m)] for _ in range(n)]
        for _ in range(int(input())):
            x, y = map(int, input().split())
            graph[x - 1][y - 1].append(x + 1 if x < n - 1 else n)
            graph[x - 1][y - 1].append(x - 1 if x > 0 else 0)
            graph[x - 1][y - 1].append(y + 1 if y < m - 1 else m)
            graph[x - 1][y - 1].append(y - 1 if y > 0 else 0)
            obstacles.append((x, y))
        obstacles.remove(start)
        obstacles.remove(end)
        print(bfs(graph, start, end, obstacles))

",False,False,0,0.0
1797A,2,"['for loop', 'while loop']","['dictionary', 'heap', 'while loop', 'if statement']","['if statement', 'while loop', 'min function', 'comparison operator', 'subtract operator', 'output stream operator', 'input stream operator', 'for loop', 'matrix operation', 'misc', 'break statement', 'tuple']","import sys
from collections import defaultdict
from heapq import heappush, heappop

def dijkstra(graph, start, end):
    distances = {start: 0}
    priority_queue = [(0, start)]

    while priority_queue:
        current_distance, current_node = heappop(priority_queue)

        if current_node == end:
            return current_distance

        if current_node in distances:
            continue

        distances[current_node] = current_distance

        for neighbor, weight in graph[current_node].items():
            distance = current_distance + weight
            if neighbor not in distances or distance < distances[neighbor]:
                distances[neighbor] = distance
                heappush(priority_queue, (distance, neighbor))

    return -1

def solve():
    t = int(input())

    for _ in range(t):
        n, m, x1, y1, x2, y2 = map(int, input().split())
        graph = defaultdict(lambda: {})

        for i in range(1, n):
            for j in range(1, m):
                graph[(i, j)][(i, j + 1)] = 1
                graph[(i, j)][(i + 1, j)] = 1

        obstacles = set()

        while True:
            obstacles_to_add = dijkstra(graph, (x1, y1), (x2, y2))
            if obstacles_to_add == -1:
                break

            obstacles.update(obstacles_to_add)
            for obstacle in obstacles_to_add:
                for neighbor, weight in graph[obstacle].items():
                    graph[obstacle].pop(neighbor, None)
                    if not graph[neighbor]:
                        del graph[neighbor]

        print(len(obstacles))

",False,False,2,0.5
1797A,3,"['for loop', 'while loop', 'recursion']",['for loop'],"['if statement', 'while loop', 'min function', 'comparison operator', 'subtract operator', 'output stream operator', 'input stream operator', 'for loop', 'matrix operation', 'misc', 'break statement', 'tuple']","from collections import defaultdict, deque
import sys

def solve():
    input_data = input().split('\n')
    cases = int(input_data[0])

    for _ in range(cases):
        n, m, x1, y1, x2, y2 = map(int, input_data[1].split())
        grid = [[0] * m for _ in range(n)]
        obstacles = set()

        def bfs(start_x, start_y):
            queue = deque([(start_x, start_y)])
            grid[start_x][start_y] = -1

            while queue:
                x, y = queue.popleft()

                for dx, dy in ((-1, 0), (1, 0), (0, -1), (0, 1)):
                    nx, ny = x + dx, y + dy

                    if 0 <= nx < n and 0 <= ny < m and grid[nx][ny] == 0:
                        grid[nx][ny] = grid[x][y] + 1
                        queue.append((nx, ny))

        bfs(x1, y1)
        obstacles.add((x1, y1))

        for _ in range(grid[x2][y2] - 1):
            bfs(x2, y2)
            obstacles.add((min(obstacles, key=lambda x: grid[x[0]][x[1]]))[0], (min(obstacles, key=lambda x: grid[x[0]][x[1]]))[1])

        print(len(obstacles))

",False,False,0,0.0
1797A,4,"['for loop', 'while loop', 'recursion', 'if statement']","['if statement', 'while loop', 'for loop', 'break statement', 'set', 'queue', 'dictionary', 'graph', 'tuple']","['if statement', 'while loop', 'min function', 'comparison operator', 'subtract operator', 'output stream operator', 'input stream operator', 'for loop', 'matrix operation', 'misc', 'break statement', 'tuple']","import sys
from collections import defaultdict, deque
input = sys.stdin.readline

def bfs(graph, start, end):
    visited = set()
    queue = deque([start])
    while queue:
        current = queue.popleft()
        if current == end:
            return len(visited) - len(queue)
        visited.add(current)
        for neighbor in graph[current]:
            if neighbor not in visited:
                queue.append(neighbor)

def solve():
    n, m = map(int, input().split())
    x1, y1, x2, y2 = map(int, input().split())
    graph = defaultdict(list)
    for i in range(n):
        row = list(input().strip())
        for j in range(m):
            if row[j] == '#':
                graph[(i, j)].append((i, j + 1))
                graph[(i, j)].append((i + 1, j))
                if j > 0:
                    graph[(i, j - 1)].append((i, j))
                if i > 0:
                    graph[(i - 1, j)].append((i, j))
    obstacles = set()
    obstacles_count = 0
    while True:
        new_graph = defaultdict(list)
        for cell in graph:
            if cell != (x1, y1) and cell != (x2, y2):
                if not bfs(graph, cell, (x2, y2)):
                    new_graph[cell] = graph[cell]
                    obstacles_count += 1
                    obstacles.add(cell)
                else:
                    new_graph[cell] = graph[cell]
        if len(new_graph) == len(graph):
            break
        graph = new_graph
        for obstacle in obstacles:
            for neighbor in graph[obstacle]:
                graph[neighbor].remove(obstacle)
    return obstacles_count

",False,False,4,0.4444444444444444
1797A,5,"['for loop', 'while loop', 'recursion', 'if statement', 'dictionary']","['for loop', 'matrix operation']","['if statement', 'while loop', 'min function', 'comparison operator', 'subtract operator', 'output stream operator', 'input stream operator', 'for loop', 'matrix operation', 'misc', 'break statement', 'tuple']","import sys
from collections import defaultdict
from heapq import heappush, heappop

def solve():
    t = int(input())
    for _ in range(t):
        n, m, x1, y1, x2, y2 = map(int, input().split())
        grid = [[0] * m for _ in range(n)]
        obstacles = []

        def in_bounds(r, c):
            return 0 <= r < n and 0 <= c < m

        def neighbors(r, c):
            result = []
            if in_bounds(r + 1, c):
                result.append((r + 1, c))
            if in_bounds(r - 1, c):
                result.append((r - 1, c))
            if in_bounds(r, c + 1):
                result.append((r, c + 1))
            if in_bounds(r, c - 1):
                result.append((r, c - 1))
            return result

        def dijkstra(start_r, start_c):
            dist = defaultdict(lambda: float('inf'))
            dist[start_r, start_c] = 0
            queue = [(0, start_r, start_c)]

            while queue:
                d, r, c = heappop(queue)

                for neighbor_r, neighbor_c in neighbors(r, c):
                    new_d = d + 1
                    if new_d < dist[(neighbor_r, neighbor_c)]:
                        dist[(neighbor_r, neighbor_c)] = new_d
                        heappush(queue, (new_d, neighbor_r, neighbor_c))

            return dist[(x2, y2)]

        for r in range(n):
            for c in range(m):
                if (r, c) != (x1, y1) and (r, c) != (x2, y2):
                    dist = dijkstra(r, c)
                    if dist == float('inf'):
                        obstacles.append((r, c))
                    else:
                        break

        print(len(obstacles))

",False,False,0,0.0
1796A,0,['this is the og problem'],['for loop'],"['if statement', 'for loop', 'tuple', 'while loop']","def solve():
    fb_string = ""FBFFBFFBFB""

    def is_substring(s):
        for i in range(1, len(s) + 1):
            sub_string = fb_string[i:i+len(s)]
            if sub_string == s:
                return True
        return False

    t = int(input())
    for _ in range(t):
        k = int(input())
        s = input()
        if is_substring(s):
            print(""YES"")
        else:
            print(""NO"")
",True,True,0,0.0
1796A,1,['for loop'],['for loop'],"['if statement', 'for loop', 'tuple', 'while loop']","def solve():
    fb_string = ""FBFFBFFBFB""

    def is_substring(s):
        for i in range(len(s), len(fb_string), len(s)):
            if fb_string[i:i+len(s)] == s:
                return True
        return False

    t = int(input())
    for _ in range(t):
        k = int(input())
        s = input()
        if is_substring(s):
            print(""YES"")
        else:
            print(""NO"")
",False,False,0,0.0
1796A,2,"['for loop', 'matrix operation']",['for loop'],"['if statement', 'for loop', 'tuple', 'while loop']","def solve():
    fb_string = ""FBFFBFFBFB""
    for test_case in int(input()):
        s = input()
        for i in range(len(s) + len(fb_string) - len(s) - 1):
            if s == fb_string[i:i + len(s)]:
                print(""YES"")
                break
        else:
            print(""NO"")
",False,False,0,0.0
1796A,3,"['for loop', 'matrix operation', 'if statement']","['for loop', 'if statement']","['if statement', 'for loop', 'tuple', 'while loop']","def solve():
    fb_string = ""FB""
    for i in range(3, 1000, 2):
        fb_string += ""F"" if i % 3 == 0 else ""B"" if i % 5 == 0 else """"

    def is_substring(s):
        for i in range(1, len(s) + 1):
            substring = fb_string[i:i + len(s)]
            if substring == s:
                return True
        return False

    t = int(input())
    for _ in range(t):
        k = int(input())
        s = input()
        if is_substring(s):
            print(""YES"")
        else:
            print(""NO"")

",False,False,0,0.0
1796A,4,"['for loop', 'matrix operation', 'if statement', 'while loop']","['for loop', 'if statement', 'break statement']","['if statement', 'for loop', 'tuple', 'while loop']","def solve():
    fb_string = ""FBFFBFFBFB""
    for test_case in int(input()):
        s = input()
        for i in range(len(s) + 1, len(fb_string)):
            if fb_string[i - len(s):i] == s:
                print(""YES"")
                break
        else:
            print(""NO"")
",False,False,1,0.3333333333333333
1795A,0,['this is the og problem'],['for loop'],"['for loop', 'if statement', 'tuple', 'misc', 'while loop', 'break statement', 'matrix operation', 'stack']","import re

def solve():
    t = int(input())
    for _ in range(t):
        n, m = map(int, input().split())
        tower1 = input()
        tower2 = input()

        if n != m:
            print(""NO"")
            continue

        if n == 1:
            print(""YES"")
            continue

        blue_count1, red_count1 = re.findall(r'B', tower1), re.findall(r'R', tower1)
        blue_count2, red_count2 = re.findall(r'B', tower2), re.findall(r'R', tower2)

        if len(blue_count1) != len(blue_count2) or len(red_count1) != len(red_count2):
            print(""NO"")
        else:
            for i in range(n - 1):
                if blue_count1[i] and blue_count2[i + 1]:
                    print(""NO"")
                    break
                if red_count1[i] and red_count2[i + 1]:
                    print(""NO"")
                    break
            else:
                print(""YES"")

",False,True,0,0.0
1795A,1,['for loop'],"['for loop', 'if statement']","['for loop', 'if statement', 'tuple', 'misc', 'while loop', 'break statement', 'matrix operation', 'stack']","import re

def solve():
    t = int(input())
    for _ in range(t):
        n, m = map(int, input().split())
        tower1 = input()
        tower2 = input()

        if n != m:
            print(""NO"")
            continue

        if n == 1:
            print(""YES"")
            continue

        blue_count1, red_count1 = re.findall(r'B', tower1)[0], re.findall(r'R', tower1)[0]
        blue_count2, red_count2 = re.findall(r'B', tower2)[0], re.findall(r'R', tower2)[0]

        if blue_count1 == blue_count2 and red_count1 == red_count2:
            print(""YES"")
        else:
            print(""NO"")

",False,False,0,0.0
1795A,2,"['for loop', 'if statement']","['for loop', 'tuple']","['for loop', 'if statement', 'tuple', 'misc', 'while loop', 'break statement', 'matrix operation', 'stack']","import re

def solve():
    t = int(input())
    for _ in range(t):
        n, m = map(int, input().split())
        tower1 = input()
        tower2 = input()

        if n != m:
            print(""NO"")
            continue

        if n == 1:
            print(""YES"")
            continue

        red_count1, blue_count1 = re.findall(r'R', tower1), re.findall(r'B', tower1)
        red_count2, blue_count2 = re.findall(r'R', tower2), re.findall(r'B', tower2)

        if len(red_count1) > len(blue_count1) and len(red_count2) > len(blue_count2):
            print(""YES"")
        elif len(red_count1) < len(blue_count1) and len(red_count2) < len(blue_count2):
            print(""YES"")
        else:
            print(""NO"")

",False,False,0,0.0
1795A,3,"['for loop', 'if statement', 'recursion']","['for loop', 'tuple', 'misc']","['for loop', 'if statement', 'tuple', 'misc', 'while loop', 'break statement', 'matrix operation', 'stack']","import collections

def solve():
    t = int(input())
    for _ in range(t):
        n, m = map(int, input().split())
        tower1 = input()
        tower2 = input()

        red_blocks1 = collections.Counter(tower1)['R']
        blue_blocks1 = len(tower1) - red_blocks1

        red_blocks2 = collections.Counter(tower2)['R']
        blue_blocks2 = len(tower2) - red_blocks2

        if red_blocks1 == red_blocks2 or blue_blocks1 == blue_blocks2:
            print(""NO"")
        elif red_blocks1 > red_blocks2 and blue_blocks1 <= blue_blocks2:
            print(""YES"")
        elif red_blocks1 <= red_blocks2 and blue_blocks1 > blue_blocks2:
            print(""YES"")
        else:
            print(""NO"")

",False,False,0,0.0
1794A,0,['this is the og problem'],"['for loop', 'if statement', 'set', 'sorting']","['if statement', 'for loop', 'recursion', 'sorting', 'while loop', 'tuple', 'break statement', 'stack']","import collections

def solve():
    t = int(input())
    for _ in range(t):
        n = int(input())
        prefixes_suffixes = [input().strip() for _ in range(2 * n - 2)]
        s = ''.join(sorted(set(prefixes_suffixes)))
        if s == s[::-1]:
            print(""YES"")
        else:
            print(""NO"")
",False,True,1,0.25
1794A,1,['dictionary'],['for loop'],"['if statement', 'for loop', 'recursion', 'sorting', 'while loop', 'tuple', 'break statement', 'stack']","import collections

def solve():
    t = int(input())
    for _ in range(t):
        n = int(input())
        prefixes_suffixes = [input().split() for _ in range(2 * n - 2)]
        s = ''.join(sorted(set(c for sublist in prefixes_suffixes for c in sublist)))
        if s == s[::-1]:
            print(""YES"")
        else:
            print(""NO"")

",False,True,0,0.0
1794A,2,"['dictionary', 'for loop']","['for loop', 'if statement', 'set']","['if statement', 'for loop', 'recursion', 'sorting', 'while loop', 'tuple', 'break statement', 'stack']","import collections

def solve():
    t = int(input())
    for _ in range(t):
        n = int(input())
        prefixes = set(input().split())
        suffixes = set(input().split()[::-1])
        palindrome = set()
        for i in range(1, n + 1):
            for j in range(i, n + 1):
                prefix = prefixes.pop(prefixes.index(prefixes[i]))
                suffix = suffixes.pop(suffixes.index(suffixes[-j]))
                if prefix == suffix:
                    palindrome.add(prefix)
        if len(palindrome) > 0:
            print(""YES"")
        else:
            print(""NO"")
",False,False,1,0.3333333333333333
1794A,3,"['dictionary', 'for loop', 'if statement']","['for loop', 'if statement', 'set', 'sorting']","['if statement', 'for loop', 'recursion', 'sorting', 'while loop', 'tuple', 'break statement', 'stack']","import collections

def solve():
    t = int(input())
    for _ in range(t):
        n = int(input())
        prefixes_suffixes = [input().strip() for _ in range(2 * n - 2)]
        s = ''.join(sorted(set(prefixes_suffixes)))
        if s == s[::-1]:
            print(""YES"")
        else:
            print(""NO"")
",False,False,1,0.25
1794A,4,"['dictionary', 'for loop', 'if statement', 'misc']","['for loop', 'if statement']","['if statement', 'for loop', 'recursion', 'sorting', 'while loop', 'tuple', 'break statement', 'stack']","import collections

def solve():
    t = int(input())
    for _ in range(t):
        n = int(input())
        prefixes_suffixes = [input().strip() for _ in range(2 * n - 2)]
        s = ''.join(sorted(set(prefixes_suffixes)))
        if s == s[::-1]:
            print(""YES"")
        else:
            print(""NO"")
",False,False,0,0.0
1794A,5,"['dictionary', 'for loop', 'if statement', 'misc', 'recursion']",['for loop'],"['if statement', 'for loop', 'recursion', 'sorting', 'while loop', 'tuple', 'break statement', 'stack']","import collections

def solve():
    t = int(input())
    for _ in range(t):
        n = int(input())
        prefixes = set(input().split())
        suffixes = set(input().split()[::-1])
        palindrome = set()
        for i in range(1, n + 1):
            for j in range(i, n + 1):
                prefix = prefixes.pop(prefixes.index(prefixes.pop(0)))
                suffix = suffixes.pop()
                if prefix == suffix:
                    palindrome.add(prefix)
        if len(palindrome) == 1:
            print(""YES"")
        else:
            print(""NO"")
",False,False,0,0.0
1793A,0,['this is the og problem'],"['recursion', 'if statement']","['for loop', 'tuple', 'if statement', 'matrix operation', 'hashmap', 'while loop', 'misc', 'greedy algorithm']","def solve():
    def min_coins(a, b, n, m):
        if m >= n:
            return min_coins(a, b, n - m, m)
        if n >= a:
            return n // a + min_coins(b, a, n % a, m)
        if n >= b:
            return n // b + min_coins(a, b, n % b, m)
        return -1

    t = int(input().strip())
    for _ in range(t):
        a, b, n, m = map(int, input().strip().split())
        print(min_coins(a, b, n, m))
",False,True,1,0.5
1793A,1,['for loop'],['for loop'],"['for loop', 'tuple', 'if statement', 'matrix operation', 'hashmap', 'while loop', 'misc', 'greedy algorithm']","def solve():
    def min_coins(a, b, n, m):
        if m >= n:
            return min_coins(a, b, n - m, m) + (n * a)
        else:
            first_day_cost = n * a
            second_day_cost = (n + m - 1) * b
            return min(first_day_cost, second_day_cost)

    t = int(input())
    for _ in range(t):
        a, b, n, m = map(int, input().split())
        print(min_coins(a, b, n, m))
",False,False,0,0.0
1793A,2,"['for loop', 'recursion']","['recursion', 'if statement']","['for loop', 'tuple', 'if statement', 'matrix operation', 'hashmap', 'while loop', 'misc', 'greedy algorithm']","def solve():
    def min_coins(a, b, n, m):
        if n <= 0:
            return 0
        if m == 0:
            return a * n
        promotion_cost = min_coins(a, b, m - 1, m)
        return min(a * (n - m) + min_coins(a, b, n - m, 0), promotion_cost + b * m)

    t = int(input())
    for _ in range(t):
        a, b, n, m = map(int, input().split())
        print(min_coins(a, b, n, m))
",False,False,1,0.5
1793A,3,"['for loop', 'recursion', 'tuple']","['recursion', 'if statement']","['for loop', 'tuple', 'if statement', 'matrix operation', 'hashmap', 'while loop', 'misc', 'greedy algorithm']","def solve():
    def min_coins(a, b, n, m):
        if m >= n:
            return min_coins(a, b, n - m + 1, m) + a
        else:
            return min_coins(b, a, n, m) + b

    t = int(input().strip())
    for _ in range(t):
        a, b, n, m = map(int, input().strip().split())
        print(min_coins(a, b, n, m))
",False,False,1,0.5
1793A,4,"['for loop', 'recursion', 'tuple', 'while loop']",['for loop'],"['for loop', 'tuple', 'if statement', 'matrix operation', 'hashmap', 'while loop', 'misc', 'greedy algorithm']","import math

def solve():
    t = int(input())
    for _ in range(t):
        a, b, n, m = map(int, input().split())
        total_potatoes = n + m
        if total_potatoes <= a:
            print(a * total_potatoes // n)
        else:
            first_day_potatoes = math.ceil(total_potatoes / (m + 1)) * m
            second_day_potatoes = total_potatoes - first_day_potatoes
            cost = first_day_potatoes * a + second_day_potatoes * b
            print(cost)

",False,False,0,0.0
1792A,0,['this is the og problem'],"['recursion', 'if statement', 'for loop', 'continue statement']","['for loop', 'if statement', 'dictionary', 'tuple', 'hashmap']","import functools

def solve():
    @functools.lru_cache(maxsize=None)
    def min_spells(healths, spells_used=0):
        if not healths:
            return spells_used
        min_spells = float('inf')
        for i in range(len(healths)):
            for j in range(i+1, len(healths)):
                new_healths = healths[:]
                new_healths[i] -= 1
                new_healths[j] -= 1
                if new_healths[i] == 0 or new_healths[j] == 0:
                    continue
                min_spells = min(min_spells, min_spells(new_healths, spells_used+1))
        if min_spells == float('inf'):
            min_spells = 1 + min_spells(healths[1:]) if healths[0] > 1 else 1
        return min_spells

    t = int(input())
    for _ in range(t):
        n = int(input())
        healths = list(map(int, input().split()))
        print(min_spells(healths))

",False,True,2,0.5
1792A,1,['for loop'],"['heap', 'recursion']","['for loop', 'if statement', 'dictionary', 'tuple', 'hashmap']","import heapq

def solve():
    def kill_two(monsters):
        heapq.heapify(monsters)
        a, b = heapq.heappop(monsters), heapq.heappop(monsters)
        return a + b + 1

    def kill_one(monster):
        return 1

    def min_spells(healths):
        monsters = [(h, i) for i, h in enumerate(healths)]
        heapq.heapify(monsters)
        spells = 0
        while monsters:
            spells += 1
            if len(monsters) >= 2:
                a, b = heapq.heappop(monsters), heapq.heappop(monsters)
                if a == b:
                    continue
                spells += kill_two((a, b))
            else:
                spells += kill_one(monsters[0][0])
        return spells

    t = int(input())
    for _ in range(t):
        n = int(input())
        healths = list(map(int, input().split()))
        print(min_spells(healths))

",False,True,2,1.0
1792A,2,"['for loop', 'while loop']",['for loop'],"['for loop', 'if statement', 'dictionary', 'tuple', 'hashmap']","import heapq

def solve():
    def cast_spell(monsters, spells):
        nonlocal min_spells
        min_spells += 1
        heapq.heapify(monsters)
        while monsters and len(monsters[0]) > 0:
            h1, h2 = heapq.heappop(monsters), heapq.heappop(monsters)
            if h1 == h2:
                h1 -= 1
                h2 -= 1
            else:
                spells[0].append(h1)
                spells[1].append(h2)
                break

    def kill_monster(monsters, spells):
        nonlocal min_spells
        min_spells += 1
        if monsters:
            min_spells += monsters.pop(0)
        else:
            return

    T = int(input())
    for _ in range(T):
        n = int(input())
        monsters = list(map(int, input().split()))
        spells = [[] for _ in range(2)]
        min_spells = 0
        cast_spell(monsters, spells)
        while monsters:
            kill_monster(monsters, spells)
        print(min_spells)
",False,False,0,0.0
1792A,3,"['for loop', 'while loop', 'tuple']",['for loop'],"['for loop', 'if statement', 'dictionary', 'tuple', 'hashmap']","import heapq

def solve():
    def cast_spell(monsters, spells):
        nonlocal min_spells
        min_spells += 1
        min_health = float('inf')
        for i in range(len(monsters)):
            if monsters[i] > 0:
                min_health = min(min_health, monsters[i])
        if min_health > 1:
            heapq.heapreplace(monsters, (min_health - 1, i, j) for i, j in combinations(range(len(monsters)), 2))
        else:
            for i, (_, j) in enumerate(heapq.heappop(monsters)):
                min_spells += 1
                break

    def combinations(iterable, r):
        pool = tuple(iterable)
        n = len(pool)
        if r > n:
            return
        for i in range(r, n + 1):
            yield tuple(pool[j] for j in range(i))
        for r2 in range(1, r):
            for combination in combinations(pool, r2):
                for i in range(n - r + r2):
                    yield tuple(combination + (pool[i + r2],))

    while True:
        t = int(input())
        if not t:
            break
        n = int(input())
        monsters = [int(x) for x in input().split()]
        min_spells = 0
        heapq.heapify(monsters)
        while monsters:
            cast_spell(monsters, ())
        print(min_spells)

",False,False,0,0.0
1792A,4,"['for loop', 'while loop', 'tuple', 'recursion']",['for loop'],"['for loop', 'if statement', 'dictionary', 'tuple', 'hashmap']","import heapq

def solve():
    def kill(monsters, health):
        heapq.heapify(monsters)
        while monsters:
            h1, h2 = heapq.heappop(monsters), heapq.heappop(monsters)
            if h1 > 0 and h2 > 0:
                heapq.heappush(monsters, h1 - 1, h2 - 1)
            else:
                if h1 > 0:
                    health[monsters.index(h1)] = 0
                if h2 > 0:
                    health[monsters.index(h2)] = 0
        return len(monsters)

    t = int(input())
    for _ in range(t):
        n = int(input())
        health = list(map(int, input().split()))
        print(kill(health, health))
",False,False,0,0.0
1791C,0,['this is the og problem'],"['for loop', 'if statement']","['for loop', 'while loop', 'if statement', 'break statement', 'two pointers', 'matrix operation']","def solve():
    n = int(input())
    for _ in range(n):
        s = input()
        count_zeros = s.count('0')
        count_ones = len(s) - count_zeros
        if count_zeros > count_ones:
            print(count_ones * 2)
        else:
            print(count_zeros * 2)

",False,True,0,0.0
1791C,1,['for loop'],"['if statement', 'recursion']","['for loop', 'while loop', 'if statement', 'break statement', 'two pointers', 'matrix operation']","def solve():
    def prepend_and_append(s):
        if not s:
            return 0
        elif len(s) % 2 == 0:
            return 1 + prepend_and_append(s[1:-1])
        else:
            return 1 + prepend_and_append(s[1:]) + 1

    t = int(input())
    for _ in range(t):
        n = int(input())
        s = input()
        print(prepend_and_append(s))

",False,True,1,0.5
1791C,2,"['for loop', 'while loop']","['if statement', 'recursion', 'if statement', 'recursion', 'misc']","['for loop', 'while loop', 'if statement', 'break statement', 'two pointers', 'matrix operation']","def solve():
    def prepend_and_append(s):
        if not s:
            return 0
        if s[-1] == '0':
            return 1 + prepend_and_append(s[:-1])
        if s[-2:] == '10':
            return 1 + prepend_and_append(s[:-2])
        return len(s)

    t = int(input())
    for _ in range(t):
        n = int(input())
        s = input()
        print(prepend_and_append(s))

",False,True,2,0.4
1791C,3,"['for loop', 'while loop', 'misc']","['if statement', 'for loop', 'break statement']","['for loop', 'while loop', 'if statement', 'break statement', 'two pointers', 'matrix operation']","def solve():
    def prepend_and_append(s):
        if len(s) == 1:
            return 1
        count = 0
        for i in range(len(s)):
            if s[i] == s[-i-1]:
                count += 1
            else:
                break
        return len(s) - count * 2

    t = int(input())
    for _ in range(t):
        n = int(input())
        s = input()
        print(prepend_and_append(s))
",False,False,0,0.0
1791C,4,"['for loop', 'while loop', 'misc', 'if statement']",['for loop'],"['for loop', 'while loop', 'if statement', 'break statement', 'two pointers', 'matrix operation']","def solve():
    import re

    def prepend_and_append(s):
        return len(s) + 2

    def shortest_string(s):
        if not s:
            return 0
        return min(prepend_and_append(s), shortest_string(re.sub('0$', '', s)), shortest_string(re.sub('1^', '', s)))

    t = int(input())
    for _ in range(t):
        n = int(input())
        s = input()
        print(shortest_string(s))
",False,False,0,0.0
1791C,5,"['for loop', 'while loop', 'misc', 'if statement', 'recursion']",['for loop'],"['for loop', 'while loop', 'if statement', 'break statement', 'two pointers', 'matrix operation']","def solve():
    import re

    def prepend_and_append(s):
        return [0] + s + [1]

    def shortest_string(s):
        if not s:
            return 0
        elif len(s) % 2 == 0:
            return shortest_string(prepend_and_append(s)) + 1
        else:
            return shortest_string(s[1:]) + 2

    t = int(input())
    for _ in range(t):
        n = int(input())
        s = input()
        print(shortest_string(s))

",False,False,0,0.0
1791B,0,['this is the og problem'],['if statement'],"['for loop', 'if statement', 'while loop', 'dictionary', 'misc', 'hashmap', 'break statement', 'matrix operation', 'continue statement']","def solve():
    def move(x, y, direction):
        if direction == 'L':
            x -= 1
        elif direction == 'R':
            x += 1
        elif direction == 'U':
            y += 1
        elif direction == 'D':
            y -= 1
        return x, y

    def check_candy(x, y):
        return x == 1 and y == 1

    def can_reach_candy(s):
        x, y = 0, 0
        for direction in s:
            x, y = move(x, y, direction)
            if check_candy(x, y):
                return True
        return False

    t = int(input())
    for _ in range(t):
        n = int(input())
        s = input()
        if can_reach_candy(s):
            print(""YES"")
        else:
            print(""NO"")
",True,True,0,0.0
1791B,1,['if statement'],"['set', 'tuple', 'dictionary']","['for loop', 'if statement', 'while loop', 'dictionary', 'misc', 'hashmap', 'break statement', 'matrix operation', 'continue statement']","import collections

def solve():
    moves = input().strip()
    x, y = 0, 0
    visited = set()
    visited.add((x, y))
    directions = {
        'U': (0, -1),
        'D': (0, 1),
        'L': (-1, 0),
        'R': (1, 0)
    }

    for move in moves:
        x, y = x + directions[move][0], y + directions[move][1]
        if (x, y) == (1, 1):
            return ""YES""
        visited.add((x, y))

    return ""NO""
",False,True,2,0.6666666666666666
1791B,2,"['if statement', 'for loop']",['if statement'],"['for loop', 'if statement', 'while loop', 'dictionary', 'misc', 'hashmap', 'break statement', 'matrix operation', 'continue statement']","def solve():
    def move(x, y, direction):
        if direction == 'L':
            return x - 1, y
        elif direction == 'R':
            return x + 1, y
        elif direction == 'U':
            return x, y - 1
        elif direction == 'D':
            return x, y + 1
        else:
            raise ValueError(f""Invalid direction: {direction}"")

    def is_on_candy(x, y):
        return x == 1 and y == 1

    def can_reach_candy(moves):
        x, y = 0, 0
        for move in moves:
            x, y = move(x, y, move)
            if is_on_candy(x, y):
                return True
        return False

    def read_input():
        t = int(input())
        for _ in range(t):
            n = int(input())
            moves = input()
            yield moves

    for moves in read_input():
        if can_reach_candy(moves):
            print(""YES"")
        else:
            print(""NO"")
",False,False,0,0.0
1791B,3,"['if statement', 'for loop', 'while loop']",['for loop'],"['for loop', 'if statement', 'while loop', 'dictionary', 'misc', 'hashmap', 'break statement', 'matrix operation', 'continue statement']","import collections

def solve():
    moves = input().strip()
    x, y = 0, 0
    visited = set()
    visited.add((x, y))
    directions = [(0, -1), (0, 1), (-1, 0), (1, 0)]
    for move in moves:
        dx, dy = directions[move.lower().index(move)]
        new_x, new_y = x + dx, y + dy
        if (new_x, new_y) == (1, 1):
            return ""YES""
        if (new_x, new_y) in visited:
            return ""NO""
        visited.add((new_x, new_y))
        x, y = new_x, new_y
    return ""NO""
",False,False,0,0.0
1791B,4,"['if statement', 'for loop', 'while loop', 'tuple']",['if statement'],"['for loop', 'if statement', 'while loop', 'dictionary', 'misc', 'hashmap', 'break statement', 'matrix operation', 'continue statement']","def solve():
    def move(x, y, direction):
        if direction == 'L':
            return x - 1, y
        elif direction == 'R':
            return x + 1, y
        elif direction == 'U':
            return x, y - 1
        elif direction == 'D':
            return x, y + 1
        else:
            raise ValueError(""Invalid direction"")

    def is_on_candy(x, y):
        return x == 1 and y == 1

    def is_valid_move(x, y, direction):
        if x < 0 or y < 0:
            return False
        return True

    def can_reach_candy(s):
        x, y = 0, 0
        for direction in s:
            x, y = move(x, y, direction)
            if is_on_candy(x, y):
                return True
            if not is_valid_move(x, y, direction):
                return False
        return False

    t = int(input())
    for _ in range(t):
        n = int(input())
        s = input()
        if can_reach_candy(s):
            print(""YES"")
        else:
            print(""NO"")
",False,False,0,0.0
1791A,0,['this is the og problem'],"['while loop', 'if statement', 'misc']","['for loop', 'if statement', 'set', 'tuple', 'misc']","import re

def solve():
    check = re.compile(r'codeforces')
    while True:
        c = input()
        if not c:
            break
        if check.search(c):
            print(""YES"")
        else:
            print(""NO"")
",False,True,1,0.3333333333333333
1791A,1,['if statement'],"['while loop', 'if statement']","['for loop', 'if statement', 'set', 'tuple', 'misc']","import re

def solve():
    pattern = re.compile(r'codeforces')
    while True:
        c = input().lower()
        if pattern.search(c):
            print(""YES"")
        else:
            print(""NO"")
",False,False,1,0.5
1791A,2,"['if statement', 'dictionary']","['while loop', 'if statement']","['for loop', 'if statement', 'set', 'tuple', 'misc']","import re

def solve():
    pattern = re.compile(r'codeforces')
    while True:
        c = input().lower()
        if pattern.search(c):
            print(""YES"")
        else:
            print(""NO"")
",False,False,1,0.5
1791A,3,"['if statement', 'dictionary', 'for loop']",['for loop'],"['for loop', 'if statement', 'set', 'tuple', 'misc']","deforces"". Here is the Python function `solve()` that takes a single character as input and returns ""YES"" if the character is present in the string ""codeforces"", and ""NO"" otherwise:

",False,False,0,0.0
1791A,4,"['if statement', 'dictionary', 'for loop', 'while loop']","['for loop', 'if statement', 'misc']","['for loop', 'if statement', 'set', 'tuple', 'misc']","import re

def solve():
    pattern = r'codeforces'
    for _ in range(int(input())):
        c = input().lower()
        if re.search(c, pattern):
            print('YES')
        else:
            print('NO')
",True,False,0,0.0
1791A,5,"['if statement', 'dictionary', 'for loop', 'while loop', 'tuple']","['while loop', 'if statement']","['for loop', 'if statement', 'set', 'tuple', 'misc']","import re

def solve():
    pattern = re.compile(r'codeforces')
    while True:
        c = input().lower()
        if pattern.search(c):
            print(""YES"")
        else:
            print(""NO"")
",False,False,1,0.5
1790B,0,['this is the og problem'],['for loop'],"['while loop', 'for loop', 'if statement', 'misc', 'tuple']","from itertools import combinations

def solve():
    for _ in range(int(input())):
        n, s, r = map(int, input().split())
        candidates = set(range(1, 7))
        for i in range(6, 0, -1):
            for cmb in combinations(candidates, n - 1):
                if sum(cmb) + i == s and max(cmb) < i:
                    print(*sorted(cmb + (i,)))
                    break

",False,True,0,0.0
1790B,1,['for loop'],"['for loop', 'tuple', 'misc']","['while loop', 'for loop', 'if statement', 'misc', 'tuple']","import itertools

def solve():
    for n, s, r in map(int, input().split()):
        max_val = max(s - r, 6)
        for a in itertools.combinations(range(1, max_val + 1), n - 1):
            if sum(a) == s - max_val:
                print(*(max_val, *a))

",False,False,0,0.0
1790B,2,"['for loop', 'if statement']","['for loop', 'if statement', 'continue statement', 'break statement']","['while loop', 'for loop', 'if statement', 'misc', 'tuple']","import itertools

def solve():
    for n in range(2, 51):
        for s in range(1, 301):
            for r in range(1, s):
                if s - r > n:
                    continue
                for a in itertools.combinations_with_replacement(range(1, 7), n):
                    if sum(a) == s and max(a) - min(a) >= n - 1:
                        if sum(a[:-1]) == r:
                            print(*a)
                            break

",False,False,2,0.5
1790B,3,"['for loop', 'if statement', 'recursion']","['for loop', 'break statement', 'tuple']","['while loop', 'for loop', 'if statement', 'misc', 'tuple']","import itertools

def solve():
    for n in range(2, 51):
        for s in range(1, 301):
            for r in range(1, s):
                max_val = s - r
                for a in itertools.combinations(range(1, max_val + 1), n - 1):
                    for i in range(max_val - sum(a), 1, -1):
                        if i + sum(a) == s:
                            print(*(i, *a))
                            break

",False,False,1,0.3333333333333333
1790B,4,"['for loop', 'if statement', 'recursion', 'while loop']","['for loop', 'break statement', 'tuple', 'misc']","['while loop', 'for loop', 'if statement', 'misc', 'tuple']","import itertools

def solve():
    for _ in range(int(input())):
        n, s, r = map(int, input().split())
        max_val = max(n, s - r)
        for a in itertools.combinations(range(1, max_val + 1), n - 1):
            for i in range(max_val + 1):
                if sum(a) + i == s and i > max(a):
                    print(*(i, *a))
                    break

",False,False,1,0.25
1790A,0,['this is the og problem'],['for loop'],"['for loop', 'if statement', 'break statement', 'while loop', 'pass statement', 'misc']","import math

def solve():
    pi_digits = str(math.pi)[2:]
    test_cases = int(input())

    for _ in range(test_cases):
        user_input = input()
        count = 0
        for digit in user_input:
            if digit == pi_digits[count]:
                count += 1
            else:
                break
        print(count)

",False,True,0,0.0
1790A,1,['break statement'],['misc'],"['for loop', 'if statement', 'break statement', 'while loop', 'pass statement', 'misc']","import math

def solve():
    pi_digits = str(math.pi)[2:]
    test_cases = int(input())

    for _ in range(test_cases):
        user_input = input()
        count = 0
        for digit in user_input:
            if digit == pi_digits[count]:
                count += 1
            else:
                break
        print(count)
",False,True,0,0.0
1790A,2,"['break statement', 'for loop']",['for loop'],"['for loop', 'if statement', 'break statement', 'while loop', 'pass statement', 'misc']","import math

def solve():
    pi_digits = str(math.pi)[2:]
    test_cases = int(input())

    for _ in range(test_cases):
        n = input()
        count = 0
        for i in range(len(n)):
            if n[i] == pi_digits[i]:
                count += 1
        print(count)
",False,False,0,0.0
1790A,3,"['break statement', 'for loop', 'recursion']","['for loop', 'if statement', 'matrix operation']","['for loop', 'if statement', 'break statement', 'while loop', 'pass statement', 'misc']","import math

def solve():
    cases = int(input())
    for _ in range(cases):
        polycarp_pi = input()
        count = 0
        for i in range(len(polycarp_pi)):
            if polycarp_pi[i] == str(int(math.pi * 10**i))[0]:
                count += 1
        print(count)
",False,False,1,0.3333333333333333
1790A,4,"['break statement', 'for loop', 'recursion', 'while loop']","['if statement', 'for loop', 'matrix operation']","['for loop', 'if statement', 'break statement', 'while loop', 'pass statement', 'misc']","import math

def solve():
    cases = int(input())
    for _ in range(cases):
        polycarp_pi = input()
        count = 0
        for i in range(len(polycarp_pi)):
            if polycarp_pi[i] == str(int(math.pi * 10**i))[0]:
                count += 1
        print(count)
",False,False,1,0.3333333333333333
1790A,5,"['break statement', 'for loop', 'recursion', 'while loop', 'if statement']",['for loop'],"['for loop', 'if statement', 'break statement', 'while loop', 'pass statement', 'misc']","import math

def solve():
    pi_digits = str(math.pi)[2:]
    test_cases = int(input())

    for _ in range(test_cases):
        user_input = input()
        count = 0
        for digit in user_input:
            if digit == pi_digits[count]:
                count += 1
            else:
                break
        print(count)
",False,False,0,0.0
1789B,0,['this is the og problem'],"['if statement', 'for loop', 'continue statement', 'break statement']","['for loop', 'if statement', 'break statement', 'continue statement', 'while loop', 'two pointers', 'matrix operation', 'misc']","import sys

def solve():
    t = int(input())
    for _ in range(t):
        n = int(input())
        s = input()
        if n % 2 == 1:
            print(""No"")
            continue
        for i in range(n // 2):
            if s[i] != s[n - i - 1]:
                if s[i] == '0':
                    s = s[:i] + '1' + s[i+1:]
                    if s[n - i - 1] == '1':
                        s = s[:n - i - 1] + '0' + s[n - i:]
                    break
            if s[i] == s[n - i - 1]:
                continue
            else:
                print(""No"")
                break
        else:
            print(""Yes"")

",False,True,0,0.0
1789B,1,['for loop'],"['if statement', 'for loop', 'dictionary', 'hashmap']","['for loop', 'if statement', 'break statement', 'continue statement', 'while loop', 'two pointers', 'matrix operation', 'misc']","import collections

def solve():
    n = int(input())
    for _ in range(n):
        s = input()
        if s == s[::-1]:
            print(""Yes"")
        else:
            odd_count = collections.Counter(s)['1']
            even_count = collections.Counter(s)['0']
            if odd_count > 1 or (odd_count == 1 and even_count % 2 != 0):
                print(""No"")
            else:
                print(""Yes"")
",False,False,2,0.5
1789B,2,"['for loop', 'set']",['misc'],"['for loop', 'if statement', 'break statement', 'continue statement', 'while loop', 'two pointers', 'matrix operation', 'misc']","import collections

def solve():
    def is_palindrome(s):
        return s == s[::-1]

    def invert_segment(s, l, r):
        s[l:r+1] = ['1' if c == '0' else '0' for c in s[l:r+1])
        return s

    def can_be_palindrome(s):
        n = len(s)
        odd_count = collections.Counter(s)['1'] if n % 2 else (collections.Counter(s)['1'] + 1) // 2
        return odd_count <= 1

    def find_segment(s):
        for i in range(1, len(s)):
            if can_be_palindrome(invert_segment(s, 0, i)) and can_be_palindrome(invert_segment(s, i, len(s))):
                return i
        return -1

    t = int(input())
    for _ in range(t):
        n = int(input())
        s = input()
        if find_segment(s) != -1:
            print(""Yes"")
        else:
            print(""No"")
",False,True,0,0.0
1789B,3,"['for loop', 'set', 'if statement']",['for loop'],"['for loop', 'if statement', 'break statement', 'continue statement', 'while loop', 'two pointers', 'matrix operation', 'misc']","import collections

def solve():
    def is_palindrome(s):
        return s == s[::-1]

    def invert_segment(s, l, r):
        s[l:r+1] = ['1' if c == '0' else '0' for c in s[l:r+1])
        return s

    def can_be_palindrome(s):
        odd_count = collections.Counter(s)['1']
        if odd_count > 1:
            return False
        mid = len(s) // 2
        return all(s[i] == s[len(s) - i - 1] for i in range(mid)) or all(s[i] != s[len(s) - i - 1] for i in range(mid))

    while True:
        n = int(input())
        if not n:
            break
        s = input()
        if can_be_palindrome(s):
            print(""Yes"")
        else:
            for i in range(1, len(s)):
                if can_be_palindrome(invert_segment(s, i, i)):
                    print(""Yes"")
                    break
            else:
                print(""No"")
",False,False,0,0.0
1789B,4,"['for loop', 'set', 'if statement', 'matrix operation']","['recursion', 'dynamic programming', 'hashmap']","['for loop', 'if statement', 'break statement', 'continue statement', 'while loop', 'two pointers', 'matrix operation', 'misc']","import functools

def solve():
    @functools.lru_cache(maxsize=None)
    def is_palindrome(s):
        return s == s[::-1]

    @functools.lru_cache(maxsize=None)
    def invert(s, l, r):
        return ''.join(('1' if c == '0' else '0' if c == '1' else c) for c in s[l-1:r+1])

    def can_be_palindrome(s):
        n = len(s)
        for i in range(1, n):
            if is_palindrome(invert(s, i, i)) and is_palindrome(s[:i] + invert(s, i, n-i)):
                return True
        return False

    while True:
        n = int(input())
        if not n:
            break
        s = input()
        if can_be_palindrome(s):
            print(""Yes"")
        else:
            print(""No"")
",False,True,3,1.0
1789A,0,['this is the og problem'],['for loop'],"['for loop', 'if statement', 'misc', 'sorting', 'break statement', 'matrix operation', 'while loop', 'hashmap', 'tuple']","import math

def gcd(a, b):
 return math.gcd(a, b)

def is_good(arr):
 if len(arr) < 2:
 return True
 return gcd(arr[0], arr[1]) <= len(arr)

def is_beautiful(arr):
 for i in range(1, len(arr)):
 if not is_good(arr[:i]):
 return False
 return True

def solve():
 t = int(input())
 for _ in range(t):
 n = int(input())
 arr = list(map(int, input().split()))
 if is_beautiful(arr):
 print(""Yes"")
 else:
 arr.sort(reverse=True)
 for i in range(1, len(arr)):
 if not is_good(arr[:i]):
 print(""No"")
 break
",False,True,0,0.0
1789A,1,['for loop'],['for loop'],"['for loop', 'if statement', 'misc', 'sorting', 'break statement', 'matrix operation', 'while loop', 'hashmap', 'tuple']","import math

def gcd(a, b):
    while b:
        a, b = b, a % b
    return a

def is_good(arr):
    if len(arr) < 2:
        return True
    return gcd(arr[0], arr[1:]) <= len(arr)

def is_beautiful(arr):
    for i in range(1, len(arr)):
        if not is_good(arr[:i]):
            return False
    return True

def solve():
    t = int(input())
    for _ in range(t):
        n = int(input())
        arr = list(map(int, input().split()))
        arr.sort(reverse=True)
        if is_beautiful(arr):
            print(""Yes"")
        else:
            print(""No"")

",False,False,0,0.0
1789A,2,"['for loop', 'if statement']",['for loop'],"['for loop', 'if statement', 'misc', 'sorting', 'break statement', 'matrix operation', 'while loop', 'hashmap', 'tuple']","import functools
from fractions import gcd

def solve():
 def is_good(arr):
 return gcd.reduce(arr) <= len(arr)

 def is_beautiful(arr):
 for i in range(1, len(arr)):
 if not is_good(arr[:i]):
 return False
 return True

 def reorder(arr):
 n = len(arr)
 for i in range(n - 1):
 for j in range(i + 1, n):
 if is_good(arr[:i] + [arr[j]] + arr[i:j] + [arr[i]] + arr[j+1:]):
 arr[i], arr[j] = arr[j], arr[i]
 return arr

 @functools.lru_cache(maxsize=None)
 def gcd(a, b):
 if b == 0:
 return a
 return gcd(b, a % b)

 def main():
 t = int(input())
 for _ in range(t):
 n = int(input())
 arr = list(map(int, input().split()))
 if reorder(arr):
 print(""Yes"")
 else:
 print(""No"")

 if __name__ == ""__main__"":
 main()
",False,False,0,0.0
1789A,3,"['for loop', 'if statement', 'while loop']",['for loop'],"['for loop', 'if statement', 'misc', 'sorting', 'break statement', 'matrix operation', 'while loop', 'hashmap', 'tuple']","import functools
from typing import List

def gcd(a, b):
    while b:
        a, b = b, a % b
    return a

def is_good(arr):
    return gcd(arr[0], arr[1:]) <= len(arr)

def is_beautiful(arr):
    for i in range(1, len(arr)):
        if not is_good(arr[:i]):
            return False
    return True

def reorder(arr):
    n = len(arr)
    @functools.lru_cache(maxsize=None)
    def gcd_sub(i, j):
        if i == j:
            return arr[i]
        return gcd(arr[i], gcd_sub(i + 1, j))

    def find_min_gcd(i):
        min_gcd = gcd_sub(i, n - 1)
        min_index = i
        for j in range(i + 1, n):
            if gcd_sub(j, n - 1) < min_gcd:
                min_gcd = gcd_sub(j, n - 1)
                min_index = j
        return min_index

    for i in range(1, n):
        j = find_min_gcd(i)
        arr[i], arr[j] = arr[j], arr[i]
        if not is_good(arr[:i + 1]):
            return False
    return True

def solve():
    t = int(input())
    for _ in range(t):
        n = int(input())
        arr = list(map(int, input().split()))
        if is_beautiful(arr):
            print(""Yes"")
        elif reorder(arr):
            print(""Yes"")
        else:
            print(""No"")
",False,False,0,0.0
1789A,4,"['for loop', 'if statement', 'while loop', 'tuple']","['for loop', 'while loop', 'if statement', 'recursion']","['for loop', 'if statement', 'misc', 'sorting', 'break statement', 'matrix operation', 'while loop', 'hashmap', 'tuple']","import math
import functools

def gcd(a, b):
    while b:
        a, b = b, a % b
    return a

def is_good(arr):
    return all(gcd(arr[i], arr[j]) <= len(arr) for i in range(len(arr)) for j in range(i, len(arr)))

def is_beautiful(arr):
    for i in range(1, len(arr)):
        if not is_good(arr[:i]):
            return False
    return True

def solve():
    t = int(input())
    for _ in range(t):
        n = int(input())
        arr = list(map(int, input().split()))
        if is_beautiful(arr):
            print(""Yes"")
        else:
            arr.sort(reverse=True)
            for i in range(1, len(arr)):
                if not is_good(arr[:i]):
                    arr[i], arr[0] = arr[0], arr[i]
                    if is_beautiful(arr):
                        print(""Yes"")
                        break
            else:
                print(""No"")

",False,False,1,0.25
1788A,0,['this is the og problem'],"['for loop', 'if statement']","['for loop', 'if statement', 'continue statement', 'break statement', 'while loop', 'misc', 'dictionary', 'matrix operation', 'hashmap', 'tuple']","from typing import List

def solve():
    def find_k(a: List[int]):
        n = len(a)
        for k in range(1, n - 1):
            if a[:k] == a[k + 1:][::-1]:
                return k
        return -1

    t = int(input())
    for _ in range(t):
        n = int(input())
        a = list(map(int, input().split()))
        print(find_k(a))
",False,True,0,0.0
1788A,1,['matrix operation'],['for loop'],"['for loop', 'if statement', 'continue statement', 'break statement', 'while loop', 'misc', 'dictionary', 'matrix operation', 'hashmap', 'tuple']","import sys

def solve():
    t = int(input())
    for _ in range(t):
        n = int(input())
        a = list(map(int, input().split()))
        if all(a[i] == a[-i] for i in range(1, n // 2 + 1)):
            print(-1)
        else:
            for i in range(1, n - 1):
                if a[0] * a[1] * a[2:i] == a[i] * a[i + 1] * a[i + 2:]:
                    print(i)
                    break
            else:
                print(-1)

",False,True,0,0.0
1788A,2,"['matrix operation', 'if statement']","['while loop', 'recursion']","['for loop', 'if statement', 'continue statement', 'break statement', 'while loop', 'misc', 'dictionary', 'matrix operation', 'hashmap', 'tuple']","import functools
from typing import List

def solve():
    def gcd(a, b):
        while b:
            a, b = b, a % b
        return a

    def find_k(a: List[int]):
        n = len(a)
        for k in range(1, n - 1):
            if gcd(functools.reduce(lambda x, y: x * y, a[:k], 1) == gcd(functools.reduce(lambda x, y: x * y, a[k:], 1)):
                return k
        return -1

    t = int(input())
    for _ in range(t):
        n = int(input())
        a = list(map(int, input().split()))
        print(find_k(a))

",False,True,1,0.5
1788A,3,"['matrix operation', 'if statement', 'for loop']","['while loop', 'recursion']","['for loop', 'if statement', 'continue statement', 'break statement', 'while loop', 'misc', 'dictionary', 'matrix operation', 'hashmap', 'tuple']","from typing import List

def solve():
    def gcd(a, b):
        while b:
            a, b = b, a % b
        return a

    def lcm(a, b):
        return a * b // gcd(a, b)

    def find_k(a: List[int]):
        n = len(a)
        for k in range(1, n - 1):
            if lcm(reduce(lambda x, y: x * y, a[:k], 1) , reduce(lambda x, y: x * y, a[k:], 1)) == a[k]:
                return k
        return -1

    t = int(input())
    for _ in range(t):
        n = int(input())
        a = list(map(int, input().split()))
        print(find_k(a))
",False,True,1,0.5
1788A,4,"['matrix operation', 'if statement', 'for loop', 'break statement']","['while loop', 'recursion', 'tuple']","['for loop', 'if statement', 'continue statement', 'break statement', 'while loop', 'misc', 'dictionary', 'matrix operation', 'hashmap', 'tuple']","import functools

def solve():
    def gcd(a, b):
        while b:
            a, b = b, a % b
        return a

    def find_k(a):
        n = len(a)
        for k in range(1, n - 1):
            if gcd(functools.reduce(lambda x, y: x * y, a[:k]) , functools.reduce(lambda x, y: x * y, a[k:])) == a[k + 1]:
                return k
        return -1

    t = int(input())
    for _ in range(t):
        n = int(input())
        a = list(map(int, input().split()))
        print(find_k(a))

",False,True,1,0.3333333333333333
1787A,0,['this is the og problem'],"['for loop', 'if statement', 'tuple']","['for loop', 'if statement', 'tuple', 'while loop']","import math

def solve():
    for x in range(1, 10001):
        for y in range(1, x+1):
            if x**y * y + y**x * x == n:
                return x, y
    return -1

",False,True,0,0.0
1787A,1,['if statement'],"['for loop', 'if statement']","['for loop', 'if statement', 'tuple', 'while loop']","import math
import sys

def solve():
    for x in range(1, 10001):
        for y in range(1, x+1):
            if x**y * y + y**x * x == n:
                return x, y
    return -1

",False,False,0,0.0
1787A,2,"['if statement', 'for loop']",['for loop'],"['for loop', 'if statement', 'tuple', 'while loop']","from functools import reduce

def mul_inv(a, b):
    b0 = b
    x0, x1 = 0, 1
    if b == 1:
        return 1
    while a > 1:
        q = a // b
        a, b = b, a % b
        x0, x1 = x1 - q * x0, x0
    if x1 < 0:
        x1 += b0
    return x1

def solve(n):
    factors = [i for i in range(2, int(n**0.5) + 1) if n % i == 0]
    if len(factors) == 0:
        return -1

    x = [0] * len(factors)
    y = [0] * len(factors)
    pows = [0] * len(factors)

    for i in range(len(factors)):
        p = factors[i]
        pows[i] = n // p
        x[i] = pows[i] * mul_inv(pows[i] + 1, p)
        y[i] = mul_inv(x[i], p)

    prod = reduce((lambda a, b: a * b), factors)
    x = sum(x[i] * prod // factors[i] for i in range(len(factors)))
    y = sum(y[i] * prod // factors[i] for i in range(len(factors)))

    return x, y
",False,False,0,0.0
1787A,3,"['if statement', 'for loop', 'tuple']",['for loop'],"['for loop', 'if statement', 'tuple', 'while loop']","from sympy import symbols, Eq, solve

def solve():
    n = int(input())
    x, y = symbols('x y')
    equation = x**y * y + y**x * x - n
    solutions = solve((equation), (x, y))

    if solutions:
        print(*solutions[0].values())
    else:
        print(-1)
",False,False,0,0.0
1787A,4,"['if statement', 'for loop', 'tuple', 'matrix operation']","['recursion', 'if statement', 'for loop']","['for loop', 'if statement', 'tuple', 'while loop']","from math import gcd

def extended_gcd(a, b):
    if b == 0:
        return (1, 0, a)
    else:
        (s, old_s, x, old_x) = extended_gcd(b, a % b)
        return (old_x - (a // b) * old_s, s, x, old_s)

def solve():
    for n in range(1, 10000):
        for x in range(1, n):
            for y in range(1, n):
                if pow(x, y) * y + pow(y, x) * x == n:
                    print(x, y)
                    return
        for y in range(n, 1, -1):
            for x in range(1, n):
                if pow(x, y) * y + pow(y, x) * x == n:
                    print(x, y)
                    return
    print(-1)

",False,False,1,0.3333333333333333
1787A,5,"['if statement', 'for loop', 'tuple', 'matrix operation', 'while loop']","['recursion', 'while loop', 'if statement']","['for loop', 'if statement', 'tuple', 'while loop']","from functools import reduce
from math import gcd

def solve():
    def power(a, b, m):
        result = 1
        while b > 0:
            if b & 1:
                result = (result * a) % m
            a = (a * a) % m
            b >>= 1
        return result

    def extended_euclidean_algorithm(a, b):
        if b == 0:
            return (1, 0, a)
        else:
            g, y, x = extended_euclidean_algorithm(b, a % b)
            return (x - (a // b) * g, g, y)

    def chinese_remainder(n, a, b):
        p, g, x = n, 1, 0
        for i in range(len(b)):
            g, x = extended_euclidean_algorithm(p[i], b[i])
            x = (x * power(a[i], p[i] - p[i] // b[i] * g)) % p[i]
        return x % n

    def solve_for_n(n):
        factors = [i for i in range(2, int(n ** 0.5) + 1) if n % i == 0]
        if len(factors) == 0:
            return -1
        else:
            solutions = []
            for factor in factors:
                x = chinese_remainder([(n // factor, power(factor, factor - 1, factor - 1), 1), (factor, 1, 0)], [(1, 1, 0), (factor - 1, -power(factor, factor - 1, factor - 1), 1)])
                solutions.append((x % factor, factor))
            return min(solutions, key=lambda x: x[0]) if len(solutions) > 1 else solutions[0]

    t = int(input())
    for _ in range(t):
        n = int(input())
        x, y = solve_for_n(n)
        print(x, y)

",False,False,1,0.3333333333333333
1786A2,0,['this is the og problem'],"['while loop', 'if statement']","['if statement', 'while loop', 'for loop', 'break statement', 'misc', 'matrix operation']","def solve():
    def deal_cards(n, color, player):
        count = [0, 0]
        while n > 0:
            cards = min(n, 8)
            count[player] += cards
            n -= cards
            if player == 1:
                player = 2
                color = not color
            else:
                player = 1
            count[color] += cards // 2
            n -= cards // 2
        return count

    t = int(input().strip())
    for _ in range(t):
        n = int(input().strip())
        alice_white, alice_black, bob_white, bob_black = deal_cards(n, True, 1), deal_cards(n, True, 2), deal_cards(n, False, 1), deal_cards(n, False, 2)
        print(*alice_white, *alice_black, *bob_white, *bob_black, sep=' ')

",False,True,0,0.0
1786A2,1,['if statement'],"['for loop', 'if statement', 'tuple']","['if statement', 'while loop', 'for loop', 'break statement', 'misc', 'matrix operation']","from collections.abc import Iterable
from typing import List

def solve():
    def alternating_deck(n: int) -> List[int]:
        alice_white, alice_black, bob_white, bob_black = 1, 0, 0, 0
        for i in range(1, n + 1):
            cards = min(i, n)
            if i % 2 == 1:
                alice_white += cards
                bob_white += cards
            else:
                alice_black += cards
                bob_black += cards * 2
                n -= cards
        return alice_white, alice_black, bob_white, bob_black

    test_cases = int(input())
    for _ in range(test_cases):
        n = int(input())
        result = alternating_deck(n)
        print(*result)

",False,False,1,0.3333333333333333
1786A2,2,"['if statement', 'for loop']","['if statement', 'for loop', 'if statement', 'for loop']","['if statement', 'while loop', 'for loop', 'break statement', 'misc', 'matrix operation']","from collections import defaultdict

def solve():
    def alternating_deck(n, color_count):
        alice_white, alice_black, bob_white, bob_black = 1, 0, 0, 0
        for i in range(1, n + 1):
            if i % 2 == 1:
                alice_white += i
                alice_black += (i - 1) // 2
                bob_white += (i - 1) // 2
                bob_black += i - (i - 1) // 2
            else:
                alice_white += (i - 1) // 2
                alice_black += i
                bob_white += i
                bob_black += (i - 1) // 2
        return alice_white, alice_black, bob_white, bob_black

    t = int(input())
    for _ in range(t):
        n = int(input())
        result = alternating_deck(n, [0, 0])
        print(*result)

",False,False,0,0.0
1786A1,0,['this is the og problem'],['for loop'],"['for loop', 'if statement', 'while loop', 'misc', 'break statement', 'dictionary', 'tuple']","import collections

def solve():
    n = int(input())
    deck = [0] * n
    alice_cards = 0
    bob_cards = 0

    for i in range(1, n + 1):
        cards_to_deal = i
        if i % 2 == 1:
            player = ""Alice""
        else:
            player = ""Bob""

        while cards_to_deal > 0 and cards_to_deal <= n:
            cards_to_deal -= min(cards_to_deal, n - deck[-1])
            deck[-1] = 0
            if player == ""Alice"":
                alice_cards += cards_to_deal
            else:
                bob_cards += cards_to_deal
            n -= cards_to_deal

    print(alice_cards, bob_cards)
",False,True,0,0.0
1786A1,1,['if statement'],"['if statement', 'for loop']","['for loop', 'if statement', 'while loop', 'misc', 'break statement', 'dictionary', 'tuple']","from collections import defaultdict

def solve():
    def deal_cards(n, player):
        cards = [0] * (n + 1)
        for i in range(1, n + 1):
            cards[i] = cards[i - 1] + (i // 2) * (player == 1)
        return cards[n], cards[n - 1]

    t = int(input())
    for _ in range(t):
        n = int(input())
        alice, bob = deal_cards(n, 1)
        for _ in range(2, n // 2 + 1):
            alice, bob = deal_cards(n, 2)
        print(alice, bob)
",False,False,0,0.0
1786A1,2,"['if statement', 'for loop']","['queue', 'tuple', 'if statement', 'for loop', 'while loop']","['for loop', 'if statement', 'while loop', 'misc', 'break statement', 'dictionary', 'tuple']","from collections import deque

def solve():
    n = int(input())
    deck = deque([0] * n)
    alice, bob = deque([0]), deque([0])

    while deck:
        step = len(deck)
        for _ in range(step):
            if step % 2 == 0:
                alice.append(deck.popleft())
            else:
                bob.append(deck.popleft() * step)

    print(*alice, *bob)
",False,False,1,0.2
1786A1,3,"['if statement', 'for loop', 'while loop']",['for loop'],"['for loop', 'if statement', 'while loop', 'misc', 'break statement', 'dictionary', 'tuple']","from collections import defaultdict

def solve():
    n = int(input())
    alice, bob = defaultdict(int), defaultdict(int)
    step = 1
    while step <= n:
        player = (step % 2 == 0)
        cards = min(n, step)
        alice[step], bob[step] = alice[step] + cards, bob[step] + cards
        n -= cards
        step += 1
        if not n:
            break
        if player:
            alice[step] += n
        else:
            bob[step] += n
    print(sum(alice.values()), sum(bob.values()))
",False,False,0,0.0
1786A1,4,"['if statement', 'for loop', 'while loop', 'tuple']",['while loop'],"['for loop', 'if statement', 'while loop', 'misc', 'break statement', 'dictionary', 'tuple']","from collections.abc import Iterable

def solve():
    def deal_cards(n, player):
        cards = [0] * 2
        step = 1
        while n > 0:
            cards[player] += step
            n -= step
            step += 1
            player ^= 1
        return cards

    def main():
        t = int(input())
        for _ in range(t):
            n = int(input())
            print(*deal_cards(n, 0))

    main()
",False,False,0,0.0
1783A,0,['this is the og problem'],['for loop'],"['for loop', 'if statement', 'set', 'sorting', 'tuple', 'hashmap', 'stack', 'misc']","import itertools

def solve():
    t = int(input())
    for _ in range(t):
        n = int(input())
        a = list(map(int, input().split()))
        a = sorted(a)
        for i in range(1, n):
            if a[i] == sum(a[:i]):
                print(""NO"")
                continue
        print(""YES"")
        print(*sorted(a, reverse=True))
",False,True,0,0.0
1783A,1,['sorting'],"['for loop', 'if statement', 'break statement', 'sorting']","['for loop', 'if statement', 'set', 'sorting', 'tuple', 'hashmap', 'stack', 'misc']","import sys

def solve():
    t = int(input())
    for _ in range(t):
        n = int(input())
        a = list(map(int, input().split()))
        a_copy = a[:]
        a.sort()
        for i in range(len(a) - 1, 0, -1):
            if a[i] == sum(a_copy[:i]):
                a_copy[i], a_copy[0] = a_copy[0], a_copy[i]
                a_copy.sort()
                print(""YES"")
                print(*a_copy)
                break
        else:
            print(""NO"")

",False,False,1,0.25
1783A,2,"['sorting', 'if statement']",['for loop'],"['for loop', 'if statement', 'set', 'sorting', 'tuple', 'hashmap', 'stack', 'misc']","import itertools

def solve():
    t = int(input())
    for _ in range(t):
        n = int(input())
        a = list(map(int, input().split()))
        a = sorted(a)
        for i in range(1, n):
            if a[i] == sum(a[:i]):
                print(""NO"")
                continue
        print(""YES"")
        print(*sorted(a, reverse=True))
",False,True,0,0.0
1783A,3,"['sorting', 'if statement', 'for loop']",['for loop'],"['for loop', 'if statement', 'set', 'sorting', 'tuple', 'hashmap', 'stack', 'misc']","import heapq

def solve():
    t = int(input())
    for _ in range(t):
        n = int(input())
        a = list(map(int, input().split()))
        a = sorted(a)
        if any(a[i] == sum(a[:i]) for i in range(1, len(a))):
            print(""NO"")
        else:
            print(""YES"")
            print(*sorted(a, reverse=True))

",False,False,0,0.0
1783A,4,"['sorting', 'if statement', 'for loop', 'tuple']","['for loop', 'if statement', 'sorting']","['for loop', 'if statement', 'set', 'sorting', 'tuple', 'hashmap', 'stack', 'misc']","import heapq

def solve():
    t = int(input())
    for _ in range(t):
        n = int(input())
        a = list(map(int, input().split()))
        a = sorted(a)
        if any(a[i] == sum(a[:i]) for i in range(1, n)):
            print(""NO"")
        else:
            print(""YES"")
            print(*sorted(a, reverse=True))

",False,False,0,0.0
1781A,0,['this is the og problem'],['for loop'],"['if statement', 'for loop', 'tuple', 'matrix operation', 'while loop', 'misc']","from math import sqrt, ceil

def solve():
    import sys
    input = sys.stdin.readline

    def manhattan_distance(a, b):
        return abs(a[0] - b[0]) + abs(a[1] - b[1])

    def min_cable_length():
        w, d, h = map(int, input().split())
        a, b, f, g = map(int, input().split())

        # Calculate the lengths of the edges of the cuboid
        edge_lengths = [w, d, h, min(w, d), min(w, h), min(d, h)]

        # Calculate the Manhattan distance between the laptop and the projector
        distance = manhattan_distance((a, b), (f, g))

        # Check if the distance is equal to the length of any edge
        for edge in edge_lengths:
            if distance == edge:
                return edge

        # If the distance is not equal to any edge length, calculate the minimum cable length
        # by finding the smallest multiple of the smallest edge length that is greater than or equal to the distance
        smallest_edge = min(edge_lengths)
        return ceil(distance / smallest_edge) * smallest_edge

    for _ in range(int(input())):
        print(min_cable_length())
",False,True,0,0.0
1781A,1,['if statement'],"['if statement', 'for loop', 'tuple']","['if statement', 'for loop', 'tuple', 'matrix operation', 'while loop', 'misc']","from math import sqrt

def manhattan_distance(a, b, f, g):
    return abs(a[0] - f) + abs(a[1] - g)

def solve():
    t = int(input())
    for _ in range(t):
        w, d, h, a, b, f, g = map(int, input().split())
        x1, y1 = a, b
        x2, y2 = f, g - h
        length = manhattan_distance(x1, y1, x2, y2)
        if x1 == x2:
            length += h
        elif y1 == y2:
            length += w
        print(length)

",False,False,0,0.0
1781A,2,"['if statement', 'tuple']","['for loop', 'if statement']","['if statement', 'for loop', 'tuple', 'matrix operation', 'while loop', 'misc']","from math import sqrt, ceil

def manhattan_distance(a, b, f, g):
    return abs(a - f) + abs(b - g)

def solve():
    t = int(input())
    for _ in range(t):
        w, d, h, a, b, f, g = map(int, input().split())
        x = max(w, d, h)
        y = min(w, d, h)
        if a % x == 0 or b % y == 0 or f % x == 0 or g % y == 0:
            cable_length = manhattan_distance(a, b, f, g)
        elif a % y == 0 or b % x == 0 or f % y == 0 or g % x == 0:
            cable_length = manhattan_distance(a, b, f, g) + (x - a % x) + (y - b % y)
        else:
            cable_length = min(manhattan_distance(a, b, f, g) + (x - a % x) + (y - b % y),
                              manhattan_distance(a, b, f, g) + (x - f % x) + (y - g % y))
        print(cable_length)
",False,False,0,0.0
1781A,3,"['if statement', 'tuple', 'matrix operation']","['if statement', 'for loop', 'tuple', 'misc']","['if statement', 'for loop', 'tuple', 'matrix operation', 'while loop', 'misc']","from math import sqrt

def manhattan_distance(a, b):
    return abs(a[0] - b[0]) + abs(a[1] - b[1])

def solve():
    t = int(input())
    for _ in range(t):
        w, d, h, a, b, f, g = map(int, input().split())
        x1, y1 = a, b
        x2, y2 = f, g + h
        length = manhattan_distance((x1, y1), (x2, y2))
        if x1 == x2:
            length += h
        elif y1 == y2:
            length += w
        print(length)
",False,False,0,0.0
1781A,4,"['if statement', 'tuple', 'matrix operation', 'for loop']",['for loop'],"['if statement', 'for loop', 'tuple', 'matrix operation', 'while loop', 'misc']","from math import sqrt, ceil

def manhattan_distance(a, b):
    return abs(a[0] - b[0]) + abs(a[1] - b[1])

def solve():
    t = int(input())
    for _ in range(t):
        w, d, h, a, b, f, g = map(int, input().split())
        x1, y1 = a, b
        x2, y2 = f, g + h
        x3, y3 = w - x1, y1
        x4, y4 = w - x2, y2
        length1 = manhattan_distance((x1, y1), (x2, y2))
        length2 = manhattan_distance((x2, y2), (x3, y3))
        length3 = manhattan_distance((x3, y3), (x4, y4))
        length4 = manhattan_distance((x4, y4), (x1, y1))
        min_length = min(length1, length2, length3, length4)
        print(min_length)

",False,False,0,0.0
1781A,5,"['if statement', 'tuple', 'matrix operation', 'for loop', 'while loop']","['for loop', 'if statement', 'tuple']","['if statement', 'for loop', 'tuple', 'matrix operation', 'while loop', 'misc']","import math

def manhattan_distance(a, b, f, g):
    return abs(a[0] - f[0]) + abs(a[1] - g[1])

def solve():
    t = int(input())
    for _ in range(t):
        w, d, h, a, b, f, g = map(int, input().split())
        cable_length = manhattan_distance(a, b, f, g)
        if cable_length > h:
            cable_length += (h - cable_length) * 2
        print(cable_length)

",False,False,0,0.0
1780A,0,['this is the og problem'],"['for loop', 'if statement', 'break statement', 'tuple', 'misc']","['for loop', 'if statement', 'tuple', 'while loop', 'matrix operation', 'hashmap', 'continue statement', 'recursion', 'misc', 'break statement']","import sys

def solve():
    for _ in range(int(input())):
        n = int(input())
        a = list(map(int, input().split()))
        found = False
        for i in range(n):
            for j in range(i+1, n):
                for k in range(j+1, n):
                    if (a[i] + a[j] + a[k]) % 2 != 0:
                        found = True
                        print(""YES"")
                        print(f""{i+1} {j+1} {k+1}"")
                        break
                if found:
                    break
            if found:
                break
        if not found:
            print(""NO"")

",False,True,0,0.0
1780A,1,['for loop'],['for loop'],"['for loop', 'if statement', 'tuple', 'while loop', 'matrix operation', 'hashmap', 'continue statement', 'recursion', 'misc', 'break statement']","import itertools

def solve():
    t = int(input())
    for _ in range(t):
        n = int(input())
        a = list(map(int, input().split()))
        found = False
        for i, j in itertools.combinations(range(n), 2):
            for k in range(i+1, j):
                if a[i] + a[j] + a[k] & 1 == 1:
                    print(""YES"")
                    print(f""{i+1} {j+1} {k+1}"")
                    found = True
                    break
            if found:
                break
        if not found:
            print(""NO"")
",False,False,0,0.0
1780A,2,"['for loop', 'while loop']","['if statement', 'for loop', 'break statement', 'tuple']","['for loop', 'if statement', 'tuple', 'while loop', 'matrix operation', 'hashmap', 'continue statement', 'recursion', 'misc', 'break statement']","import itertools

def solve():
    t = int(input())
    for _ in range(t):
        n = int(input())
        a = list(map(int, input().split()))
        found = False
        for i, j in itertools.combinations(range(n), 2):
            for k in range(i+1, j):
                if (a[i] + a[j] + a[k]) % 2 != 0:
                    print(""YES"")
                    print(f""{i+1} {j+1} {k+1}"")
                    found = True
                    break
            if found:
                break
        if not found:
            print(""NO"")
",False,False,0,0.0
1780A,3,"['for loop', 'while loop', 'tuple']","['for loop', 'tuple', 'if statement']","['for loop', 'if statement', 'tuple', 'while loop', 'matrix operation', 'hashmap', 'continue statement', 'recursion', 'misc', 'break statement']","import itertools

def solve():
    def find_triple(arr):
        for i, a in enumerate(arr):
            for j in range(i+1, len(arr)):
                for k in range(j+1, len(arr)):
                    if (a + arr[j] + arr[k]) % 2 != 0:
                        return i+1, j+1, k+1
        return None

    t = int(input())
    for _ in range(t):
        n = int(input())
        arr = list(map(int, input().split()))
        result = find_triple(arr)
        if result:
            print(""YES"")
            print(*result)
        else:
            print(""NO"")
",False,False,0,0.0
1780A,4,"['for loop', 'while loop', 'tuple', 'recursion']","['if statement', 'for loop', 'break statement']","['for loop', 'if statement', 'tuple', 'while loop', 'matrix operation', 'hashmap', 'continue statement', 'recursion', 'misc', 'break statement']","import itertools

def solve():
    t = int(input())
    for _ in range(t):
        n = int(input())
        a = list(map(int, input().split()))
        found = False
        for i in range(n - 2):
            for j in range(i + 1, n - 1):
                for k in range(j + 1, n):
                    if (a[i] + a[j] + a[k]) % 2 != 0:
                        print(""YES"")
                        print(f""{i+1} {j+1} {k+1}"")
                        found = True
                        break
            if found:
                break
        if not found:
            print(""NO"")

",False,False,0,0.0
1780A,5,"['for loop', 'while loop', 'tuple', 'recursion', 'if statement']","['for loop', 'tuple', 'if statement']","['for loop', 'if statement', 'tuple', 'while loop', 'matrix operation', 'hashmap', 'continue statement', 'recursion', 'misc', 'break statement']","import itertools

def solve():
    def find_triple(arr):
        for i in range(len(arr)):
            for j in range(i+1, len(arr)):
                for k in range(j+1, len(arr)):
                    if (arr[i] + arr[j] + arr[k]) % 2 != 0:
                        return i, j, k
        return None

    t = int(input())
    for _ in range(t):
        n = int(input())
        arr = list(map(int, input().split()))
        result = find_triple(arr)
        if result:
            print(""YES"")
            print(*result)
        else:
            print(""NO"")
",False,False,0,0.0
1779A,0,['this is the og problem'],"['for loop', 'if statement', 'break statement']","['for loop', 'if statement', 'set', 'dictionary', 'while loop', 'continue statement', 'break statement']","import sys

def solve():
    t = int(input())
    for _ in range(t):
        n = int(input())
        s = input()
        if all(s[i] == s[0] for i in range(1, n)):
            print(-1)
        else:
            for i in range(1, n - 1):
                if s[i] != s[i + 1]:
                    print(i)
                    break
            else:
                print(-1)

",False,True,0,0.0
1779A,1,['if statement'],"['for loop', 'if statement', 'break statement']","['for loop', 'if statement', 'set', 'dictionary', 'while loop', 'continue statement', 'break statement']","import sys

def solve():
    t = int(input())
    for _ in range(t):
        n = int(input())
        s = input()
        if all(s[i] == s[0] for i in range(1, n)):
            print(-1)
        else:
            for i in range(1, n - 1):
                if s[i] != s[i + 1]:
                    print(i)
                    break
            else:
                print(-1)

",False,False,0,0.0
1779A,2,"['if statement', 'for loop']","['if statement', 'for loop']","['for loop', 'if statement', 'set', 'dictionary', 'while loop', 'continue statement', 'break statement']","import sys

def solve():
    t = int(input())
    for _ in range(t):
        n = int(input())
        s = input()
        if all(s[i] == s[0] for i in range(1, n)):
            print(-1)
        else:
            for i in range(1, n - 1):
                if s[i] != s[i + 1]:
                    print(i)
                    break
            else:
                print(-1)

",False,False,0,0.0
1779A,3,"['if statement', 'for loop', 'while loop']","['if statement', 'for loop', 'break statement']","['for loop', 'if statement', 'set', 'dictionary', 'while loop', 'continue statement', 'break statement']","import itertools

def solve():
    n = int(input())
    for _ in range(n):
        s = input()
        if all(s[i] == s[0] for i in range(1, len(s))):
            print(-1)
        else:
            for i in range(1, len(s) - 1):
                if s[i] != s[i - 1] and s[i] != s[i + 1]:
                    print(i)
                    break
            else:
                print(-1)

",False,False,0,0.0
1778A,0,['this is the og problem'],['for loop'],"['for loop', 'if statement', 'break statement', 'tuple', 'misc', 'matrix operation', 'continue statement', 'hashmap', 'dictionary', 'while loop']","import sys

def solve():
    t = int(input())
    for _ in range(t):
        n = int(input())
        a = list(map(int, input().split()))
        max_sum = float('-inf')
        for i in range(1, n):
            temp = a[i] * a[i+1]
            if temp > 0:
                a[i] *= -1
                a[i+1] *= -1
                new_sum = sum(a)
                max_sum = max(max_sum, new_sum)
                a[i] *= -1
                a[i+1] *= -1
        print(max_sum)

",False,True,0,0.0
1778A,1,['for loop'],['for loop'],"['for loop', 'if statement', 'break statement', 'tuple', 'misc', 'matrix operation', 'continue statement', 'hashmap', 'dictionary', 'while loop']","import functools

def solve():
    @functools.lru_cache(maxsize=None)
    def dfs(arr, i):
        if i == len(arr):
            return sum(arr)
        return max(dfs(arr[::-1][:i] + arr[i+1:], i+1) + arr[i] * arr[i+1], dfs(arr, i+2))

    t = int(input())
    for _ in range(t):
        n = int(input())
        arr = list(map(int, input().split()))
        print(dfs(arr, 1))

",False,False,0,0.0
1778A,2,"['for loop', 'tuple']",['tuple'],"['for loop', 'if statement', 'break statement', 'tuple', 'misc', 'matrix operation', 'continue statement', 'hashmap', 'dictionary', 'while loop']","from functools import reduce

def solve():
    def flip(arr, i):
        arr[i], arr[i+1] = arr[i+1], -arr[i]
        return arr

    def max_sum(arr):
        return max(reduce(lambda x, y: x + y, arr))

    def main():
        t = int(input())
        for _ in range(t):
            n = int(input())
            arr = list(map(int, input().split()))
            max_val = max_sum(arr)
            for i in range(1, n-1):
                new_arr = flip(arr, i)
                new_max_val = max_sum(new_arr)
                max_val = max(max_val, new_max_val)
            print(max_val)

    main()
",False,False,0,0.0
1778A,3,"['for loop', 'tuple', 'while loop']",[],"['for loop', 'if statement', 'break statement', 'tuple', 'misc', 'matrix operation', 'continue statement', 'hashmap', 'dictionary', 'while loop']","from right to left and for each index `i`, we will check if flipping the signs of `a[i]` and `a[i+1]` will increase the sum or not. If it does, we will update `dp[i]` with the maximum of `dp[i+2] + a[i] + a[i+1]` and `dp[i]`.

Here is the Python code for the solution:

```python
def solve():
    n = int(input())
    a = list(map(int, input().split()))
    dp = [0] * (n+1)
    dp[-1] = a[-1]
    for i in range(n-1, -1, -1):
        dp[i] = max(dp[i], dp[i+2] + a[i] + a[i+1])
    print(dp[0])
",False,True,0,0.0
1778A,4,"['for loop', 'tuple', 'while loop', 'hashmap']","['tuple', 'tuple']","['for loop', 'if statement', 'break statement', 'tuple', 'misc', 'matrix operation', 'continue statement', 'hashmap', 'dictionary', 'while loop']","import sys

def solve():
    def flip(arr, i):
        arr[i], arr[i+1] = arr[i+1], -arr[i]

    def max_sum(arr):
        n = len(arr)
        max_sum = 0
        for i in range(1, n):
            temp_arr = arr[:]
            flip(temp_arr, i)
            temp_sum = sum(temp_arr)
            max_sum = max(max_sum, temp_sum)
        return max_sum

    for _ in range(int(input())):
        n = int(input())
        arr = list(map(int, input().split()))
        print(max_sum(arr))

",False,False,0,0.0
1778A,5,"['for loop', 'tuple', 'while loop', 'hashmap', 'if statement']","['recursion', 'dynamic programming']","['for loop', 'if statement', 'break statement', 'tuple', 'misc', 'matrix operation', 'continue statement', 'hashmap', 'dictionary', 'while loop']","import functools

def solve():
    @functools.lru_cache(maxsize=None)
    def max_sum(arr, i):
        if not arr:
            return 0
        if i >= len(arr):
            return float('-inf')
        if i < 0:
            return max_sum(arr[1:], i)
        return max(arr[i] + max_sum(arr[:i] + arr[i+1:], i-1), max_sum(arr[:i], i))

    t = int(input())
    for _ in range(t):
        n = int(input())
        arr = list(map(int, input().split()))
        print(max_sum(arr, n-2))

",False,True,2,1.0
1777A,0,['this is the og problem'],['for loop'],"['while loop', 'for loop', 'if statement', 'tuple', 'matrix operation']","import sys

def solve():
    t = int(input())
    for _ in range(t):
        n = int(input())
        a = list(map(int, input().split()))
        odd_count = sum(1 for i in range(1, len(a) - 1) if a[i] & 1 == a[i - 1] & 1)
        if odd_count % 2 == 1:
            print(-1)
        else:
            operations = 0
            for i in range(1, len(a) - 1):
                if a[i] & 1 == a[i - 1] & 1 and a[i] & 1 == a[i + 1] & 1:
                    operations += 1
                    a[i] = a[i - 1] * a[i + 1]
            print(operations)

",False,True,0,0.0
1777A,1,['if statement'],['for loop'],"['while loop', 'for loop', 'if statement', 'tuple', 'matrix operation']","import functools

def solve():
    @functools.lru_cache(maxsize=None)
    def min_ops(arr, i=0):
        if i >= len(arr) - 1:
            return 0
        if arr[i] == arr[i + 1]:
            return float('inf')
        return 1 + min_ops(arr[:i] + [arr[i] * arr[i + 1]] + arr[i + 2:], i + 2) if arr[i] % 2 == arr[i + 1] % 2 else min_ops(arr[:i] + arr[i + 1:], i + 1)

    t = int(input())
    for _ in range(t):
        n = int(input())
        arr = list(map(int, input().split()))
        print(min_ops(arr))

",False,True,0,0.0
1777A,2,"['if statement', 'matrix operation']","['recursion', 'dynamic programming', 'tuple', 'dictionary', 'if statement']","['while loop', 'for loop', 'if statement', 'tuple', 'matrix operation']","import functools

def solve():
    @functools.lru_cache(maxsize=None)
    def min_ops(arr, i=0):
        if len(arr) == 1:
            return 0
        if arr[i] == arr[i + 1]:
            return float('inf')
        if i == len(arr) - 1:
            return 1
        return min(min_ops(arr[i+2:], i+1) + 1, min_ops(arr[:i] + [arr[i] * arr[i+1]] + arr[i+2:], i))

    t = int(input())
    for _ in range(t):
        n = int(input())
        arr = list(map(int, input().split()))
        print(min_ops(arr))
",False,False,3,0.6
1777A,3,"['if statement', 'matrix operation', 'for loop']","['recursion', 'if statement', 'tuple']","['while loop', 'for loop', 'if statement', 'tuple', 'matrix operation']","import functools

def solve():
    @functools.lru_cache(maxsize=None)
    def min_ops(arr, i=0):
        if i >= len(arr) - 1:
            return 0
        if arr[i] == arr[i + 1]:
            return float('inf')
        return 1 + min_ops(arr[:i] + [arr[i] * arr[i + 1]] + arr[i + 2:], i + 2) if arr[i] % 2 == arr[i + 1] % 2 else min_ops(arr[:i] + arr[i + 1:], i + 1)

    t = int(input())
    for _ in range(t):
        n = int(input())
        arr = list(map(int, input().split()))
        print(min_ops(arr))
",False,False,1,0.3333333333333333
1777A,4,"['if statement', 'matrix operation', 'for loop', 'tuple']","['for loop', 'if statement']","['while loop', 'for loop', 'if statement', 'tuple', 'matrix operation']","import sys

def solve():
    t = int(input())
    for _ in range(t):
        n = int(input())
        a = list(map(int, input().split()))
        odd_count = sum(1 for i in range(1, n) if a[i] ^ a[i - 1] != 1)
        if odd_count == 0:
            print(0)
        else:
            print(odd_count // 2)

",False,False,0,0.0
1777A,5,"['if statement', 'matrix operation', 'for loop', 'tuple', 'break statement']","['if statement', 'for loop', 'stack', 'misc']","['while loop', 'for loop', 'if statement', 'tuple', 'matrix operation']","from collections import deque

def solve():
    t = int(input())
    for _ in range(t):
        n = int(input())
        arr = list(map(int, input().split()))
        stack = deque()
        operations = 0
        for i in range(n):
            if stack and stack[-1] == arr[i] % 2:
                operations += 1
                stack.pop()
                stack.append(arr[i] * arr[i+1])
            else:
                stack.append(arr[i])
        print(len(stack) + operations)

",False,False,2,0.5
1776A,0,['this is the og problem'],"['for loop', 'if statement', 'break statement']","['for loop', 'if statement', 'while loop', 'tuple', 'matrix operation', 'break statement']","import sys

def solve():
    t = int(input())
    for _ in range(t):
        n = int(input())
        times = list(map(int, input().split()))
        last_walk = -1
        for i in range(n):
            if times[i] < 120:
                print(""NO"")
                break
            if times[i] >= last_walk + 120:
                last_walk = times[i]
        else:
            print(""YES"")

",False,True,0,0.0
1776A,1,['if statement'],['for loop'],"['for loop', 'if statement', 'while loop', 'tuple', 'matrix operation', 'break statement']","import bisect

def solve():
    n = int(input())
    times = list(map(int, input().split()))

    walks = []
    for i in range(len(times) - 120):
        if times[i + 120] - times[i] == 120:
            walks.append((times[i], times[i + 120]))

    for i in range(len(times) - 120):
        if times[i] + 120 in times[i + 1:]:
            walks.append((times[i], times[i] + 120))

    for i in range(len(times) - 240):
        if times[i + 120] - times[i] == 120 and times[i + 120 + 120] - times[i + 120] == 120:
            walks.append((times[i], times[i + 120], times[i + 120 + 120]))

    for i in range(len(times) - 120):
        if times[i] + 120 in times[i + 1:] and times[i + 120 + 120] - times[i + 120] == 120:
            walks.append((times[i], times[i] + 120, times[i + 120 + 120]))

    for walk in walks:
        if bisect.bisect_left(times, walk[0]) <= bisect.bisect_right(times, walk[1]) and bisect.bisect_left(times, walk[1] + 120) <= len(times):
            return ""YES""

    return ""NO""
",True,True,0,0.0
1776A,2,"['if statement', 'for loop']","['if statement', 'for loop', 'recursion']","['for loop', 'if statement', 'while loop', 'tuple', 'matrix operation', 'break statement']","import math

def solve():
    def can_walk(messages, n):
        if n == 1:
            return False
        if n == 2:
            return abs(messages[1] - messages[0]) >= 120
        for i in range(2, n):
            if messages[i] - messages[i - 1] < 120:
                return False
        return True

    t = int(input())
    for _ in range(t):
        n = int(input())
        messages = list(map(int, input().split()))
        if can_walk(messages, n):
            print(""YES"")
        else:
            print(""NO"")
",False,False,1,0.3333333333333333
1776A,3,"['if statement', 'for loop', 'recursion']","['if statement', 'for loop']","['for loop', 'if statement', 'while loop', 'tuple', 'matrix operation', 'break statement']","import math

def solve():
    def can_walk(times, n):
        if n == 1:
            return False
        if n == 2:
            return times[1] - times[0] >= 120
        for i in range(2, n):
            if times[i] - times[i - 1] < 120:
                return False
        return True

    t = int(input())
    for _ in range(t):
        n = int(input())
        times = list(map(int, input().split()))
        print(""YES"" if can_walk(times, n) else ""NO"")

",False,False,0,0.0
1776A,4,"['if statement', 'for loop', 'recursion', 'while loop']","['if statement', 'for loop']","['for loop', 'if statement', 'while loop', 'tuple', 'matrix operation', 'break statement']","import math

def solve():
    t = int(input())
    for _ in range(t):
        n = int(input())
        times = list(map(int, input().split()))
        time_gaps = [times[i] - times[i - 1] for i in range(1, n)]
        if any(gap >= 120 for gap in time_gaps):
            print(""YES"")
        else:
            print(""NO"")
",False,False,0,0.0
1775A1,0,['this is the og problem'],"['for loop', 'if statement', 'set']","['for loop', 'if statement', 'break statement', 'while loop', 'misc', 'tuple']","import itertools

def solve():
    t = int(input())
    for _ in range(t):
        s = input()
        a, b, c = sorted(list(set(s)), reverse=True)
        if len(set([a, b, c])) == 3:
            print(a, b, c)
        else:
            print("":("")

",False,True,1,0.3333333333333333
1775A1,1,['for loop'],"['if statement', 'for loop', 'set', 'if statement', 'for loop', 'set']","['for loop', 'if statement', 'break statement', 'while loop', 'misc', 'tuple']","import itertools

def solve():
    t = int(input())
    for _ in range(t):
        s = input()
        a, b, c = sorted(list(set(s)), reverse=True)
        if len(set([a, b, c])) == 3:
            print(a, b, c)
        else:
            print("":("")

",False,False,1,0.16666666666666666
1775A1,2,"['for loop', 'if statement']",['for loop'],"['for loop', 'if statement', 'break statement', 'while loop', 'misc', 'tuple']","import itertools

def solve():
    def lexicographically_smaller(a, b):
        return a < b or (a == b[0:len(a)] and b[len(a)] != 'a')

    def find_names(s):
        for a, b, c in itertools.product('aba', repeat=3):
            if lexicographically_smaller(a, b) and lexicographically_smaller(c, b) or lexicographically_smaller(b, a) and lexicographically_smaller(b, c):
                return a, b, c
        return "":(""

    t = int(input())
    for _ in range(t):
        s = input()
        print(*find_names(s), sep=' ')

",False,False,0,0.0
1775A1,3,"['for loop', 'if statement', 'recursion']","['if statement', 'for loop', 'set']","['for loop', 'if statement', 'break statement', 'while loop', 'misc', 'tuple']","import itertools

def solve():
    t = int(input())
    for _ in range(t):
        s = input()
        a, b, c = sorted(list(set(s)), key=s.index)
        if len(set(s)) == 3:
            print(f""{a} {b} {c}"")
        else:
            print("":("")

",False,False,1,0.3333333333333333
1775A1,4,"['for loop', 'if statement', 'recursion', 'while loop']",['if statement'],"['for loop', 'if statement', 'break statement', 'while loop', 'misc', 'tuple']","import itertools

def solve():
    def lexicographically_equal(a, b):
        return a == b or (len(a) < len(b) and a + 'b' <= b)

    def find_names(s):
        for a, b, c in itertools.product(set(s), repeat=3):
            if lexicographically_equal(a, b) and lexicographically_equal(b, c):
                return a, b, c
        return "":(""

    t = int(input())
    for _ in range(t):
        s = input()
        print(*find_names(s), sep=' ')

",False,False,0,0.0
1774A,0,['this is the og problem'],['for loop'],"['for loop', 'if statement', 'matrix operation', 'tuple', 'misc', 'continue statement', 'while loop']","import sys

def solve(a):
    n = len(a)
    dp = [[0] * 2 for _ in range(n)]

    # Initialize the first row
    dp[0][0] = a[0]
    dp[0][1] = 1 - a[0]

    for i in range(1, n):
        dp[i][0] = dp[i - 1][0] + a[i]
        dp[i][1] = min(dp[i - 1][0] - a[i], dp[i - 1][1] + a[i])

        # Update the minimum absolute value for the current position
        dp[i][0] = min(dp[i][0], dp[i][1] + abs(dp[i - 1][0] - dp[i][1]))
        dp[i][1] = min(dp[i][1], dp[i - 1][0] - dp[i][0])

    return ''.join(('+' if x == 0 else '-') for x in dp[-1])

",False,True,0,0.0
1774A,1,['if statement'],"['for loop', 'if statement']","['for loop', 'if statement', 'matrix operation', 'tuple', 'misc', 'continue statement', 'while loop']","import sys
import math

def solve():
    t = int(input())
    for _ in range(t):
        n = int(input())
        a = list(map(int, input().split()))
        neg = 0
        pos = 0
        for i in range(1, n):
            if a[i] != a[i - 1]:
                if a[i] > a[i - 1]:
                    pos += 1
                else:
                    neg += 1
        if neg > pos:
            sign = '-' * (neg - pos) + '+' * (pos - neg)
        else:
            sign = '+' * (pos - neg) + '-' * (neg - pos)
        print(sign)

",False,False,0,0.0
1774A,2,"['if statement', 'for loop']","['for loop', 'if statement', 'matrix operation', 'dynamic programming']","['for loop', 'if statement', 'matrix operation', 'tuple', 'misc', 'continue statement', 'while loop']","import sys

def solve():
    t = int(input())
    for _ in range(t):
        n = int(input())
        a = list(map(int, input().split()))
        dp = [[0] * 2 for _ in range(n+1)]
        dp[0][0] = dp[0][1] = a[0]
        for i in range(1, n):
            dp[i][0] = min(dp[i-1][0], dp[i-1][1]) + a[i]
            dp[i][1] = min(dp[i-1][0], dp[i-1][1]) - a[i]
        print(' '.join(map(str, dp[n-1])) if dp[n-1][0] <= dp[n-1][1] else '- '.join(map(str, dp[n-1][::-1])) if dp[n-1][1] < dp[n-1][0] else '-')

",False,False,1,0.25
1774A,3,"['if statement', 'for loop', 'hashmap']",['for loop'],"['for loop', 'if statement', 'matrix operation', 'tuple', 'misc', 'continue statement', 'while loop']","import sys
import functools

@functools.lru_cache(maxsize=None)
def min_abs_value(a):
    n = len(a)
    if n == 1:
        return 0

    dp = [0] * n
    dp[0] = abs(int(a[0]))
    dp[1] = abs(int(a[0]) + int(a[1]))

    for i in range(2, n):
        dp[i] = min(dp[i - 1] + abs(int(a[i]) - int(a[i - 1])), dp[i - 2] + abs(int(a[i - 1]) + int(a[i]) - 2 * int(a[i - 2])))

    return dp[-1]

def solve():
    t = int(input())
    for _ in range(t):
        n = int(input())
        a = input()
        result = ['-' if i % 2 == 0 else '+' for i in range(n - 1))
        print(''.join(result))

",False,False,0,0.0
1774A,4,"['if statement', 'for loop', 'hashmap', 'tuple']","['for loop', 'if statement']","['for loop', 'if statement', 'matrix operation', 'tuple', 'misc', 'continue statement', 'while loop']","import sys
import math

def solve():
    t = int(input())
    for _ in range(t):
        n = int(input())
        a = list(map(int, input().split()))
        neg_count, pos_count = 0, 0
        for i in range(1, n):
            if a[i] != a[i - 1]:
                if a[i] > a[i - 1]:
                    pos_count += 1
                else:
                    neg_count += 1
        if pos_count > neg_count:
            print('+' * (n - 1))
        elif neg_count > pos_count:
            print('-' * (n - 1))
        else:
            print('+-' * (n - 2))

",False,False,0,0.0
1774A,5,"['if statement', 'for loop', 'hashmap', 'tuple', 'while loop']","['for loop', 'dynamic programming', 'hashmap']","['for loop', 'if statement', 'matrix operation', 'tuple', 'misc', 'continue statement', 'while loop']","import sys

def solve():
    t = int(input())
    for _ in range(t):
        n = int(input())
        a = list(map(int, input().split()))
        dp = [0] * n
        for i in range(n):
            for j in range(i):
                dp[i] = max(dp[i], dp[j] + (a[i] - a[j]) * (i - j))
        print(''.join(map(lambda x: '-' if x > 0 else '+', dp)))

",False,False,2,0.6666666666666666
1772B,0,['this is the og problem'],"['for loop', 'if statement', 'tuple']","['if statement', 'while loop', 'for loop', 'misc', 'tuple', 'continue statement']","import itertools

def solve():
    t = int(input())
    for _ in range(t):
        a, b = map(list, zip(*map(list, input().split())))
        if all(x < y for x, y in zip(a, a[1:]) and x < y for x, y in zip(itertools.chain([b[0]], a), itertools.chain(a, [b[1]]))):
            print(""YES"")
        else:
            print(""NO"")
",False,True,0,0.0
1772B,1,['matrix operation'],"['if statement', 'for loop', 'tuple']","['if statement', 'while loop', 'for loop', 'misc', 'tuple', 'continue statement']","import itertools

def solve():
    t = int(input())
    for _ in range(t):
        a, b = map(list, zip(*map(int, input().split())))
        if all(x < y for x, y in zip(a, a[1:] + a[:1])) and all(x < y for x, y in zip(itertools.chain(a, b), itertools.chain(b, a[::-1]))):
            print(""YES"")
        else:
            print(""NO"")
",False,True,0,0.0
1772B,2,"['matrix operation', 'for loop']","['if statement', 'for loop', 'matrix operation']","['if statement', 'while loop', 'for loop', 'misc', 'tuple', 'continue statement']","import functools
from typing import List

def solve():
    t = int(input())
    for _ in range(t):
        matrix = list(map(int, input().split()))
        a, b, c, d = matrix
        if a < b and c < d:
            print(""YES"")
        elif a < b and (c > d or (a == d and c != b)):
            matrix[0], matrix[1] = matrix[1], matrix[0]
            print(""YES"")
        elif c < d and (a > b or (c == b and a != a)):
            matrix[0], matrix[3] = matrix[3], matrix[0]
            matrix[1], matrix[2] = matrix[2], matrix[1]
            print(""YES"")
        else:
            print(""NO"")

",False,False,1,0.3333333333333333
1772B,3,"['matrix operation', 'for loop', 'while loop']","['for loop', 'if statement', 'tuple', 'matrix operation']","['if statement', 'while loop', 'for loop', 'misc', 'tuple', 'continue statement']","import itertools

def solve():
    t = int(input())
    for _ in range(t):
        a, b = map(list, zip(*map(int, input().split())))
        if all(x < y for x, y in zip(a, a[1:] + a[:1])) and all(x < y for x, y in zip(itertools.chain(a, b), itertools.chain(b, a[::-1]))) :
            print(""YES"")
        else:
            print(""NO"")
",False,False,1,0.25
1772B,4,"['matrix operation', 'for loop', 'while loop', 'recursion']","['for loop', 'if statement', 'tuple', 'hashmap']","['if statement', 'while loop', 'for loop', 'misc', 'tuple', 'continue statement']","from collections import Counter

def solve():
    t = int(input())
    for _ in range(t):
        a, b = map(list, zip(*map(int, input().split())))
        c = Counter(a + b)
        if c[min(a)] < c[max(a)] and c[min(b)] < c[max(b)]:
            print(""YES"")
        else:
            print(""NO"")
",False,False,1,0.25
1772A,0,['this is the og problem'],"['recursion', 'dynamic programming']","['for loop', 'recursion', 'misc', 'if statement']","import functools

@functools.lru_cache(maxsize=None)
def solve(a, b):
    return a + b

",False,True,1,0.5
1772A,1,['for loop'],['for loop'],"['for loop', 'recursion', 'misc', 'if statement']","import functools

def solve():
    def add(a, b):
        return a + b

    @functools.lru_cache(maxsize=None)
    def evaluate(expression):
        a, b = map(int, expression.split('+'))
        return add(a, b)

    for _ in range(int(input())):
        expression = input()
        print(evaluate(expression))
",True,False,0,0.0
1772A,2,"['for loop', 'while loop']","['for loop', 'tuple']","['for loop', 'recursion', 'misc', 'if statement']","import operator

def solve():
    for _ in range(int(input())):
        a, b = map(int, input().split('+'))
        print(a + b)
",True,False,1,0.5
1772A,3,"['for loop', 'while loop', 'if statement']",['for loop'],"['for loop', 'recursion', 'misc', 'if statement']","def solve():
    import operator

    def add(a, b):
        return a + b

    result = {}
    for _ in range(int(input())):
        a, b = map(int, input().split('+'))
        result[input()] = add(a, b)

    for k, v in result.items():
        print(v)
",False,False,0,0.0
1772A,4,"['for loop', 'while loop', 'if statement', 'recursion']",['recursion'],"['for loop', 'recursion', 'misc', 'if statement']","import functools

def solve():
    def add(a, b):
        return a + b

    return functools.reduce(add, map(int, input().split('+')))
",False,False,0,0.0
1772A,5,"['for loop', 'while loop', 'if statement', 'recursion', 'misc']",['for loop'],"['for loop', 'recursion', 'misc', 'if statement']","import functools

def solve():
    def add(a, b):
        return a + b

    return functools.reduce(add, map(int, input().split('+')))
",False,False,0,0.0
1768A,0,['this is the og problem'],"['if statement', 'for loop', 'recursion']","['for loop', 'if statement', 'misc']","import math

def factorial(n):
    if n == 0:
        return 1
    return n * factorial(n - 1)

def solve(k):
    for x in range(1, k):
        if (factorial(x) + factorial(x - 1)) % k == 0:
            return x
    return -1
",False,True,1,0.3333333333333333
1768A,1,['matrix operation'],"['if statement', 'for loop', 'recursion']","['for loop', 'if statement', 'misc']","import math
import itertools

def factorial(n):
    if n == 0:
        return 1
    return n * factorial(n - 1)

def solve():
    t = int(input())
    for _ in range(t):
        k = int(input())
        for x in range(1, k):
            if (factorial(x) + factorial(x - 1)) % k == 0:
                print(x)
                break
        else:
            print(-1)

",False,True,1,0.3333333333333333
1768A,2,"['matrix operation', 'for loop']","['if statement', 'for loop', 'recursion', 'misc']","['for loop', 'if statement', 'misc']","import math

def factorial(n):
    if n == 0:
        return 1
    else:
        return n * factorial(n-1)

def solve():
    for x in range(1, 10000):
        if (x * factorial(x) + (x-1) * factorial(x-1)) % 1000 == 0:
            return x
    return -1
",False,False,1,0.25
1768A,3,"['matrix operation', 'for loop', 'if statement']","['if statement', 'for loop', 'while loop', 'recursion', 'break statement']","['for loop', 'if statement', 'misc']","import math

def factorial(n):
    if n == 0:
        return 1
    else:
        return n * factorial(n-1)

def solve():
    t = int(input())
    for _ in range(t):
        k = int(input())
        x = 1
        while True:
            if k % (x * factorial(x - 1) + factorial(x - 1)) == 0:
                print(x)
                break
            x += 1
        if x > k:
            print(-1)

",False,False,3,0.6
1768A,4,"['matrix operation', 'for loop', 'if statement', 'while loop']","['if statement', 'recursion', 'for loop', 'while loop', 'break statement']","['for loop', 'if statement', 'misc']","import math

def factorial(n):
    if n == 0:
        return 1
    else:
        return n * factorial(n-1)

def solve():
    t = int(input())
    for _ in range(t):
        k = int(input())
        x = 1
        while True:
            if k % (x * factorial(x - 1) + factorial(x - 1)) == 0:
                print(x)
                break
            x += 1
        if x >= k:
            print(-1)

",False,False,3,0.6
1768A,5,"['matrix operation', 'for loop', 'if statement', 'while loop', 'tuple']","['if statement', 'for loop', 'recursion']","['for loop', 'if statement', 'misc']",,False,False,1,0.3333333333333333
1767B,0,['this is the og problem'],"['for loop', 'while loop', 'heap', 'tuple']","['for loop', 'if statement', 'sorting', 'continue statement', 'matrix operation', 'misc', 'tuple', 'heap']","import heapq

def solve():
    t = int(input())
    for _ in range(t):
        n = int(input())
        a = list(map(int, input().split()))
        heap = [(-a[i], i+1) for i in range(n)]
        heapq.heapify(heap)
        result = 0
        while heap:
            _, idx = heapq.heappop(heap)
            if idx == 1:
                result += -heap[0][0]
            else:
                heapq.heappush(heap, (-a[idx-1], idx))
        print(result)

",False,True,1,0.25
1767B,1,['for loop'],['for loop'],"['for loop', 'if statement', 'sorting', 'continue statement', 'matrix operation', 'misc', 'tuple', 'heap']","from the source tower to the destination tower, if it is possible. We can maintain a priority queue (min-heap) to keep track of the towers in decreasing order of their top blocks.

Here is the Python code for the function `solve()`:

",False,False,0,0.0
1767B,2,"['for loop', 'recursion']",['heap'],"['for loop', 'if statement', 'sorting', 'continue statement', 'matrix operation', 'misc', 'tuple', 'heap']","import heapq

def solve():
    n = int(input())
    towers = [list(map(int, input().split())) for _ in range(n)]

    # Initialize a min-heap with the number of blocks in each tower
    heap = [(-blocks, i) for i, blocks in enumerate(towers)]
    result = 0

    while heap:
        blocks, index = heapq.heappop(heap)
        if blocks > 0:
            result += blocks
            blocks -= 1
        else:
            blocks = -blocks
            for j in range(len(towers)):
                if towers[j] > 0 and towers[j] >= blocks:
                    towers[j] -= blocks
                    heapq.heappush(heap, (-towers[j], j))

    print(result)
",False,True,0,0.0
1767B,3,"['for loop', 'recursion', 'if statement']",['for loop'],"['for loop', 'if statement', 'sorting', 'continue statement', 'matrix operation', 'misc', 'tuple', 'heap']","from heapq import heappush, heappop

def solve():
    n = int(input())
    towers = list(map(int, input().split()))
    tower1 = [0]
    max_heap = []
    heappush(max_heap, tower1)

    for i in range(1, n):
        tower = [0] + towers[:i] + towers[i:]
        while max_heap and tower[max_heap[-1][0]] < tower[max_heap[0][0]]:
            j, blocks = heappop(max_heap)
            tower[j] += 1
            heappush(max_heap, (j, tower[j]))
        heappush(max_heap, (i, tower[i]))

    return max_heap[0][1]

",False,False,0,0.0
1767B,4,"['for loop', 'recursion', 'if statement', 'hashmap']",['heap'],"['for loop', 'if statement', 'sorting', 'continue statement', 'matrix operation', 'misc', 'tuple', 'heap']","import heapq

def solve():
    n = int(input())
    towers = list(map(int, input().split()))
    tower1 = [0]
    heap = [(-tower, i) for i, tower in enumerate(towers)]
    heapq.heapify(heap)

    while heap:
        _, index = heapq.heappop(heap)
        if towers[index] > tower1[-1]:
            tower1.append(tower1[-1] + 1)
        else:
            tower1[-1] += towers[index]
            towers[index] = 0

    print(max(tower1))

",False,True,0,0.0
1767A,0,['this is the og problem'],"['if statement', 'for loop']","['for loop', 'set', 'if statement', 'while loop', 'hashmap', 'tuple', 'misc']","import math

def is_degenerate(x1, y1, x2, y2, x3, y3):
    return (x1 * (y2 - y3) + x2 * (y3 - y1) + x3 * (y1 - y2)) == 0

def slope(x1, y1, x2, y2):
    return (y2 - y1) / (x2 - x1)

def intercept(x1, y1, slope):
    return y1 - slope * x1

def cut_triangle(x1, y1, x2, y2, x3, y3):
    area = 0.5 * math.fabs((x1 * (y2 - y3) + x2 * (y3 - y1) + x3 * (y1 - y2)))
    if area == 0:
        return ""NO""

    midpoint = ((x1 + x2) / 2, (y1 + y2) / 2)
    if (x1 - x2) == 0:
        if x1 == x3:
            if y1 > max(y2, y3):
                return ""YES""
            else:
                return ""NO""
        else:
            slope = (y3 - y1) / (x3 - x1)
            intercept_y = intercept(midpoint[0], midpoint[1], slope)
            if y1 <= intercept_y <= y2:
                return ""YES""
            else:
                return ""NO""
    else:
        slope = (y2 - y1) / (x2 - x1)
        intercept_x = intercept(midpoint[1], midpoint[0], 1 / slope)
        if x1 <= intercept_x <= x2:
            return ""YES""
        else:
            return ""NO""

def solve():
    t = int(input())
    for _ in range(t):
        x1, y1, x2, y2, x3, y3 = map(int, input().split())
        print(cut_triangle(x1, y1, x2, y2, x3, y3))

",False,True,0,0.0
1767A,1,['if statement'],"['if statement', 'for loop', 'continue statement']","['for loop', 'set', 'if statement', 'while loop', 'hashmap', 'tuple', 'misc']","import math

def orientation(x1, y1, x2, y2, x, y):
    val = (y2 - y1) * (x - x1) - (x2 - x1) * (y - y1)
    if val > 0:
        return 1
    elif val < 0:
        return -1
    else:
        return 0

def solve():
    cases = int(input())
    for _ in range(cases):
        x1, y1, x2, y2, x3, y3 = map(int, input().split())
        area = 0.5 * math.fabs(x1 * (y2 - y3) + x2 * (y3 - y1) + x3 * (y1 - y2))
        if area == 0:
            print(""NO"")
            continue
        x_mid = (x1 + x2 + x3) / 3
        y_mid = (y1 + y2 + y3) / 3
        if x_mid == x1 or x_mid == x2 or x_mid == x3:
            print(""YES"")
            continue
        if y_mid == y1 or y_mid == y2 or y_mid == y3:
            print(""YES"")
            continue
        if orientation(x1, y1, x_mid, y_mid, x2, y2) * orientation(x2, y2, x_mid, y_mid, x3, y3) <= 0 and \
           orientation(x1, y1, x_mid, y_mid, x3, y3) * orientation(x3, y3, x_mid, y_mid, x2, y2) <= 0:
            print(""YES"")
        else:
            print(""NO"")

",False,False,1,0.3333333333333333
1767A,2,"['if statement', 'misc']","['for loop', 'tuple']","['for loop', 'set', 'if statement', 'while loop', 'hashmap', 'tuple', 'misc']","from typing import List

def solve():
    def area(points: List[List[int]]):
        x, y, s = 0, 0, 0
        for i in range(3):
            x += points[i][0]
            y += points[i][1]
            s += points[i][0] * points[(i + 1) % 3][1] - points[i][1] * points[(i + 1) % 3][0]
        return abs(s / 2)

    def cut_triangle(points: List[List[int]]):
        x1, y1, x2, y2 = points[0], points[1], points[2], points[0]
        if x1 == x2:
            return x1, y1, min(y1, y2), max(y1, y2)
        elif y1 == y2:
            return x1, min(x1, x2), y1, max(x1, x2)
        else:
            m = (y2 - y1) / (x2 - x1)
            return x1, y1, x1 + (y1 - y2) / m, y1

    def check_cut(points: List[List[int]], cut_point: List[int]):
        x1, y1, x2, y2 = points[0], points[1], points[2], points[0]
        if cut_point[0] == x1:
            return y1 <= cut_point[1] <= y2
        elif cut_point[1] == y1:
            return x1 <= cut_point[0] <= x2
        else:
            return abs((cut_point[1] - y1) / (cut_point[0] - x1) - (y2 - y1) / (x2 - x1)) < 1e-9

    def solve_case():
        n = int(input())
        for _ in range(n):
            points = []
            for _ in range(3):
                x, y = map(int, input().split())
                points.append([x, y])
            area_before = area(points)
            cut_point = cut_triangle(points)
            if check_cut(points, cut_point):
                area_after = area([points[0], cut_point, points[1]]) + area([points[2], cut_point, points[0]])
                if area_after > area_before:
                    print(""YES"")
                else:
                    print(""NO"")
            else:
                print(""NO"")

    solve_case()
",False,True,0,0.0
1767A,3,"['if statement', 'misc', 'for loop']",['recursion'],"['for loop', 'set', 'if statement', 'while loop', 'hashmap', 'tuple', 'misc']","import math

def solve():
    def area(x1, y1, x2, y2, x3, y3):
        return abs(0.5 * math.sqrt((x1 * (y2 - y3) + x2 * (y3 - y1) + x3 * (y1 - y2)) ** 2))

    def cut_triangle(x1, y1, x2, y2, x3, y3):
        x_min, x_max = min(x1, x2, x3), max(x1, x2, x3)
        y_min, y_max = min(y1, y2, y3), max(y1, y2, y3)

        if x_min == x_max:
            return y_min, y_max
        elif y_min == y_max:
            return x_min, x_max
        else:
            m = (y_max - y_min) / (x_max - x_min)
            return x_min + (y_min - m * x_min) / (1 + m), x_max + (y_max - m * x_max) / (1 + m)

    t = int(input().strip())
    for _ in range(t):
        x1, y1, x2, y2, x3, y3 = map(int, input().strip().split())
        if area(x1, y1, x2, y2, x3, y3) > 0:
            line = cut_triangle(x1, y1, x2, y2, x3, y3)
            print(""YES"") if line[0] == line[2] or line[1] == line[3] else print(""NO"")

",False,True,1,1.0
1767A,4,"['if statement', 'misc', 'for loop', 'while loop']","['if statement', 'for loop', 'continue statement']","['for loop', 'set', 'if statement', 'while loop', 'hashmap', 'tuple', 'misc']","import math

def solve():
    n = int(input())
    for _ in range(n):
        x1, y1, x2, y2, x3, y3 = map(int, input().split())
        area = abs((x1 * (y2 - y3) + x2 * (y3 - y1) + x3 * (y1 - y2)) / 2)
        if area == 0:
            print(""NO"")
            continue
        x_min, x_max = min(x1, x2, x3), max(x1, x2, x3)
        y_min, y_max = min(y1, y2, y3), max(y1, y2, y3)
        if x_min == x_max:
            print(""YES"")
        elif y_min == y_max:
            print(""YES"")
        else:
            print(""NO"")
",False,False,1,0.3333333333333333
1766A,0,['this is the og problem'],"['for loop', 'if statement']","['for loop', 'misc', 'tuple', 'if statement', 'while loop', 'recursion', 'matrix operation']","import math

def solve():
    t = int(input())
    for _ in range(t):
        n = int(input())
        count = 0
        for i in range(1, n+1):
            if len(str(i)) == 1 and i != 0:
                count += 1
        print(count)
",False,True,0,0.0
1766A,1,['for loop'],"['for loop', 'if statement']","['for loop', 'misc', 'tuple', 'if statement', 'while loop', 'recursion', 'matrix operation']","import re

def solve():
    t = int(input())
    for _ in range(t):
        n = int(input())
        count = sum(1 for num in range(1, n+1) if len(str(num)) == 1 or (len(str(num)) > 1 and all(digit == str(num)[0] == '0' for digit in str(num))))
        print(count)
",False,False,0,0.0
1766A,2,"['for loop', 'while loop']",['for loop'],"['for loop', 'misc', 'tuple', 'if statement', 'while loop', 'recursion', 'matrix operation']","from 1 to the given number (n) and checks if the number has only one non-zero digit. Here is the Python code for the function `solve()`:

",False,False,0,0.0
1766A,3,"['for loop', 'while loop', 'recursion']",[],"['for loop', 'misc', 'tuple', 'if statement', 'while loop', 'recursion', 'matrix operation']","from 1 to the given number `n` and checks if the number has only one non-zero digit. Here is the code for the `solve()` function:

",False,True,0,0.0
1766A,4,"['for loop', 'while loop', 'recursion', 'misc']","['for loop', 'if statement']","['for loop', 'misc', 'tuple', 'if statement', 'while loop', 'recursion', 'matrix operation']","from 1 to the given number `n` and checks if the number has only one non-zero digit. Here is the code:

```python
import re

def solve():
    for _ in range(int(input())):
        n = int(input())
        count = 0
        for i in range(1, n+1):
            if len(str(i)) == 1 and i != 0:
                count += 1
        print(count)
",False,False,0,0.0
1766A,5,"['for loop', 'while loop', 'recursion', 'misc', 'if statement']","['for loop', 'if statement']","['for loop', 'misc', 'tuple', 'if statement', 'while loop', 'recursion', 'matrix operation']","import re

def solve():
    test_cases = int(input())
    for _ in range(test_cases):
        n = int(input())
        count = 0
        for i in range(1, n+1):
            if len(str(i)) == 1 and i != 0:
                count += 1
        print(count)

",False,False,0,0.0
1765B,0,['this is the og problem'],"['for loop', 'if statement', 'dictionary', 'break statement']","['if statement', 'for loop', 'matrix operation', 'break statement', 'set', 'misc', 'while loop', 'recursion']","import collections

def solve():
    t = int(input())
    for _ in range(t):
        n = int(input())
        word = input()
        if len(word) % 2 == 1:
            print(""YES"")
        else:
            count = collections.Counter(word)
            for key, value in count.items():
                if value % 2 != 0:
                    print(""NO"")
                    break
            if not count:
                print(""YES"")

",False,True,1,0.25
1765B,1,['break statement'],"['for loop', 'if statement', 'dictionary', 'misc']","['if statement', 'for loop', 'matrix operation', 'break statement', 'set', 'misc', 'while loop', 'recursion']","import collections

def solve():
    t = int(input())
    for _ in range(t):
        n = int(input())
        word = input()
        count = collections.Counter(word)
        odd_count = sum(1 for k, v in count.items() if v % 2 != 0)
        if odd_count > 1:
            print(""NO"")
        elif odd_count == 1:
            print(""YES"")
        else:
            print(""NO"")
",False,True,1,0.25
1765B,2,"['break statement', 'if statement']","['for loop', 'if statement', 'dictionary', 'hashmap']","['if statement', 'for loop', 'matrix operation', 'break statement', 'set', 'misc', 'while loop', 'recursion']","import collections

def solve():
    test_cases = int(input())
    for _ in range(test_cases):
        word = input()
        count = collections.Counter(word)
        odd_count = sum(1 for count_ in count.values() if count_[0] % 2 != 0)
        if odd_count > 1:
            print(""NO"")
        elif odd_count == 1:
            print(""YES"")
        else:
            print(""YES"", end="""")
            for char in word:
                print(char * (count[char] // 2), end="""")
            print()

",False,False,2,0.5
1765B,3,"['break statement', 'if statement', 'while loop']",['if statement'],"['if statement', 'for loop', 'matrix operation', 'break statement', 'set', 'misc', 'while loop', 'recursion']","import collections

def solve():
    def is_printable(word):
        count = collections.Counter(word)
        odd_count = sum(1 for k, v in count.items() if v % 2 != 0)
        return odd_count <= 1

    t = int(input())
    for _ in range(t):
        n = int(input())
        word = input()
        if is_printable(word):
            print(""YES"")
        else:
            print(""NO"")
",False,False,0,0.0
1765B,4,"['break statement', 'if statement', 'while loop', 'hashmap']","['recursion', 'dictionary']","['if statement', 'for loop', 'matrix operation', 'break statement', 'set', 'misc', 'while loop', 'recursion']","import functools

def solve():
    @functools.lru_cache(maxsize=None)
    def count_letters(word):
        counter = {}
        for letter in word:
            if letter in counter:
                counter[letter] += 1
            else:
                counter[letter] = 1
        return counter

    def can_print(word):
        n = len(word)
        if n % 2 == 1:
            return False
        counter = count_letters(word[:n//2])
        for letter in word[n//2:]:
            if letter in counter:
                counter[letter] += 1
            else:
                counter[letter] = 1
            if len(counter) > n//2:
                return False
        return True

    t = int(input())
    for _ in range(t):
        n = int(input())
        word = input()
        if can_print(word):
            print(""YES"")
        else:
            print(""NO"")
",False,True,1,0.5
1765B,5,"['break statement', 'if statement', 'while loop', 'hashmap', 'for loop']","['if statement', 'recursion']","['if statement', 'for loop', 'matrix operation', 'break statement', 'set', 'misc', 'while loop', 'recursion']","def solve():
    def is_valid(word, n):
        if n == 0:
            return len(word) == 1
        if len(word) % 2 == 0:
            return is_valid(word + word[0], n - 1)
        else:
            return is_valid(word[1:] + word[0], n - 1)

    t = int(input())
    for _ in range(t):
        n = int(input())
        word = input()
        if is_valid(word, n):
            print(""YES"")
        else:
            print(""NO"")
",False,False,0,0.0
1764A,0,['this is the og problem'],['for loop'],"['for loop', 'tuple', 'misc', 'if statement', 'matrix operation', 'while loop']","from collections import defaultdict

def solve():
    n = int(input())
    a = list(map(int, input().split()))
    dp = defaultdict(int)
    for i in range(n):
        dp[a[i]] += 1
    max_count = max(dp.values())
    for i in range(n):
        dp[a[i]] -= 1
        if dp[a[i]] == max_count:
            l = i + 1
            r = i + 1
            while r < n and dp[a[r]] == max_count:
                dp[a[r]] -= 1
                r += 1
            break
    print(l, r)
",False,True,0,0.0
1764A,1,['sliding window'],['for loop'],"['for loop', 'tuple', 'misc', 'if statement', 'matrix operation', 'while loop']","import sys
from collections import defaultdict

def solve():
    n = int(input())
    a = list(map(int, input().split()))
    dp = defaultdict(int)
    max_diff = 0
    result = [-1, -1]

    for i in range(n):
        dp[a[i]] += 1
        if i > 0:
            dp[a[i] - a[i - 1]] += dp[a[i - 1]]
        max_diff = max(max_diff, i - dp[a[i]] - 1)
        while max_diff < i and dp[a[result[1]]] > 0:
            dp[a[result[1]]] -= 1
            result[1] += 1
        result[0] = max(result[0], i)
        result[1] = max(result[1], i)

    print(*result)

",False,True,0,0.0
1764A,2,"['sliding window', 'for loop']","['for loop', 'dictionary']","['for loop', 'tuple', 'misc', 'if statement', 'matrix operation', 'while loop']","from collections import defaultdict

def solve():
    def count_distinct(arr, start, end):
        counter = defaultdict(int)
        for i in range(start, end + 1):
            counter[arr[i]] += 1
        return len(counter)

    def max_gap(arr):
        n = len(arr)
        max_gap = 0
        for i in range(n):
            for j in range(i + 1, n):
                gap = j - i - count_distinct(arr, i, j)
                if gap > max_gap:
                    max_gap = gap
        return max_gap

    t = int(input())
    for _ in range(t):
        n = int(input())
        arr = list(map(int, input().split()))
        print(f""{max_gap(arr) + 1}, {max_gap(arr) + 1 + max_gap(arr[max_gap(arr) + 1:])}"")

",False,False,1,0.5
1764A,3,"['sliding window', 'for loop', 'dictionary']",['for loop'],"['for loop', 'tuple', 'misc', 'if statement', 'matrix operation', 'while loop']","from collections import defaultdict

def solve():
    n = int(input())
    a = list(map(int, input().split()))
    dp = defaultdict(int)
    max_diff = 0
    result = [-1, -1]

    for i in range(n):
        dp[a[i]] += 1
        if i >= 2:
            diff = dp[a[i]] - dp[a[i - 2]]
            if diff > max_diff:
                max_diff = diff
                result[0] = i - max_diff - 1
                result[1] = i

    print(*result)
",False,False,0,0.0
1763A,0,['this is the og problem'],['for loop'],"['while loop', 'if statement', 'for loop', 'matrix operation', 'hashmap', 'tuple', 'sorting']","import functools
from typing import List

def solve():
    def swap(a, i, j, b):
        a[i], a[j] = (a[j] ^ (1 << b)) | (a[i] & ~(1 << b)), (a[j] & ~(1 << b)) | (a[i] ^ (1 << b))

    def dfs(a, n, best, cur_min, cur_max):
        if n == 1:
            best[0] = max(best[0], cur_max - cur_min)
            return

        for i in range(n - 1):
            for j in range(i + 1, n):
                for b in range(32):
                    swap(a, i, j, b)
                    dfs(a, n - 1, best, min(cur_min, a[i]), max(cur_max, a[j]))
                    swap(a, i, j, b)

    t = int(input())
    for _ in range(t):
        n = int(input())
        a = list(map(int, input().split()))
        best = [0]
        dfs(a, n, best, float('inf'), -float('inf'))
        print(best[0])

",False,True,0,0.0
1763A,1,['if statement'],['for loop'],"['while loop', 'if statement', 'for loop', 'matrix operation', 'hashmap', 'tuple', 'sorting']","import functools
from typing import List

def solve():
    def swap(a, i, j, b):
        a[i] ^= (1 << b)
        a[j] ^= (1 << b)

    def dfs(a, min_val, max_val, n):
        if n == 1:
            return max_val - min_val
        for i in range(n - 1):
            for j in range(i + 1, n):
                for b in range(32):
                    swap(a, i, j, b)
                    left = dfs(a, min(a), max(a), n // 2)
                    a[i], a[j] = a[j], a[i]
                    right = dfs(a, min(a), max(a), n // 2)
                    a[i], a[j] = a[j], a[i]
                    max_val = max(max_val, left + right)
        return max_val

    t = int(input())
    for _ in range(t):
        n = int(input())
        a = list(map(int, input().split()))
        print(dfs(a, min(a), max(a), n))

",False,True,0,0.0
1763A,2,"['if statement', 'for loop']",['for loop'],"['while loop', 'if statement', 'for loop', 'matrix operation', 'hashmap', 'tuple', 'sorting']","import functools
from typing import List

def solve():
    def swap(a, i, j, b):
        a[i] ^= (1 << b)
        a[j] ^= (1 << b)

    @functools.lru_cache(maxsize=None)
    def dfs(a, mask):
        if not mask:
            return max(a) - min(a)
        max_diff = -1
        for i in range(len(a)):
            for b in range(32):
                if (mask >> b) & 1:
                    continue
                j = (i + 1) % len(a)
                swap(a, i, j, b)
                diff = dfs(a, mask | (1 << b))
                swap(a, i, j, b)
                if diff > max_diff:
                    max_diff = diff
        return max_diff

    t = int(input())
    for _ in range(t):
        n = int(input())
        a = list(map(int, input().split()))
        print(dfs(a, 0))

",False,False,0,0.0
1763A,3,"['if statement', 'for loop', 'set']",['misc'],"['while loop', 'if statement', 'for loop', 'matrix operation', 'hashmap', 'tuple', 'sorting']","import functools
from typing import List

def solve():
    def swap(a, i, j, b):
        a[i] ^= (1 << b)
        a[j] ^= (1 << b)

    @functools.lru_cache(maxsize=None)
    def dfs(a, mask):
        if not mask:
            return max(a) - min(a)
        for i in range(len(a)):
            for j in range(i+1, len(a)):
                for b in range(32):
                    if (mask >> b) & 1:
                        continue
                    if (a[i] & (1 << b)) != (a[j] & (1 << b)):
                        swap(a, i, j, b)
                        result = dfs(a, mask | (1 << b))
                        swap(a, i, j, b)
                        if result != float('inf'):
                            return result
        return float('inf')

    t = int(input())
    for _ in range(t):
        n = int(input())
        a = list(map(int, input().split()))
        print(dfs(a, 0))

",False,True,1,1.0
1763A,4,"['if statement', 'for loop', 'set', 'misc']",['recursion'],"['while loop', 'if statement', 'for loop', 'matrix operation', 'hashmap', 'tuple', 'sorting']","import functools
from typing import List

def solve():
    def swap(a, i, j, b):
        a[i] ^= (1 << b)
        a[j] ^= (1 << b)

    @functools.lru_cache(maxsize=None)
    def dfs(a, mask):
        if not mask:
            return max(a) - min(a)
        for i in range(len(a)):
            for b in range(32):
                if (1 << b) & mask:
                    continue
                j = (i + (1 << b)) % len(a)
                swap(a, i, j, b)
                res = dfs(a, mask | (1 << b))
                swap(a, i, j, b)
                if res > 0:
                    return res
        return 0

    t = int(input())
    for _ in range(t):
        n = int(input())
        a = list(map(int, input().split()))
        print(dfs(a, 0))

",False,True,1,1.0
1762A,0,['this is the og problem'],['misc'],"['for loop', 'if statement', 'while loop', 'break statement', 'continue statement', 'minimax', 'hashmap', 'matrix operation', 'misc', 'queue', 'cin statement', 'cout statement', 'minimized operation', 'arithmetic operation', 'tuple', 'stack']","from functools import reduce

def solve():
    def sum_of_elements(arr):
        return sum(arr)

    def divide_by_two(arr):
        return [int(x / 2) for x in arr]

    def min_operations(arr):
        if not arr:
            return 0
        if sum_of_elements(arr) & 1:
            return float('inf')
        return 1 + min_operations(divide_by_two(arr))

    def main():
        t = int(input())
        for _ in range(t):
            n = int(input())
            arr = list(map(int, input().split()))
            print(min_operations(arr))

    main()
",False,True,0,0.0
1762A,1,['continue statement'],"['recursion', 'divide & conquer']","['for loop', 'if statement', 'while loop', 'break statement', 'continue statement', 'minimax', 'hashmap', 'matrix operation', 'misc', 'queue', 'cin statement', 'cout statement', 'minimized operation', 'arithmetic operation', 'tuple', 'stack']","from functools import reduce

def solve():
    def divide_and_conquer(arr):
        if len(arr) == 1:
            return 0 if arr[0] % 2 == 0 else 1
        mid = len(arr) // 2
        left_ops = divide_and_conquer(arr[:mid])
        right_ops = divide_and_conquer(arr[mid:])
        return min(left_ops, right_ops) + (sum(arr) % 2)

    t = int(input())
    for _ in range(t):
        n = int(input())
        arr = list(map(int, input().split()))
        print(divide_and_conquer(arr))

",False,True,2,1.0
1762A,2,"['continue statement', 'hashmap']",['for loop'],"['for loop', 'if statement', 'while loop', 'break statement', 'continue statement', 'minimax', 'hashmap', 'matrix operation', 'misc', 'queue', 'cin statement', 'cout statement', 'minimized operation', 'arithmetic operation', 'tuple', 'stack']","import math

def solve():
    def divide_and_conquer(arr):
        if len(arr) == 1:
            return 0 if sum(arr) % 2 == 0 else 1

        mid = len(arr) // 2
        left = divide_and_conquer(arr[:mid])
        right = divide_and_conquer(arr[mid:])
        return min(left, right) + math.ceil((sum(arr) - sum(arr[:mid]) - sum(arr[mid:])) / 2)

    t = int(input())
    for _ in range(t):
        n = int(input())
        arr = list(map(int, input().split()))
        print(divide_and_conquer(arr))
",False,True,0,0.0
1762A,3,"['continue statement', 'hashmap', 'if statement']",['for loop'],"['for loop', 'if statement', 'while loop', 'break statement', 'continue statement', 'minimax', 'hashmap', 'matrix operation', 'misc', 'queue', 'cin statement', 'cout statement', 'minimized operation', 'arithmetic operation', 'tuple', 'stack']","import functools

def solve():
    @functools.lru_cache(maxsize=None)
    def min_ops(arr, index=0):
        if not arr:
            return 0
        if arr[index] % 2 == 0:
            return 0
        return min(1 + min_ops(arr[:index] + arr[index+1:], index), 1 + min_ops(arr[:index] + [arr[index] // 2] + arr[index+1:], index))

    def read_input():
        t = int(input())
        for _ in range(t):
            n = int(input())
            arr = list(map(int, input().split()))
            print(min_ops(arr))

    read_input()
",False,True,0,0.0
1762A,4,"['continue statement', 'hashmap', 'if statement', 'while loop']","['recursion', 'if statement', 'divide & conquer']","['for loop', 'if statement', 'while loop', 'break statement', 'continue statement', 'minimax', 'hashmap', 'matrix operation', 'misc', 'queue', 'cin statement', 'cout statement', 'minimized operation', 'arithmetic operation', 'tuple', 'stack']","import math

def solve():
    def divide_and_conquer(arr):
        if len(arr) == 1:
            return 0 if arr[0] % 2 == 0 else 1

        mid = len(arr) // 2
        left_sum = divide_and_conquer(arr[:mid])
        right_sum = divide_and_conquer(arr[mid:])
        total_sum = sum(arr)

        if total_sum - left_sum - right_sum == 0:
            return left_sum + right_sum

        operations = math.ceil((total_sum - left_sum - right_sum) / 2)
        operations += min(left_sum, right_sum)
        return operations

    t = int(input())
    for _ in range(t):
        n = int(input())
        arr = list(map(int, input().split()))
        print(divide_and_conquer(arr))

",False,False,2,0.6666666666666666
1762A,5,"['continue statement', 'hashmap', 'if statement', 'while loop', 'matrix operation']",['for loop'],"['for loop', 'if statement', 'while loop', 'break statement', 'continue statement', 'minimax', 'hashmap', 'matrix operation', 'misc', 'queue', 'cin statement', 'cout statement', 'minimized operation', 'arithmetic operation', 'tuple', 'stack']","from functools import reduce

def solve(a):
    return len(reduce(lambda x, y: [x[0] + y[0], x[1] + y[1]] if x[0] + y[0] % 2 == 0 else [x[0] + 1, y[1]], enumerate(a), (0, 0)))
",False,True,0,0.0
1761A,0,['this is the og problem'],"['dynamic programming', 'matrix operation', 'if statement', 'for loop']","['for loop', 'if statement', 'while loop', 'tuple', 'misc']","import sys

def lcs(s1, s2):
    m = len(s1)
    n = len(s2)

    dp = [[0] * (n + 1) for _ in range(m + 1)]

    for i in range(1, m + 1):
        for j in range(1, n + 1):
            if s1[i - 1] == s2[j - 1]:
                dp[i][j] = dp[i - 1][j - 1] + 1
            else:
                dp[i][j] = max(dp[i - 1][j], dp[i][j - 1])

    return dp[m][n]

def solve():
    t = int(input())

    for _ in range(t):
        n, a, b = map(int, input().split())
        p = list(range(1, n + 1))
        q = p[:a] + p[b:]
        lcs_len = lcs(''.join(map(str, p)), ''.join(map(str, q)))
        if lcs_len == a and lcs_len == b:
            print(""Yes"")
        else:
            print(""No"")

",False,True,2,0.5
1761A,1,['for loop'],['for loop'],"['for loop', 'if statement', 'while loop', 'tuple', 'misc']","import itertools

def solve():
    t = int(input())
    for _ in range(t):
        n, a, b = map(int, input().split())
        if n <= 1 or a > min(n, b) or b > n:
            print(""No"")
        else:
            for perm1 in itertools.permutations(range(1, n+1)):
                for perm2 in itertools.permutations(range(1, n+1)):
                    if len(list(filter(lambda x: x[0] == x[1], zip(perm1, perm2)))) >= a and len(list(filter(lambda x: x[0] == x[1], reversed(zip(perm1, perm2))))) >= b:
                        print(""Yes"")
                        break
            else:
                print(""No"")
",False,False,0,0.0
1761A,2,"['for loop', 'if statement']",['for loop'],"['for loop', 'if statement', 'while loop', 'tuple', 'misc']","import itertools

def solve():
    t = int(input())
    for _ in range(t):
        n, a, b = map(int, input().split())
        if n <= 1 or a > min(n, b) or b > n:
            print(""No"")
        else:
            for p, q in itertools.product(range(1, n+1), repeat=2):
                if len(list(filter(lambda x: x[0] == x[1], list(zip(p, q))))) >= a and len(list(filter(lambda x: x[0] == x[1], list(zip(p[::-1], q[::-1]))))) >= b:
                    print(""Yes"")
                    break

",False,False,0,0.0
1761A,3,"['for loop', 'if statement', 'tuple']","['for loop', 'if statement', 'tuple', 'misc']","['for loop', 'if statement', 'while loop', 'tuple', 'misc']","import itertools

def solve():
    def check_permutations(n, a, b):
        for i in range(1, n+1):
            for j in range(i+1, n+1):
                p = list(range(1, n+1))
                q = list(reversed(list(range(1, n+1))))
                p[i-1:a], p[a:] = p[a:], p[:a]
                q[-b:], q[:-b] = q[:-b], q[-b:]
                if p == sorted(q):
                    return True
        return False

    t = int(input().strip())
    for _ in range(t):
        n, a, b = map(int, input().strip().split())
        print(""Yes"" if check_permutations(n, a, b) else ""No"")

",False,False,0,0.0
1760C,0,['this is the og problem'],"['for loop', 'misc']","['for loop', 'if statement', 'sorting', 'tuple']","import sys

def solve():
    for _ in range(int(input())):
        n = int(input())
        strengths = list(map(int, input().split()))
        max_strength = max(strengths)
        result = [max_strength - strength for strength in strengths]
        print(*result)

",False,True,1,0.5
1760C,1,['for loop'],"['for loop', 'heap', 'misc']","['for loop', 'if statement', 'sorting', 'tuple']","import heapq

def solve():
    t = int(input())
    for _ in range(t):
        n = int(input())
        strengths = list(map(int, input().split()))
        max_strength = max(strengths)
        strengths.remove(max_strength)
        result = [max_strength - s for s in strengths]
        print(*result)
",False,False,2,0.6666666666666666
1760C,2,"['for loop', 'while loop']",['for loop'],"['for loop', 'if statement', 'sorting', 'tuple']","import heapq

def solve():
    t = int(input())
    for _ in range(t):
        n = int(input())
        strengths = list(map(int, input().split()))
        max_strength = max(strengths)
        strengths.remove(max_strength)
        result = [max_strength - x for x in strengths]
        print(*result)
",False,False,0,0.0
1760C,3,"['for loop', 'while loop', 'if statement']","['for loop', 'if statement']","['for loop', 'if statement', 'sorting', 'tuple']","import functools
import sys

def solve():
    t = int(input())
    for _ in range(t):
        n = int(input())
        strengths = list(map(int, input().split()))
        max_strength = max(strengths)
        result = [max_strength - strength for strength in strengths if strength != max_strength]
        print(*result)

",False,False,0,0.0
1760C,4,"['for loop', 'while loop', 'if statement', 'tuple']","['for loop', 'if statement']","['for loop', 'if statement', 'sorting', 'tuple']","import heapq

def solve():
    t = int(input())
    for _ in range(t):
        n = int(input())
        strengths = list(map(int, input().split()))
        max_strength = max(strengths)
        max_strength_index = strengths.index(max_strength)
        result = [strengths[i] - max_strength if i != max_strength_index else 0 for i in range(n)]
        print(*result)
",False,False,0,0.0
1760C,5,"['for loop', 'while loop', 'if statement', 'tuple', 'set']","['for loop', 'hashmap']","['for loop', 'if statement', 'sorting', 'tuple']","import heapq

def solve():
    t = int(input())
    for _ in range(t):
        n = int(input())
        strengths = list(map(int, input().split()))
        max_strength = max(strengths)
        strengths.remove(max_strength)
        result = [max_strength - x for x in strengths]
        print(*result)
",False,False,1,0.5
1760B,0,['this is the og problem'],"['for loop', 'dictionary', 'hashmap']","['for loop', 'sorting', 'if statement', 'misc', 'while loop', 'tuple', 'hashmap', 'matrix operation', 'set']","from collections import Counter

def solve():
    t = int(input())
    for _ in range(t):
        n = int(input())
        s = input()
        counter = Counter(s)
        alphabet_size = len(sorted(list(counter.keys())))
        print(alphabet_size)
",False,True,1,0.3333333333333333
1760B,1,['if statement'],"['for loop', 'set', 'sorting']","['for loop', 'sorting', 'if statement', 'misc', 'while loop', 'tuple', 'hashmap', 'matrix operation', 'set']","import collections

def solve():
    t = int(input())
    for _ in range(t):
        n = int(input())
        s = input()
        alphabet = sorted(list(set(s)))
        size = len(alphabet)
        print(size)

",False,True,0,0.0
1760B,2,"['if statement', 'for loop']",['for loop'],"['for loop', 'sorting', 'if statement', 'misc', 'while loop', 'tuple', 'hashmap', 'matrix operation', 'set']","from collections import Counter

def solve():
    t = int(input())
    for _ in range(t):
        n = int(input())
        s = input()
        counter = Counter(s)
        alphabet_size = len(sorted(list(counter.keys())))
        print(alphabet_size)
",False,False,0,0.0
1760B,3,"['if statement', 'for loop', 'set']","['for loop', 'hashmap', 'if statement']","['for loop', 'sorting', 'if statement', 'misc', 'while loop', 'tuple', 'hashmap', 'matrix operation', 'set']","import collections

def solve():
    test_cases = int(input())
    for _ in range(test_cases):
        n = int(input())
        s = input()
        counter = collections.Counter(s)
        min_alphabet_size = max(counter.keys()) + 1
        print(min_alphabet_size)
",False,False,0,0.0
1760B,4,"['if statement', 'for loop', 'set', 'hashmap']",['for loop'],"['for loop', 'sorting', 'if statement', 'misc', 'while loop', 'tuple', 'hashmap', 'matrix operation', 'set']","import collections

def solve():
    n = int(input())
    for _ in range(n):
        s = input()
        counter = collections.Counter(s)
        min_alphabet_size = len(counter)
        visited = set()
        for char in s:
            if char not in visited:
                visited.add(char)
                min_alphabet_size = max(min_alphabet_size, len(list(counter[char])))
        print(min_alphabet_size)
",False,False,0,0.0
1760B,5,"['if statement', 'for loop', 'set', 'hashmap', 'recursion']","['for loop', 'if statement', 'break statement']","['for loop', 'sorting', 'if statement', 'misc', 'while loop', 'tuple', 'hashmap', 'matrix operation', 'set']","import string

def solve():
    for _ in range(int(input())):
        s = input()
        alphabet = string.ascii_lowercase
        min_size = len(s)
        for i in range(1, 27):
            if all(c in alphabet[:i] for c in s):
                min_size = i
                break
        print(min_size)
",False,False,1,0.3333333333333333
1760A,0,['this is the og problem'],"['for loop', 'if statement', 'tuple', 'sorting']","['for loop', 'sorting', 'tuple', 'misc']","import sys

def solve():
    t = int(input())
    for _ in range(t):
        a, b, c = map(int, input().split())
        if a < b < c or a > b > c:
            print(sorted([a, b, c])[1])
        elif a < c < b or a > c > b:
            print(sorted([a, c, b])[1])
        else:
            print(sorted([b, a, c])[1])

",False,True,1,0.25
1760A,1,['for loop'],"['for loop', 'if statement', 'tuple']","['for loop', 'sorting', 'tuple', 'misc']","import sys

def solve():
    n = int(input())
    for _ in range(n):
        a, b, c = map(int, input().split())
        if a < b < c or a > b > c:
            print(b)
        elif a < c < b or a > c > b:
            print(c)
        else:
            print(a)

",True,False,1,0.3333333333333333
1760A,2,"['for loop', 'while loop']","['if statement', 'sorting']","['for loop', 'sorting', 'tuple', 'misc']","import sys

def solve():
    def median(a, b, c):
        sorted_nums = sorted([a, b, c])
        if len(sorted_nums) % 2 == 0:
            return (sorted_nums[1] + sorted_nums[2]) / 2
        else:
            return sorted_nums[1]

    for _ in range(int(input())):
        a, b, c = map(int, input().split())
        print(median(a, b, c))

",True,True,1,0.5
1760A,3,"['for loop', 'while loop', 'tuple']","['if statement', 'sorting']","['for loop', 'sorting', 'tuple', 'misc']","def solve(a, b, c):
    sorted_numbers = sorted([a, b, c])
    if len(sorted_numbers) % 2 == 0:
        return (sorted_numbers[len(sorted_numbers) // 2 - 1] + sorted_numbers[len(sorted_numbers) // 2]) / 2
    else:
        return sorted_numbers[len(sorted_numbers) // 2]

",False,True,1,0.5
1760A,4,"['for loop', 'while loop', 'tuple', 'recursion']","['for loop', 'if statement']","['for loop', 'sorting', 'tuple', 'misc']","import sys

def solve():
    n = int(input())
    for _ in range(n):
        a, b, c = map(int, input().split())
        if a < b < c or a > b > c:
            print(b)
        elif a < c < b or a > c > b:
            print(c)
        else:
            print(a)

",True,False,1,0.5
1760A,5,"['for loop', 'while loop', 'tuple', 'recursion', 'if statement']","['recursion', 'sorting']","['for loop', 'sorting', 'tuple', 'misc']","import sys

def solve():
    def find_median(a, b, c):
        sorted_numbers = sorted([a, b, c])
        return sorted_numbers[1]

    test_cases = int(input().strip())
    for _ in range(test_cases):
        a, b, c = map(int, input().strip().split())
        print(find_median(a, b, c))

",True,False,1,0.5
1759B,0,['this is the og problem'],['if statement'],"['while loop', 'if statement', 'for loop', 'break statement', 'set', 'misc', 'hashmap', 'dictionary', 'tuple', 'matrix operation', 'array']","from itertools import permutations

def solve(m, s, b):
    total = sum(b)
    if total != s:
        return ""NO""

    # Generate all permutations of numbers from 1 to m+s
    perms = list(permutations(range(1, m+s+1)))

    # Check if any permutation contains the missing numbers and has the correct sum
    for perm in perms:
        if set(perm) & set(b) and sum(perm) == s:
            return ""YES""

    return ""NO""
",False,True,0,0.0
1759B,1,['if statement'],['if statement'],"['while loop', 'if statement', 'for loop', 'break statement', 'set', 'misc', 'hashmap', 'dictionary', 'tuple', 'matrix operation', 'array']","from itertools import permutations

def solve(m, s, b):
    total = sum(b)
    if total != s:
        return ""NO""

    # Generate all permutations of numbers from 1 to m+s
    perms = list(permutations(range(1, m+s+1)))

    # Check if any permutation contains the found numbers and has the remaining sum
    for perm in perms:
        if set(b) <= set(perm) and sum(perm) - sum(b) == s:
            return ""YES""

    return ""NO""
",False,False,0,0.0
1759B,2,"['if statement', 'for loop']","['for loop', 'if statement', 'set', 'hashmap']","['while loop', 'if statement', 'for loop', 'break statement', 'set', 'misc', 'hashmap', 'dictionary', 'tuple', 'matrix operation', 'array']","from itertools import permutations

def solve():
    n_test_cases = int(input())
    for _ in range(n_test_cases):
        m, s = map(int, input().split())
        numbers = list(map(int, input().split()))
        total = sum(numbers) - s
        if total == 0:
            print(""YES"")
        elif total > 0 and len(set(numbers)) == len(numbers) and total in set(range(1, m + 1)):
            print(""YES"")
        else:
            print(""NO"")
",False,False,0,0.0
1759B,3,"['if statement', 'for loop', 'hashmap']",['for loop'],"['while loop', 'if statement', 'for loop', 'break statement', 'set', 'misc', 'hashmap', 'dictionary', 'tuple', 'matrix operation', 'array']","from itertools import permutations

def solve():
    t = int(input())
    for _ in range(t):
        m, s = map(int, input().split())
        b = list(map(int, input().split()))
        total = sum(b) + s
        if total % m != 0:
            print(""NO"")
        else:
            missing = total - sum(b)
            missing_set = set(range(1, m+1)) - set(b)
            if len(missing_set) == 0:
                print(""NO"")
            else:
                for missing_num in missing_set:
                    if missing % missing_num == 0:
                        missing_count = missing // missing_num
                        perms = list(permutations(b + list(range(m-len(b), m+1))))
                        for perm in perms:
                            if sum(perm) == total and perm[-missing_count] == missing_num:
                                print(""YES"")
                                break
                        else:
                            print(""NO"")
                            break

",False,False,0,0.0
1759B,4,"['if statement', 'for loop', 'hashmap', 'matrix operation']",['for loop'],"['while loop', 'if statement', 'for loop', 'break statement', 'set', 'misc', 'hashmap', 'dictionary', 'tuple', 'matrix operation', 'array']","from itertools import permutations

def solve():
    n_test_cases = int(input())
    for _ in range(n_test_cases):
        m, s = map(int, input().split())
        numbers = list(map(int, input().split()))
        numbers.sort()
        total = sum(numbers) - s
        if total == 0:
            print(""YES"")
        elif total > 0 and len(set(numbers)) == len(numbers) and total in {i for i in range(1, m+1) if i not in numbers}:
            print(""YES"")
        else:
            print(""NO"")
",False,False,0,0.0
1759B,5,"['if statement', 'for loop', 'hashmap', 'matrix operation', 'while loop']",['for loop'],"['while loop', 'if statement', 'for loop', 'break statement', 'set', 'misc', 'hashmap', 'dictionary', 'tuple', 'matrix operation', 'array']","from itertools import permutations

def solve():
    t = int(input())
    for _ in range(t):
        m, s = map(int, input().split())
        b = list(map(int, input().split()))
        total = sum(b) + s
        if total % m != 0:
            print(""NO"")
            continue
        missing = total - sum(b)
        missing_set = set(range(1, m+1)) - set(b)
        if missing_set:
            if missing not in missing_set:
                print(""NO"")
            else:
                perms = list(permutations(range(1, m+1)))
                for perm in perms:
                    if perm[0] + missing == perm[1] and perm[0] != perm[1][::-1]:
                        print(""YES"")
                        break
                else:
                    print(""NO"")
        else:
            print(""YES"")
",False,False,0,0.0
1759A,0,['this is the og problem'],"['for loop', 'if statement']","['for loop', 'if statement', 'stack']","import re

def solve():
    for _ in range(int(input())):
        s = input()
        if re.search(r'Yes*' + s + r'Yes*', 'Yes' * (10 ** 5)):
            print(""YES"")
        else:
            print(""NO"")
",False,True,0,0.0
1759A,1,['for loop'],"['if statement', 'for loop', 'misc']","['for loop', 'if statement', 'stack']","import re

def solve():
    t = int(input())
    for _ in range(t):
        s = input()
        if re.search(r'Yes+' in s):
            print(""YES"")
        else:
            print(""NO"")
",False,False,1,0.3333333333333333
1759A,2,"['for loop', 'recursion']","['for loop', 'if statement', 'misc']","['for loop', 'if statement', 'stack']","import re

def solve():
    for _ in range(int(input())):
        s = input()
        if re.search(r'Yes+' in s):
            print(""YES"")
        else:
            print(""NO"")
",False,False,1,0.3333333333333333
1759A,3,"['for loop', 'recursion', 'if statement']","['for loop', 'if statement']","['for loop', 'if statement', 'stack']","import re

def solve():
    test_cases = int(input())
    for _ in range(test_cases):
        s = input()
        if re.search(r'Yes+' in s):
            print(""YES"")
        else:
            print(""NO"")
",False,False,0,0.0
1758A,0,['this is the og problem'],['for loop'],"['for loop', 'while loop', 'misc', 'matrix operation', 'tuple']","from collections import Counter

def solve():
    t = int(input())
    for _ in range(t):
        s = input()
        double_s = s * 2
        count = Counter(double_s)
        palindrome = """"
        for _ in range(len(double_s)):
            char, freq = double_s[::-1].split(next(iter(count)), 1)
            palindrome += char * min(freq, count[char])
            count[char] -= min(freq, count[char])
        print(palindrome)
",False,True,0,0.0
1758A,1,['for loop'],['for loop'],"['for loop', 'while loop', 'misc', 'matrix operation', 'tuple']","import functools

def solve():
    def double_and_rearrange(s):
        double_s = ''.join([char * 2 for char in s])
        return functools.reduce(lambda x, y: x + y[1:] + y[:1], sorted(enumerate(double_s), key=lambda x: len(double_s) - x[0]), '')

    test_cases = int(input())
    for _ in range(test_cases):
        s = input()
        print(double_and_rearrange(s))

",False,False,0,0.0
1758A,2,"['for loop', 'hashmap']",['for loop'],"['for loop', 'while loop', 'misc', 'matrix operation', 'tuple']","from collections import defaultdict

def solve():
    test_cases = int(input())
    for _ in range(test_cases):
        s = input()
        double_s = s * 2
        stack = []
        pos_dict = defaultdict(list)
        for i, c in enumerate(double_s):
            if c == s[0]:
                stack.append((i, c))
                pos_dict[c].append(i)
            elif stack:
                last_pos = pos_dict[stack[-1][1].pop()].pop()
                stack[-1][1] = c
                stack[-1][0] = last_pos

        result = ''
        while stack:
            i, c = stack.pop()
            result += c * (len(s) - pos_dict[c][0] - 1) + c
        print(result)
",False,False,0,0.0
1758A,3,"['for loop', 'hashmap', 'if statement']","['for loop', 'sorting']","['for loop', 'while loop', 'misc', 'matrix operation', 'tuple']","import functools

def solve():
    def double_and_rearrange(s):
        double_s = ''.join([c * 2 for c in s])
        return functools.reduce(lambda x, y: x + y[1:] + y[:1], sorted(list(double_s), key=double_s.index), '')

    t = int(input())
    for _ in range(t):
        s = input()
        print(double_and_rearrange(s))

",False,False,1,0.5
1758A,4,"['for loop', 'hashmap', 'if statement', 'sorting']","['for loop', 'if statement', 'hashmap', 'misc']","['for loop', 'while loop', 'misc', 'matrix operation', 'tuple']","import functools
from collections import Counter

def solve():
    n = int(input())
    for _ in range(n):
        s = input()
        double_s = ''.join([c * 2 for c in s])
        counter = Counter(double_s)
        odd_count = sum(1 for c in counter.values() if c % 2 != 0)
        if odd_count > 1:
            print(""Impossible"")
        else:
            palindrome = ''
            for c in counter:
                times = counter[c] // 2
                palindrome += c * (times * 2 + 1)
                if times % 2 != 0:
                    palindrome += c
            print(palindrome)

",False,False,2,0.5
1758A,5,"['for loop', 'hashmap', 'if statement', 'sorting', 'while loop']","['sorting', 'sorting']","['for loop', 'while loop', 'misc', 'matrix operation', 'tuple']","import itertools

def solve(s):
    double_s = s * 2
    palindrome = ''.join(sorted(double_s, key=double_s.index))
    return palindrome
",False,False,1,0.5
1754B,0,['this is the og problem'],['misc'],"['for loop', 'if statement', 'while loop', 'misc', 'tuple']","import itertools

def solve():
    def min_diff(nums):
        nums = sorted(nums)
        return max(abs(nums[i] - nums[i+1]) for i in range(len(nums)-1))

    def find_optimal(n):
        return sorted(range(1, n+1), key=lambda x: min_diff(list(set(range(1, n+1)) - set([x]))))

    for _ in range(int(input())):
        n = int(input())
        print(*find_optimal(n))

",False,True,0,0.0
1754B,1,['for loop'],"['for loop', 'set', 'sorting']","['for loop', 'if statement', 'while loop', 'misc', 'tuple']","import sys
import itertools

def solve():
    t = int(input())
    for _ in range(t):
        n = int(input())
        permutation = sorted(list(set(range(1, n+1)))[::-1])
        print(*permutation)

",False,False,2,0.6666666666666666
1754B,2,"['for loop', 'recursion']",['for loop'],"['for loop', 'if statement', 'while loop', 'misc', 'tuple']","from itertools import permutations

def solve():
    def get_diff(perm):
        return min(abs(perm[i] - perm[i+1]) for i in range(len(perm)-1))

    def get_max_diff(n):
        perms = [list(perm) for perm in permutations(range(1, n+1))]
        return max(perm for perm in perms if get_diff(perm) == max(get_diff(perm) for perm in perms))

    return lambda: [get_max_diff(n) for _ in range(int(input()))][0]
",False,False,0,0.0
1754B,3,"['for loop', 'recursion', 'while loop']",['for loop'],"['for loop', 'if statement', 'while loop', 'misc', 'tuple']","from functools import reduce
from operator import abs

def solve():
    def get_diff(perm):
        return min(abs(perm[i] - perm[i + 1]) for i in range(len(perm) - 1))

    def get_max_diff(n):
        return max(get_diff(perm) for perm in permutations(range(1, n + 1)))

    def get_optimal_perm(n):
        perms = list(permutations(range(1, n + 1)))
        diff = get_max_diff(n)
        for perm in perms:
            if get_diff(perm) == diff:
                return perm

    for _ in range(int(input())):
        n = int(input())
        print(*get_optimal_perm(n))
",False,False,0,0.0
1754B,4,"['for loop', 'recursion', 'while loop', 'stack']",['for loop'],"['for loop', 'if statement', 'while loop', 'misc', 'tuple']","import math

def solve():
    def max_diff(arr):
        return max(abs(arr[i] - arr[i - 1]) for i in range(1, len(arr)))

    def find_optimal_permutation(n):
        arr = list(range(1, n + 1))
        max_diff_val = 0
        optimal_permutation = []

        for i in range(1, n):
            for j in range(i + 1, n):
                temp_arr = arr[:]
                temp_arr[i], temp_arr[j] = temp_arr[j], temp_arr[i]
                diff = max_diff(temp_arr)
                if diff > max_diff_val:
                    max_diff_val = diff
                    optimal_permutation = temp_arr

        return optimal_permutation

    t = int(input())
    for _ in range(t):
        n = int(input())
        print(*find_optimal_permutation(n))
",False,False,0,0.0
1754B,5,"['for loop', 'recursion', 'while loop', 'stack', 'if statement']",['for loop'],"['for loop', 'if statement', 'while loop', 'misc', 'tuple']","from functools import reduce

def solve():
    def gap(arr):
        return max(reduce(lambda x, y: max(x - y, y - x), arr[1:] + [arr[0] - arr[-1]]) if arr else 0

    def next_gap(arr, gap):
        return sorted(arr + [len(arr) + 1])[:gap + 1]

    def permute(arr, n):
        if n == 1:
            return [arr[0]]
        else:
            return [x for i in range(1, n) for x in permute(arr[1:] + [arr[0]], n - 1)] + [arr]

    def solve_helper(arr, n):
        if n == 1:
            return [arr[0]]
        else:
            max_gap = 0
            max_perm = None
            for i in range(1, n):
                gap = gap(arr[:i] + arr[i+1:])
                if gap > max_gap:
                    max_gap = gap
                    max_perm = next_gap(arr, gap)
            return max_perm

    return solve_helper(list(range(1, 1001)), 1000)
",False,False,0,0.0
1754A,0,['this is the og problem'],"['if statement', 'for loop', 'stack']","['for loop', 'if statement', 'while loop', 'misc', 'break statement']","def solve():
    def check_dialog(dialog):
        messages = list(dialog)
        questions = []
        answers = []
        for message in messages:
            if message == 'Q':
                questions.append(message)
            else:
                if questions:
                    answers.append(message)
                    questions.pop()
                else:
                    return False
        return len(questions) == 0 and len(answers) == len(questions)

    t = int(input())
    for _ in range(t):
        n = int(input())
        dialog = input()
        if check_dialog(dialog):
            print(""Yes"")
        else:
            print(""No"")
",False,True,1,0.3333333333333333
1754A,1,['for loop'],['if statement'],"['for loop', 'if statement', 'while loop', 'misc', 'break statement']","def solve():
    def check_dialog(dialog):
        messages = list(dialog)
        questions = [m for m in messages if m == 'Q']
        answers = [m for m in messages if m == 'A']
        return len(answers) >= len(questions)

    t = int(input())
    for _ in range(t):
        n = int(input())
        dialog = input()
        if check_dialog(dialog):
            print(""Yes"")
        else:
            print(""No"")

",True,True,0,0.0
1754A,2,"['for loop', 'if statement']",['if statement'],"['for loop', 'if statement', 'while loop', 'misc', 'break statement']","def solve():
    def check_dialog(dialog):
        messages = list(dialog)
        questions = [m for m in messages if m == 'Q']
        answers = [m for m in messages if m == 'A']
        return len(answers) >= len(questions)

    t = int(input())
    for _ in range(t):
        n = int(input())
        dialog = input()
        if check_dialog(dialog):
            print(""Yes"")
        else:
            print(""No"")

",True,False,0,0.0
1754A,3,"['for loop', 'if statement', 'misc']","['for loop', 'if statement', 'for loop', 'stack', 'if statement', 'for loop', 'stack']","['for loop', 'if statement', 'while loop', 'misc', 'break statement']","def solve():
    def check_dialog(dialog):
        messages = list(dialog)
        client_questions = []
        for message in messages:
            if message == 'Q':
                client_questions.append(message)
            elif message == 'A':
                if not client_questions:
                    return False
                client_questions.pop()
        return len(client_questions) == 0

    t = int(input())
    for _ in range(t):
        n = int(input())
        dialog = input().strip()
        if check_dialog(dialog):
            print(""Yes"")
        else:
            print(""No"")
",False,False,1,0.14285714285714285
1754A,4,"['for loop', 'if statement', 'misc', 'recursion']",['if statement'],"['for loop', 'if statement', 'while loop', 'misc', 'break statement']","def solve():
    def check_dialog(dialog):
        if len(dialog) == 1:
            return ""Yes"" if dialog[0] == ""Q"" else ""No""

        last_question = dialog[0]
        answers = []
        for message in dialog[1:]:
            if message == ""Q"":
                if last_question == ""A"":
                    return ""No""
                last_question = message
            else:
                answers.append(message)
                last_question = message

        if len(answers) == 0:
            return ""No""
        for i in range(len(answers) - 1):
            if answers[i] == ""A"" and answers[i + 1] == ""Q"":
                return ""No""
        return ""Yes""

    t = int(input())
    for _ in range(t):
        n = int(input())
        dialog = list(input().strip())
        print(check_dialog(dialog))
",False,False,0,0.0
1750B,0,['this is the og problem'],"['dynamic programming', 'matrix operation', 'for loop', 'if statement']","['for loop', 'if statement', 'greedy algorithm', 'misc', 'dictionary', 'tuple', 'hashmap', 'while loop', 'queue']","import re

def solve():
    def max_cost(s):
        n = len(s)
        dp = [[0] * (n + 1) for _ in range(n + 1)]
        for i in range(1, n + 1):
            for j in range(i, n + 1):
                cost = 0
                for k in range(i, j + 1, 2):
                    cost += (int(s[k - 1]) * (j - k + 1) if k < j else (int(s[k - 1]) ** 2))
                dp[i][j] = max(dp[i][j], cost)
        return max(dp[1][n])

    t = int(input())
    for _ in range(t):
        n = int(input())
        s = input()
        print(max_cost(s))

",False,True,2,0.5
1750B,1,['if statement'],['for loop'],"['for loop', 'if statement', 'greedy algorithm', 'misc', 'dictionary', 'tuple', 'hashmap', 'while loop', 'queue']","import functools

def solve():
    def max_cost(s):
        n = len(s)
        dp = [[0] * (n + 1) for _ in range(n + 1)]
        for i in range(1, n + 1):
            dp[i][i] = (s[i - 1] == '1') * (i - 1)
            for j in range(i + 1, n + 1):
                dp[i][j] = max(dp[i][j], dp[k][j - 1] + (s[k] == '1') * (j - k))
                dp[i][j] = max(dp[i][j], dp[i][k] + (s[k] == '0') * (k - i))
        return dp[1][n]

    t = int(input())
    for _ in range(t):
        n = int(input())
        s = input()
        print(max_cost(s))

",False,True,0,0.0
1750B,2,"['if statement', 'for loop']",['for loop'],"['for loop', 'if statement', 'greedy algorithm', 'misc', 'dictionary', 'tuple', 'hashmap', 'while loop', 'queue']","from functools import lru_cache

def solve():
    def cost(s):
        a, b = 0, 0
        for c in s:
            if c == '0':
                a += 1
            else:
                b += 1
            yield a * b

    @lru_cache(maxsize=None)
    def max_cost(s, i, j):
        if i > j:
            return 0
        if i == j:
            return cost(s[i:j+1])[-1]
        max_cost_left = max_cost(s, i, j - 1)
        max_cost_right = max_cost(s, i + 1, j)
        return max(max_cost_left, max_cost_right, *cost(s[i:j+1]))

    t = int(input())
    for _ in range(t):
        n = int(input())
        s = input()
        print(max_cost(s, 0, n - 1))

",False,False,0,0.0
1750B,3,"['if statement', 'for loop', 'break statement']",['for loop'],"['for loop', 'if statement', 'greedy algorithm', 'misc', 'dictionary', 'tuple', 'hashmap', 'while loop', 'queue']","import functools

@functools.lru_cache(maxsize=None)
def cost(s, i, j):
    if i == j:
        return 0
    if i > j:
        return float('inf')
    if s[i] == s[j]:
        return sum(1 for k in range(i+1, j))
    return sum(k**2 for k in range(1, min(j-i+1)))

def solve():
    n = int(input())
    for _ in range(n):
        s = input()
        max_cost = float('-inf')
        for i in range(1, len(s)):
            for j in range(i, len(s)):
                cost_val = cost(s, i, j)
                max_cost = max(max_cost, cost_val)
        print(max_cost)

",False,False,0,0.0
1750B,4,"['if statement', 'for loop', 'break statement', 'while loop']",['for loop'],"['for loop', 'if statement', 'greedy algorithm', 'misc', 'dictionary', 'tuple', 'hashmap', 'while loop', 'queue']","import functools

@functools.lru_cache(maxsize=None)
def max_cost(s, start, end):
    if start == end:
        return 0
    if end - start < 2:
        return float('inf')

    cost = float('inf')
    for i in range(start + 1, end):
        cost = min(cost, max_cost(s, start, i) + max_cost(s, i, end))
    return cost if cost < float('inf') else s[start:end] * s[start:end]

def solve():
    t = int(input())
    for _ in range(t):
        n = int(input())
        s = input()
        print(max_cost(s, 0, n))

",False,False,0,0.0
1750A,0,['this is the og problem'],"['for loop', 'if statement', 'break statement']","['if statement', 'for loop', 'while loop', 'misc', 'sorting']","import sys

def solve():
    t = int(input())
    for _ in range(t):
        n = int(input())
        a = list(map(int, input().split()))
        visited = [False] * (n + 1)
        for i in range(1, n):
            for j in range(i + 1, n):
                for k in range(i + 1, j):
                    if visited[a[k]] and a[i] > a[k]:
                        a[i] += a[j]
                        visited[a[i]] = True
                    elif a[j] > a[k]:
                        a[j], a[k] = a[k], a[j]
                    visited[a[j]] = True
        sorted_ = True
        for i in range(1, n):
            if a[i] > a[i + 1]:
                sorted_ = False
                break
        print(""Yes"" if sorted_ else ""No"")

",False,True,1,0.3333333333333333
1750A,1,['for loop'],['for loop'],"['if statement', 'for loop', 'while loop', 'misc', 'sorting']","import heapq

def solve():
    t = int(input())
    for _ in range(t):
        n = int(input())
        a = list(map(int, input().split()))
        heapq.heapify(a)
        for i in range(n - 1):
            for j in range(i + 1, n):
                if a[i] > a[j]:
                    a[i], a[j] = a[j], a[i]
                    a[i] += a.pop(j)
                else:
                    break
        if all(x <= y for x, y in zip(a, a[1:])):
            print(""Yes"")
        else:
            print(""No"")

",False,False,0,0.0
1750A,2,"['for loop', 'if statement']",['for loop'],"['if statement', 'for loop', 'while loop', 'misc', 'sorting']","import heapq

def solve():
    def can_sort(arr):
        heap = arr[:]
        heapq.heapify(heap)
        for i in range(len(arr)):
            if heap[0] < i + 1:
                return False
            heapq.heappop(heap)
        return True

    t = int(input())
    for _ in range(t):
        n = int(input())
        arr = list(map(int, input().split()))
        if can_sort(arr):
            print(""Yes"")
        else:
            print(""No"")
",False,False,0,0.0
1750A,3,"['for loop', 'if statement', 'recursion']","['heap', 'tuple']","['if statement', 'for loop', 'while loop', 'misc', 'sorting']","import heapq

def solve():
    n = int(input())
    a = list(map(int, input().split()))
    q = [(i, a[i]) for i in range(n)]
    heapq.sort(q, key=lambda x: x[1])

    for i, j in zip(q, q[1:]):
        if i[1] > j[1]:
            a[i[0]] = a[i[0]] + a[j[0]]
        else:
            a[j[0]], a[i[0]] = a[i[0]], a[j[0]]

    for i in range(1, n):
        if a[i] < a[i - 1]:
            return ""No""

    return ""Yes""
",False,True,2,1.0
1750A,4,"['for loop', 'if statement', 'recursion', 'matrix operation']","['for loop', 'if statement', 'heap']","['if statement', 'for loop', 'while loop', 'misc', 'sorting']","import heapq

def solve():
    def check_sorted(a):
        for i in range(len(a) - 1):
            if a[i] > a[i + 1]:
                return False
        return True

    def find_swap_or_add(a):
        min_heap = [(i, a[i]) for i in range(len(a))]
        heapq.heapify(min_heap)

        while min_heap:
            i, j = heapq.heappop(min_heap)
            k = min_heap[0][0]
            if j > min_heap[0][1]:
                a[i], a[k] = a[k], a[i]
            else:
                a[i] += j
                if check_sorted(a):
                    return True

        return False

    t = int(input())
    for _ in range(t):
        n = int(input())
        a = list(map(int, input().split()))
        if find_swap_or_add(a):
            print(""Yes"")
        else:
            print(""No"")
",False,False,1,0.3333333333333333
1749A,0,['this is the og problem'],"['for loop', 'tuple', 'set']","['for loop', 'if statement', 'while loop', 'tuple', 'matrix operation']","import itertools

def solve():
    t = int(input())
    for _ in range(t):
        n, m = map(int, input().split())
        rooks = [list(map(int, input().split())) for _ in range(m)]
        visited = set()

        def is_valid(rook):
            x, y = rook
            for r, c in rooks:
                if r == x or c == y or abs(r - x) == abs(c - y):
                    return False
            return True

        for r in range(1, n):
            for c in range(1, n):
                if (r, c) not in visited and is_valid((r, c)):
                    for rook in rooks:
                        if is_valid(rook):
                            visited.add(rook)
                    print(""YES"")
                    break
        else:
            print(""NO"")

",False,True,1,0.3333333333333333
1749A,1,['set'],"['for loop', 'matrix operation']","['for loop', 'if statement', 'while loop', 'tuple', 'matrix operation']","import itertools

def solve():
    t = int(input())
    for _ in range(t):
        n, m = map(int, input().split())
        rooks = [list(map(int, input().split())) for _ in range(m)]
        board = [[0] * n for _ in range(n)]
        for r, c in rooks:
            board[r - 1][c - 1] = 1

        moves = []
        for r in range(n):
            for c in range(n):
                if board[r][c] == 0:
                    moves.append((r, c))

        if len(moves) == 1:
            print(""YES"")
        elif len(moves) > 1:
            for r1, c1 in rooks:
                for r2, c2 in moves:
                    if abs(r1 - r2) + abs(c1 - c2) <= 1:
                        moves.remove((r2, c2))
            if len(moves) == 1:
                print(""YES"")
        else:
            print(""NO"")
",False,True,0,0.0
1749A,2,"['set', 'matrix operation']",['for loop'],"['for loop', 'if statement', 'while loop', 'tuple', 'matrix operation']","import itertools

def solve():
    t = int(input())
    for _ in range(t):
        n, m = map(int, input().split())
        rooks = [list(map(int, input().split())) for _ in range(m)]

        # Iterate through all possible moves for each rook
        for move in itertools.combinations(range(n), 2):
            # Check if moving the rook from row move[0] to row move[1] is valid
            if all(rook[0] != move[0] and rook[1] != move[1] for rook in rooks):
                # Swap the positions of the rook and the empty cell
                rooks[rooks.index(min(rooks, key=lambda x: x[0]))], rooks[move.index(min(move))] = rooks[move.index(min(move))], rooks[rooks.index(min(rooks, key=lambda x: x[0]))]
                # Check if the new positions of the rooks don't attack each other
                if not any(abs(rook[0] - rook2[0]) == abs(rook[1] - rook2[1]) for rook, rook2 in zip(rooks, rooks[1:])):
                    print(""YES"")
                    break

        # If no valid move is found, print NO
        else:
            print(""NO"")

",False,True,0,0.0
1749A,3,"['set', 'matrix operation', 'for loop']",['for loop'],"['for loop', 'if statement', 'while loop', 'tuple', 'matrix operation']","import itertools

def is_valid_move(board, rook, new_pos):
    x, y = rook
    nx, ny = new_pos
    for i in range(x, nx + 1):
        if board[i][y] == 1:
            return False
    for j in range(y, ny + 1):
        if board[x][j] == 1:
            return False
    return True

def dfs(board, rooks, pos, moves):
    if len(moves) == 1:
        return True

    for new_pos in moves:
        if is_valid_move(board, rooks[pos], new_pos):
            board[rooks[pos][0]][rooks[pos][1]] = 0
            board[new_pos[0]][new_pos[1]] = 1
            rooks[pos] = new_pos
            if dfs(board, rooks, pos + 1, moves[1:]):
                return True
            board[rooks[pos][0]][rooks[pos][1]] = 1
            board[new_pos[0]][new_pos[1]] = 0

    return False

def solve():
    t = int(input())
    for _ in range(t):
        n, m = map(int, input().split())
        rooks = [(i, j) for i, _ in enumerate(input().split()) for j, _ in enumerate(input().split()) if _ == '1']
        moves = list(itertools.combinations(range(n), 2))
        moves += list(itertools.combinations(range(m), 2))
        moves += list(itertools.product(range(n), repeat=2))
        moves += list(itertools.product(range(m), repeat=2))
        for i in range(m):
            for j in range(i + 1, m):
                if rooks[i] == rooks[j] or (rooks[i][0] == rooks[j][0] and rooks[i][1] == rooks[j][1] + 1) or (rooks[i][0] == rooks[j][0] + 1 and rooks[i][1] == rooks[j][1]):
                    moves.remove((rooks[i], rooks[j]))
                    moves.remove((rooks[j], rooks[i]))
        if dfs([[0]*n + list(range(1, n+1)) for _ in range(n)], rooks, 0, moves):
            print(""YES"")
        else:
            print(""NO"")

",False,False,0,0.0
1749A,4,"['set', 'matrix operation', 'for loop', 'while loop']",['for loop'],"['for loop', 'if statement', 'while loop', 'tuple', 'matrix operation']","import itertools

def solve():
    def dfs(rooks, pos, moves, visited):
        if len(moves) == 0:
            return True

        for next_pos in moves:
            if not visited[next_pos]:
                visited[next_pos] = True
                if not any(abs(next_pos[i] - pos[i]) == abs(j[i] - pos[i]) for i, j in enumerate(rooks)):
                    if dfs(rooks, next_pos, moves[1:], visited.copy()):
                        return True
                visited[next_pos] = False

        return False

    t = int(input())
    for _ in range(t):
        n, m = map(int, input().split())
        rooks = [list(map(int, input().split())) for _ in range(m)]
        moves = list(itertools.combinations(range(n), 2))
        visited = [False] * n**2
        for rook in rooks:
            visited[rook[0]] = True
            visited[rook[1]] = True
            if not dfs(rooks, rook, moves, visited.copy()):
                break
        else:
            print(""YES"")
        print()

",False,False,0,0.0
1749A,5,"['set', 'matrix operation', 'for loop', 'while loop', 'if statement']",['recursion'],"['for loop', 'if statement', 'while loop', 'tuple', 'matrix operation']","import itertools

def solve():
    def dfs(rooks, pos, moves, visited):
        if len(moves) == 0:
            return True

        for next_pos in moves:
            new_rooks = rooks.copy()
            new_rooks.append((next_pos[0], next_pos[1], pos))
            new_visited = visited.copy()
            new_visited[pos] = True
            if not dfs(new_rooks, next_pos, moves[next_pos], new_visited):
                return False

        return True

    t = int(input())
    for _ in range(t):
        n, m = map(int, input().split())
        rooks = []
        moves = {}
        for _ in range(m):
            x, y = map(int, input().split())
            rooks.append((x, y))
            for dx, dy in itertools.product([-1, 0, 1], repeat=2):
                if (dx != 0 and (x + dx < 1 or x + dx > n)) or (dy != 0 and (y + dy < 1 or y + dy > n)):
                    continue
                moves[(x + dx, y + dy)] = moves.get((x + dx, y + dy), []) + [(x, y)]

        visited = [False] * (n * n)
        for pos in rooks:
            visited[pos[0] * n + pos[1]] = True

        if dfs(rooks, None, moves[(n - 1, n - 1)], visited):
            print(""YES"")
        else:
            print(""NO"")

",False,True,1,1.0
1748A,0,['this is the og problem'],"['if statement', 'for loop', 'dynamic programming']","['for loop', 'if statement', 'misc', 'matrix operation']","import sys

def solve():
    n = int(input().strip())
    blocks = [int(input().strip()) for _ in range(n)]
    dp = [0] * (max(blocks) + 1)
    for block in blocks:
        for i in range(block, 0, -1):
            dp[i] = max(dp[i], dp[i - block] + 1)
    max_side = max(dp)
    print(max_side)

",False,True,1,0.3333333333333333
1748A,1,['for loop'],['for loop'],"['for loop', 'if statement', 'misc', 'matrix operation']","from `1` to `i`, and check if the current block can be placed at the bottom right corner of a square of side length `j`. If it can, we update `dp[i]` to be the maximum of `dp[i]` and `j + dp[i - (j * (j + 1) // 2)]`.

Here is the Python code for the solution:

```python
import sys

def solve():
    n = int(input())
    blocks = [int(input()) for _ in range(n)]
    dp = [0] * (max(blocks) + 1)
    for i in range(1, len(blocks) + 1):
        for j in range(1, i + 1):
            if blocks[i - 1] <= j * (j + 1) // 2:
                dp[i] = max(dp[i], j + dp[i - (j * (j + 1) // 2)])
    print(dp[-1])

",False,False,0,0.0
1748A,2,"['for loop', 'recursion']",['for loop'],"['for loop', 'if statement', 'misc', 'matrix operation']","import sys

def solve():
    n = int(input())
    blocks = [int(input()) for _ in range(n)]
    dp = [0] * (max(blocks) + 1)
    dp[1] = 1

    for block in blocks:
        for i in range(block, 0, -1):
            for j in range(i, 0, -1):
                if dp[j] and (i + j - 1) <= dp[j]:
                    dp[i] = max(dp[i], dp[j] + 1)

    print(max(dp))

",False,False,0,0.0
1748A,3,"['for loop', 'recursion', 'while loop']",['for loop'],"['for loop', 'if statement', 'misc', 'matrix operation']","from math import ceil

def solve():
    def max_square(blocks):
        n = len(blocks)
        dp = [[0] * (n + 1) for _ in range(n + 1)]
        for i in range(1, n + 1):
            for j in range(i, n + 1):
                dp[i][j] = blocks[i - 1] * (j - i + 1)
                for k in range(i + 1, j):
                    dp[i][j] = max(dp[i][j], dp[i][k] + dp[k + 1][j])
        return dp[1][n]

    t = int(input())
    for _ in range(t):
        n = int(input())
        blocks = [ceil(i / 2) for i in range(1, n + 1)]
        print(max_square(blocks))
",False,False,0,0.0
1748A,4,"['for loop', 'recursion', 'while loop', 'if statement']","['recursion', 'dynamic programming', 'if statement', 'for loop']","['for loop', 'if statement', 'misc', 'matrix operation']","from functools import lru_cache

def solve():
    @lru_cache(maxsize=None)
    def dp(n, size):
        if size == 1:
            return 1
        if size > n:
            return 0
        res = 0
        for i in range(1, min(n, size) + 1):
            res = max(res, dp(n - i, size - i // 2))
        return res

    t = int(input())
    for _ in range(t):
        n = int(input())
        print(dp(n, n))

",False,False,2,0.5
1747A,0,['this is the og problem'],"['recursion', 'dynamic programming']","['for loop', 'sorting', 'tuple', 'if statement', 'matrix operation', 'misc']","import functools
from typing import List

def solve():
    @functools.lru_cache(maxsize=None)
    def dp(i, s1, s2):
        if i == 0:
            return abs(s1 - s2)
        res = float('-inf')
        for j in range(i):
            res = max(res, dp(i - j - 1, s1 + a[j], s2) + dp(j, s1, s2 + a[j]))
        return res

    t = int(input())
    for _ in range(t):
        n = int(input())
        a = list(map(int, input().split()))
        print(dp(n, 0, 0))

",False,True,2,1.0
1747A,1,['for loop'],['for loop'],"['for loop', 'sorting', 'tuple', 'if statement', 'matrix operation', 'misc']","from functools import reduce
from operator import abs

def solve():
    def max_diff(arr):
        n = len(arr)
        dp = [[0] * (1 << n) for _ in range(2 * max(arr) + 1)]
        for i in range(n):
            for mask in range(1 << n):
                for j in range(i + 1, n):
                    if (mask | (1 << j)) == mask:
                        continue
                    dp[arr[i] + arr[j]][mask | (1 << i) | (1 << j)] = max(dp[arr[i] + arr[j]][mask | (1 << i) | (1 << j)], dp[arr[i]][mask] + arr[j] - arr[i])
                    dp[arr[i] - arr[j]][mask | (1 << i) | (1 << j)] = max(dp[arr[i] - arr[j]][mask | (1 << i) | (1 << j)], dp[arr[i]][mask] - arr[j] + arr[i])
        return max(abs(x) for x in dp[0])

    t = int(input())
    for _ in range(t):
        n = int(input())
        arr = list(map(int, input().split()))
        print(max_diff(arr))

",False,False,0,0.0
1747A,2,"['for loop', 'while loop']",['for loop'],"['for loop', 'sorting', 'tuple', 'if statement', 'matrix operation', 'misc']","import functools
from typing import List

def solve():
    @functools.lru_cache(maxsize=None)
    def dp(i, s1, s2):
        if i == 0:
            return abs(s1 - s2)
        res = float('-inf')
        for j in range(i):
            res = max(res, dp(i - j - 1, s1 + a[j], s2) + dp(j, s1 - a[j], s2 + a[j]))
        return res

    while True:
        n = int(input())
        if not n:
            break
        a = list(map(int, input().split()))
        print(dp(len(a), 0, 0))

",False,False,0,0.0
1747A,3,"['for loop', 'while loop', 'misc']","['recursion', 'dynamic programming']","['for loop', 'sorting', 'tuple', 'if statement', 'matrix operation', 'misc']","import functools
from typing import List

def solve():
    @functools.lru_cache(maxsize=None)
    def dp(i, s1, s2):
        if i == 0:
            return abs(s1 - s2)
        res = float('-inf')
        for j in range(i):
            res = max(res, dp(i - j - 1, s1 + a[j], s2) - dp(j, s1, s2 + a[j]))
        return res

    while True:
        n = int(input())
        if n == 0:
            break
        a = list(map(int, input().split()))
        print(dp(len(a), 0, 0))

",False,True,2,1.0
1747A,4,"['for loop', 'while loop', 'misc', 'if statement']",['for loop'],"['for loop', 'sorting', 'tuple', 'if statement', 'matrix operation', 'misc']","import math

def solve():
    def abs_sum_diff(arr):
        n = len(arr)
        dp = [[0] * (1 << n) for _ in range(2 * n + 1)]
        for i in range(1, 2 * n + 1):
            dp[i][i] = abs(arr[i - 1])
        for k in range(1, 2 ** n):
            for i in range(n):
                if k & (1 << i):
                    dp[i + 1][k | (1 << i)] = max(dp[i + 1][k | (1 << i)] , dp[i][k] + abs(arr[i]))
                else:
                    dp[i + 1][k | (1 << i)] = max(dp[i + 1][k | (1 << i)] , dp[i][k])
        return max(dp[-1])

    t = int(input())
    for _ in range(t):
        n = int(input())
        arr = list(map(int, input().split()))
        print(abs_sum_diff(arr))

",False,False,0,0.0
1747A,5,"['for loop', 'while loop', 'misc', 'if statement', 'tuple']",['for loop'],"['for loop', 'sorting', 'tuple', 'if statement', 'matrix operation', 'misc']","import math

def solve():
    def abs_sum_diff(a):
        n = len(a)
        dp = [[0] * (1 << n) for _ in range(2 * max(a) + 1)]
        for i in range(1, 2 * max(a) + 1):
            dp[i][1] = i
        for i in range(1, n + 1):
            for mask in range(1, (1 << n)):
                for j in range(i, -1, -1):
                    if (mask & (1 << (j - 1))) == 0:
                        dp[a[j] + dp[i - 1][mask]][mask | (1 << (j - 1))] = max(dp[a[j] + dp[i - 1][mask]][mask | (1 << (j - 1))], dp[i][mask])
        return max(dp[0][(1 << n) - 1] - dp[0][0], dp[0][0] - dp[0][(1 << n) - 1])

    t = int(input())
    for _ in range(t):
        n = int(input())
        a = list(map(int, input().split()))
        print(abs_sum_diff(a))
",False,False,0,0.0
1746B,0,['this is the og problem'],"['recursion', 'if statement', 'for loop']","['for loop', 'hashmap', 'if statement', 'while loop', 'stack', 'tuple', 'matrix operation', 'sorting', 'recursion']","import functools

def solve():
    @functools.lru_cache(maxsize=None)
    def min_ops(arr, n):
        if n == 1:
            return 0 if arr[0] >= arr[1] else 1
        res = float('inf')
        for i in range(n - 1):
            res = min(res, min_ops(arr[:i] + arr[i + 1:], n - 1) + 1 if arr[i] > arr[i + 1] else res)
        return res

    t = int(input())
    for _ in range(t):
        n = int(input())
        arr = list(map(int, input().split()))
        print(min_ops(arr, n))

",False,True,0,0.0
1746B,1,['for loop'],['for loop'],"['for loop', 'hashmap', 'if statement', 'while loop', 'stack', 'tuple', 'matrix operation', 'sorting', 'recursion']","import heapq

def solve():
    def min_ops(a):
        n = len(a)
        if n == 1:
            return 0
        heap = [(a[i], i) for i in range(n)]
        heapq.sort(heap)
        operations = 0
        for i in range(1, n):
            if heap[i][0] < heap[i - 1][0]:
                operations += 1
                j = heapq.heappop(heap)
                k = heapq.heappop(heap)
                a[j[1]] += a[k[1]]
                a.pop(k[1])
                heapq.heappush(heap, (a[j[1]], j[1]))
        return operations

    t = int(input())
    for _ in range(t):
        n = int(input())
        a = list(map(int, input().split()))
        print(min_ops(a))
",False,False,0,0.0
1746B,2,"['for loop', 'break statement']","['recursion', 'heap', 'if statement', 'for loop']","['for loop', 'hashmap', 'if statement', 'while loop', 'stack', 'tuple', 'matrix operation', 'sorting', 'recursion']","import heapq

def solve():
    def non_decreasing(a):
        n = len(a)
        if n == 1:
            return 0
        heap = a[:]
        heapq.heapify(heap)
        for i in range(1, n):
            if heap[i] < heap[i - 1]:
                return 1 + min(non_decreasing(a[:i] + a[i + 1:]))
        return 0

    t = int(input())
    for _ in range(t):
        n = int(input())
        a = list(map(int, input().split()))
        print(non_decreasing(a))
",False,False,1,0.25
1746B,3,"['for loop', 'break statement', 'if statement']","['recursion', 'dynamic programming', 'for loop', 'if statement']","['for loop', 'hashmap', 'if statement', 'while loop', 'stack', 'tuple', 'matrix operation', 'sorting', 'recursion']","import functools
from typing import List

def solve():
    @functools.lru_cache(maxsize=None)
    def min_ops(arr, n):
        if n == 1:
            return 0 if arr[0] >= 0 else 1
        min_ops_count = float('inf')
        for i in range(n):
            if arr[i] < 0:
                for j in range(i+1, n):
                    if arr[j] >= 0:
                        new_arr = arr.copy()
                        new_arr[i] += new_arr[j]
                        del new_arr[j]
                        min_ops_count = min(min_ops_count, 1 + min_ops(new_arr, n-1))
        return min_ops_count

    while True:
        t = int(input())
        if not t:
            break
        n = int(input())
        arr = list(map(int, input().split()))
        print(min_ops(arr, n))

",False,False,1,0.25
1746B,4,"['for loop', 'break statement', 'if statement', 'while loop']","['heap', 'if statement', 'for loop']","['for loop', 'hashmap', 'if statement', 'while loop', 'stack', 'tuple', 'matrix operation', 'sorting', 'recursion']","import heapq

def solve():
    def min_ops(arr):
        n = len(arr)
        if n == 1:
            return 0
        heap = [(arr[i], i) for i in range(n)]
        heapq.sort(heap)
        operations = 0
        for i in range(1, n):
            if arr[heap[i][1]] < arr[heap[i - 1][1]]:
                operations += 1
                arr[heap[i][1]] += arr[heap[i - 1][1]]
                arr.pop(heap[i - 1][1])
                heapq.heapify(heap)
                heap.pop()
        return operations

    t = int(input())
    for _ in range(t):
        n = int(input())
        arr = list(map(int, input().split()))
        print(min_ops(arr))
",False,False,1,0.3333333333333333
1746B,5,"['for loop', 'break statement', 'if statement', 'while loop', 'tuple']","['heap', 'if statement', 'for loop']","['for loop', 'hashmap', 'if statement', 'while loop', 'stack', 'tuple', 'matrix operation', 'sorting', 'recursion']","import heapq

def solve():
    def non_decreasing(a):
        n = len(a)
        if n == 1:
            return 0
        heap = a[:]
        heapq.heapify(heap)
        count = 0
        for i in range(1, n):
            if heap[i] < heap[i - 1]:
                count += 1
                j = heapq.heappop(heap)
                a[i] += j
                heapq.heappush(heap, a[i])
                a = a[:i] + a[i + 1:]
        return count

    t = int(input())
    for _ in range(t):
        n = int(input())
        a = list(map(int, input().split()))
        print(non_decreasing(a))
",False,False,1,0.3333333333333333
1746A,0,['this is the og problem'],"['for loop', 'if statement', 'stack', 'while loop']","['for loop', 'if statement', 'tuple', 'while loop', 'continue statement']","import sys

def solve():
    t = int(input())
    for _ in range(t):
        n, k = map(int, input().split())
        a = list(map(int, input().split()))
        stack = []
        for i in range(n):
            if a[i] == 1:
                stack.append(1)
            while stack and stack[-1] == 0 and len(stack) + len(stack[-1:]) >= k:
                stack[-1] += len(stack)
                stack.pop()
        if len(stack) == 1 and stack[0] == 1:
            print(""YES"")
        else:
            print(""NO"")

",False,True,1,0.25
1746A,1,['for loop'],"['for loop', 'if statement', 'stack']","['for loop', 'if statement', 'tuple', 'while loop', 'continue statement']","import sys
from typing import List

def solve():
    t = int(input())
    for _ in range(t):
        n, k = map(int, input().split())
        a = list(map(int, input().split()))
        stack = []
        for i in range(n):
            if a[i] == 1:
                stack.append(i)
            elif stack:
                if len(stack) >= k:
                    max_index = max(stack)
                    a[max_index:min(max_index + k, n)] = [1] * (min(max_index + k, n) - max_index)
                    stack = stack[:max_index]
        if not stack and a[0] == 1:
            print(""YES"")
        else:
            print(""NO"")

",False,False,1,0.3333333333333333
1746A,2,"['for loop', 'tuple']","['for loop', 'if statement', 'stack', 'break statement']","['for loop', 'if statement', 'tuple', 'while loop', 'continue statement']","import sys
from typing import List

def solve():
    t = int(input())
    for _ in range(t):
        n, k = map(int, input().split())
        a = list(map(int, input().split()))
        stack = []
        for i in range(n):
            if a[i] == 1:
                stack.append(1)
            else:
                if stack:
                    stack.pop()
                else:
                    if k > 1:
                        a[i:i+k] = [max(a[i:i+k])] * (k-1)
                        k -= 1
                    else:
                        print(""NO"")
                        break
        else:
            print(""YES"")

",False,False,2,0.5
1746A,3,"['for loop', 'tuple', 'while loop']","['for loop', 'stack', 'if statement']","['for loop', 'if statement', 'tuple', 'while loop', 'continue statement']","import sys

def solve():
    t = int(input())
    for _ in range(t):
        n, k = map(int, input().split())
        a = list(map(int, input().split()))
        stack = []
        for i in range(n):
            if a[i] == 1:
                stack.append(1)
            else:
                if stack:
                    stack.pop()
        if not stack:
            print(""YES"")
        else:
            print(""NO"")

",False,False,1,0.3333333333333333
1746A,4,"['for loop', 'tuple', 'while loop', 'if statement']","['if statement', 'for loop', 'stack', 'break statement']","['for loop', 'if statement', 'tuple', 'while loop', 'continue statement']","import sys

def solve():
    t = int(input())
    for _ in range(t):
        n, k = map(int, input().split())
        a = list(map(int, input().split()))
        stack = []
        for i in range(n):
            if a[i] == 1:
                stack.append(1)
            else:
                while stack and stack[-1] == 1:
                    stack.pop()
                if not stack:
                    print(""NO"")
                    break
                if len(stack) >= k:
                    stack = stack[:-k+1]
        else:
            print(""YES"")

",False,False,2,0.5
1744B,0,['this is the og problem'],"['for loop', 'if statement']","['while loop', 'if statement', 'for loop', 'tuple', 'hashmap', 'misc', 'matrix operation']","from typing import List

def solve():
    def add_to_even(arr, val):
        res = 0
        for i, num in enumerate(arr):
            if i & 1 == 0:
                arr[i] += val
                res += num
        return res

    def add_to_odd(arr, val):
        res = 0
        for i, num in enumerate(arr):
            if i & 1 == 1:
                arr[i] += val
                res += num
        return res

    n, q = map(int, input().split())
    arr = list(map(int, input().split()))
    for _ in range(q):
        query_type, val = map(int, input().split())
        if query_type == 0:
            print(add_to_even(arr, val))
        else:
            print(add_to_odd(arr, val))

",False,True,0,0.0
1744B,1,['if statement'],"['tuple', 'dictionary']","['while loop', 'if statement', 'for loop', 'tuple', 'hashmap', 'misc', 'matrix operation']","from collections import defaultdict

def solve():
    n, q = map(int, input().split())
    a = list(map(int, input().split()))
    even_sum, odd_sum = 0, 0
    even_map, odd_map = defaultdict(int), defaultdict(int)

    for num in a:
        if num % 2 == 0:
            even_sum += num
            even_map[num] += 1
        else:
            odd_sum += num
            odd_map[num] += 1

    for _ in range(q):
        type_, x = map(int, input().split())
        if type_ == 0:
            for num in even_map:
                even_map[num] -= 1
                even_map[num + x * 2] += 1
            even_sum += x * 2 * len(even_map)
        else:
            for num in odd_map:
                odd_map[num] -= 1
                odd_map[num + x * 2 + 1] += 1
            odd_sum += x * 2 * len(odd_map)

    print(even_sum + odd_sum)

",False,True,1,0.5
1744B,2,"['if statement', 'tuple']","['tuple', 'hashmap']","['while loop', 'if statement', 'for loop', 'tuple', 'hashmap', 'misc', 'matrix operation']","from collections import defaultdict

def solve():
    n, q = map(int, input().split())
    a = list(map(int, input().split()))
    even_sum, odd_sum = 0, 0
    even_map = defaultdict(int)
    odd_map = defaultdict(int)

    for num in a:
        if num % 2 == 0:
            even_sum += num
            even_map[num] += 1
        else:
            odd_sum += num
            odd_map[num] += 1

    for _ in range(q):
        type_, x = map(int, input().split())
        if type_ == 0:
            for num in even_map:
                even_map[num] -= 1
                even_map[num + x] += 1
            even_sum += sum(even_map.values())
        else:
            for num in odd_map:
                odd_map[num] -= 1
                odd_map[num + x] += 1
            odd_sum += sum(odd_map.values())
        print(even_sum + odd_sum)

",False,False,0,0.0
1744B,3,"['if statement', 'tuple', 'for loop']","['for loop', 'if statement', 'tuple']","['while loop', 'if statement', 'for loop', 'tuple', 'hashmap', 'misc', 'matrix operation']","from collections import defaultdict

def solve():
    even_sum, odd_sum = 0, 0
    queries = int(input())
    for _ in range(queries):
        query_type, value = map(int, input().split())
        if query_type == 0:
            even_sum += value
            odd_sum -= value
        else:
            odd_sum += value
            even_sum -= value
        result = even_sum + odd_sum
        print(result)

",False,False,0,0.0
1744B,4,"['if statement', 'tuple', 'for loop', 'hashmap']","['for loop', 'if statement']","['while loop', 'if statement', 'for loop', 'tuple', 'hashmap', 'misc', 'matrix operation']","from collections import defaultdict

def solve():
    even_sum, odd_sum = 0, 0
    queries = int(input())
    for _ in range(queries):
        query_type, value = map(int, input().split())
        if query_type == 0:
            even_sum += value
        else:
            odd_sum += value
        new_even_sum = (even_sum + odd_sum) << 1
        new_odd_sum = odd_sum
        even_sum = new_even_sum >> 1
        odd_sum = new_odd_sum
        print(even_sum + odd_sum)

",False,False,0,0.0
1744A,0,['this is the og problem'],['for loop'],"['for loop', 'if statement', 'dictionary', 'break statement', 'matrix operation', 'while loop', 'hashmap', 'tuple', 'set', 'misc', 'list']","import collections

def solve():
    def transform(arr, letter):
        result = []
        for num in arr:
            result.append(letter)
        return result

    def can_transform(arr, s):
        count = collections.Counter(arr)
        letters = set(s)
        for letter in letters:
            if letter not in count:
                return False
            while count[letter] > 0:
                index = s.find(letter)
                if index == -1:
                    break
                s = s[:index] + str(arr[count[letter]] + 1) + s[index + 1:]
                count[arr[count[letter]]] -= 1
                count[arr[count[letter] + 1] if count[letter] + 1 < len(arr) else len(arr)] += 1
        return s == ''.join(map(str, arr))

    t = int(input())
    for _ in range(t):
        n = int(input())
        arr = list(map(int, input().split()))
        s = input()
        print(""YES"" if can_transform(arr, s) else ""NO"")

",False,True,0,0.0
1744A,1,['if statement'],['for loop'],"['for loop', 'if statement', 'dictionary', 'break statement', 'matrix operation', 'while loop', 'hashmap', 'tuple', 'set', 'misc', 'list']","import collections

def solve():
    def transform(arr, letters):
        while any(num > 0 for num in arr):
            num, letter = arr[0], letters[0]
            for i in range(len(arr)):
                if arr[i] == num:
                    arr[i] = letter
            arr.remove(num)
            letters.remove(letter)
        return ''.join(arr)

    t = int(input())
    for _ in range(t):
        n = int(input())
        arr = list(map(int, input().split()))
        s = input()
        letters = list(set(s))
        if len(letters) > len(set(arr)):
            print(""NO"")
        elif transform(arr, letters) == s:
            print(""YES"")
        else:
            print(""NO"")

",False,True,0,0.0
1744A,2,"['if statement', 'for loop']",['for loop'],"['for loop', 'if statement', 'dictionary', 'break statement', 'matrix operation', 'while loop', 'hashmap', 'tuple', 'set', 'misc', 'list']","import collections
import re

def solve():
    def transform(a, s):
        letters = set(s)
        for num in a:
            for letter in letters:
                a[:] = [letter if i == num else i for i in a]
                if s == ''.join(a):
                    return True
        return False

    t = int(input())
    for _ in range(t):
        n = int(input())
        a = list(map(int, input().split()))
        s = input()
        print(""YES"" if transform(a, s) else ""NO"")

",False,False,0,0.0
1744A,3,"['if statement', 'for loop', 'recursion']","['recursion', 'stack']","['for loop', 'if statement', 'dictionary', 'break statement', 'matrix operation', 'while loop', 'hashmap', 'tuple', 'set', 'misc', 'list']","import collections
import re

def solve():
    def transform(arr, letters):
        while any(arr):
            num, letter = arr[0], letters[0]
            new_arr = [letters[i] if i == num - 1 else arr[i] for i in range(len(arr))]
            arr = new_arr
            letters = letters[1:]
        return ''.join(arr)

    t = int(input())
    for _ in range(t):
        n = int(input())
        arr = list(map(int, input().split()))
        s = input()
        letters = collections.Counter(arr)
        if re.match(r'^' + ''.join(transform(arr, list(letters.keys()))), s):
            print(""YES"")
        else:
            print(""NO"")

",False,False,2,1.0
1743B,0,['this is the og problem'],"['for loop', 'tuple', 'sorting']","['for loop', 'while loop', 'tuple', 'if statement']","import itertools

def solve():
    t = int(input())
    for _ in range(t):
        n = int(input())
        permutation = list(itertools.permutations(range(1, n+1)))
        permutation = sorted(permutation, key=lambda x: len([y for y in itertools.permutations(list(x)) if all(all(x[i] < y[i] for i in range(len(x))) for y in y]), reverse=True)
        print(*permutation[0])

",False,True,1,0.3333333333333333
1743B,1,['for loop'],['for loop'],"['for loop', 'while loop', 'tuple', 'if statement']","import itertools
import sys

def next_permutation(arr):
    n = len(arr)
    i = n - 1
    while i > 0 and arr[i - 1] >= arr[i]:
        i -= 1
    if i == 0:
        arr.reverse()
        return False
    j = n
    while arr[i - 1] >= arr[j]:
        j -= 1
    arr[i - 1], arr[j] = arr[j], arr[i - 1]
    arr[i:] = sorted(arr[i:])
    return True

def solve():
    t = int(input())
    for _ in range(t):
        n = int(input())
        arr = list(range(1, n + 1))
        next_permutation(arr)
        print(*arr)

",False,False,0,0.0
1743B,2,"['for loop', 'while loop']","['for loop', 'tuple', 'sorting', 'matrix operation', 'misc']","['for loop', 'while loop', 'tuple', 'if statement']","import itertools
import functools

def solve():
    t = int(input())
    for _ in range(t):
        n = int(input())
        permutation = sorted(list(itertools.permutations(range(1, n+1)))[0])
        print(*permutation)

",False,False,3,0.6
1743B,3,"['for loop', 'while loop', 'tuple']",['for loop'],"['for loop', 'while loop', 'tuple', 'if statement']","import itertools
import sys

def next_permutation(arr):
    n = len(arr)
    i = n - 2
    while i >= 0 and arr[i] >= arr[i + 1]:
        i -= 1
    if i < 0:
        arr.reverse()
        return False
    j = n - 1
    while arr[i] >= arr[j]:
        j -= 1
    arr[i], arr[j] = arr[j], arr[i]
    l, r = i + 1, n - 1
    arr[l:r] = sorted(arr[l:r])
    return True

def find_min_permutation(n):
    permutations = list(itertools.permutations(range(1, n + 1)))
    min_permutation = sorted(permutations, key=lambda x: len([y for y in itertools.groupby(x) if len(list(y)) > 1]))[0]
    return list(min_permutation)

def solve():
    t = int(input())
    for _ in range(t):
        n = int(input())
        permutation = find_min_permutation(n)
        print(*permutation)

",False,False,0,0.0
1743B,4,"['for loop', 'while loop', 'tuple', 'misc']","['while loop', 'if statement', 'tuple', 'for loop', 'matrix operation']","['for loop', 'while loop', 'tuple', 'if statement']","import itertools
import sys

def next_permutation(arr):
    n = len(arr)
    i = n - 2
    while i >= 0 and arr[i] >= arr[i + 1]:
        i -= 1
    if i == -1:
        arr.reverse()
        return
    j = n
    while arr[i] >= arr[j]:
        j -= 1
    arr[i], arr[j] = arr[j], arr[i]
    l, r = i + 1, n - 1
    arr[l:r] = sorted(arr[l:r])

def solve():
    t = int(input())
    for _ in range(t):
        n = int(input())
        arr = list(range(1, n + 1))
        next_permutation(arr)
        print(*arr)

",False,False,1,0.2
1743B,5,"['for loop', 'while loop', 'tuple', 'misc', 'recursion']","['for loop', 'recursion', 'tuple', 'sorting']","['for loop', 'while loop', 'tuple', 'if statement']","import itertools
import sys

def solve():
    t = int(input())
    for _ in range(t):
        n = int(input())
        permutation = list(itertools.permutations(range(1, n+1)))
        min_permutation = sorted(permutation, key=lambda x: len(list(filter(lambda y: is_permutation(y), list(itertools.permutations(x))))))[0]
        print(*min_permutation)

",False,False,2,0.5
1743A,0,['this is the og problem'],"['for loop', 'if statement']","['while loop', 'for loop', 'misc', 'if statement', 'matrix operation', 'tuple', 'hashmap']","from itertools import combinations

def solve():
    t = int(input())
    for _ in range(t):
        n = int(input())
        a = list(map(int, input().split()))
        count = 0
        for i in range(10):
            if i not in a:
                for j in range(10):
                    if j not in a and (i, j) not in a:
                        for k in range(10):
                            if k not in a and (i, k) not in a and (j, k) not in a:
                                for l in range(10):
                                    if l not in a and (i, l) not in a and (j, l) not in a and (k, l) not in a:
                                        count += 1
        print(count)
",False,True,0,0.0
1743A,1,['for loop'],"['for loop', 'if statement']","['while loop', 'for loop', 'misc', 'if statement', 'matrix operation', 'tuple', 'hashmap']","from itertools import combinations

def solve():
    t = int(input())
    for _ in range(t):
        n = int(input())
        a = list(map(int, input().split()))
        count = 0
        for i in range(10):
            if i not in a:
                for j in range(10):
                    if j not in a and (i, j) not in a:
                        for k in range(10):
                            if k not in a and (i, k) not in a and (j, k) not in a:
                                for l in range(10):
                                    if l not in a and (i, l) not in a and (j, l) not in a and (k, l) not in a:
                                        count += 1
        print(count)
",False,False,0,0.0
1743A,2,"['for loop', 'set']",['for loop'],"['while loop', 'for loop', 'misc', 'if statement', 'matrix operation', 'tuple', 'hashmap']","from itertools import combinations

def solve():
    def count_passwords(excluded_digits):
        excluded = set(excluded_digits)
        valid_combinations = set()
        for a, b in combinations(range(10), 2):
            if a not in excluded and b not in excluded:
                for c, d in combinations(range(10), 2):
                    if c not in excluded and d not in excluded:
                        valid_combinations.add((a, b, c, d))
        passwords = []
        for combo in valid_combinations:
            for i in range(2):
                for j in range(2):
                    if i == j:
                        continue
                    for k in range(10):
                        if k not in excluded:
                            passwords.append((combo[i], combo[j], k, k))
        return len(passwords)

    t = int(input())
    for _ in range(t):
        n = int(input())
        excluded_digits = list(map(int, input().split()))
        print(count_passwords(excluded_digits))
",False,False,0,0.0
1743A,3,"['for loop', 'set', 'while loop']","['set', 'for loop', 'if statement', 'tuple']","['while loop', 'for loop', 'misc', 'if statement', 'matrix operation', 'tuple', 'hashmap']","import itertools

def solve():
    def count_passwords(forbidden_digits):
        forbidden_set = set(forbidden_digits)
        valid_combinations = set()
        for a, b in itertools.combinations(range(10), 2):
            if a != b and a not in forbidden_set and b not in forbidden_set:
                valid_combinations.add((a, a, b, b))
        for length in range(3, 7):
            for combination in itertools.combinations(range(10), length):
                if len(set(combination)) == 2 and all(c not in forbidden_set for c in combination):
                    valid_combinations.add(tuple(combination))
        return len(valid_combinations)

    t = int(input())
    for _ in range(t):
        n = int(input())
        forbidden_digits = list(map(int, input().split()))
        print(count_passwords(forbidden_digits))
",False,False,1,0.25
1743A,4,"['for loop', 'set', 'while loop', 'tuple']",['for loop'],"['while loop', 'for loop', 'misc', 'if statement', 'matrix operation', 'tuple', 'hashmap']","from itertools import combinations

def solve():
    for _ in range(int(input())):
        n = int(input())
        banned = sorted(list(map(int, input().split())))
        valid_combinations = set()
        for i in range(10):
            if i not in banned:
                valid_combinations.update(combinations(range(10), 4))
                for j in range(2, 5):
                    valid_combinations.discard((i,) + tuple(sorted(combination)) for combination in valid_combinations if combination.count(i) > j)
        print(len(valid_combinations))
",False,False,0,0.0
1742B,0,['this is the og problem'],"['if statement', 'sorting']","['for loop', 'set', 'if statement', 'sorting']","import functools

def solve():
    n = int(input())
    a = list(map(int, input().split()))
    a.sort()
    if a == sorted(a):
        return ""YES""
    return ""NO""
",False,True,0,0.0
1742B,1,['if statement'],"['recursion', 'tuple']","['for loop', 'set', 'if statement', 'sorting']","import functools

def solve():
    def is_increasing(arr):
        return all(x <= y for x, y in zip(arr, arr[1:]))

    @functools.lru_cache(maxsize=None)
    def next_permutation(arr):
        n = len(arr)
        for i in range(n - 1, 0, -1):
            if arr[i - 1] < arr[i]:
                j = i
                for k in range(n - 1, i, -1):
                    if arr[k] > arr[i - 1]:
                        arr[i - 1], arr[k] = arr[k], arr[i - 1]
                        arr[i:] = sorted(arr[i:])
                        return True
        return False

    t = int(input())
    for _ in range(t):
        n = int(input())
        arr = list(map(int, input().split()))
        if is_increasing(arr):
            print(""YES"")
        elif next_permutation(arr):
            print(""YES"")
        else:
            print(""NO"")
",False,True,2,1.0
1742B,2,"['if statement', 'hashmap']","['recursion', 'if statement', 'for loop', 'dynamic programming']","['for loop', 'set', 'if statement', 'sorting']","import functools

@functools.lru_cache(maxsize=None)
def is_increasing(arr):
    if len(arr) <= 1:
        return True
    return arr[0] < arr[1] and is_increasing(arr[1:])

def solve():
    t = int(input())
    for _ in range(t):
        n = int(input())
        arr = list(map(int, input().split()))
        print(""YES"" if is_increasing(arr) else ""NO"")

",False,False,2,0.5
1742B,3,"['if statement', 'hashmap', 'for loop']","['recursion', 'dynamic programming', 'for loop', 'if statement']","['for loop', 'set', 'if statement', 'sorting']","import functools

@functools.lru_cache(maxsize=None)
def is_increasing(arr):
    if len(arr) <= 1:
        return True
    return arr[0] < arr[1] and is_increasing(arr[1:])

def solve():
    t = int(input())
    for _ in range(t):
        n = int(input())
        arr = list(map(int, input().split()))
        print(""YES"" if is_increasing(arr) else ""NO"")

",False,False,2,0.5
1742B,4,"['if statement', 'hashmap', 'for loop', 'sorting']","['for loop', 'if statement']","['for loop', 'set', 'if statement', 'sorting']","from typing import List

def solve():
    def is_increasing(arr: List[int]):
        for i in range(1, len(arr)):
            if arr[i] <= arr[i-1]:
                return False
        return True

    t = int(input())
    for _ in range(t):
        n = int(input())
        arr = list(map(int, input().split()))
        print(""YES"" if is_increasing(arr) else ""NO"")

",False,False,0,0.0
1742B,5,"['if statement', 'hashmap', 'for loop', 'sorting', 'set']",['for loop'],"['for loop', 'set', 'if statement', 'sorting']","from typing import List

def solve():
    def is_increasing(arr: List[int]):
        for i in range(1, len(arr)):
            if arr[i] <= arr[i - 1]:
                return False
        return True

    t = int(input())
    for _ in range(t):
        n = int(input())
        arr = list(map(int, input().split()))
        print(""YES"" if is_increasing(arr) else ""NO"")

",False,False,0,0.0
1742A,0,['this is the og problem'],"['for loop', 'if statement', 'tuple']","['for loop', 'if statement', 'misc', 'sorting', 'tuple', 'while loop']","def solve():
    for _ in range(int(input())):
        a, b, c = map(int, input().split())
        if a == b + c or a == c + b or b == a + c or b == c + a or c == a + b:
            print(""YES"")
        else:
            print(""NO"")
",True,True,0,0.0
1742A,1,['for loop'],"['for loop', 'if statement']","['for loop', 'if statement', 'misc', 'sorting', 'tuple', 'while loop']","import math

def solve():
    for _ in range(int(input())):
        a, b, c = map(int, input().split())
        if a == b + c or b == a + c or c == a + b:
            print(""YES"")
        else:
            print(""NO"")
",True,False,0,0.0
1742A,2,"['for loop', 'if statement']","['if statement', 'for loop']","['for loop', 'if statement', 'misc', 'sorting', 'tuple', 'while loop']","from functools import reduce

def solve():
    for _ in range(int(input())):
        a, b, c = map(int, input().split())
        if a == b + c or a == c + b or b == a + c or b == c + a or c == a + b:
            print(""YES"")
        else:
            print(""NO"")
",True,False,0,0.0
1742A,3,"['for loop', 'if statement', 'while loop']","['if statement', 'for loop']","['for loop', 'if statement', 'misc', 'sorting', 'tuple', 'while loop']","from collections import Counter

def solve():
    t = int(input())
    for _ in range(t):
        a, b, c = map(int, input().split())
        if a == b + c or a + b == c or a == c + b:
            print(""YES"")
        else:
            print(""NO"")
",False,False,0,0.0
1742A,4,"['for loop', 'if statement', 'while loop', 'recursion']","['if statement', 'for loop', 'tuple', 'misc']","['for loop', 'if statement', 'misc', 'sorting', 'tuple', 'while loop']","import itertools

def solve():
    for _ in range(int(input())):
        a, b, c = map(int, input().split())
        if any(a + x == b + y == c for x, y in itertools.combinations((a, b), 2)):
            print(""YES"")
        else:
            print(""NO"")
",False,False,0,0.0
1741B,0,['this is the og problem'],"['if statement', 'for loop', 'tuple']","['for loop', 'if statement', 'tuple', 'while loop', 'continue statement', 'misc', 'break statement']","import itertools
import sys

def solve():
    t = int(input())
    for _ in range(t):
        n = int(input())
        if n <= 1:
            print(-1)
        else:
            permutation = list(itertools.permutations(list(range(1, n+1)))[0])
            for i in range(1, len(permutation)):
                if abs(permutation[i] - permutation[i-1]) != 1:
                    permutation[i], permutation[i-1] = permutation[i-1], permutation[i]
            print(*permutation)

",False,True,0,0.0
1741B,1,['for loop'],"['for loop', 'if statement', 'break statement', 'continue statement', 'tuple']","['for loop', 'if statement', 'tuple', 'while loop', 'continue statement', 'misc', 'break statement']","import itertools
import sys

def solve():
    for n in map(int, input()):
        if not n:
            break
        if n <= 1:
            print(-1)
            continue
        perms = list(itertools.permutations(list(range(1, n+1))))
        funny_perms = []
        for perm in perms:
            for i in range(len(perm) - 1):
                if abs(perm[i] - perm[i+1]) not in (1, 0):
                    continue
                if perm[i] == i:
                    break
            else:
                funny_perms.append(perm)
        if funny_perms:
            print(funny_perms[0])
        else:
            print(-1)

",False,False,0,0.0
1741B,2,"['for loop', 'if statement']",['if statement'],"['for loop', 'if statement', 'tuple', 'while loop', 'continue statement', 'misc', 'break statement']","import itertools
import sys

def solve():
    n = int(input())
    if n == 1:
        print(1)
        return

    permutations = list(itertools.permutations(range(1, n+1)))

    for perm in permutations:
        if all(abs(perm[i] - i) in [1, -1] for i in range(len(perm))) and not any(perm == list(range(1, n+1))):
            print(*perm)
            return

    print(-1)

",False,False,0,0.0
1741B,3,"['for loop', 'if statement', 'misc']",['for loop'],"['for loop', 'if statement', 'tuple', 'while loop', 'continue statement', 'misc', 'break statement']","import itertools
import sys

def solve():
    t = int(input())
    for _ in range(t):
        n = int(input())
        if n <= 1:
            print(-1)
            continue
        permutation = list(itertools.permutations(list(range(1, n+1)))[0])
        for i in range(len(permutation)):
            if i == 0:
                if permutation[i+1][0] != permutation[i][0] + 1:
                    permutation[i], permutation[i+1] = permutation[i+1], permutation[i]
            elif i == len(permutation) - 1:
                if permutation[i-1][-1] != permutation[i-1].index(permutation[i][-1]) + 1:
                    permutation[i-1], permutation[i] = permutation[i], permutation[i-1]
            else:
                if permutation[i+1][0] != permutation[i][-1] + 1 or permutation[i-1][-1] != permutation[i][0] - 1:
                    permutation[i-1], permutation[i], permutation[i+1] = permutation[i], permutation[i-1], permutation[i+1]
        print(*permutation)

",False,False,0,0.0
1741B,4,"['for loop', 'if statement', 'misc', 'tuple']","['for loop', 'if statement', 'continue statement', 'tuple', 'break statement']","['for loop', 'if statement', 'tuple', 'while loop', 'continue statement', 'misc', 'break statement']","import itertools
import sys

def solve():
    t = int(input())
    for _ in range(t):
        n = int(input())
        if n <= 1:
            print(-1)
            continue
        permutation = list(itertools.permutations(list(range(1, n+1)))[0])
        for i in range(len(permutation)):
            if i == 0:
                if permutation[i+1][0] != permutation[i][-1] + 1:
                    print(-1)
                    break
            elif i == len(permutation) - 1:
                if permutation[i-1][-1] != permutation[i][0] - 1:
                    print(-1)
                    break
            else:
                if permutation[i][0] != permutation[i-1][-1] + 1 or permutation[i+1][0] != permutation[i][-1] - 1:
                    print(-1)
                    break
        else:
            print(permutation)

",False,False,0,0.0
1741A,0,['this is the og problem'],['if statement'],"['for loop', 'dictionary', 'if statement', 'while loop', 'tuple', 'recursion', 'pass statement', 'misc', 'queue']","def solve():
    def compare_sizes(a, b):
        if a[0] == 'M':
            return b[0] not in ('M', 'L')
        elif a[0] in ('S', 'X'):
            return a[1:] < b[1:]
        elif b[0] in ('M', 'L'):
            return a[1:] > b[1:]
        else:
            raise ValueError(""Invalid T-shirt size"")

    t = int(input().strip())
    for _ in range(t):
        a, b = input().strip().split()
        print(compare_sizes(a, b))

",False,True,0,0.0
1741A,1,['for loop'],"['if statement', 'tuple']","['for loop', 'dictionary', 'if statement', 'while loop', 'tuple', 'recursion', 'pass statement', 'misc', 'queue']","def solve():
    def compare_sizes(a, b):
        if a[0] == 'M':
            return b[0] not in ('M', 'L')
        elif a[0] in ('S', 'X'):
            return a[1:] < b[1:]
        elif b[0] == 'M':
            return True
        elif b[0] in ('S', 'X'):
            return a[1:] > b[1:]

    t = int(input().strip())
    for _ in range(t):
        a, b = input().strip().split()
        print(compare_sizes(a, b))

",False,True,0,0.0
1741A,2,"['for loop', 'if statement']",['if statement'],"['for loop', 'dictionary', 'if statement', 'while loop', 'tuple', 'recursion', 'pass statement', 'misc', 'queue']","def solve():
    def compare_sizes(a, b):
        if a[0] == 'M':
            return b[0] not in ('M', 'L')
        elif a[0] == 'S':
            return b[0] in ('M', 'L')
        elif a[0] == 'X':
            return len(a) < len(b)
        else:
            return len(b) < len(a)

    t = int(input().strip())
    for _ in range(t):
        a, b = input().strip().split()
        print(f'{""""<"""" if compare_sizes(a, b) else """"}>"""" if compare_sizes(a, b) != compare_sizes(b, a) else """"="""")

",False,False,0,0.0
1741A,3,"['for loop', 'if statement', 'while loop']","['if statement', 'misc']","['for loop', 'dictionary', 'if statement', 'while loop', 'tuple', 'recursion', 'pass statement', 'misc', 'queue']","def solve():
    def compare_sizes(a, b):
        if a[0] == 'M':
            return b[0] not in ('M', 'L')
        elif a[0] in ('S', 'X'):
            return a[1:] < b[1:]
        elif b[0] in ('S', 'X'):
            return a[1:] > b[1:]
        else:
            return False

    t = int(input().strip())
    for _ in range(t):
        a, b = input().strip().split()
        print(compare_sizes(a, b))

",False,False,0,0.0
1741A,4,"['for loop', 'if statement', 'while loop', 'dictionary']","['if statement', 'for loop']","['for loop', 'dictionary', 'if statement', 'while loop', 'tuple', 'recursion', 'pass statement', 'misc', 'queue']","def compare_sizes(a, b):
    if a[0] == 'M':
        return b[0] not in ('M', 'L')
    elif b[0] == 'M':
        return a[0] in ('M', 'L')
    elif a[0] == 'X':
        return len(a) < len(b)
    elif b[0] == 'X':
        return len(b) > len(a)
    else:
        return a[1:] < b[1:]

def solve():
    t = int(input())
    for _ in range(t):
        a, b = input().split()
        print(f""{''<'' if compare_sizes(a, b) else ''>' if compare_sizes(b, a) else ''='}"")

",False,False,0,0.0
1740B,0,['this is the og problem'],['for loop'],"['for loop', 'if statement', 'while loop', 'misc', 'tuple', 'matrix operation', 'hashmap', 'recursion', 'heap', 'sorting']","import sys
import math
from collections import defaultdict
from heapq import heappush, heappop

def solve():
    t = int(input())
    for _ in range(t):
        n = int(input())
        slices = [list(map(int, input().split())) for _ in range(n)]
        heights = sorted([s[0] for s in slices])
        widths = sorted([s[1] for s in slices])
        left_x = 0
        right_x = max(heights)
        left_y = 0
        right_y = 0
        for h, w in sorted(slices, key=lambda x: (x[0], x[1])):
            while left_x < h:
                heappush(right_y, (right_y[0] - left_x, left_x, right_y[0]))
                left_x += 1
            while left_y < w:
                heappush(right_x, (right_x[0] - left_y, left_y, right_x[0]))
                left_y += 1
            if not heappop(right_y)[0] >= h:
                left_x += h - left_x
            if not heappop(right_x)[0] >= w:
                left_y += w - left_y
        perimeter = left_x + right_x + left_y + right_y
        print(perimeter)

",False,True,0,0.0
1740B,1,['for loop'],"['for loop', 'tuple', 'heap', 'misc']","['for loop', 'if statement', 'while loop', 'misc', 'tuple', 'matrix operation', 'hashmap', 'recursion', 'heap', 'sorting']","import math
import heapq

def solve():
    n = int(input())
    slices = []
    for _ in range(n):
        a, b = map(int, input().split())
        slices.append((a, b))

    slices.sort(key=lambda x: x[0])

    def rotate(a, b):
        return b, a

    def area(a, b):
        return a * b

    def perimeter(a, b):
        return 2 * (a + b)

    def compare(x, y):
        return x[2] - y[2]

    stack = []
    for a, b in slices:
        stack.append((perimeter(a, b), area(a, b), a, b))
        heapq.heapify(stack)

    total_area = 0
    total_perimeter = 0
    while stack:
        perimeter, area, a, b = heapq.heappop(stack)
        total_perimeter += perimeter
        total_area += area
        if not stack or stack[0][1] < total_area:
            break
        next_a, next_b = stack[0][3], stack[0][2]
        if next_a == a or next_b == b:
            continue
        rotated_next_a, rotated_next_b = rotate(next_a, next_b)
        if rotated_next_a == a or rotated_next_b == b:
            continue
        new_perimeter = perimeter + 2 * math.sqrt((a - rotated_next_a) ** 2 + (b - rotated_next_b) ** 2)
        new_area = area + area(rotated_next_a, rotated_next_b)
        heapq.heappush(stack, (new_perimeter, new_area, rotated_next_a, rotated_next_b))

    print(total_perimeter)

",False,False,0,0.0
1740B,2,"['for loop', 'sorting']",['for loop'],"['for loop', 'if statement', 'while loop', 'misc', 'tuple', 'matrix operation', 'hashmap', 'recursion', 'heap', 'sorting']","import heapq

def solve():
    def area(rect):
        return rect[0] * rect[1]

    def perimeter(rect):
        return 2 * (rect[0] + rect[1])

    def compare(a, b):
        return area(a) - area(b)

    def rotate(rect):
        return (rect[1], rect[0])

    def merge(a, b):
        return (a[0] + b[0], max(a[1], b[1]))

    def dfs(node, visited, graph):
        visited[node] = True
        for neighbor in graph[node]:
            if not visited[neighbor]:
                dfs(neighbor, visited, graph)

    def solve_single(cheese):
        graph = {0: []}
        for i, (a, b) in enumerate(cheese):
            if i == 0:
                graph[0].append((perimeter((a, b)), i))
                continue
            for j in range(i - 1, -1, -1):
                if cheese[j][0] == b:
                    graph[i].append((perimeter((a, b)), j))
                    graph[j].append((perimeter((b, a)), i))
                    break
                if cheese[j][1] == a:
                    graph[i].append((perimeter(rotate(cheese[j])), j))
                    graph[j].append((perimeter(rotate(cheese[i])), i))
                    break
        visited = [False] * len(cheese)
        components = []
        for i in range(len(cheese)):
            if not visited[i]:
                heap = [(compare((cheese[i], node)) for node in range(len(cheese)) if not visited[node]]
                heapq.heapify(heap)
                component = []
                while heap:
                    node = heapq.heappop(heap)
                    if not visited[node]:
                        visited[node] = True
                        component.append(node)                        for neighbor in graph[node]:
                            heapq.heappush(heap, compare(neighbor, node))
                components.append(component)
        return min(perimeter(rotate(cheese[component[0]]) for component in components)

    cases = int(input())
    for _ in range(cases):
        n = int(input())
        cheese = []
        for _ in range(n):
            a, b = map(int, input().split())
            cheese.append((a, b))
        print(solve_single(cheese))
",False,False,0,0.0
1740B,3,"['for loop', 'sorting', 'recursion']","['for loop', 'tuple', 'heap']","['for loop', 'if statement', 'while loop', 'misc', 'tuple', 'matrix operation', 'hashmap', 'recursion', 'heap', 'sorting']","import sys
import heapq

def solve():
    t = int(input())
    for _ in range(t):
        n = int(input())
        slices = []
        for _ in range(n):
            a, b = map(int, input().split())
            slices.append((a, b))

        slices.sort(key=lambda x: x[0])
        x_max = slices[0][0]
        y_max = max(s[1] for s in slices)
        x_min = 0
        y_min = 0
        perimeter = 2 * (x_max + y_max)

        heap = [(0, 0, 0)]
        for a, b in slices:
            while heap and heap[0][1] < x_min:
                heapq.heappop(heap)
            x, y, _ = heap[0]
            if y + b > y_max:
                perimeter += 2 * (x_max - x) + 2 * (y_max - y)
                x_max = x
                y_max = y + b
                x, y = x_max, y_max
            else:
                perimeter += 2 * (x_max - x)
                x_max = x + a
                x = x_max

        print(perimeter)

",False,False,0,0.0
1740B,4,"['for loop', 'sorting', 'recursion', 'if statement']",['for loop'],"['for loop', 'if statement', 'while loop', 'misc', 'tuple', 'matrix operation', 'hashmap', 'recursion', 'heap', 'sorting']","import heapq

def solve():
    def area(x, y, w, h):
        return x * y

    def perimeter(x, y, w, h):
        return 2 * (x + y + w + h)

    def compare(a, b):
        return b[1] - a[1]

    def rotate(x, y, w, h):
        return w, h, x, y

    def solve_case():
        n = int(input())
        slices = []
        for _ in range(n):
            x, y = map(int, input().split())
            slices.append((perimeter(x, y, x, 1), rotate(x, y, 1, 1)))
        heapq.heapify(slices)
        result = 0
        while slices:
            w, h, x, y = heapq.heappop(slices)
            if not result:
                result = w + 2 * x
            else:
                if y == result:
                    result += w + 2 * x
                else:
                    result += 2 * max(x, y)
                    result += min(x, y) + w
                    result += area(min(x, y), max(x, y), w, result - min(x, y) - max(x, y))
                    result += area(result - w, min(x, y), x, y)
        return result

    for _ in range(int(input())):
        print(solve_case())
",False,False,0,0.0
1740B,5,"['for loop', 'sorting', 'recursion', 'if statement', 'tuple']",['for loop'],"['for loop', 'if statement', 'while loop', 'misc', 'tuple', 'matrix operation', 'hashmap', 'recursion', 'heap', 'sorting']","import heapq

def solve():
    def area(x, y):
        return x * y

    def perimeter(x, y):
        return 2 * (x + y)

    def compare(a, b):
        return perimeter(a[0], a[1]) < perimeter(b[0], b[1])

    def rotate(x, y):
        return y, x

    def merge(a, b):
        return a[0] + b[0], max(a[1], b[1])

    def dfs(x, y, visited, height, area_so_far):
        if (x, y) in visited:
            return
        visited.add((x, y))
        area_so_far += area(x, y)
        height[0] = max(height[0], x)
        height[1] = max(height[1], y)
        for dx, dy in ((-1, 0), (1, 0), (0, -1), (0, 1)):
            nx, ny = x + dx, y + dy
            if 0 <= nx < height[0] and 0 <= ny < height[1]:
                dfs(nx, ny, visited, height, area_so_far)

    def solve_single(cheese):
        height = [0] * 2
        visited = set()
        area_so_far = 0
        for x, y in cheese:
            dfs(x, y, visited, height, area_so_far)
        return perimeter(height[0], height[1]) - area_so_far

    def solve_all():
        total_area = 0
        for _ in range(int(input())):
            n = int(input())
            cheese = []
            for _ in range(n):
                x, y = map(int, input().split())
                cheese.append((x, y))
            total_area += solve_single(cheese)
        print(total_area)

",True,False,0,0.0
1740A,0,['this is the og problem'],['for loop'],"['misc', 'for loop', 'if statement', 'while loop']","from sympy import isprime, factorint

def solve():
    import sys
    import sympy

    def find_factor(n):
        for i in range(2, n):
            if n % i == 0 and isprime(i):
                return i
        return None

    t = int(input())
    for _ in range(t):
        n = int(input())
        m = find_factor(n + 1)
        if m is None:
            m = find_factor(n + 2)
        print(m)

",False,True,0,0.0
1740A,1,['if statement'],"['if statement', 'for loop', 'break statement']","['misc', 'for loop', 'if statement', 'while loop']","import math

def is_prime(n):
    if n <= 1:
        return False
    if n == 2:
        return True
    if n % 2 == 0:
        return False
    sqrt_n = int(math.sqrt(n))
    for i in range(3, sqrt_n + 1, 2):
        if n % i == 0:
            return False
    return True

def sieve_of_eratosthenes(limit):
    primes = [True] * (limit + 1)
    primes[0] = primes[1] = False
    for i in range(2, int(limit**0.5) + 1):
        if primes[i]:
            for j in range(i*i, limit + 1, i):
                primes[j] = False
    return [i for i in range(2, limit + 1) if primes[i]]

def solve():
    t = int(input())
    primes = sieve_of_eratosthenes(100005)
    for _ in range(t):
        n = int(input())
        for m in primes:
            if not is_prime(n + m):
                print(m)
                break

",False,False,1,0.3333333333333333
1740A,2,"['if statement', 'for loop']","['if statement', 'for loop', 'while loop', 'recursion', 'matrix operation', 'misc']","['misc', 'for loop', 'if statement', 'while loop']","import math
import sympy

def is_prime(n):
    if n <= 1:
        return False
    if n == 2:
        return True
    if n % 2 == 0:
        return False
    sqrt_n = math.isqrt(n)
    for i in range(3, sqrt_n + 1, 2):
        if n % i == 0:
            return False
    return True

def next_prime(n):
    if n % 2 == 0:
        n += 1
    while not is_prime(n):
        n += 2
    return n

def solve():
    t = int(input())
    for _ in range(t):
        n = int(input())
        m = next_prime(n + 2)
        print(m)
",False,False,2,0.3333333333333333
1740A,3,"['if statement', 'for loop', 'misc']",['if statement'],"['misc', 'for loop', 'if statement', 'while loop']","import math

def is_prime(n):
    if n <= 1:
        return False
    if n == 2:
        return True
    if n % 2 == 0:
        return False
    sqrt_n = int(math.sqrt(n))
    for i in range(3, sqrt_n + 1, 2):
        if n % i == 0:
            return False
    return True

def solve():
    t = int(input())
    for _ in range(t):
        n = int(input())
        primes = set()
        primes_up_to_n = set(range(2, n + 1))
        p = 3
        while True:
            if p * p > n:
                break
            if p in primes:
                p += 2
                continue
            primes.add(p)
            primes_up_to_n.difference_update(set(range(p * p, n + 1, p)))
            p += 2
        for m in primes_up_to_n:
            if not is_prime(n + m):
                print(m)
                break

",False,False,0,0.0
1740A,4,"['if statement', 'for loop', 'misc', 'recursion']","['while loop', 'if statement', 'misc']","['misc', 'for loop', 'if statement', 'while loop']","import math
import sympy

def is_prime(n):
 return n > 1 and all(n % i != 0 for i in range(2, int(math.sqrt(n)) + 1))

def solve():
 while True:
 n = int(input())
 if not is_prime(n):
 print(n)
 else:
 m = sympy.nextprime(n) + 1
 print(m)

",False,False,0,0.0
1739A,0,['this is the og problem'],"['tuple', 'matrix operation']","['for loop', 'tuple', 'matrix operation', 'if statement', 'misc', 'while loop']","import itertools

def solve():
    n, m = map(int, input().split())
    board = [[0] * m for _ in range(n)]

    def can_move(r, c):
        for dr, dc in [(1, 2), (2, 1), (-1, 2), (-2, 1), (-1, -2), (-2, -1), (1, -2), (2, -1)]:
            if 0 <= r + dr < n and 0 <= c + dc < m and board[r + dr][c + dc]:
                return False
        return True

    for r in range(n):
        for c in range(m):
            if not can_move(r, c):
                return r + 1, c + 1

    # If no isolated cells, return any cell on the board
    return min(enumerate(itertools.chain(*board)))[0] + 1, 1

",False,True,0,0.0
1739A,1,['if statement'],['for loop'],"['for loop', 'tuple', 'matrix operation', 'if statement', 'misc', 'while loop']","import itertools

def solve():
    board_size = list(map(int, input().split()))
    n, m = board_size

    def is_isolated(r, c):
        for dr, dc in [(1, 2), (2, 1), (-1, 2), (-2, 1), (-1, -2), (-2, -1), (1, -2), (2, -1)]:
            if 0 < r + dr < n and 0 < c + dc < m:
                if (r + dr, c + dc) not in moves:
                    return False
        return True

    moves = set()
    for r in range(n):
        for c in range(m):
            moves.update(itertools.islice(itertools.product([r + 2*dr for dr in [1, -1]], [c + 2*dc for dc in [1, -1]]), 1, None))

    for r in range(n):
        for c in range(m):
            if is_isolated(r, c):
                return r+1, c+1

    # If no isolated cell is found, return any cell on the board
    return 1, 1

",False,True,0,0.0
1739A,2,"['if statement', 'for loop']",['for loop'],"['for loop', 'tuple', 'matrix operation', 'if statement', 'misc', 'while loop']","import sys
input = sys.stdin.readline

def solve():
    n, m = map(int, input().split())
    board = [[0] * m for _ in range(n)]
    dx = [-2, -2, -1, 1, 1, 2, 2, -1, -2]
    dy = [-1, 1, 2, 2, -1, -2, -2, -1, 1]

    def dfs(x, y):
        if x < 0 or x >= n or y < 0 or y >= m:
            return
        if board[x][y]:
            return
        board[x][y] = 1
        for i in range(9):
            nx = x + dx[i]
            ny = y + dy[i]
            dfs(nx, ny)

    for i in range(n):
        for j in range(m):
            dfs(i, j)
            if not any(board[k][l] for k in range(n) for l in range(m) if abs(k - i) in [1, 2] and abs(l - j) in [1, 2]):
                return i + 1, j + 1
    return 1, 1

",False,False,0,0.0
1739A,3,"['if statement', 'for loop', 'tuple']","['recursion', 'if statement', 'for loop', 'matrix operation', 'depth first search']","['for loop', 'tuple', 'matrix operation', 'if statement', 'misc', 'while loop']","import sys

def solve():
    def dfs(x, y):
        if (x < 0 or x >= n or y < 0 or y >= m or visited[x][y]):
            return
        visited[x][y] = True
        for dx, dy in [(-2, -1), (-2, 1), (-1, 2), (1, 2), (2, 1), (2, -1), (1, -2), (-1, -2)]:
            if not dfs(x + dx, y + dy):
                return False
        return True

    visited = [[False] * m for _ in range(n)]
    for i in range(n):
        for j in range(m):
            if not visited[i][j] and not dfs(i, j):
                return i + 1, j + 1
    return 1, 1

",False,False,2,0.4
1739A,4,"['if statement', 'for loop', 'tuple', 'hashmap']",['tuple'],"['for loop', 'tuple', 'matrix operation', 'if statement', 'misc', 'while loop']","import itertools

def solve():
    def knight_moves((x, y)):
        return [(x + 2 * dx, y + dy) for dx, dy in ((1, -2), (2, -1), (2, 1), (1, 2), (-1, 2), (-2, 1), (-2, -1), (-1, -2))]

    def is_isolated((x, y), board):
        moves = knight_moves((x, y))
        for mx, my in moves:
            if 0 <= mx < len(board) and 0 <= my < len(board[0]) and (mx, my) not in board:
                return False
        return True

    def find_isolated(board):
        for x in range(len(board)):
            for y in range(len(board[0])):
                if is_isolated((x, y), board):
                    return (x, y)
        return (0, 0)

    def find_any(board):
        return (0, 0) if not board else list(itertools.product(range(len(board)), range(len(board[0]))))[0]

    def main():
        for _ in range(int(input())):
            n, m = map(int, input().split())
            board = [[0] * m for _ in range(n)]
            print(*find_isolated(board) if any(is_isolated(p, board) for p in itertools.product(range(n), range(m))) else find_any(board))

    main()
",False,False,0,0.0
1739A,5,"['if statement', 'for loop', 'tuple', 'hashmap', 'while loop']","['recursion', 'for loop', 'if statement', 'matrix operation', 'depth first search']","['for loop', 'tuple', 'matrix operation', 'if statement', 'misc', 'while loop']","import sys

def knight_moves = [(-2, -1), (-2, 1), (-1, -2), (-1, 2), (1, -2), (1, 2), (2, -1), (2, 1)]

def is_valid(board, row, col):
    n, m = len(board), len(board[0])
    if row < 1 or row > n or col < 1 or col > m:
        return False
    for move in knight_moves:
        new_row, new_col = row + move[0], col + move[1]
        if board[new_row][new_col] == 1:
            return True
    return False

def dfs(board, row, col, visited):
    if not is_valid(board, row, col):
        return
    visited[row][col] = True
    for move in knight_moves:
        new_row, new_col = row + move[0], col + move[1]
        if not visited[new_row][new_col]:
            dfs(board, new_row, new_col, visited)

def solve():
    t = int(input())
    for _ in range(t):
        n, m = map(int, input().split())
        board = [[0] * m for _ in range(n)]
        visited = [[False] * m for _ in range(n)]
        for i in range(1, n + 1):
            for j in range(1, m + 1):
                if not visited[i][j]:
                    dfs(board, i, j, visited)
                    print(i, j)
                    break
        if not any(any(visited[i][j] for j in range(1, m + 1)) for i in range(1, n + 1)):
            print(1, 1)

",False,False,2,0.4
1738A,0,['this is the og problem'],"['recursion', 'if statement', 'for loop']","['for loop', 'if statement', 'while loop', 'sorting', 'tuple', 'continue statement', 'pass statement', 'match statement', 'recursion', 'stack', 'queue', 'set', 'dictionary']","import functools
import operator

def solve():
    def dfs(i, cur_type, cur_damage, skills):
        if i == len(skills):
            return cur_damage
        for j in range(i, len(skills)):
            if skills[j][0] != cur_type:
                dfs(j, skills[j][0], cur_damage * 2 + skills[j][1], skills)
            else:
                dfs(j, skills[j][0], cur_damage + skills[j][1], skills)
        return max(dfs(i, skills[i][0], skills[i][1], skills), cur_damage)

    def read_input():
        t = int(input())
        for _ in range(t):
            n = int(input())
            skills = [list(map(int, input().split())) for _ in range(n)]
            print(dfs(0, skills[0][0], skills[0][1], skills))

    read_input()
",False,True,0,0.0
1738A,1,['hashmap'],['for loop'],"['for loop', 'if statement', 'while loop', 'sorting', 'tuple', 'continue statement', 'pass statement', 'match statement', 'recursion', 'stack', 'queue', 'set', 'dictionary']","def solve():
    def dfs(i, cur_damage, types, damages):
        if i == len(damages):
            return cur_damage
        for j in range(i, len(damages)):
            if types[j] != types[i] and j > i:
                dfs(j, cur_damage * 2, types, damages)
            dfs(j, cur_damage + damages[j], types[j:] + types[:i], damages[:i] + damages[j + 1:])

    while True:
        n = int(input())
        if not n:
            break
        types = list(map(int, input().split()))
        damages = list(map(int, input().split()))
        print(dfs(0, damages[0], types, damages[1:]))

",False,True,0,0.0
1738A,2,"['hashmap', 'for loop']",['for loop'],"['for loop', 'if statement', 'while loop', 'sorting', 'tuple', 'continue statement', 'pass statement', 'match statement', 'recursion', 'stack', 'queue', 'set', 'dictionary']","def solve():
    def dfs(i, cur_type, cur_damage, skills):
        if i == len(skills):
            return cur_damage
        for j in range(i, len(skills)):
            if skills[j][0] != cur_type:
                dfs(j, skills[j][0], 2 * skills[j][1], skills)
            else:
                dfs(j, skills[j][0], skills[j][1], skills)
        return max(dfs(i, skills[i][0], skills[i][1], skills), cur_damage)

    while True:
        n = int(input())
        if not n:
            break
        skills = [list(map(int, input().split())) for _ in range(n)]
        print(dfs(0, skills[0][0], skills[0][1], skills))

",False,False,0,0.0
1738A,3,"['hashmap', 'for loop', 'if statement']","['recursion', 'dictionary']","['for loop', 'if statement', 'while loop', 'sorting', 'tuple', 'continue statement', 'pass statement', 'match statement', 'recursion', 'stack', 'queue', 'set', 'dictionary']","import functools
import operator

def solve():
    def dfs(node, skills, dp):
        if node == len(skills):
            return 0

        max_damage = 0
        for i in range(node, len(skills)):
            if skills[i] != skills[node - 1]:
                dp[i] = dfs(i + 1, skills, dp) * 2 + skills[i][1]
                max_damage = max(max_damage, dp[i])

        dp[node] = skills[node][1] if node == 0 else max_damage
        return dp[node]

    @functools.lru_cache(maxsize=None)
    def memo(i):
        return dfs(i, skills, [0] * len(skills))

    while True:
        n = int(input())
        if not n:
            break
        skills = list(map(lambda x: (x, int(x[2:])), input().split()))
        print(memo(0))

",False,True,0,0.0
1738A,4,"['hashmap', 'for loop', 'if statement', 'recursion']",['if statement'],"['for loop', 'if statement', 'while loop', 'sorting', 'tuple', 'continue statement', 'pass statement', 'match statement', 'recursion', 'stack', 'queue', 'set', 'dictionary']","import functools
import operator

def solve():
    def combine(x, y):
        if x[0] == y[0]:
            return (x[0], x[1] + y[1])
        else:
            return (2 * min(x[1], y[1]), x[0])

    @functools.lru_cache(maxsize=None)
    def dp(i, types, damages):
        if i == 0:
            return 0
        max_damage = 0
        for j in range(i):
            if types[j] != types[i - 1]:
                max_damage = max(max_damage, dp(j) + damages[i - 1] * 2)
            max_damage = max(max_damage, dp(j) + damages[i - 1])
        max_damage = max(max_damage, damages[i - 1])
        return max_damage

    t = int(input())
    for _ in range(t):
        n = int(input())
        types = list(map(int, input().split()))
        damages = list(map(int, input().split()))
        print(dp(n, types, damages))

",False,False,0,0.0
1738A,5,"['hashmap', 'for loop', 'if statement', 'recursion', 'tuple']","['dynamic programming', 'if statement', 'for loop', 'matrix operation']","['for loop', 'if statement', 'while loop', 'sorting', 'tuple', 'continue statement', 'pass statement', 'match statement', 'recursion', 'stack', 'queue', 'set', 'dictionary']","import functools
import operator

def solve():
    def max_damage(skills, damages):
        n = len(skills)
        dp = [[0] * 2 for _ in range(n)]
        for i in range(n):
            for j in range(i, -1, -1):
                if skills[i] != skills[j]:
                    dp[i][skills[i]] = max(dp[j][skills[j]] + 2 * damages[i], dp[i][skills[i]])
                else:
                    dp[i][skills[i]] = dp[j][skills[j]] + damages[i]
        return max(dp[-1])

    t = int(input())
    for _ in range(t):
        n = int(input())
        skills = list(map(int, input().split()))
        damages = list(map(int, input().split()))
        print(max_damage(skills, damages))

",False,False,2,0.5
1736A,0,['this is the og problem'],"['if statement', 'for loop']","['for loop', 'if statement', 'misc', 'tuple', 'matrix operation', 'continue statement', 'while loop']","from typing import List

def solve():
    def min_ops(a: List[int], b: List[int]):
        count = 0
        for i in range(len(a)):
            if a[i] != b[i]:
                count += 1
                a[i] = 1 - a[i]
        return count if a == b else float('inf')

    t = int(input())
    for _ in range(t):
        n = int(input())
        a = list(map(int, input().split()))
        b = list(map(int, input().split()))
        print(min_ops(a, b))

",False,True,0,0.0
1736A,1,['hashmap'],['for loop'],"['for loop', 'if statement', 'misc', 'tuple', 'matrix operation', 'continue statement', 'while loop']","import sys

def solve():
    t = int(input())
    for _ in range(t):
        n = int(input())
        a = list(map(int, input().split()))
        b = list(map(int, input().split()))

        a_sum = sum(a)
        b_sum = sum(b)

        if a_sum == b_sum:
            print(0)
        elif a_sum > b_sum:
            print(a_sum - b_sum)
        else:
            print(b_sum - a_sum)

",False,True,0,0.0
1736A,2,"['hashmap', 'if statement']","['for loop', 'tuple']","['for loop', 'if statement', 'misc', 'tuple', 'matrix operation', 'continue statement', 'while loop']","from typing import List

def solve():
    def xor(a: List[int], b: List[int]) -> int:
        return sum(x ^ y for x, y in zip(a, b))

    def min_ops(a: List[int], b: List[int]) -> int:
        diff = xor(a, b)
        return diff if diff else len(a) - sum(1 for i, x in enumerate(a) if x != b[i])

    def main():
        t = int(input())
        for _ in range(t):
            n = int(input())
            a = list(map(int, input().split()))
            b = list(map(int, input().split()))
            print(min_ops(a, b))

    main()

",False,True,0,0.0
1736A,3,"['hashmap', 'if statement', 'for loop']",['for loop'],"['for loop', 'if statement', 'misc', 'tuple', 'matrix operation', 'continue statement', 'while loop']","import sys

def solve():
    t = int(input())
    for _ in range(t):
        n = int(input())
        a = list(map(int, input().split()))
        b = list(map(int, input().split()))

        # XOR the arrays and count the number of non-zero elements
        xor = sum(abs(a[i] ^ b[i]) for i in range(n))

        # If all elements are the same, no operation is needed
        if xor == 0:
            print(0)
        else:
            # Find the number of 1's in the XOR'ed array
            ones = sum(abs(x) for x in xor)
            print(ones)

",False,False,0,0.0
1736A,4,"['hashmap', 'if statement', 'for loop', 'while loop']",['for loop'],"['for loop', 'if statement', 'misc', 'tuple', 'matrix operation', 'continue statement', 'while loop']","import sys

def solve():
    t = int(input())
    for _ in range(t):
        n = int(input())
        a = list(map(int, input().split()))
        b = list(map(int, input().split()))

        # XOR operation to find the difference between a and b
        diff = [(x ^ y) for x, y in zip(a, b)]

        # Count the number of 1s in the difference array
        count = sum(diff)

        # If all elements in the difference array are 0, then no operation is needed
        if count == 0:
            print(0)
        else:
            # Find the minimum number of operations required to make all 1s in the difference array appear at the same index
            # This can be done by sorting the difference array in non-decreasing order and swapping elements at appropriate indices
            diff.sort()
            operations = 0
            for i in range(len(diff)):
                if diff[i] == 1:
                    operations += i
            print(operations)

",False,False,0,0.0
1736A,5,"['hashmap', 'if statement', 'for loop', 'while loop', 'recursion']","['if statement', 'recursion', 'hashmap']","['for loop', 'if statement', 'misc', 'tuple', 'matrix operation', 'continue statement', 'while loop']","from collections import Counter

def solve():
    def min_ops(a, b):
        if a == b:
            return 0
        c = Counter(a)
        d = Counter(b)
        ops = 0
        for k in c.keys():
            if k not in d:
                return -1
            ops += min(c[k], d[k])
        return ops

    t = int(input())
    for _ in range(t):
        n = int(input())
        a = list(map(int, input().split()))
        b = list(map(int, input().split()))
        print(min_ops(a, b))
",False,False,2,0.6666666666666666
1735A,0,['this is the og problem'],"['tuple', 'for loop']","['for loop', 'if statement', 'queue', 'while loop']","import math

def solve():
    def days_off(n, days_off_indices):
        working_segments = [(days_off_indices[i], days_off_indices[i+1] - 1) for i in range(len(days_off_indices) - 1)]
        working_segments.append((days_off_indices[-1], n - 1))
        return working_segments

    def min_diff(working_segments):
        return max(abs(x - y) for x, y in zip(working_segments, working_segments[1:] + working_segments[:1]))

    def solve_helper(n, days_off_count, days_off_indices, memo={}):
        if days_off_count == 2:
            return min_diff(days_off(n, days_off_indices))
        if (n, days_off_count, days_off_indices) in memo:
            return memo[(n, days_off_count, days_off_indices)]
        result = float('inf')
        for i in range(1, n):
            if i in days_off_indices:
                continue
            for j in range(i + 1, n):
                if j in days_off_indices:
                    continue
                days_off_indices_copy = days_off_indices.copy()
                days_off_indices_copy[0] = i
                days_off_indices_copy.append(j)
                result = min(result, solve_helper(n, days_off_count - 1, days_off_indices_copy, memo))
        memo[(n, days_off_count, days_off_indices)] = result
        return result

    def solve_n(n):
        return solve_helper(n, 3, [0], {})

    t = int(input())
    for _ in range(t):
        n = int(input())
        print(solve_n(n))

",False,True,1,0.5
1735A,1,['for loop'],['for loop'],"['for loop', 'if statement', 'queue', 'while loop']","import math

def solve():
    def days_off(n, days_off_indices):
        working_segments = [(days_off_indices[i], days_off_indices[i+1] - 1) for i in range(len(days_off_indices) - 1)]
        working_segments.append((days_off_indices[-1], n - 1))
        return working_segments

    def min_diff(working_segments):
        return max(abs(x - y) for x, y in zip(working_segments, working_segments[1:] + working_segments[:1]))

    def solve_util(n, days_off_count, days_off_indices):
        if days_off_count == 2:
            return min_diff(days_off(n, days_off_indices))
        for i in range(1, n):
            if i not in days_off_indices:
                for j in range(i+1, n):
                    if j not in days_off_indices:
                        days_off_indices.append(i)
                        days_off_indices.append(j)
                        result = solve_util(n, days_off_count - 1, days_off_indices)
                        days_off_indices.pop()
                        days_off_indices.pop()
                        if result > 0:
                            return result

    T = int(input())
    for _ in range(T):
        n = int(input())
        result = solve_util(n, 2, [n-1])
        print(result)

",False,False,0,0.0
1735A,2,"['for loop', 'recursion']",['for loop'],"['for loop', 'if statement', 'queue', 'while loop']","from typing import List
import sys

def solve():
    def days_off(n: int) -> List[int]:
        days = list(range(1, n + 1))
        days.remove(n)
        days.remove(n - 3)
        days.remove(n - 2)
        days.sort()
        return days

    def max_diff(days: List[int]) -> int:
        days.append(days[0])
        diff = float('inf')
        for i in range(1, len(days)):
            diff = min(diff, abs(days[i] - days[i - 1]))
        return diff

    for _ in range(int(input())):
        n = int(input())
        days = days_off(n)
        print(max_diff(days))

",False,False,0,0.0
1735A,3,"['for loop', 'recursion', 'while loop']",['for loop'],"['for loop', 'if statement', 'queue', 'while loop']","import math

def solve():
    def days_off(n, days_off_indices):
        working_segments = [(days_off_indices[i], days_off_indices[i+1] - 1) for i in range(len(days_off_indices) - 1)]
        working_segments.append((days_off_indices[-1], n - 1))
        return working_segments

    def min_diff(working_segments):
        return max(abs(x - y) for x, y in zip(working_segments, working_segments[1:] + working_segments[:1]))

    def backtrack(n, days_off_indices, best_diff):
        if len(days_off_indices) == 3:
            working_segments = days_off(n, days_off_indices)
            current_diff = min_diff(working_segments)
            best_diff = max(best_diff, current_diff)
            return

        for i in range(n - 2, -1, -1):
            if i not in days_off_indices:
                days_off_indices.append(i)
                backtrack(n, days_off_indices, best_diff)
                days_off_indices.pop()

    best_diff = 0
    backtrack(n, [], best_diff)
    return best_diff
",False,False,0,0.0
1735A,4,"['for loop', 'recursion', 'while loop', 'if statement']","['for loop', 'if statement']","['for loop', 'if statement', 'queue', 'while loop']","import math
import bisect

def solve():
    def days_off(n):
        days = [0] * n
        days[0] = 1
        days[n-1] = 1
        days[n-2] = 1
        for i in range(2, n-1):
            for j in range(i+2, n):
                if days[i-1] + j - i <= n and days[j] + i - j <= n:
                    days[i] = 1
                    break
        return days

    def max_diff(days):
        segments = []
        for i in range(len(days)):
            if days[i] == 0:
                segments.append(i - segments[-1] - 1)
        return max(abs(x - y) for x, y in zip(segments, segments[1:] + segments[:1]))

    t = int(input())
    for _ in range(t):
        n = int(input())
        days = days_off(n)
        print(max_diff(days))

",False,False,0,0.0
1735A,5,"['for loop', 'recursion', 'while loop', 'if statement', 'dictionary']",['for loop'],"['for loop', 'if statement', 'queue', 'while loop']","from math import gcd

def solve():
    def days_off(n):
        days = [0] * n
        days[0] = 1
        days[n - 1] = 1
        days[1] = 0
        for i in range(2, n):
            days[i] = max(days[i - 2], days[i - 3]) + 1
        return days

    def max_diff(days):
        segments = []
        for i in range(len(days)):
            if days[i] == 0:
                segments.append(sum(days[j] for j in range(i, len(days))))
        return max(gcd(*segments), 1)

    t = int(input())
    for _ in range(t):
        n = int(input())
        days = days_off(n)
        print(max_diff(days))

",False,False,0,0.0
1734B,0,['this is the og problem'],"['dynamic programming', 'dynamic programming', 'matrix operation']","['while loop', 'for loop', 'if statement', 'tuple', 'matrix operation', 'continue statement', 'recursion']","import sys
import itertools

def solve():
    n = int(input())
    dp = [[0] * n for _ in range(n)]

    for i in range(1, n):
        for j in range(1, min(i+1, n)):
            dp[i][j] = dp[i-1][j-1] + dp[i-1][j]

    for i in range(n-1, -1, -1):
        for j in range(1, min(i+1, n)):
            dp[i][j] += max(dp[i+1][j], dp[i+1][j+1])

    max_brilliance = 0
    max_torch_config = [[0] * n for _ in range(n)]

    for i in range(1, n):
        for j in range(1, min(i+1, n)):
            if dp[i][j] > max_brilliance:
                max_brilliance = dp[i][j]
                max_torch_config[i][j] = 1

    for i in range(n-1, -1, -1):
        for j in range(1, min(i+1, n)):
            if dp[i][j] == max_brilliance and max_torch_config[i+1][j] == 0:
                max_torch_config[i][j] = 1
            elif dp[i][j] == max_brilliance and max_torch_config[i+1][j+1] == 0:
                max_torch_config[i][j] = 1

    for row in max_torch_config:
        print(*row)

",False,True,1,0.3333333333333333
1734B,1,['if statement'],"['for loop', 'if statement', 'dynamic programming']","['while loop', 'for loop', 'if statement', 'tuple', 'matrix operation', 'continue statement', 'recursion']","import sys
import math

def solve():
    t = int(input())
    for _ in range(t):
        n = int(input())
        dp = [0] * (n + 1)
        dp[1] = 1
        for i in range(2, n + 1):
            dp[i] = dp[i - 1] + dp[i - 2]
        for i in range(2, n + 1):
            for j in range(1, i + 1):
                dp[j] = min(dp[j], dp[j - 1] + 1)
        result = [0] * n
        for i in range(n - 1, -1, -1):
            if dp[i] == dp[i + 1] + 1:
                result[i] = 1
            else:
                result[i] = 0
        print(*result)

",False,False,1,0.3333333333333333
1734B,2,"['if statement', 'matrix operation']","['for loop', 'dynamic programming']","['while loop', 'for loop', 'if statement', 'tuple', 'matrix operation', 'continue statement', 'recursion']","import sys
import math

def solve():
    t = int(input())
    for _ in range(t):
        n = int(input())
        dp = [0] * (n + 1)
        dp[1] = 1
        for i in range(2, n + 1):
            dp[i] = dp[i - 1] + dp[i - 2]
        for i in range(2, n + 1):
            for j in range(1, i + 1):
                dp[i] = min(dp[i], dp[i - j] + 1)
        result = [0] * (n + 1)
        for i in range(1, n + 1):
            result[i] = dp[i]
        print(*result)

",False,True,1,0.5
1734B,3,"['if statement', 'matrix operation', 'for loop']","['for loop', 'if statement', 'dynamic programming', 'matrix operation']","['while loop', 'for loop', 'if statement', 'tuple', 'matrix operation', 'continue statement', 'recursion']","import sys
import math

def solve():
    t = int(input())
    for _ in range(t):
        n = int(input())
        dp = [0] * (n + 1)
        dp[1] = 1
        for i in range(2, n + 1):
            dp[i] = dp[i - 1] + dp[i - 2]
        for i in range(2, n + 1):
            for j in range(1, i + 1):
                dp[j] = min(dp[j], dp[j - 1] + 1)
        result = [0] * n
        for i in range(n - 1, -1, -1):
            if dp[i] == dp[i + 1] + 1:
                result[i] = 1
            else:
                result[i] = 0
        print(*result)

",False,False,1,0.25
1734B,4,"['if statement', 'matrix operation', 'for loop', 'while loop']","['for loop', 'if statement', 'dynamic programming', 'matrix operation']","['while loop', 'for loop', 'if statement', 'tuple', 'matrix operation', 'continue statement', 'recursion']","import sys
import math

def solve():
    t = int(input())
    for _ in range(t):
        n = int(input())
        dp = [0] * (n + 1)
        dp[1] = 1
        for i in range(2, n + 1):
            dp[i] = dp[i - 1] * 2
            for j in range(1, i):
                dp[i] += dp[j]
        max_brightness = dp[n]
        torch_arrangement = [0] * (n * n)
        for i in range(n - 1, -1, -1):
            for j in range(i + 1):
                torch_arrangement[i * n + j] = 1
                dp[i] -= 1
            while dp[i] > max_brightness // (i + 1):
                torch_arrangement[i * n + i] = 1
                dp[i] -= 1
        print(*torch_arrangement)

",False,False,1,0.25
1734A,0,['this is the og problem'],['for loop'],"['for loop', 'sorting', 'if statement', 'misc', 'while loop', 'tuple', 'matrix operation', 'hashmap', 'two pointers']","import sys

def solve():
    t = int(input())
    for _ in range(t):
        n = int(input())
        sticks = list(map(int, input().split()))
        min_diff = float('inf')
        for i in range(n):
            for j in range(i+1, n):
                diff = abs(sticks[i] - sticks[j])
                min_diff = min(min_diff, diff)
        min_op = 0
        for i in range(n):
            if sticks[i] % 2 == 1:
                min_op += max(0, (min_diff - (sticks[i] % min_diff)) // 2)
        print(min_op)

",False,True,0,0.0
1734A,1,['dictionary'],['for loop'],"['for loop', 'sorting', 'if statement', 'misc', 'while loop', 'tuple', 'matrix operation', 'hashmap', 'two pointers']","import sys

def solve():
    for _ in range(int(input())):
        n = int(input())
        sticks = list(map(int, input().split()))
        min_ops = float('inf')

        # Sort the sticks in non-decreasing order
        sticks.sort()

        # Iterate through all possible triples of sticks
        for i in range(n - 2):
            for j in range(i + 1, n):
                for k in range(j + 1, n):
                    # Check if the difference between any two sticks is more than 2
                    if abs(sticks[i] - sticks[j]) > 2 or abs(sticks[j] - sticks[k]) > 2 or abs(sticks[i] - sticks[k]) > 2:
                        continue

                    # Check if the sum of the lengths of the three sticks is divisible by 6
                    if (sticks[i] + sticks[j] + sticks[k]) % 6 != 0:
                        continue

                    # If the conditions are met, update the minimum number of operations
                    min_ops = min(min_ops, (sticks[i] + 2) // 3 + (sticks[j] + 2) // 3 + (sticks[k] + 2) // 3)

        print(min_ops)

",False,True,0,0.0
1734A,2,"['dictionary', 'matrix operation']","['for loop', 'sorting', 'if statement']","['for loop', 'sorting', 'if statement', 'misc', 'while loop', 'tuple', 'matrix operation', 'hashmap', 'two pointers']","import sys

def solve():
    t = int(input())
    for _ in range(t):
        n = int(input())
        sticks = list(map(int, input().split()))
        sticks.sort()
        min_diff = sticks[-1] - sticks[0]
        for i in range(1, n):
            min_diff = min(min_diff, sticks[i] - sticks[i-1])
        operations = min_diff + (3 * (n % 3))
        print(operations)

",False,True,0,0.0
1734A,3,"['dictionary', 'matrix operation', 'if statement']","['for loop', 'if statement']","['for loop', 'sorting', 'if statement', 'misc', 'while loop', 'tuple', 'matrix operation', 'hashmap', 'two pointers']","import math
import sys

def solve():
    t = int(input())
    for _ in range(t):
        n = int(input())
        sticks = list(map(int, input().split()))
        min_diff = float('inf')
        for i in range(n):
            for j in range(i+1, n):
                diff = abs(sticks[i] - sticks[j])
                min_diff = min(min_diff, diff)
        min_length = math.ceil(min_diff / 2) + 1
        operations = sum(1 for stick in sticks if stick % min_length != 0)
        print(operations)

",False,False,0,0.0
1734A,4,"['dictionary', 'matrix operation', 'if statement', 'for loop']",['for loop'],"['for loop', 'sorting', 'if statement', 'misc', 'while loop', 'tuple', 'matrix operation', 'hashmap', 'two pointers']","import math

def solve():
    def min_ops(sticks):
        n = len(sticks)
        if n < 3:
            return float('inf')
        min_ops_memo = [[0] * n for _ in range(n)]
        for i in range(1, n):
            min_ops_memo[i][i] = 1
            for j in range(i + 1, n):
                for k in range(j, n):
                    if sticks[j] > sticks[k] + sticks[i]:
                        break
                    min_ops_memo[i][k] = max(min_ops_memo[i][k], min_ops_memo[j][k] + 1)
        return min(min_ops_memo[1][-1], n - 1)

    while True:
        try:
            n = int(input())
            sticks = list(map(int, input().split()))
            if n < 3:
                print(0)
                continue
            min_ops = min_ops(sticks)
            print(min_ops)
        except EOFError:
            break

",False,False,0,0.0
1733A,0,['this is the og problem'],"['for loop', 'if statement', 'dynamic programming']","['for loop', 'tuple', 'matrix operation', 'while loop', 'if statement', 'vector', 'misc', 'hashmap', 'dictionary', 'sorting']","import math

def solve():
    t = int(input())
    for _ in range(t):
        n, k = map(int, input().split())
        a = list(map(int, input().split()))
        dp = [0] * (n + 1)
        for i in range(1, n + 1):
            dp[i] = max(dp[i], dp[i - 1])
            for j in range(i + k, n + 1, k):
                dp[i] = max(dp[i], dp[j] + sum(a[i:j]))
        print(dp[-1])

",False,True,1,0.3333333333333333
1733A,1,['misc'],"['recursion', 'dynamic programming', 'if statement']","['for loop', 'tuple', 'matrix operation', 'while loop', 'if statement', 'vector', 'misc', 'hashmap', 'dictionary', 'sorting']","import functools
from typing import List

def solve():
    def max_score(n, k, a):
        @functools.lru_cache(maxsize=None)
        def dp(i, j, rem):
            if i > j:
                return 0
            if i == j:
                return a[i]
            if rem == 0:
                return max(dp(i+1, j, k), dp(i, j-1, 0) + a[i] + a[j])
            else:
                return max(dp(i+1, j, rem), dp(i, j-1, rem-1) + a[i] + a[j])

        return max(dp(0, n-1, k))

    t = int(input())
    for _ in range(t):
        n, k = map(int, input().split())
        a = list(map(int, input().split()))
        print(max_score(n, k, a))

",False,True,2,0.6666666666666666
1733A,2,"['misc', 'for loop']","['for loop', 'tuple']","['for loop', 'tuple', 'matrix operation', 'while loop', 'if statement', 'vector', 'misc', 'hashmap', 'dictionary', 'sorting']","import math
import sys

def solve():
    t = int(input())
    for _ in range(t):
        n, k = map(int, input().split())
        a = list(map(int, input().split()))

        # Calculate the number of pairs that can be swapped
        pairs = math.ceil(n / k) - 1
        if pairs > k:
            print(-1)
            continue

        # Swap the required pairs
        for i in range(pairs):
            j = (i + k) % n
            a[i], a[j] = a[j], a[i]

        # Find the maximum sum of k consecutive elements
        max_sum = float('-inf')
        for i in range(n - k + 1):
            max_sum = max(max_sum, sum(a[i:i+k]))

        print(max_sum)

",True,False,0,0.0
1733A,3,"['misc', 'for loop', 'if statement']",['for loop'],"['for loop', 'tuple', 'matrix operation', 'while loop', 'if statement', 'vector', 'misc', 'hashmap', 'dictionary', 'sorting']","from collections import deque
import sys

def solve():
    t = int(input())
    for _ in range(t):
        n, k = map(int, input().split())
        a = list(map(int, input().split()))

        # Create a deque to store the current window of elements
        window = deque(a[::k])
        max_sum = sum(window)

        # Perform swaps to maximize the sum of the window
        for i in range(k, n+1, k):
            j = (i - k) % k
            if a[i] > a[j] and a[i] + window[-1] > max_sum:
                window.pop()
                window.append(a[i])
                max_sum = a[i] + window[-1]

        print(max_sum)

",False,False,0,0.0
1733A,4,"['misc', 'for loop', 'if statement', 'recursion']","['for loop', 'tuple', 'queue', 'if statement']","['for loop', 'tuple', 'matrix operation', 'while loop', 'if statement', 'vector', 'misc', 'hashmap', 'dictionary', 'sorting']","from collections import deque
import sys

def solve():
    t = int(input())
    for _ in range(t):
        n, k = map(int, input().split())
        a = list(map(int, input().split()))
        q = deque()
        max_score = 0
        for i in range(n):
            q.append((i, a[i]))
            if len(q) > k:
                q.popleft()
            if len(q) == k:
                max_score = max(max_score, sum(q[-k:]))
        print(max_score)

",False,False,1,0.25
1733A,5,"['misc', 'for loop', 'if statement', 'recursion', 'queue']",['for loop'],"['for loop', 'tuple', 'matrix operation', 'while loop', 'if statement', 'vector', 'misc', 'hashmap', 'dictionary', 'sorting']","import math
import functools

def solve():
    def max_score(n, k, a):
        @functools.lru_cache(maxsize=None)
        def dp(i, rem):
            if i == k:
                return sum(a[i-k:i])
            max_sum = 0
            for j in range(i+1, min(i+k, n)+1):
                if (i-1) % k == (j-1) % k:
                    max_sum = max(max_sum, dp(j, (j-1) % k) + a[i-1] + a[j-1] - 2 * a[i])
            return max_sum
        return max(dp(i, i % k) for i in range(1, n+1))

    t = int(input())
    for _ in range(t):
        n, k = map(int, input().split())
        a = list(map(int, input().split()))
        print(max_score(n, k, a))

",False,False,0,0.0
1731A,0,['this is the og problem'],"['while loop', 'recursion']","['for loop', 'tuple', 'hashmap', 'dictionary', 'pass statement', 'if statement', 'list', 'multiplication operation', 'addition operation', 'while loop', 'matrix operation', 'misc']","import math

def solve():
    def gcd(a, b):
        while b:
            a, b = b, a % b
        return a

    def extended_euclidean(a, b):
        if not b:
            return (1, 0, a)
        else:
            g, x1, y1 = extended_euclidean(b, a % b)
            x = y1 - (a // b) * x1
            y = x1
            return (g, x, y)

    def solve_subarray(arr, start, end):
        if start == end:
            return arr[start]
        mid = (start + end) // 2
        x, y = extended_euclidean(arr[start], arr[mid])
        if x > y:
            x, y = y, x
        max_x = math.inf
        max_y = -1
        for i in range(start, mid):
            if arr[i] % arr[mid] == 0 and arr[i] // arr[mid] <= x:
                max_x = min(max_x, arr[i])
        for i in range(mid + 1, end + 1):
            if arr[i] % arr[mid] == arr[mid] % arr[i] and arr[i] // arr[mid] <= y:
                max_y = max(max_y, arr[i])
        return max(solve_subarray(arr, start, mid) * solve_subarray(arr, mid, end), max_x * max_y)

    t = int(input())
    for _ in range(t):
        n = int(input())
        arr = list(map(int, input().split()))
        print(2022 * solve_subarray(arr, 0, n - 1))

",False,True,1,0.5
1731A,1,['for loop'],"['while loop', 'recursion']","['for loop', 'tuple', 'hashmap', 'dictionary', 'pass statement', 'if statement', 'list', 'multiplication operation', 'addition operation', 'while loop', 'matrix operation', 'misc']","from functools import reduce

def solve():
    def gcd(a, b):
        while b:
            a, b = b, a % b
        return a

    def extend_gcd(a, b, x, y):
        if a == 0:
            return (0, 1, 0, 0)
        else:
            q, x1, y1, x0 = extend_gcd(b % a, a, y, x - (b // a) * y)
            return (q, x0 - q * x1, y0 - q * y1, x1)

    def extended_euclidean(a, b):
        q, x, y, x0 = extend_gcd(abs(a), abs(b), 0, 1)
        if a < 0:
            x = -x
        if b < 0:
            y = -y
        return (q, x, y)

    def get_max_sum(a):
        n = len(a)
        dp = [[0] * n for _ in range(n)]
        for i in range(n):
            dp[i][i] = a[i]
            for j in range(i + 1, n):
                g = gcd(a[i], a[j])
                if g > 1:
                    q, x, y = extended_euclidean(a[i], g)
                    dp[i][j] = dp[i][i] * x * dp[j][j] * y
                else:
                    for k in range(i + 1, j):
                        dp[i][j] = max(dp[i][j], dp[i][k] + dp[k][j])
        return max(reduce(lambda x, y: x + y, dp[0]))

    t = int(input())
    for _ in range(t):
        n = int(input())
        a = list(map(int, input().split()))
        print(2022 * get_max_sum(a))

",False,True,1,0.5
1731A,2,"['for loop', 'recursion']",['while loop'],"['for loop', 'tuple', 'hashmap', 'dictionary', 'pass statement', 'if statement', 'list', 'multiplication operation', 'addition operation', 'while loop', 'matrix operation', 'misc']","from collections import defaultdict

def solve():
    def gcd(a, b):
        while b:
            a, b = b, a % b
        return a

    def extend_gcd(a, b):
        if not b:
            return (1, 0, 0, a)
        else:
            x, y, x1, y1 = extend_gcd(b, a % b)
            return (y1, x - y * (a // b), x1, y)

    def solve_subarray(arr, start, end):
        if start == end:
            return arr[start], 1
        mid = (start + end) // 2
        x1, y1, _, _ = extend_gcd(arr[start], arr[mid])
        x2, y2, _, _ = extend_gcd(arr[mid + 1], arr[end])
        if x1 * x2 == y1 * y2:
            prod = arr[start] * arr[mid] * arr[mid + 1] * arr[end]
            return solve_subarray(arr[:mid], start, mid) + solve_subarray(arr[mid + 1:], mid + 1, end), prod
        if x1 * y2 > y1 * x2:
            return solve_subarray(arr, start, mid), arr[start:mid + 1].index(y1 // y2) * arr[mid + 1:end].index(x1 // x2) * arr[start] * arr[mid] * arr[mid + 1] * arr[end]
        return solve_subarray(arr, mid + 1, end), arr[start:mid + 1].index(y2 // y1) * arr[start:mid].index(x2 // x1) * arr[start] * arr[mid] * arr[mid + 1] * arr[end]

    def solve_array(arr):
        n = len(arr)
        dp = defaultdict(lambda: defaultdict(int))
        for i in range(n):
            for j in range(i + 1, n):
                g = gcd(arr[i], arr[j])
                dp[i][j] = dp[i][j - 1] + arr[j] // g
                dp[j][i] = dp[j + 1][i] + arr[i] // g
        max_sum = 0
        for i in range(1, n):
            for j in range(i + 1, n):
                x, y = extend_gcd(arr[i], arr[j])
                max_sum = max(max_sum, dp[i][j - 1] * y + dp[j][i - 1] * x)
        return max_sum

    for _ in range(int(input())):
        n = int(input())
        arr = list(map(int, input().split()))
        print(2022 * solve_array(arr) + solve_subarray(arr, 0, n - 1)[1])

",False,True,0,0.0
1731A,3,"['for loop', 'recursion', 'dictionary']","['recursion', 'while loop']","['for loop', 'tuple', 'hashmap', 'dictionary', 'pass statement', 'if statement', 'list', 'multiplication operation', 'addition operation', 'while loop', 'matrix operation', 'misc']","import math

def solve():
    def gcd(a, b):
        while b:
            a, b = b, a % b
        return a

    def extended_gcd(a, b):
        if a == 0:
            return (0, 1)
        else:
            g, y, x = extended_gcd(b % a, a)
            return (a, g, x - (b // a) * x)

    def solve_array(arr):
        n = len(arr)
        dp = [[0] * n for _ in range(n)]
        for i in range(n):
            dp[i][i] = arr[i]

        for k in range(2, n + 1):
            for i in range(n - k + 1):
                j = i + k
                dp[i][j] = math.inf
                for m in range(i, j):
                    g, x, y = extended_gcd(dp[i][m], dp[m + 1][j])
                    if g > dp[i][j]:
                        dp[i][j] = g
                        dp[i][j] *= (dp[m + 1][j] * x - dp[i][m] * y)

        return dp[0][-1]

    t = int(input())
    for _ in range(t):
        n = int(input())
        arr = list(map(int, input().split()))
        print(2022 * solve_array(arr))

",False,False,1,0.5
1731A,4,"['for loop', 'recursion', 'dictionary', 'while loop']","['recursion', 'while loop']","['for loop', 'tuple', 'hashmap', 'dictionary', 'pass statement', 'if statement', 'list', 'multiplication operation', 'addition operation', 'while loop', 'matrix operation', 'misc']","import math

def solve():
    def gcd(a, b):
        while b:
            a, b = b, a % b
        return a

    def extended_euclidean_algorithm(a, b):
        if b == 0:
            return (1, 0, a)
        else:
            g, y, x = extended_euclidean_algorithm(b, a % b)
            return (g, x - (a // b) * x, y)

    def get_factors(n):
        factors = []
        i = 2
        while i * i <= n:
            if n % i:
                i += 1
            else:
                factors.append(i)
                n //= i
        if n > 1:
            factors.append(n)
        return factors

    def solve_array(a):
        n = len(a)
        max_sum = 0
        for i in range(n):
            for j in range(i + 1, n):
                product = a[i] * a[j]
                factors_product = get_factors(product)
                if len(factors_product) > 2:
                    continue
                g, x, y = extended_euclidean_algorithm(factors_product[0], factors_product[1] if len(factors_product) == 2 else 1)
                if g > max_sum:
                    max_sum = g
                    new_a = [x if i == k else y if j == k else a[k] for k in range(n)]
                    if all(new_a[i] * new_a[j] == product for i in range(n) for j in range(i + 1, n)):
                        return new_a
        return a

    t = int(input())
    for _ in range(t):
        n = int(input())
        a = list(map(int, input().split()))
        a = solve_array(a)
        print(2022 * sum(a))

",False,False,1,0.5
1731A,5,"['for loop', 'recursion', 'dictionary', 'while loop', 'hashmap']","['recursion', 'while loop']","['for loop', 'tuple', 'hashmap', 'dictionary', 'pass statement', 'if statement', 'list', 'multiplication operation', 'addition operation', 'while loop', 'matrix operation', 'misc']","import math

def solve():
    def gcd(a, b):
        while b:
            a, b = b, a % b
        return a

    def extended_euclidean(a, b):
        if not b:
            return (1, 0, a)
        else:
            g, x1, y1 = extended_euclidean(b, a % b)
            x = y1 - (a // b) * x1
            y = x1
            return g, x, y

    def solve_array(a):
        n = len(a)
        max_sum = 0
        for i in range(n):
            for j in range(i + 1, n):
                g = gcd(a[i], a[j])
                if g > 1:
                    x, x1, y = extended_euclidean(a[i], a[j] // g)
                    max_sum = max(max_sum, x * y * (n - 2))
        return max_sum

    t = int(input())
    for _ in range(t):
        n = int(input())
        a = list(map(int, input().split()))
        print(2022 * solve_array(a))

",False,False,1,0.5
1730A,0,['this is the og problem'],"['if statement', 'for loop', 'sorting']","['while loop', 'tuple', 'hashmap', 'for loop', 'set', 'dictionary', 'matrix operation', 'if statement', 'break statement', 'sorting']","import sys

def solve():
    t = int(input())
    for _ in range(t):
        n, c = map(int, input().split())
        planets = list(map(int, input().split()))
        planets.sort()
        cost = 0
        for i in range(1, len(planets)):
            if planets[i] != planets[i - 1]:
                if planets[i - 1] == planets[i] - 1:
                    cost += 1
                else:
                    cost += c
        cost += len([x for x in planets if x != planets[-1]])
        print(cost)

",False,True,0,0.0
1730A,1,['hashmap'],"['for loop', 'sorting', 'tuple', 'heap']","['while loop', 'tuple', 'hashmap', 'for loop', 'set', 'dictionary', 'matrix operation', 'if statement', 'break statement', 'sorting']","import heapq

def solve():
    for _ in range(int(input())):
        n, c = map(int, input().split())
        planets = list(map(int, input().split()))
        planets.sort()

        cost = 0
        planets_heap = [(planet, i) for i, planet in enumerate(planets)]
        heapq.heapify(planets_heap)

        while planets_heap:
            planet, index = heapq.heappop(planets_heap)
            if not planets_heap or planets[index] != planets_heap[0][0]:
                cost += 1
                if index + 1 < len(planets) and planets[index + 1] == planet:
                    continue
                heapq.heappush(planets_heap, (planet, index))
            else:
                cost += c
                while planets_heap[0][0] == planet:
                    heapq.heappop(planets_heap)

        print(cost)
",False,True,1,0.25
1730A,2,"['hashmap', 'sorting']","['tuple', 'heap']","['while loop', 'tuple', 'hashmap', 'for loop', 'set', 'dictionary', 'matrix operation', 'if statement', 'break statement', 'sorting']","import heapq

def solve():
    n, c = map(int, input().split())
    planets = list(map(int, input().split()))

    planets.sort()
    planets.append(float('inf'))

    costs = [0] * (n + 1)
    costs[1] = 1

    for i in range(2, n + 1):
        costs[i] = min(costs[i - 1] + 1, costs[heapq.partition(planets, planets[i])[0]] + c)

    print(costs[-1])

",False,True,1,0.5
1730A,3,"['hashmap', 'sorting', 'matrix operation']",['for loop'],"['while loop', 'tuple', 'hashmap', 'for loop', 'set', 'dictionary', 'matrix operation', 'if statement', 'break statement', 'sorting']","import heapq

def solve():
    n, c = int(input()), int(input())
    planets = list(map(int, input().split()))
    planets.sort()

    cost = 0
    planets_heap = [(planet, i) for i, planet in enumerate(planets)]
    heapq.heapify(planets_heap)

    while planets_heap:
        planet, index = heapq.heappop(planets_heap)
        if not planets_heap or planets[index] != planets_heap[0][0]:
            cost += planet
        else:
            orbit = planet
            planets_to_destroy = []
            while planets_heap[0][0] == orbit:
                orbit, index = heapq.heappop(planets_heap)
                planets_to_destroy.append(index)
            if len(planets_to_destroy) > 1:
                cost += c
                for index in planets_to_destroy:
                    planets[index] = -1
            else:
                cost += 1
                for i in range(len(planets)):
                    if planets[i] == planet:
                        planets[i] = -1

    for planet in planets:
        if planet != -1:
            cost += planet

    print(cost)
",False,True,0,0.0
1730A,4,"['hashmap', 'sorting', 'matrix operation', 'for loop']",['for loop'],"['while loop', 'tuple', 'hashmap', 'for loop', 'set', 'dictionary', 'matrix operation', 'if statement', 'break statement', 'sorting']","import heapq

def solve():
    n, c = int(input()), int(input())
    planets = list(map(int, input().split()))
    planets.sort()

    cost = 0
    planets_heap = [(planet, i) for i, planet in enumerate(planets)]
    heapq.heapify(planets_heap)

    while planets_heap:
        planet, index = heapq.heappop(planets_heap)
        if len(planets_heap) >= planet:
            cost += c
            for _ in range(planet):
                heapq.heappop(planets_heap)
        else:
            cost += 1

    return cost
",False,False,0,0.0
1730A,5,"['hashmap', 'sorting', 'matrix operation', 'for loop', 'while loop']",['for loop'],"['while loop', 'tuple', 'hashmap', 'for loop', 'set', 'dictionary', 'matrix operation', 'if statement', 'break statement', 'sorting']","import heapq

def solve():
    def min_cost(n, c, a):
        planets = sorted(set(a))
        costs = [0] * (max(planets) + 1)
        for planet in a:
            costs[planet] += 1
        for planet in planets:
            costs[planet] = min(costs[planet], 1 + costs[planet - 1])
        q = [(costs[planet], planet) for planet in planets]
        heapq.heapify(q)
        result = 0
        while q:
            cost, planet = heapq.heappop(q)
            if cost <= c:
                result += cost
                if planet != 1:
                    result += min_cost(n - 1, c, [a_i for a_i in a if a_i > planet])
            else:
                result += c
                if planet != 1:
                    result += min_cost(n - len([a_i for a_i in a if a_i == planet]), c, [])
        return result

    t = int(input())
    for _ in range(t):
        n, c = map(int, input().split())
        a = list(map(int, input().split()))
        print(min_cost(n, c, a))
",False,False,0,0.0
1729B,0,['this is the og problem'],"['for loop', 'if statement']","['recursion', 'depth first search', 'stack', 'for loop', 'while loop', 'if statement', 'misc', 'matrix operation', 'tuple']","import re

def solve():
    q = int(input())
    for _ in range(q):
        n = int(input())
        code = input()
        s = """"
        for i in range(0, len(code), 2):
            num = int(code[i:i+2])
            if num >= 10:
                s += chr(ord('a') + num - 10)
            else:
                s += chr(ord('a') + num)
        print(s)

",False,True,0,0.0
1729B,1,['while loop'],['for loop'],"['recursion', 'depth first search', 'stack', 'for loop', 'while loop', 'if statement', 'misc', 'matrix operation', 'tuple']","from collections import defaultdict

def solve():
    n = int(input())
    t = input()
    alphabet = list('abcdefghijklmnopqrstuvwxyz')
    num_dict = defaultdict(int)
    result = []

    for char in t:
        num = int(char)
        if num < 10:
            result.append(alphabet[num - 1])
        else:
            num_dict[num // 10] += 10
            result.append(alphabet[num % 10 - 1])

    while num_dict:
        num = num_dict.popitem()
        result.append(str(num))

    return ''.join(result[::-1])
",False,True,0,0.0
1729B,2,"['while loop', 'pass statement']",['for loop'],"['recursion', 'depth first search', 'stack', 'for loop', 'while loop', 'if statement', 'misc', 'matrix operation', 'tuple']","import re

def solve():
    q = int(input())
    for _ in range(q):
        n = int(input())
        code = input()
        s = re.sub(r'(\d+)(0*)$', lambda x: chr(int(x.group(1)) - int(len(x.group(1))) + 97), code)
        print(s)

",False,True,0,0.0
1729B,3,"['while loop', 'pass statement', 'if statement']","['for loop', 'if statement', 'misc']","['recursion', 'depth first search', 'stack', 'for loop', 'while loop', 'if statement', 'misc', 'matrix operation', 'tuple']","import string

def solve(t):
 result = """"
 for char in t:
 num = string.ascii_lowercase.index(char) + 1
 if num < 10:
 result += str(num)
 else:
 result += str(num) + ""0""
 return result
",False,False,0,0.0
1729B,4,"['while loop', 'pass statement', 'if statement', 'matrix operation']","['for loop', 'if statement', 'queue', 'misc']","['recursion', 'depth first search', 'stack', 'for loop', 'while loop', 'if statement', 'misc', 'matrix operation', 'tuple']","from collections import deque

def solve():
    q = int(input())
    for _ in range(q):
        n = int(input())
        code = input()
        stack = deque()
        result = """"
        for c in code:
            if c.isdigit():
                stack.append(int(c))
            else:
                result += chr(ord('a') + stack.popleft())
        print(result)

",True,False,1,0.25
1729B,5,"['while loop', 'pass statement', 'if statement', 'matrix operation', 'for loop']","['queue', 'for loop', 'if statement']","['recursion', 'depth first search', 'stack', 'for loop', 'while loop', 'if statement', 'misc', 'matrix operation', 'tuple']","from collections import deque

def solve(t):
    q = deque()
    result = """"
    for char in t:
        if char.isdigit():
            q.append(int(char))
        else:
            num = sum(q)
            result += chr(ord('a') + num)
            q.clear()
            q.append(num // 10)
    if q:
        num = sum(q)
        result += chr(ord('a') + num)
    return result
",False,False,1,0.3333333333333333
1729A,0,['this is the og problem'],"['for loop', 'if statement']","['for loop', 'if statement', 'tuple', 'misc', 'while loop', 'matrix operation', 'hashmap']","import math

def solve():
    t = int(input())
    for _ in range(t):
        a, b, c = map(int, input().split())
        if abs(a - 1) < abs(b - c):
            print(1)
        elif abs(b - c) < abs(a - 1):
            print(2)
        else:
            print(3)
",False,True,0,0.0
1729A,1,['misc'],"['for loop', 'if statement', 'tuple']","['for loop', 'if statement', 'tuple', 'misc', 'while loop', 'matrix operation', 'hashmap']","import math

def solve():
    for _ in range(int(input())):
        a, b, c = map(int, input().split())
        if a == 1:
            time1 = 0 if b == 1 else abs(1 - b)
            time2 = abs(c - 1) + abs(1 - c)
            print(1 if time1 < time2 else 2 if time2 < time1 else 3)
        else:
            time1 = abs(a - 1) + abs(1 - c)
            time2 = abs(b - 1) + abs(c - b)
            print(1 if time1 < time2 else 2 if time2 < time1 else 3)
",False,True,0,0.0
1729A,2,"['misc', 'for loop']","['if statement', 'for loop']","['for loop', 'if statement', 'tuple', 'misc', 'while loop', 'matrix operation', 'hashmap']","import math

def solve():
    t = int(input())
    for _ in range(t):
        a, b, c = map(int, input().split())
        if a == 1:
            time1 = 0
            time2 = abs(1 - c) + abs(b - c)
        else:
            time1 = abs(a - 1)
            time2 = abs(1 - c) + abs(b - c) + abs(b - a)
        print(1 if time1 < time2 else (2 if time2 < time1 else 3))
",False,False,0,0.0
1729A,3,"['misc', 'for loop', 'tuple']","['if statement', 'for loop']","['for loop', 'if statement', 'tuple', 'misc', 'while loop', 'matrix operation', 'hashmap']","import math

def solve():
    for _ in range(int(input())):
        a, b, c = map(int, input().split())
        if a == 1:
            time1 = 0
            time2 = abs(1 - c) + abs(b - c)
        else:
            time1 = abs(a - 1)
            time2 = abs(b - c) + abs(1 - c)
        print(1 if time1 <= time2 else (2 if time2 <= time1 else 3))
",False,False,0,0.0
1729A,4,"['misc', 'for loop', 'tuple', 'if statement']","['if statement', 'for loop', 'tuple', 'if statement', 'for loop', 'tuple']","['for loop', 'if statement', 'tuple', 'misc', 'while loop', 'matrix operation', 'hashmap']","import math

def solve():
    for _ in range(int(input())):
        a, b, c = map(int, input().split())
        if a == 1:
            time1 = 0
            time2 = abs(1 - c) + abs(b - c)
        else:
            time1 = abs(a - 1)
            time2 = abs(1 - c) + abs(b - c)
        print(1 if time1 < time2 else (2 if time2 < time1 else 3))
",True,False,0,0.0
1728B,0,['this is the og problem'],['for loop'],"['if statement', 'for loop', 'while loop', 'misc', 'matrix operation', 'tuple', 'continue statement']","import itertools
import sys

def solve():
    n = int(input())
    max_val = float('-inf')
    max_perm = None

    for perm in itertools.permutations(range(1, n+1)):
        val = 0
        for i, num in enumerate(perm):
            if val < num:
                val += num
            else:
                val = 0
        if val > max_val:
            max_val = val
            max_perm = list(perm)

    print(*max_perm)

",False,True,0,0.0
1728B,1,['if statement'],['for loop'],"['if statement', 'for loop', 'while loop', 'misc', 'matrix operation', 'tuple', 'continue statement']","import functools
import itertools

def solve():
    n = int(input())
    max_value = float('-inf')
    max_perm = None

    for perm in itertools.permutations(range(1, n + 1)):
        value = functools.reduce(lambda x, y: x + y if x < y else 0, perm, 0)
        if value > max_value:
            max_value = value
            max_perm = list(perm)

    print(*max_perm)
",False,True,0,0.0
1728B,2,"['if statement', 'tuple']","['for loop', 'if statement', 'tuple', 'break statement']","['if statement', 'for loop', 'while loop', 'misc', 'matrix operation', 'tuple', 'continue statement']","import itertools
import operator

def solve():
    for n in range(1, 101):
        permutations = list(itertools.permutations(range(1, n+1)))
        max_permutation = max(permutation for permutation in permutations)
        max_value = sum(max_permutation)
        for permutation in permutations:
            value = sum(permutation)
            if value == max_value:
                print(*permutation)
                break

",False,False,1,0.25
1728B,3,"['if statement', 'tuple', 'for loop']",['for loop'],"['if statement', 'for loop', 'while loop', 'misc', 'matrix operation', 'tuple', 'continue statement']","import functools
import operator
import sys

def solve():
    n = int(input())
    permutation = list(range(1, n + 1))
    permutation = sorted(permutation, key=functools.reduce(operator.mul, permutation, 1), reverse=True)
    print(*permutation)

",False,False,0,0.0
1728B,4,"['if statement', 'tuple', 'for loop', 'matrix operation']",['heap'],"['if statement', 'for loop', 'while loop', 'misc', 'matrix operation', 'tuple', 'continue statement']","import sys
import heapq

def solve():
    n = int(input())
    p = list(range(1, n + 1))
    heapq.heapify(p)

    for _ in range(n - 1):
        p[0] += p.pop()
        heapq.heappush(p, p[0])

    print(*p)

",False,True,1,1.0
1728A,0,['this is the og problem'],"['while loop', 'recursion']","['for loop', 'if statement', 'matrix operation', 'tuple', 'dictionary', 'hashmap', 'while loop', 'break statement']","import math

def solve():
    def gcd(a, b):
        while b:
            a, b = b, a % b
        return a

    def find_remaining_color(cnts):
        gcd_val = gcd(*cnts)
        for color in cnts:
            if color % gcd_val != 0:
                return color
        return cnts[0]

    t = int(input())
    for _ in range(t):
        n = int(input())
        cnts = list(map(int, input().split()))
        assert sum(cnts) % 2 == 1, ""The total amount of balls in the bag must be odd.""
        remaining_color = find_remaining_color(cnts)
        print(remaining_color)
",False,True,1,0.5
1728A,1,['for loop'],"['if statement', 'for loop', 'set']","['for loop', 'if statement', 'matrix operation', 'tuple', 'dictionary', 'hashmap', 'while loop', 'break statement']","import math

def solve():
    n = int(input())
    for _ in range(n):
        colors, total = list(map(int, input().split()))
        total -= sum(colors)
        if total == 0:
            print(-1)
        else:
            # Find the majority color
            majority_color = max(set(colors), key=colors.count)
            # If there is no majority color, then the remaining ball must be the only color left
            if colors.count(majority_color) > math.floor((total + 1) / 2):
                print(majority_color)
            else:
                # If there is no majority color, then the remaining ball must be the only color left
                print(list(set(colors) - {majority_color})[0])

",False,False,1,0.3333333333333333
1728A,2,"['for loop', 'recursion']",['for loop'],"['for loop', 'if statement', 'matrix operation', 'tuple', 'dictionary', 'hashmap', 'while loop', 'break statement']","import collections

def solve():
    n = int(input())
    graph = collections.defaultdict(list)
    for _ in range(n):
        cnt = list(map(int, input().split()))
        for i in range(len(cnt)):
            for j in range(i):
                if cnt[i] > 0 and cnt[j] > 0 and i != j:
                    graph[i].append(j)
                    graph[j].append(i)

    for color in range(1, n+1):
        if not graph[color]:
            return color

    # Check for cycles in the graph
    visited = set()
    stack = [(color, -1) for color in graph]
    while stack:
        color, last_color = stack.pop()
        if color in visited:
            return -1
        visited.add(color)
        for neighbor in graph[color]:
            if neighbor != last_color:
                stack.append((neighbor, color))

    # If no cycles are found, return the color of the last ball we saw
    return last_color

",True,False,0,0.0
1725A,0,['this is the og problem'],"['recursion', 'matrix operation', 'for loop', 'if statement', 'dynamic programming']","['if statement', 'tuple', 'matrix operation', 'misc', 'for loop']","import functools

@functools.lru_cache(maxsize=None)
def solve(n, m):
    grid = [[i for i in range(1, m + i)] for i in range(1, n + 1)]
    tight_dominoes = 0
    for i in range(1, n):
        for j in range(1, m):
            if abs(grid[i][j] - grid[i - 1][j]) == 1:
                tight_dominoes += 1
                for k in range(i + 1, n):
                    if grid[k][j] in (grid[i][j] - 1, grid[i][j] + 1) and grid[k][j] not in grid[i - 1:i + 1]:
                        tight_dominoes += 1
    return tight_dominoes
",False,True,2,0.4
1725A,1,['tuple'],['if statement'],"['if statement', 'tuple', 'matrix operation', 'misc', 'for loop']","import math

def solve():
    def is_tight_domino(a, b):
        return abs(a - b) == 1

    def count_dominoes(n, m):
        grid = [[i for i in range(m * i, m * (i + 1))] for i in range(1, n + 1)]
        dominoes = set()
        for i in range(1, n):
            for j in range(i + 1, n + 1):
                for k in range(min(grid[i]) + 1, max(grid[i], grid[j]) - 1):
                    if is_tight_domino(grid[i][0], k) and is_tight_domino(k, grid[j][0]):
                        domino = (grid[i][0], k, grid[j][0])
                        dominoes.add(domino)
        return len(dominoes)

    n, m = map(int, input().split())
    result = count_dominoes(n, m)
    print(result)
",False,True,0,0.0
1725A,2,"['tuple', 'for loop']","['matrix operation', 'for loop', 'set', 'if statement']","['if statement', 'tuple', 'matrix operation', 'misc', 'for loop']","import numpy as np

def solve(N, M):
    grid = np.arange(1, (N * M) + 1).reshape(N, M)
    dominoes = set()
    for i in range(N - 1):
        for j in range(M):
            if grid[i][j] + 1 in grid[i + 1][j]:
                dominoes.add((grid[i][j], grid[i + 1][j]))
    return len(dominoes)
",False,False,1,0.25
1725A,3,"['tuple', 'for loop', 'matrix operation']",['for loop'],"['if statement', 'tuple', 'matrix operation', 'misc', 'for loop']","from typing import List

def solve():
    def is_tight(a, b):
        return abs(a - b) == 1

    def get_dominoes(grid):
        dominoes = set()
        for i in range(1, len(grid)):
            for j in range(1, len(grid[i])):
                if i > j and is_tight(grid[i][j], grid[j][i]):
                    dominoes.add((i, j))
        return dominoes

    def count_distinct(dominoes):
        count = 0
        for domino in dominoes:
            pair = tuple(domino)
            if pair not in count_dict:
                count += 1
                count_dict[pair] = 1
            else:
                count_dict[pair] += 1
        return count

    n, m = map(int, input().split())
    grid = [[i for i in range(m * i, m * (i + 1))] for i in range(1, n + 1)]
    dominoes = get_dominoes(grid)
    count_dict = {}
    result = count_distinct(dominoes)
    print(result)

",False,False,0,0.0
1725A,4,"['tuple', 'for loop', 'matrix operation', 'if statement']",['recursion'],"['if statement', 'tuple', 'matrix operation', 'misc', 'for loop']","def solve():
    def is_tight_domino(a, b):
        return abs(a - b) == 1

    def get_dominoes(n, m):
        dominoes = set()
        for i in range(1, n + 1):
            for j in range(i + 1, min(i + m, n + 1)):
                if is_tight_domino(i, j):
                    dominoes.add((i, j))
        return dominoes

    def count_distinct_dominoes(dominoes):
        count = 0
        for domino in dominoes:
            pair = frozenset(domino)
            if pair not in count_dict:
                count += 1
                count_dict[pair] = 1
            else:
                count_dict[pair] += 1
        return count

    n, m = map(int, input().split())
    dominoes = get_dominoes(n, m)
    count = count_distinct_dominoes(dominoes)
    print(count)

",False,True,1,1.0
1722C,0,['this is the og problem'],['for loop'],"['if statement', 'for loop', 'dictionary', 'continue statement', 'misc', 'set', 'while loop', 'hashmap', 'tuple', 'matrix operation']","import collections
import itertools

def solve():
    t = int(input())
    for _ in range(t):
        n = int(input())
        players = [set(input().split()) for _ in range(3)]
        points = collections.defaultdict(int)
        for word in itertools.product(*players):
            if len(set(word)) == 1:
                points[word[0]] += 3
            elif len(set(word)) == 2:
                points[word[0]] += 1
                points[word[1]] += 1
        print(*[points[player] for player in sorted(players)])

",False,True,0,0.0
1722C,1,['set'],['for loop'],"['if statement', 'for loop', 'dictionary', 'continue statement', 'misc', 'set', 'while loop', 'hashmap', 'tuple', 'matrix operation']","from collections import defaultdict, Counter

def solve():
    t = int(input())
    for _ in range(t):
        n = int(input())
        players = [list(input().split()) for _ in range(3)]
        words = defaultdict(Counter)
        for words_list in players:
            for word in words_list:
                words[word] += 1
        points = [0] * 3
        for word, count in words.items():
            if count == 1:
                points[words[word] - 1] += 3
            elif count == 2:
                points[words[word] - 1] += 1
        print(*points)

",False,True,0,0.0
1722C,2,"['set', 'if statement']",['for loop'],"['if statement', 'for loop', 'dictionary', 'continue statement', 'misc', 'set', 'while loop', 'hashmap', 'tuple', 'matrix operation']","import collections
import itertools

def solve():
    t = int(input())
    for _ in range(t):
        n = int(input())
        players = collections.defaultdict(set)
        for _ in range(3):
            words = input().split()
            for word in words:
                players[len(players[word])].add(word)
        points = [len(players[i]) * 3 + len(players[i] & players[j]) * 2 + len(players[i] & players[j] & players[k]) for i, j, k in itertools.permutations(range(3))]
        print(*points)

",False,True,0,0.0
1722C,3,"['set', 'if statement', 'for loop']",['for loop'],"['if statement', 'for loop', 'dictionary', 'continue statement', 'misc', 'set', 'while loop', 'hashmap', 'tuple', 'matrix operation']","import collections
import itertools

def solve():
    t = int(input())
    for _ in range(t):
        n = int(input())
        players = collections.defaultdict(set)
        for _ in range(3):
            words = set(input().split())
            for word in words:
                players[len(players[word])].add(word)
        points = [sum(1 for _ in range(1, 4)) if len(players[i]) == 3 else sum(1 for _ in range(1, 4) if len(players[i]) == 2) for i in range(1, 4)]
        print(*points)

",False,False,0,0.0
1722C,4,"['set', 'if statement', 'for loop', 'matrix operation']",['for loop'],"['if statement', 'for loop', 'dictionary', 'continue statement', 'misc', 'set', 'while loop', 'hashmap', 'tuple', 'matrix operation']","from collections import Counter

def solve():
    t = int(input())
    for _ in range(t):
        n = int(input())
        players = [set(input().split()) for _ in range(3)]
        points = [0] * 3
        words = Counter(sum(players, []))
        for word, count in words.items():
            if count == 1:
                points[words[word] - 1] += 3
            elif count == 2:
                points[words[word] - 1] += 1
        print(*points)

",False,False,0,0.0
1722B,0,['this is the og problem'],"['if statement', 'for loop', 'dictionary']","['for loop', 'if statement', 'tuple', 'while loop', 'misc']","from collections import Counter

def solve():
    t = int(input())
    for _ in range(t):
        n = int(input())
        row1 = input()
        row2 = input()
        counter1 = Counter(row1)
        counter2 = Counter(row2)
        if counter1['G'] == counter2['B'] and counter1['B'] == counter2['G']:
            print(""YES"")
        else:
            print(""NO"")
",False,True,1,0.3333333333333333
1722B,1,['for loop'],"['for loop', 'if statement', 'hashmap']","['for loop', 'if statement', 'tuple', 'while loop', 'misc']","import collections

def solve():
    t = int(input())
    for _ in range(t):
        n = int(input())
        row1 = input()
        row2 = input()
        if collections.Counter(row1) == collections.Counter(row2):
            print(""YES"")
        else:
            print(""NO"")
",False,False,1,0.3333333333333333
1722B,2,"['for loop', 'while loop']",['misc'],"['for loop', 'if statement', 'tuple', 'while loop', 'misc']","def solve():
    import collections

    def is_same_color(row1, row2):
        color_counts = collections.Counter(row1)
        for color in ('R', 'G', 'B'):
            if color in row2 and color_counts[color] > 1:
                return False
        return True

    t = int(input())
    for _ in range(t):
        n = int(input())
        row1 = input()
        row2 = input()
        if is_same_color(row1, row2):
            print(""YES"")
        else:
            print(""NO"")
",False,True,0,0.0
1722B,3,"['for loop', 'while loop', 'set']","['for loop', 'if statement', 'hashmap']","['for loop', 'if statement', 'tuple', 'while loop', 'misc']","import collections

def solve():
    t = int(input())
    for _ in range(t):
        n = int(input())
        row1 = input()
        row2 = input()
        if collections.Counter(row1) == collections.Counter(row2):
            print(""YES"")
        else:
            print(""NO"")

",False,False,1,0.3333333333333333
1722B,4,"['for loop', 'while loop', 'set', 'if statement']","['for loop', 'if statement', 'hashmap']","['for loop', 'if statement', 'tuple', 'while loop', 'misc']","import collections

def solve():
    t = int(input())
    for _ in range(t):
        n = int(input())
        row1 = input()
        row2 = input()
        if collections.Counter(row1) == collections.Counter(row2):
            print(""YES"")
        else:
            print(""NO"")
",False,False,1,0.3333333333333333
1722A,0,['this is the og problem'],"['if statement', 'for loop']","['for loop', 'if statement', 'sorting', 'set', 'misc']","import re

def solve():
    t = int(input())
    for _ in range(t):
        n = int(input())
        s = input()
        if re.search(r'^[TMRiu]$', s):
            print(""YES"")
        else:
            print(""NO"")
",False,True,0,0.0
1722A,1,['for loop'],"['for loop', 'if statement']","['for loop', 'if statement', 'sorting', 'set', 'misc']","import re

def solve():
    t = int(input())
    for _ in range(t):
        n = int(input())
        s = input()
        if re.match(r'^[TMt](\w+)[Mm]$', s):
            print(""YES"")
        else:
            print(""NO"")
",False,False,0,0.0
1722A,2,"['for loop', 'while loop']","['for loop', 'if statement']","['for loop', 'if statement', 'sorting', 'set', 'misc']","import re

def solve():
    t = int(input())
    for _ in range(t):
        n = int(input())
        s = input()
        if re.match(r'^[TMt](\w+)\w*$', s):
            print(""YES"")
        else:
            print(""NO"")
",False,False,0,0.0
1722A,3,"['for loop', 'while loop', 'tuple']","['for loop', 'if statement']","['for loop', 'if statement', 'sorting', 'set', 'misc']","import re

def solve():
    t = int(input())
    for _ in range(t):
        n = int(input())
        s = input()
        if re.match(r'^(?=.*T)(?=.*[^Tt])\w{3,}' + s[::-1], s):
            print(""YES"")
        else:
            print(""NO"")
",False,False,0,0.0
1722A,4,"['for loop', 'while loop', 'tuple', 'if statement']","['for loop', 'if statement']","['for loop', 'if statement', 'sorting', 'set', 'misc']","import re

def solve():
    t = int(input())
    for _ in range(t):
        n = int(input())
        s = input()
        if re.match(r'^[TMt](\w{3})$', s):
            print(""YES"")
        else:
            print(""NO"")
",False,False,0,0.0
1722A,5,"['for loop', 'while loop', 'tuple', 'if statement', 'recursion']","['for loop', 'if statement']","['for loop', 'if statement', 'sorting', 'set', 'misc']","import re

def solve():
    t = int(input())
    for _ in range(t):
        n = int(input())
        s = input()
        if re.match(r'^[TMt][riu]*(M|R|I|U|T)$', s):
            print(""YES"")
        else:
            print(""NO"")
",False,False,0,0.0
1721A,0,['this is the og problem'],['for loop'],"['for loop', 'set', 'if statement', 'misc', 'dictionary', 'while loop', 'tuple']","from collections import Counter

def solve():
    def min_moves(image):
        count = Counter(image)
        if len(count) == 1:
            return 0
        else:
            return min(len(image) - count[max(count, key=count.get)] // 2, 2)

    t = int(input())
    for _ in range(t):
        image = input().strip()
        print(min_moves(image))
",False,True,0,0.0
1721A,1,['if statement'],"['set', 'for loop', 'if statement']","['for loop', 'set', 'if statement', 'misc', 'dictionary', 'while loop', 'tuple']","import itertools

def solve():
    def min_moves(image):
        colors = set(image)
        if len(colors) == 1:
            return 0
        for color in colors:
            pairs = [(i, j) for i, row in enumerate(image) for j, c in enumerate(row) if c == color]
            if len(pairs) == 2:
                return 1
        return len(colors) - 1

    t = int(input().strip())
    for _ in range(t):
        image = list(map(str, input().strip().split()))
        print(min_moves(image))
",False,False,0,0.0
1721A,2,"['if statement', 'tuple']","['if statement', 'dictionary', 'if statement', 'dictionary']","['for loop', 'set', 'if statement', 'misc', 'dictionary', 'while loop', 'tuple']","from collections import Counter

def solve():
    def min_moves(image):
        counts = Counter(image)
        if len(counts) == 1:
            return 0
        else:
            return min(len(counts) - 1, 2)

    t = int(input())
    for _ in range(t):
        image = input().strip()
        print(min_moves(image))
",False,False,0,0.0
1721A,3,"['if statement', 'tuple', 'for loop']",['for loop'],"['for loop', 'set', 'if statement', 'misc', 'dictionary', 'while loop', 'tuple']","import itertools

def solve():
    def min_moves(image):
        colors = set()
        for row in image:
            colors.update(row)
        if len(colors) == 1:
            return 0

        moves = 0
        for color in colors:
            pairs = list(itertools.combinations(image, 2))
            for pair in pairs:
                if pair[0] == pair[1] and len(set(pair[0]) & set(pair[1])) == 1:
                    moves += 1
                    for row in image:
                        if row[0] == color:
                            row[0] = pair[0][0] if pair[0][0] != pair[1][0] else pair[1][0]
                        if row[1] == color:
                            row[1] = pair[0][1] if pair[0][1] != pair[1][1] else pair[1][1]
                    break
        return moves

    t = int(input())
    for _ in range(t):
        image = list(map(str, input().split()))
        print(min_moves(image))
",False,False,0,0.0
1721A,4,"['if statement', 'tuple', 'for loop', 'break statement']",['dictionary'],"['for loop', 'set', 'if statement', 'misc', 'dictionary', 'while loop', 'tuple']","import collections

def solve():
    def min_moves(image):
        count = collections.Counter(image)
        if len(count) == 1:
            return 0
        min_count = min(count.values())
        return len(image) - min_count

    t = int(input())
    for _ in range(t):
        image = input()
        print(min_moves(image))

",False,True,0,0.0
1720B,0,['this is the og problem'],['for loop'],"['for loop', 'sorting', 'while loop', 'if statement', 'misc', 'tuple']","import sys
import math

def solve():
    t = int(input())
    for _ in range(t):
        n = int(input())
        a = list(map(int, input().split()))
        max_beauty = float('-inf')
        for i in range(1, n):
            for j in range(i+1, n):
                left_max = max(a[:i])
                left_min = min(a[:i])
                right_max = max(a[j:])
                right_min = min(a[j:])
                beauty = max_max - min_max + max_sub - min_sub
                max_beauty = max(max_beauty, beauty)
                max_max = max(left_max, right_max)
                min_max = min(left_max, right_max)
                max_sub = max(a[i:j+1])
                min_sub = min(a[i:j+1])
        print(max_beauty)

",False,True,0,0.0
1720B,1,['for loop'],"['if statement', 'for loop', 'misc']","['for loop', 'sorting', 'while loop', 'if statement', 'misc', 'tuple']","import functools
import sys
from typing import List

def solve():
    t = int(input())
    for _ in range(t):
        n = int(input())
        a = list(map(int, input().split()))
        max_beauty = float('-inf')
        for i in range(1, n):
            for j in range(i+1, n):
                beauty = max(a[:i] + a[j+1:]) - min(a[:i] + a[j+1:]) + max(a[i:j]) - min(a[i:j])
                max_beauty = max(max_beauty, beauty)
        print(max_beauty)

",False,False,0,0.0
1720B,2,"['for loop', 'tuple']","['recursion', 'dynamic programming']","['for loop', 'sorting', 'while loop', 'if statement', 'misc', 'tuple']","import sys
import functools

def solve():
    def max_beauty(arr):
        n = len(arr)
        @functools.lru_cache(maxsize=None)
        def dfs(l, r):
            if l == r:
                return 0
            if r - l + 1 == 1:
                return max(arr[l], arr[r]) - min(arr[l], arr[r])
            max_left = max(arr[:l])
            max_right = max(arr[r+1:])
            min_left = min(arr[:l])
            min_right = min(arr[r+1:])
            return max(max_left + max_right - min_left - min_right, dfs(l+1, r-1))
        return max(dfs(1, i) for i in range(2, n))

    for _ in range(int(input())):
        n = int(input())
        arr = list(map(int, input().split()))
        print(max_beauty(arr))

",False,True,2,1.0
1719B,0,['this is the og problem'],['for loop'],"['if statement', 'while loop', 'for loop', 'continue statement', 'tuple', 'misc']","import math

def solve():
    t = int(input())
    for _ in range(t):
        n, k = map(int, input().split())
        if n % 2 != 0:
            print(""NO"")
            continue
        pairs = []
        for i in range(1, n + 1):
            for j in range(i + 1, n + 1):
                if (i + k) * j % 4 == 0:
                    pairs.append((i, j))
                    break
        if pairs:
            print(""YES"")
            for pair in pairs:
                print(*pair)
        else:
            print(""NO"")
",False,True,0,0.0
1719B,1,['if statement'],['for loop'],"['if statement', 'while loop', 'for loop', 'continue statement', 'tuple', 'misc']","import math

def solve():
    t = int(input())
    for _ in range(t):
        n, k = map(int, input().split())
        if n % 2 != 0:
            print(""NO"")
            continue
        pairs = []
        for i in range(1, n + 1):
            for j in range(i + 1, n + 1):
                if (i + k) * j % 4 == 0:
                    pairs.append((i, j))
                    break
        if not pairs:
            print(""NO"")
        else:
            print(""YES"")
            for pair in pairs:
                print(*pair)

",False,True,0,0.0
1719B,2,"['if statement', 'tuple']","['for loop', 'if statement', 'tuple', 'break statement']","['if statement', 'while loop', 'for loop', 'continue statement', 'tuple', 'misc']","import math

def solve():
    n_test_cases = int(input())
    for _ in range(n_test_cases):
        n, k = map(int, input().split())
        if n % 2 != 0:
            print(""NO"")
        else:
            pairs = []
            for i in range(1, n + 1):
                for j in range(i + 1, n + 1):
                    if (i + k) * j % 4 == 0:
                        pairs.append((i, j))
                        break
            if pairs:
                print(""YES"")
                for pair in pairs:
                    print(*pair)
            else:
                print(""NO"")
",False,False,1,0.25
1719B,3,"['if statement', 'tuple', 'matrix operation']","['if statement', 'for loop', 'continue statement', 'tuple']","['if statement', 'while loop', 'for loop', 'continue statement', 'tuple', 'misc']","import math

def solve():
    n_test_cases = int(input())
    for _ in range(n_test_cases):
        n, k = map(int, input().split())
        if n % 2 != 0:
            print(""NO"")
            continue
        pairs = []
        for i in range(1, n + 1):
            for j in range(i + 1, n + 1):
                if (i + k) * j % 4 == 0:
                    pairs.append((i, j))
                    break
        if len(pairs) == n // 2:
            for pair in pairs:
                print(*pair)
        else:
            print(""NO"")
",False,False,0,0.0
1719B,4,"['if statement', 'tuple', 'matrix operation', 'for loop']",['if statement'],"['if statement', 'while loop', 'for loop', 'continue statement', 'tuple', 'misc']","from math import gcd

def solve():
    n, k = map(int, input().split())
    if n % 2 != 0:
        print(""NO"")
        return

    pairs = []
    for i in range(1, n + 1):
        for j in range(i + 1, n + 1):
            if (i + k) * j % 4 == 0:
                pairs.append((i, j))
                break

    if len(pairs) == n // 2:
        for pair in pairs:
            print(*pair)
        print(""YES"")
    else:
        print(""NO"")
",False,False,0,0.0
1719B,5,"['if statement', 'tuple', 'matrix operation', 'for loop', 'recursion']","['for loop', 'if statement', 'continue statement', 'tuple', 'break statement']","['if statement', 'while loop', 'for loop', 'continue statement', 'tuple', 'misc']","import math

def solve():
    t = int(input())
    for _ in range(t):
        n, k = map(int, input().split())
        if n % 2 != 0:
            print(""NO"")
            continue
        pairs = []
        for i in range(1, n + 1, 2):
            for j in range(i + 1, n + 1, 2):
                if (i + k) * j % 4 == 0:
                    pairs.append((i, j))
                    break
        if len(pairs) == n // 2:
            for pair in pairs:
                print(*pair)
        else:
            print(""NO"")
",False,False,1,0.2
1719A,0,['this is the og problem'],['for loop'],"['for loop', 'if statement', 'misc', 'tuple', 'while loop']","import sys

def is_valid_move(x, y, n, m, board):
    if x < 0 or x >= n or y < 0 or y >= m:
        return False
    if board[x][y] == 'R':
        return False
    if board[x][y] == 'G':
        for i in range(1, 4):
            if (x + i) % 2 == 0 and 0 <= y + i < m and board[x + i][y + i] != 'R':
                return True
            if (y + i) % 2 == 0 and 0 <= x + i < n and board[x + i][y] != 'R':
                return True
    return False

def solve():
    n, m = map(int, input().split())
    board = [['.' for _ in range(m)] for _ in range(n)]
    board[0][0] = 'G'

    burenka_turn = True
    while True:
        if burenka_turn:
            x, y = 0, 0
            while not is_valid_move(x, y, n, m, board):
                if not is_valid_move(x + 1, y, n, m, board):
                    burenka_turn = False
                    break
                x += 1
            if not is_valid_move(x, y, n, m, board):
                print(""Tonya"")
                return
            board[x][y] = 'B'
            burenka_turn = False
        else:
            x, y = 0, m - 1
            while not is_valid_move(x, y, n, m, board):
                if not is_valid_move(x, y - 1, n, m, board):
                    burenka_turn = True
                    break
                y -= 1
            if not is_valid_move(x, y, n, m, board):
                print(""Burenka"")
                return
            board[x][y] = 'T'
            burenka_turn = True

",False,True,0,0.0
1719A,1,['if statement'],"['queue', 'set', 'while loop', 'for loop', 'if statement']","['for loop', 'if statement', 'misc', 'tuple', 'while loop']","import sys
from collections import deque

def bfs(board):
    visited = set()
    q = deque([(0, 0)])
    visited.add((0, 0))

    moves = [(0, 1), (1, 0)]

    while q:
        x, y = q.popleft()

        for dx, dy in moves:
            nx, ny = x + dx * 2, y + dy * 2

            if 0 <= nx < board[0] and 0 <= ny < board[1] and (nx, ny) not in visited:
                if not board[nx][ny]:
                    return ""Burenka""
                visited.add((nx, ny))
                q.append((nx, ny))

    return ""Tonya""

def solve():
    t = int(input())

    for _ in range(t):
        n, m = map(int, input().split())
        board = [[0] * m for _ in range(n)]
        board[0][0] = 1

        for i in range(1, n):
            if i % 2 == 1:
                board[i][0] = 1

        for j in range(1, m):
            if j % 2 == 1:
                board[-1][j] = 1

        print(bfs(board))

",False,False,2,0.4
1719A,2,"['if statement', 'for loop']",['for loop'],"['for loop', 'if statement', 'misc', 'tuple', 'while loop']","import sys
from collections import deque

def bfs(board, start, visited):
    queue = deque([(start, [])])
    while queue:
        cell, path = queue.popleft()
        if cell[0] == board[0] - 1 and cell[1] == board[1] - 1:
            return path
        for dx, dy in [(1, 0), (0, 1)]:
            next_cell = (cell[0] + dx, cell[1] + dy)
            if 0 <= next_cell[0] < board[0] and 0 <= next_cell[1] < board[1] and not visited[next_cell]:
                visited[next_cell] = True
                queue.append((next_cell, path + [(next_cell)]))

def solve():
    t = int(input())
    for _ in range(t):
        n, m = map(int, input().split())
        board = [[0] * m for _ in range(n)]
        board[0][0] = 1
        visited = [False] * ((n * m) + 1)
        if bfs(board, (0, 0), visited):
            print(""Burenka"")
        else:
            print(""Tonya"")

",False,False,0,0.0
1719A,3,"['if statement', 'for loop', 'tuple']",['for loop'],"['for loop', 'if statement', 'misc', 'tuple', 'while loop']","import sys
from collections import defaultdict

def bfs(board, start, visited, moves):
    queue = [(start, [])]
    while queue:
        cell, path = queue.pop(0)
        if cell[0] == board[0] - 1 and cell[1] == board[1] - 1:
            return path
        for dx, dy in moves:
            next_cell = (cell[0] + dx, cell[1] + dy)
            if 0 <= next_cell[0] < board[0] and 0 <= next_cell[1] < board[1] and (not visited[next_cell] or not visited[next_cell][-1]):
                visited[next_cell] = path + [(next_cell, [dx, dy])]
                queue.append((next_cell, path + [(next_cell, [dx, dy])]))

def solve():
    t = int(input())
    for _ in range(t):
        n, m = map(int, input().split())
        board = [[0] * m for _ in range(n)]
        board[0][0] = 1
        moves = [(1, 0), (0, 1)]
        visited = defaultdict(lambda: None)
        bfs(board, (0, 0), visited, moves)
        if visited[(n - 1, m - 1)]:
            print(""Burenka"")
        else:
            print(""Tonya"")

",False,False,0,0.0
1719A,4,"['if statement', 'for loop', 'tuple', 'recursion']",['match statement'],"['for loop', 'if statement', 'misc', 'tuple', 'while loop']","import sys
from collections import deque

def bfs(board, start, visited):
    queue = deque([start])
    visited[start] = True

    while queue:
        current = queue.popleft()
        x, y = current
        if (x == board[0] - 1 and y == board[1] - 1):
            return 'Burenka'

        for dx, dy in [(1, 0), (-1, 0), (0, 1), (0, -1)]:
            nx, ny = x + dx * 3, y + dy * 3
            if 0 <= nx < board[0] and 0 <= ny < board[1] and not visited[nx][ny]:
                visited[nx][ny] = True
                queue.append((nx, ny))

    return 'Tonya'

def solve():
    t = int(input())
    for _ in range(t):
        n, m = map(int, input().split())
        visited = [[False] * m for _ in range(n)]
        print(bfs((n, m), (0, 0), visited))

",False,True,1,1.0
1719A,5,"['if statement', 'for loop', 'tuple', 'recursion', 'hashmap']",['for loop'],"['for loop', 'if statement', 'misc', 'tuple', 'while loop']","import sys

def bfs(board, start, visited, dx, dy):
    queue = [(start[0], start[1], 0)]
    visited[start[0]][start[1]] = True

    while queue:
        x, y, moves = queue.pop(0)

        if (x, y) == (board[1] - 1, board[0] - 1):
            return moves % 2 == 0

        for i in range(1, min(board[0], board[1]) + 1, 2):
            nx = x + i * dx
            ny = y + i * dy

            if 0 <= nx < board[0] and 0 <= ny < board[1] and not visited[nx][ny]:
                visited[nx][ny] = True
                queue.append((nx, ny, moves + 1))

    return False

def solve():
    t = int(input())

    for _ in range(t):
        n, m = map(int, input().split())
        visited = [[False] * m for _ in range(n)]
        result = bfs((n, m), (0, 0), visited, 1, 0)

        if result:
            print(""Burenka"")
        else:
            print(""Tonya"")

",False,False,0,0.0
1717A,0,['this is the og problem'],"['tuple', 'tuple']","['for loop', 'misc', 'if statement', 'while loop']","import math

def solve():
    def lcm_gcd(a, b):
        return math.lcm(a, b), math.gcd(a, b)

    def count_pairs(n):
        count = 0
        for a in range(1, n+1):
            for b in range(1, n+1):
                if lcm_gcd(a, b)[0] <= 3 and lcm_gcd(a, b)[1] <= 3:
                    count += 1
        return count

    t = int(input())
    for _ in range(t):
        n = int(input())
        print(count_pairs(n))
",False,True,1,0.5
1717A,1,['for loop'],"['if statement', 'for loop']","['for loop', 'misc', 'if statement', 'while loop']","import math

def sieve_of_eratosthenes(n):
 primes = [True] * (n + 1)
 primes[0], primes[1] = False, False
 for p in range(2, int(math.sqrt(n)) + 1):
 if primes[p]:
 for i in range(p * p, n + 1, p):
 primes[i] = False
 return primes

def lcm(a, b):
 return a * b // math.gcd(a, b)

def solve():
 t = int(input())
 for _ in range(t):
 n = int(input())
 primes = sieve_of_eratosthenes(n)
 count = 0
 for p in primes:
 if p > 3:
 for q in range(p, n + 1, p):
 if lcm(p, q) <= 3 * p:
 count += (q - p) // p
 print(count)

",False,False,0,0.0
1717A,2,"['for loop', 'if statement']","['for loop', 'if statement']","['for loop', 'misc', 'if statement', 'while loop']","from math import gcd, lcm

def solve():
    t = int(input())
    for _ in range(t):
        n = int(input())
        count = 0
        for a in range(1, n + 1):
            for b in range(a, n + 1):
                if lcm(a, b) <= 3 * gcd(a, b):
                    count += 1
        print(count)
",False,False,0,0.0
1717A,3,"['for loop', 'if statement', 'recursion']","['for loop', 'if statement']","['for loop', 'misc', 'if statement', 'while loop']","from math import gcd, lcm

def solve():
    mod = 10 ** 9 + 7
    count = 0
    for a in range(1, 10 ** 8 + 1):
        for b in range(a, 10 ** 8 + 1):
            if lcm(a, b) <= 3 * gcd(a, b):
                count = (count + 1) % mod
    return count
",False,False,0,0.0
1717A,4,"['for loop', 'if statement', 'recursion', 'hashmap']",['for loop'],"['for loop', 'misc', 'if statement', 'while loop']","from math import gcd, lcm

def solve():
    def count_pairs(n):
        count = 0
        for a in range(1, n + 1):
            for b in range(a, n + 1):
                if lcm(a, b) <= 3 * gcd(a, b):
                    count += 1
        return count

    t = int(input())
    for _ in range(t):
        n = int(input())
        print(count_pairs(n))
",False,False,0,0.0
1717A,5,"['for loop', 'if statement', 'recursion', 'hashmap', 'while loop']",['recursion'],"['for loop', 'misc', 'if statement', 'while loop']","import math

def solve():
    def lcm_gcd(a, b):
        if a < b:
            a, b = b, a
        while b != 0:
            a, b = b, a % b
        return a, b

    def count_pairs(n):
        count = 0
        for a in range(1, n + 1):
            lcm, gcd = lcm_gcd(a, n)
            if lcm <= 3 and gcd <= 1:
                count += 1
        return count

    t = int(input())
    for _ in range(t):
        n = int(input())
        print(count_pairs(n))
",False,False,1,1.0
1716B,0,['this is the og problem'],"['for loop', 'tuple', 'if statement']","['for loop', 'tuple', 'sorting', 'while loop', 'if statement', 'matrix operation', 'misc', 'two pointers']","import itertools

def solve():
    def find_swap(perm):
        for i, j in itertools.combinations(range(len(perm)), 2):
            if perm[i] != i and perm[j] != j:
                return i, j
        return None

    def swap(perm, i, j):
        perm[i], perm[j] = perm[j], perm[i]

    def fixedness(perm):
        return sum(1 for i, val in enumerate(perm) if i == val)

    def find_longest_chain(n):
        chain = [list(range(1, n + 1))]
        visited = set()
        visited.add(tuple(chain[-1]))
        while True:
            next_chain = []
            for perm in chain:
                swap_pos = find_swap(perm)
                if swap_pos is None or tuple(perm) in visited:
                    continue
                new_perm = list(perm)
                swap(new_perm, swap_pos[0], swap_pos[1])
                if fixedness(new_perm) < fixedness(perm):
                    next_chain.append(new_perm)
                    visited.add(tuple(new_perm))
            if not next_chain:
                break
            chain = next_chain
        return chain

    t = int(input())
    for _ in range(t):
        n = int(input())
        chain = find_longest_chain(n)
        print(len(chain))
        print(*chain, sep='\n')

",False,True,0,0.0
1716B,1,['for loop'],['for loop'],"['for loop', 'tuple', 'sorting', 'while loop', 'if statement', 'matrix operation', 'misc', 'two pointers']","from itertools import permutations, combinations

def solve(n):
    def fixedness(perm):
        return sum(i == perm[i] for i in range(n))

    def swap(perm, i, j):
        return list(perm)[:i] + list(perm)[j] + list(perm)[i:j] + list(perm)[i:]

    def find_swap(perm):
        for i, j in combinations(range(n), 2):
            if fixedness(swap(perm, i, j)) < fixedness(perm):
                return i, j
        return None

    chain = [list(range(1, n + 1))]
    while True:
        next_swap = find_swap(chain[-1])
        if next_swap is None:
            break
        chain.append(swap(chain[-1], next_swap[0], next_swap[1]))
    return len(chain), chain

",False,False,0,0.0
1716B,2,"['for loop', 'if statement']",['misc'],"['for loop', 'tuple', 'sorting', 'while loop', 'if statement', 'matrix operation', 'misc', 'two pointers']","from itertools import permutations, combinations
import sys

def solve(n):
    # Generate all permutations of length n
    perms = list(permutations(list(range(1, n+1))))
    # Initialize the longest chain and its length
    longest_chain = [perms[0]]
    longest_chain_len = 1

    # Iterate through all permutations
    for perm in perms[1:]:
        # Check if the current permutation can be obtained by swapping two elements in the last permutation of the longest chain
        for i, j in combinations(range(len(perm)), 2):
            if perm[i] != perm[j] and perm[i] != perm[0] and perm[j] != perm[0] and swap(longest_chain[-1], i, j):
                # If so, check if the fixedness of the current permutation is strictly lower than the fixedness of the last permutation of the longest chain
                if fixedness(perm) < fixedness(longest_chain[-1]):
                    # If it is, update the longest chain and its length
                    longest_chain.append(perm)
                    longest_chain_len += 1

    # Return the longest chain
    return longest_chain

",False,True,0,0.0
1716B,3,"['for loop', 'if statement', 'recursion']",['for loop'],"['for loop', 'tuple', 'sorting', 'while loop', 'if statement', 'matrix operation', 'misc', 'two pointers']","from itertools import permutations, combinations
import sys

def solve(n):
    # Generate all permutations of length n
    perms = list(permutations(range(1, n+1)))
    # Initialize the longest chain and its length
    longest_chain = [perms[0]]
    longest_chain_len = 1

    # Iterate through all permutations
    for perm in perms[1:]:
        # Check if the current permutation can be obtained from the previous one by swapping two elements
        for i, j in combinations(range(len(perm)), 2):
            if perm[i] != perm[j] and perm[i] != perm[0] and perm[j] != perm[0] and perm[i] != j and perm[j] != i:
                # Swap the elements
                temp = perm[i]
                perm[i] = perm[j]
                perm[j] = temp
                # Check if the fixedness of the current permutation is strictly lower than the fixedness of the previous one
                if fixedness(perm) < fixedness(longest_chain[-1]):
                    # Update the longest chain and its length
                    longest_chain.append(perm)
                    longest_chain_len += 1
                # Revert the swap
                temp = perm[i]
                perm[i] = perm[j]
                perm[j] = temp

    # Print the length and the permutations of the longest chain
    print(longest_chain_len)
    for perm in longest_chain:
        print(*perm)

",False,False,0,0.0
1716B,4,"['for loop', 'if statement', 'recursion', 'tuple']",['for loop'],"['for loop', 'tuple', 'sorting', 'while loop', 'if statement', 'matrix operation', 'misc', 'two pointers']","import itertools
import sys

def solve():
    n_test_cases = int(input())

    for _ in range(n_test_cases):
        n = int(input())
        permutations = list(itertools.permutations(range(1, n + 1)))
        chains = []
        fixedness = [len([i for i, j in enumerate(p) if i == j]) for p in permutations]
        for p in permutations:
            if fixedness[permutations.index(p)] == 0:
                chain = [p]
                while True:
                    next_chain = []
                    for i, j in itertools.combinations(range(len(chain)), 2):
                        next_chain.append(list(chain[i]) + list(chain[j])[::-1] + list(chain)[i + j + 1:])
                    next_fixedness = [len([i for i, j in enumerate(p) if i == j]) for p in next_chain]
                    if min(next_fixedness) > min(fixedness):
                        break
                    chain = min(next_chain, key=lambda x: min(next_fixedness))
                    chains.append(chain)
                chains.append(chain)
        print(len(chains))
        for p in chains:
            print(*p)

",False,False,0,0.0
1716A,0,['this is the og problem'],"['for loop', 'dynamic programming', 'if statement']","['for loop', 'if statement', 'while loop', 'continue statement', 'misc']","import sys

def solve():
    t = int(input())
    for _ in range(t):
        n = int(input())
        dp = [0] * (n + 1)
        dp[0] = 0
        dp[1] = 1
        dp[2] = 1
        for i in range(3, n + 1):
            dp[i] = min(dp[i - 2] + 1, dp[i - 3] + 1)
        print(dp[n])

",False,True,1,0.3333333333333333
1716A,1,['misc'],['for loop'],"['for loop', 'if statement', 'while loop', 'continue statement', 'misc']","from typing import List

def solve():
    def min_moves(n: int) -> int:
        dp = [0] * (n + 1)
        dp[0] = 0
        for i in range(1, n + 1):
            dp[i] = min(dp[i - 2], dp[i - 3]) + 1
        return dp[n]

    t = int(input())
    test_cases = list(map(int, input().split()))
    for test_case in test_cases:
        print(min_moves(test_case))

",False,True,0,0.0
1716A,2,"['misc', 'for loop']","['recursion', 'dynamic programming']","['for loop', 'if statement', 'while loop', 'continue statement', 'misc']","import sys

def solve():
    n = int(input().strip())
    dp = [0] * (100001)
    dp[1] = 1
    dp[2] = 1
    for i in range(3, n+1):
        dp[i] = min(dp[i-2], dp[i-3]) + 1
    print(dp[n])

",True,True,2,1.0
1716A,3,"['misc', 'for loop', 'recursion']",['dictionary'],"['for loop', 'if statement', 'while loop', 'continue statement', 'misc']","from collections import defaultdict

def solve():
    dp = defaultdict(int)
    dp[0] = 0

    for i in range(1, 100001):
        dp[i] = min(dp[i - 2], dp[i - 3]) + 1

    while True:
        try:
            n = int(input())
            print(dp[n])
        except EOFError:
            break

",False,True,1,1.0
1715A,0,['this is the og problem'],"['for loop', 'dictionary', 'heap', 'graph', 'tuple', 'if statement']","['for loop', 'if statement', 'tuple', 'continue statement', 'while loop', 'misc', 'matrix operation', 'sorting']","import sys
from collections import defaultdict
from heapq import heappush, heappop

def solve():
    t = int(input())
    for _ in range(t):
        n, m = map(int, input().split())
        graph = defaultdict(lambda: [float('inf')] * (m + 1))
        graph[1][1] = 0
        queue = [(0, 1, 1)]

        while queue:
            energy, x, y = heappop(queue)

            if x == n and y == m:
                print(energy)
                continue

            for dx, dy in ((-1, 0), (1, 0), (0, -1), (0, 1)):
                nx, ny = x + dx, y + dy
                if 1 <= nx <= n and 1 <= ny <= m:
                    new_energy = energy + 1
                    if new_energy < graph[nx][ny]:
                        graph[nx][ny] = new_energy
                        heappush(queue, (new_energy, nx, ny))

        # Megan's path
        energy = float('inf')
        for y in range(1, m + 1):
            energy = min(energy, graph[n][y])
        heappush(queue, (energy, n, y))

        while queue:
            energy, x, y = heappop(queue)
            if x == 1 and y == m:
                break
            for dx, dy in ((-1, 0), (1, 0), (0, -1), (0, 1)):
                nx, ny = x + dx, y + dy
                if 1 <= nx <= n and 1 <= ny <= m:
                    new_energy = energy + 1
                    if new_energy < graph[nx][ny]:
                        graph[nx][ny] = new_energy
                        heappush(queue, (new_energy, nx, ny))

        print(energy)

",False,True,3,0.5
1715A,1,['for loop'],['for loop'],"['for loop', 'if statement', 'tuple', 'continue statement', 'while loop', 'misc', 'matrix operation', 'sorting']","import heapq
import sys
input = sys.stdin.readline

def dijkstra(graph, start, end):
    dist = {start: 0}
    queue = [(0, start)]
    while queue:
        d, current = heapq.heappop(queue)
        if current == end:
            return d
        for neighbor, weight in graph[current].items():
            new_dist = d + weight
            if neighbor not in dist or new_dist < dist[neighbor]:
                dist[neighbor] = new_dist
                heapq.heappush(queue, (new_dist, neighbor))

def solve():
    n, m = map(int, input().split())
    grid = {}
    for i in range(1, n+1):
        row = input().split()
        for j in range(1, m+1):
            if row[j-1] == 'G':
                grid[(i, j)] = {}
            elif row[j-1] == 'R':
                grid[(i, j)] = {}
                grid[(1, j)][(i, j)] = 1
            elif row[j-1] == 'B':
                grid[(i, j)] = {}
                grid[(i, 1)][(i, j)] = 1
    Stanley_start, Megan_start, Stanley_end, Megan_end = (1, 1), (n, 1), (n, m), (1, m)
    Stanley_grid = {k: v for k, v in grid.items() if (k[0] == Stanley_start[0] or k[1] == Stanley_start[1]) and k != Stanley_end}
    Megan_grid = {k: v for k, v in grid.items() if (k[0] == Megan_start[0] or k[1] == Megan_start[1]) and k != Megan_end}
    Stanley_dist = dijkstra(Stanley_grid, Stanley_start, Stanley_end)
    Megan_dist = dijkstra(Megan_grid, Megan_start, Megan_end)
    return Stanley_dist + Megan_dist

",False,False,0,0.0
1715A,2,"['for loop', 'recursion']","['dictionary', 'heap', 'while loop', 'if statement', 'continue statement', 'for loop']","['for loop', 'if statement', 'tuple', 'continue statement', 'while loop', 'misc', 'matrix operation', 'sorting']","import sys
from collections import defaultdict
from heapq import heappush, heappop

def dijkstra(graph, start, end):
    dist = {start: 0}
    priority_queue = [(0, start)]

    while priority_queue:
        current_dist, current_node = heappop(priority_queue)

        if current_node == end:
            return current_dist

        if current_node in dist:
            continue

        dist[current_node] = current_dist

        for neighbor, weight in graph[current_node].items():
            new_dist = current_dist + weight
            if neighbor not in dist or new_dist < dist[neighbor]:
                dist[neighbor] = new_dist
                heappush(priority_queue, (new_dist, neighbor))

def solve():
    t = int(input())

    for _ in range(t):
        n, m = map(int, input().split())
        graph = defaultdict(lambda: {})

        for i in range(1, n + 1):
            for j in range(1, m + 1):
                graph[(i, j)][(i, j + 1)] = 1
                graph[(i, j)][(i + 1, j)] = 1

        start = (1, 1)
        end_stanley = (n, m)
        end_megan = (n, 1)

        stanley_energy = dijkstra(graph, start, end_stanley)
        megan_energy = dijkstra(graph, end_megan, (1, m))

        print(stanley_energy + megan_energy)

",False,False,2,0.3333333333333333
1715A,3,"['for loop', 'recursion', 'while loop']","['dictionary', 'set', 'graph']","['for loop', 'if statement', 'tuple', 'continue statement', 'while loop', 'misc', 'matrix operation', 'sorting']","from collections import defaultdict

def solve():
    def dijkstra(graph, start, end):
        distances = {start: 0}
        unvisited = set(graph)

        while unvisited:
            current = min(unvisited, key=lambda node: distances.get(node, float('inf')))
            unvisited.remove(current)

            for neighbor, weight in graph[current].items():
                distance = distances[current] + weight

                if neighbor not in distances or distance < distances[neighbor]:
                    distances[neighbor] = distance

    def create_graph(matrix):
        graph = defaultdict(dict)
        for i in range(len(matrix)):
            for j in range(len(matrix[0])):
                if matrix[i][j] == 1:
                    graph[(i, j)][(i+1, j)] = 1
                    graph[(i, j)][(i, j+1)] = 1
                    if i > 0:
                        graph[(i, j)][(i-1, j)] = 1
                    if j > 0:
                        graph[(i, j)][(i, j-1)] = 1

        return graph

    t = int(input())
    for _ in range(t):
        n, m = map(int, input().split())
        matrix = [[0] * m for _ in range(n)]

        for _ in range(n * m):
            x, y = map(int, input().split())
            matrix[x-1][y-1] = 1

        graph = create_graph(matrix)
        dijkstra(graph, (0, 0), (n-1, m-1))
        print(dijkstra(graph, (n-1, 0), (0, m-1)))

",False,True,3,1.0
1715A,4,"['for loop', 'recursion', 'while loop', 'if statement']","['heap', 'dictionary', 'while loop', 'if statement']","['for loop', 'if statement', 'tuple', 'continue statement', 'while loop', 'misc', 'matrix operation', 'sorting']","import heapq

def dijkstra(graph, start, end):
    distances = {start: 0}
    priority_queue = [(0, start)]

    while priority_queue:
        current_distance, current_node = heapq.heappop(priority_queue)

        if current_node == end:
            return current_distance

        if current_node in distances:
            continue

        distances[current_node] = current_distance

        for neighbor, weight in graph[current_node].items():
            distance = current_distance + weight
            if neighbor not in distances or distance < distances[neighbor]:
                distances[neighbor] = distance
                heapq.heappush(priority_queue, (distance, neighbor))

def solve():
    cases = int(input())

    for _ in range(cases):
        n, m = map(int, input().split())
        graph = {(i, j): {} for i in range(1, n + 1) for j in range(1, m + 1)}
        graph[(1, 1)] = {(2, 1): 1, (1, 2): 1}
        graph[(n, m)] = {(n - 1, m): 1, (n, m - 1): 1}
        graph[(n - 1, m)] = {(n - 2, m): 1, (n - 1, m - 1): 1}
        graph[(1, m)] = {(1, m - 1): 1, (2, m): 1}

        stanley_distance = dijkstra(graph, (1, 1), (n, m))
        megan_distance = dijkstra(graph, (n, 1), (1, m))

        print(stanley_distance + megan_distance)

",False,False,2,0.5
1715A,5,"['for loop', 'recursion', 'while loop', 'if statement', 'tuple']","['dictionary', 'set', 'while loop', 'greedy algorithm']","['for loop', 'if statement', 'tuple', 'continue statement', 'while loop', 'misc', 'matrix operation', 'sorting']","from collections import defaultdict

def solve():
    def dijkstra(graph, start, end):
        distances = {start: 0}
        unvisited = set(graph.keys())
        while unvisited:
            current = min(unvisited, key=lambda node: distances.get(node, float('inf')))
            unvisited.remove(current)

            for neighbor, weight in graph[current].items():
                distance = distances[current] + weight
                if neighbor not in distances or distance < distances[neighbor]:
                    distances[neighbor] = distance

        return distances[end]

    def create_graph(grid):
        rows, cols = len(grid), len(grid[0])
        graph = defaultdict(lambda: defaultdict(lambda: float('inf')))

        for i in range(rows):
            for j in range(cols):
                if grid[i][j] == '.':
                    if (i + 1) < rows:
                        graph[(i, j)][(i + 1, j)] = 1
                    if (j + 1) < cols:
                        graph[(i, j)][(i, j + 1)] = 1

        for i in range(rows):
            for j in range(cols):
                if grid[i][j] == 'P':
                    if (i + 1) < rows:
                        graph[(i, j)][(i + 1, j)] = 1
                    if (j + 1) < cols:
                        graph[(i, j)][(i, j + 1)] = 1
                    if (i - 1) >= 0:
                        graph[(i, j)][(i - 1, j)] = 1
                    if (j - 1) >= 0:
                        graph[(i, j)][(i, j - 1)] = 1

        return graph

    for _ in range(int(input())):
        n, m = map(int, input().split())
        grid = [list(input().strip()) for _ in range(n)]
        grid[0][0], grid[-1][-1] = 'S', 'E'

        start = (0, 0)
        end = (n - 1, m - 1)
        grid[start] = '.'
        grid[end] = '.'

        graph = create_graph(grid)
        distances = dijkstra(graph, start, (n - 1, 0))
        teleport_distance = dijkstra(graph, (n - 1, 0), (n - 1, m - 1))
        distances_from_end = dijkstra(graph, (n - 1, m - 1), end)

        print(distances + teleport_distance + distances_from_end)

",False,False,3,0.75
1714C,0,['this is the og problem'],"['set', 'for loop', 'if statement']","['for loop', 'if statement', 'matrix operation', 'while loop', 'misc', 'recursion', 'set', 'break statement', 'sorting']","import itertools

def solve():
    def min_sum_distinct_digits(s):
        digits = set()
        for digit in str(s):
            if digit in digits:
                return -1
            digits.add(digit)
        return int(''.join(sorted(str(s), reverse=True)))

    for _ in range(int(input())):
        s = int(input())
        print(min_sum_distinct_digits(s) if min_sum_distinct_digits(s) != -1 else -1)
",False,True,0,0.0
1714C,1,['if statement'],['for loop'],"['for loop', 'if statement', 'matrix operation', 'while loop', 'misc', 'recursion', 'set', 'break statement', 'sorting']","from itertools import combinations
import math

def solve():
    for _ in range(int(input())):
        s = int(input())
        n = len(str(s))
        digits = set()
        for i in range(1, 10):
            if i in digits:
                break
            if s - i < 0:
                break
            digits.add(i)
            s -= i
        if len(digits) < n:
            print(f""No solution for {s}"")
            continue
        digits = sorted(list(digits))
        for i in range(n):
            for j in range(i+1, n):
                if digits[i] > digits[j]:
                    digits[i], digits[j] = digits[j], digits[i]
        print("""".join(str(d) for d in digits))

",False,True,0,0.0
1714C,2,"['if statement', 'misc']","['recursion', 'misc', 'for loop', 'tuple']","['for loop', 'if statement', 'matrix operation', 'while loop', 'misc', 'recursion', 'set', 'break statement', 'sorting']","from itertools import combinations
import math

def solve():
    def sum_of_digits(n):
        return sum(int(digit) for digit in str(n))

    def find_min_number(s):
        max_digit = math.floor(s / len(str(s)))
        digits = list(range(1, max_digit + 1))
        for digit in digits:
            if sum_of_digits(digit) > s:
                digits.remove(digit)
        return min(list(map(str, sorted(list(combinations(digits, len(str(s)))))))[0])

    for _ in range(int(input())):
        s = int(input())
        print(find_min_number(s))
",False,False,1,0.25
1714C,3,"['if statement', 'misc', 'for loop']",['for loop'],"['for loop', 'if statement', 'matrix operation', 'while loop', 'misc', 'recursion', 'set', 'break statement', 'sorting']","from itertools import combinations
import math

def solve():
    def find_min_num(s):
        digits = list(range(10))
        for i in range(1, len(digits)):
            for j in range(i+1, len(digits)):
                if s - digits[i] - digits[j] < 0:
                    break
                digits[i], digits[j] = digits[j], digits[i]
                s -= digits[i] + digits[j]
        return int(''.join(str(d) for d in digits))

    t = int(input())
    for _ in range(t):
        s = int(input())
        print(find_min_num(s))

",False,False,0,0.0
1714C,4,"['if statement', 'misc', 'for loop', 'recursion']",['for loop'],"['for loop', 'if statement', 'matrix operation', 'while loop', 'misc', 'recursion', 'set', 'break statement', 'sorting']","from collections import Counter
import itertools

def solve():
    def min_varied_number(s):
        # Generate all permutations of digits from 0 to 9
        perms = itertools.permutations(range(10))

        # Filter out permutations that have duplicate digits
        filtered_perms = (perm for perm in perms if Counter(perm) == Counter(range(10)))

        # Find the first permutation whose sum of digits is equal to s
        for perm in filtered_perms:
            if sum(perm) == s:
                return ''.join(map(str, perm))

    # Read the number of test cases
    t = int(input())

    # Iterate through the test cases and print the solution for each one
    for _ in range(t):
        s = int(input())
        print(min_varied_number(s))
",False,False,0,0.0
1714C,5,"['if statement', 'misc', 'for loop', 'recursion', 'while loop']","['if statement', 'for loop', 'set', 'tuple']","['for loop', 'if statement', 'matrix operation', 'while loop', 'misc', 'recursion', 'set', 'break statement', 'sorting']","from itertools import combinations
import math

def solve():
    def find_min_number(s):
        digits = set()
        for digit in str(s):
            digits.add(int(digit))
        if len(digits) > 9:
            return -1
        candidates = list(combinations(range(1, 10), len(digits)))
        min_sum = math.inf
        min_number = """"
        for candidate in candidates:
            sum_ = sum(candidate)
            if sum_ == s and sum_ < min_sum:
                min_sum = sum_
                min_number = """".join(map(str, candidate))
        return min_number if min_sum == s else -1

    for _ in range(int(input())):
        s = int(input())
        print(find_min_number(s))
",False,False,1,0.25
1714B,0,['this is the og problem'],"['set', 'for loop', 'if statement', 'continue statement']","['for loop', 'break statement', 'dictionary', 'set', 'if statement', 'while loop', 'hashmap', 'continue statement']","from typing import List

def solve(nums: List[int]):
    seen = set()
    for num in nums:
        if num in seen:
            continue
        seen.add(num)
        else:
            return len(seen)
    return len(seen)
",False,True,0,0.0
1714B,1,['if statement'],"['for loop', 'dictionary', 'while loop', 'if statement']","['for loop', 'break statement', 'dictionary', 'set', 'if statement', 'while loop', 'hashmap', 'continue statement']","import collections

def solve():
    t = int(input())
    for _ in range(t):
        n = int(input())
        a = list(map(int, input().split()))
        count = collections.Counter(a)
        prefix = 0
        while len(count) > n:
            count[a[prefix]] -= 1
            if count[a[prefix]] == 0:
                del count[a[prefix]]
            prefix += 1
        print(prefix)
",False,False,0,0.0
1714B,2,"['if statement', 'hashmap']","['for loop', 'while loop', 'if statement', 'sorting', 'two pointers']","['for loop', 'break statement', 'dictionary', 'set', 'if statement', 'while loop', 'hashmap', 'continue statement']","import bisect

def solve():
    t = int(input())
    for _ in range(t):
        n = int(input())
        a = list(map(int, input().split()))
        a.sort()
        i = 1
        while i < n and a[i] == a[i - 1]:
            i += 1
        print(n - i)

",False,False,2,0.4
1714B,3,"['if statement', 'hashmap', 'for loop']","['if statement', 'for loop', 'while loop', 'break statement', 'dictionary']","['for loop', 'break statement', 'dictionary', 'set', 'if statement', 'while loop', 'hashmap', 'continue statement']","from collections import Counter

def solve():
    t = int(input())
    for _ in range(t):
        n = int(input())
        a = list(map(int, input().split()))
        counter = Counter(a)
        count = 0
        while len(counter) > n:
            min_count = min(counter.values())
            for i in range(n):
                if counter[a[i]] == min_count:
                    del counter[a[i]]
                    count += 1
                    break
        print(count)
",False,False,0,0.0
1714B,4,"['if statement', 'hashmap', 'for loop', 'misc']","['for loop', 'while loop', 'dictionary', 'if statement']","['for loop', 'break statement', 'dictionary', 'set', 'if statement', 'while loop', 'hashmap', 'continue statement']","import collections

def solve():
    t = int(input())
    for _ in range(t):
        n = int(input())
        a = list(map(int, input().split()))
        count = collections.Counter(a)
        prefix = 0
        while len(count) > n:
            count[a[prefix]] -= 1
            if count[a[prefix]] == 0:
                del count[a[prefix]]
            prefix += 1
        print(prefix)
",False,False,0,0.0
1714B,5,"['if statement', 'hashmap', 'for loop', 'misc', 'while loop']","['for loop', 'while loop', 'break statement', 'hashmap']","['for loop', 'break statement', 'dictionary', 'set', 'if statement', 'while loop', 'hashmap', 'continue statement']","from collections import Counter

def solve():
    t = int(input())
    for _ in range(t):
        n = int(input())
        a = list(map(int, input().split()))
        counter = Counter(a)
        count = 0
        while len(counter) > n:
            min_count = min(counter.values())
            for i, num in enumerate(a):
                if counter[num] == min_count:
                    del a[i]
                    counter = Counter(a)
                    count += 1
                    break
        print(count)
",False,False,0,0.0
1713A,0,['this is the og problem'],['for loop'],"['while loop', 'if statement', 'misc', 'hashmap', 'for loop', 'sorting', 'tuple', 'matrix operation']","import sys
from collections import defaultdict
from heapq import heappush, heappop

def solve():
    t = int(input())
    for _ in range(t):
        n = int(input())
        boxes = defaultdict(int)
        moves = 0
        for _ in range(n):
            x, y = map(int, input().split())
            if x == 0:
                boxes[y] += 1
            else:
                boxes[-y] += 1
        queue = [(0, 0, 0)]
        visited = set()
        while queue:
            x, y, moves_so_far = heappop(queue)
            if (x, y) in visited:
                continue
            visited.add((x, y))
            if boxes[(x, y)] > 0:
                boxes[(x, y)] -= 1
                if boxes[(x, y)] == 0:
                    del boxes[(x, y)]
                moves += moves_so_far
            for dx, dy in [(-1, 0), (1, 0), (0, 1), (0, -1)]:
                nx, ny = x + dx, y + dy
                if 0 <= nx < 101 and 0 <= ny < 101 and (nx, ny) not in visited:
                    heappush(queue, (nx, ny, moves_so_far + 1))
        print(moves)

",False,True,0,0.0
1713A,1,['if statement'],['for loop'],"['while loop', 'if statement', 'misc', 'hashmap', 'for loop', 'sorting', 'tuple', 'matrix operation']","import heapq

def solve():
    n = int(input())
    boxes = []
    for _ in range(n):
        x, y = map(int, input().split())
        if x == 0:
            boxes.append((y, 0))
        else:
            boxes.append((0, x))

    def move(x, y):
        if x > 0:
            return (x - 1, y)
        elif y > 0:
            return (x, y - 1)
        elif x < 0:
            return (x + 1, y)
        else:
            return (x, y + 1)

    def can_move(x, y, boxes):
        for bx, by in boxes:
            if x == bx and y == by:
                return True
            if abs(x - bx) + abs(y - by) == 1:
                return True
        return False

    def bfs(boxes):
        q = [(0, (0, 0))]
        visited = set()
        visited.add((0, 0))
        while q:
            moves, pos = heapq.heappop(q)
            if all(map(can_move, *zip(*pos))):
                for new_pos in [move(pos[0], pos[1]), move(pos[0], pos[1] + 1), move(pos[0] + 1, pos[1]), move(pos[0] + 1, pos[1] + 1)]:
                    if new_pos not in visited:
                        visited.add(new_pos)
                        q.append((moves + 1, new_pos))
        return moves

    return bfs(boxes)
",False,True,0,0.0
1713A,2,"['if statement', 'for loop']",['for loop'],"['while loop', 'if statement', 'misc', 'hashmap', 'for loop', 'sorting', 'tuple', 'matrix operation']","import collections
import heapq

def solve():
    n = int(input())
    boxes = collections.defaultdict(int)
    for _ in range(n):
        x, y = map(int, input().split())
        boxes[x] |= (1 << y)

    visited = set()
    moves = 0
    q = [(0, 0, 0)]
    while q:
        x, y, moves_so_far = heapq.heappop(q)
        if (x, y) in boxes:
            if not visited:
                visited.add((x, y))
                continue
            moves += 1
            continue

        for dx, dy in [(-1, 0), (1, 0), (0, -1), (0, 1)]:
            nx, ny = x + dx, y + dy
            if 0 <= nx < 101 and 0 <= ny < 101 and (nx, ny) not in visited:
                visited.add((nx, ny))
                heapq.heappush(q, (nx, ny, moves_so_far + 1))

    return moves if visited == {(0, 0)} else -1

",False,False,0,0.0
1713A,3,"['if statement', 'for loop', 'while loop']","['for loop', 'while loop', 'dictionary', 'set', 'if statement']","['while loop', 'if statement', 'misc', 'hashmap', 'for loop', 'sorting', 'tuple', 'matrix operation']","from collections import defaultdict
from typing import List

def solve():
    t = int(input())
    for _ in range(t):
        n = int(input())
        boxes = defaultdict(int)
        for x, y in map(int, input().split()):
            boxes[x] = y
        visited = set()
        moves = 0
        x, y = 0, 0
        while len(boxes) > 0:
            if (x, y) in boxes:
                del boxes[(x, y)]
            else:
                visited.add((x, y))
                moves += 1
                if x > 0:
                    x -= 1
                elif x < 0:
                    x += 1
                elif y > 0:
                    y -= 1
                else:
                    y += 1
        print(moves)
",False,False,2,0.4
1713A,4,"['if statement', 'for loop', 'while loop', 'sorting']","['dictionary', 'for loop', 'if statement', 'heap', 'misc']","['while loop', 'if statement', 'misc', 'hashmap', 'for loop', 'sorting', 'tuple', 'matrix operation']","import collections
import heapq

def solve():
    n = int(input())
    boxes = collections.defaultdict(list)
    for _ in range(n):
        x, y = map(int, input().split())
        boxes[x if x else y].append((x, y))

    def manhattan_distance(x1, y1, x2, y2):
        return abs(x1 - x2) + abs(y1 - y2)

    def dijkstra(start):
        distances = {start: 0}
        queue = [(0, start)]
        while queue:
            d, current = heapq.heappop(queue)
            for next in [(current[0] + manhattan_distance(*current, *box) if box else float('inf'), current, box) for box in boxes.values()]:
                if next[1] not in distances or next[0] < distances[next[1]]:
                    distances[next[1]] = next[0]
                    heapq.heappush(queue, next)

        return distances

    distances = dijkstra((0, 0))
    total_distance = sum(distances[box] for box in boxes.values())
    print(total_distance)

",False,False,2,0.4
1713A,5,"['if statement', 'for loop', 'while loop', 'sorting', 'recursion']","['dictionary', 'for loop']","['while loop', 'if statement', 'misc', 'hashmap', 'for loop', 'sorting', 'tuple', 'matrix operation']","from collections import defaultdict

def solve():
    n = int(input())
    boxes = defaultdict(int)
    for _ in range(n):
        x, y = map(int, input().split())
        boxes[x] = y

    visited = set()
    moves = 0

    def dfs(x, y):
        if (x, y) in visited:
            return
        visited.add((x, y))
        if (x, y) in boxes:
            moves += 1
            del boxes[(x, y)]
            if not boxes:
                return
        for dx, dy in [(-1, 0), (1, 0), (0, 1), (0, -1)]:
            dfs(x + dx, y + dy)

    dfs(0, 0)
    return moves

",False,False,1,0.5
1712B,0,['this is the og problem'],"['recursion', 'misc', 'misc']","['for loop', 'while loop', 'if statement', 'tuple', 'misc', 'break statement', 'matrix operation', 'sorting']","import math

def solve():
    def lcm(a, b):
        return abs(a * b) // math.gcd(a, b)

    def find_permutation(n):
        lcm_sum = 0
        permutation = list(range(1, n + 1))
        for i in range(1, n):
            for j in range(i + 1, n):
                lcm_temp = lcm(permutation[i], permutation[j])
                if lcm_temp > lcm_sum:
                    permutation[i], permutation[j] = permutation[j], permutation[i]
                    lcm_sum = lcm_temp
        return permutation

    t = int(input())
    for _ in range(t):
        n = int(input())
        permutation = find_permutation(n)
        print(*permutation)

",False,True,1,0.3333333333333333
1712B,1,['for loop'],"['recursion', 'misc']","['for loop', 'while loop', 'if statement', 'tuple', 'misc', 'break statement', 'matrix operation', 'sorting']","import math
import itertools

def solve():
    def lcm(a, b):
        return math.lcm(a, b)

    def gcd(a, b):
        return math.gcd(a, b)

    def find_permutation(n):
        permutations = list(itertools.permutations(range(1, n+1)))
        max_sum = 0
        max_perm = None
        for perm in permutations:
            sum_lcm = sum(lcm(i, perm[i]) for i in range(1, n+1))
            if sum_lcm > max_sum:
                max_sum = sum_lcm
                max_perm = perm
        return max_perm

    t = int(input())
    for _ in range(t):
        n = int(input())
        print(*find_permutation(n))
",False,True,1,0.5
1712B,2,"['for loop', 'while loop']","['recursion', 'misc']","['for loop', 'while loop', 'if statement', 'tuple', 'misc', 'break statement', 'matrix operation', 'sorting']","import math
import itertools

def solve():
    def lcm(a, b):
        return math.lcm(a, b)

    def max_lcm_permutation(n):
        lcm_sum = 0
        permutation = list(range(1, n+1))
        for i in range(2, n):
            for j in range(i+1, n):
                lcm_i_j = lcm(i, permutation[i-1])
                lcm_j_i = lcm(j, permutation[j-1])
                if lcm_i_j + lcm_j_i > lcm_sum:
                    permutation[i-1], permutation[j-1] = permutation[j-1], permutation[i-1]
                    lcm_sum = lcm_i_j + lcm_j_i
        return permutation

    t = int(input())
    for _ in range(t):
        n = int(input())
        print(*max_lcm_permutation(n))
",False,True,1,0.5
1712B,3,"['for loop', 'while loop', 'tuple']","['if statement', 'for loop', 'recursion', 'tuple']","['for loop', 'while loop', 'if statement', 'tuple', 'misc', 'break statement', 'matrix operation', 'sorting']","import math
import itertools

def lcm(a, b):
    return abs(a * b) // math.gcd(a, b)

def solve():
    n = int(input())
    permutations = list(itertools.permutations(range(1, n + 1)))
    max_sum = 0
    max_perm = None
    for perm in permutations:
        sum_lcm = sum(lcm(i, perm[i]) for i in range(1, len(perm) + 1))
        if sum_lcm > max_sum:
            max_sum = sum_lcm
            max_perm = list(perm)
    print(*max_perm)

",False,False,1,0.25
1712B,4,"['for loop', 'while loop', 'tuple', 'recursion']","['recursion', 'misc']","['for loop', 'while loop', 'if statement', 'tuple', 'misc', 'break statement', 'matrix operation', 'sorting']","import math
import itertools

def solve():
    def lcm(a, b):
        return math.lcm(a, b)

    def max_lcm_sum(n):
        perms = list(itertools.permutations(range(1, n+1)))
        max_sum = 0
        for perm in perms:
            sum_lcm = sum(lcm(i, perm[i]) for i in range(n))
            if sum_lcm > max_sum:
                max_sum = sum_lcm
                max_perm = perm
        return max_perm

    t = int(input())
    for _ in range(t):
        n = int(input())
        print(*max_lcm_sum(n))

",False,False,1,0.5
1712A,0,['this is the og problem'],['for loop'],"['if statement', 'for loop', 'tuple', 'matrix operation', 'while loop', 'set', 'sorting', 'misc', 'dictionary', 'dynamic programming']","from functools import reduce
from itertools import combinations

def solve():
    t = int(input())
    for _ in range(t):
        n, k = map(int, input().split())
        p = list(map(int, input().split()))
        p.sort()
        p = [0] + p + [n+1]
        swaps = 0
        for i in range(1, n+1):
            if p[i] - p[i-1] > k:
                for j in range(i+1, n+1):
                    if p[j] < p[i] - k:
                        p[i], p[j] = p[j], p[i]
                        swaps += 1
        print(swaps)

",False,True,0,0.0
1712A,1,['sorting'],['for loop'],"['if statement', 'for loop', 'tuple', 'matrix operation', 'while loop', 'set', 'sorting', 'misc', 'dictionary', 'dynamic programming']","import sys

def solve():
    t = int(input())
    for _ in range(t):
        n, k = map(int, input().split())
        p = list(map(int, input().split()))
        p.sort()
        total = sum(p[:k])
        for i in range(k-1):
            for j in range(i+1, n):
                if p[i] > p[j]:
                    p[i], p[j] = p[j], p[i]
                    new_total = sum(p[:k])
                    if new_total < total:
                        total = new_total
        print(total)

",False,True,0,0.0
1712A,2,"['sorting', 'if statement']",['heap'],"['if statement', 'for loop', 'tuple', 'matrix operation', 'while loop', 'set', 'sorting', 'misc', 'dictionary', 'dynamic programming']","import heapq

def solve():
    n, k = map(int, input().split())
    arr = list(map(int, input().split()))
    arr_sorted = sorted(arr)
    arr_sorted_cumsum = [0] + list(sum(arr_sorted[:i+1]) for i in range(len(arr_sorted)))

    min_sum = arr_sorted_cumsum[k]
    min_ops = 0

    for i in range(k-1, -1, -1):
        if arr_sorted_cumsum[i] < min_sum:
            min_sum = arr_sorted_cumsum[i]
            min_ops += 1

    heap = [(arr[i] - arr_sorted[i], i) for i in range(n)]
    heapq.heapify(heap)

    for _ in range(min_ops):
        _, i = heapq.heappop(heap)
        j = k - 1
        while j > i:
            heapq.heappush(heap, (arr[j] - arr_sorted[j], j))
            arr[i], arr[j] = arr[j], arr[i]
            j -= 1

    print(min_ops)

",False,True,1,1.0
1712A,3,"['sorting', 'if statement', 'recursion']",['heap'],"['if statement', 'for loop', 'tuple', 'matrix operation', 'while loop', 'set', 'sorting', 'misc', 'dictionary', 'dynamic programming']","import heapq

def solve():
    def min_sum(n, k, arr):
        # Create a min-heap with the first k elements
        heap = [(arr[i], i) for i in range(k)]
        heapq.heapify(heap)

        # Iterate through the remaining elements
        for i in range(k, n):
            # Get the minimum element and its index
            min_val, min_idx = heapq.heappop(heap)

            # Swap the current element with the minimum element
            if arr[i] > min_val:
                arr[i], arr[min_idx] = arr[min_idx], arr[i]

                # Add the current element to the min-heap
                heapq.heappush(heap, (arr[i], i))

        # The sum of the first k elements is the minimum possible sum
        return sum(heap[0][0] for _ in range(k))

    t = int(input())
    for _ in range(t):
        n, k = map(int, input().split())
        arr = list(map(int, input().split()))
        print(min_sum(n, k, arr))
",False,True,1,1.0
1712A,4,"['sorting', 'if statement', 'recursion', 'dictionary']",['for loop'],"['if statement', 'for loop', 'tuple', 'matrix operation', 'while loop', 'set', 'sorting', 'misc', 'dictionary', 'dynamic programming']","import heapq

def solve():
    n, k = map(int, input().split())
    p = list(map(int, input().split()))
    p_sum = sum(p[:k])

    # Create a min-heap of indices of elements in the permutation
    indices = list(range(n))
    heapq.heapify(indices)

    # Swap the smallest element with the first k elements sum
    for _ in range(k):
        smallest_index = heapq.heappop(indices)
        if p[smallest_index] > p_sum:
            p[smallest_index], p[0] = p[0], p[smallest_index]
            p_sum -= 1
            heapq.heappush(indices, 0)

    print(len(p) - p_sum)

# Call the function
",False,True,0,0.0
1712A,5,"['sorting', 'if statement', 'recursion', 'dictionary', 'matrix operation']",['for loop'],"['if statement', 'for loop', 'tuple', 'matrix operation', 'while loop', 'set', 'sorting', 'misc', 'dictionary', 'dynamic programming']","import heapq

def solve():
    n, k = map(int, input().split())
    p = list(map(int, input().split()))
    p_sum = sum(p[:k])

    # Initialize a min-heap with the indices of the first k elements
    heap = [i for i in range(k)]
    heapq.heapify(heap)

    # Swap the smallest and largest elements in the permutation until the sum is minimized
    while heap:
        smallest = heapq.heappop(heap)
        largest = n - k + heap[0]
        if p[smallest] + p[largest] > p_sum:
            p[smallest], p[largest] = p[largest], p[smallest]
            p_sum -= p[smallest] + p[largest]
            heapq.heappush(heap, largest)
            heapq.heappop(heap)

    print(p_sum)
",False,True,0,0.0
1711A,0,['this is the og problem'],['for loop'],"['for loop', 'tuple', 'while loop', 'misc', 'if statement', 'matrix operation']","from 1 to n in non-increasing order of their divisors count and then create a permutation by iterating through the sorted numbers.

Here is the Python code for the solution:

```python
import math
import sys

def divisor_count(n):
    count = 0
    for i in range(1, int(math.sqrt(n)) + 1):
        if n % i == 0:
            count += 2
    if int(math.sqrt(n)) * int(math.sqrt(n)) == n:
        count -= 1
    return count

def solve():
    t = int(input())
    for _ in range(t):
        n = int(input())
        nums = sorted(range(1, n + 1), key=lambda x: divisor_count(x), reverse=True)
        print(*nums)

",False,True,0,0.0
1711A,1,['for loop'],['for loop'],"['for loop', 'tuple', 'while loop', 'misc', 'if statement', 'matrix operation']","from 1 to n in non-increasing order of their smallest prime factors. Then, we can construct the permutation by iteratively appending the smallest number that does not divide any of the numbers already in the permutation.

Here is the Python code for the solution:

```python
from functools import reduce
from math import gcd

def prime_factors(n):
    i = 2
    factors = []
    while i * i <= n:
        if n % i:
            i += 1
        else:
            factors.append(i)
            n //= i
    if n > 1:
        factors.append(n)
    return factors

def smallest_prime_factor(n):
    return min(prime_factors(n))

def solve():
    n = int(input())
    nums = list(range(1, n + 1))
    nums.sort(key=smallest_prime_factor, reverse=True)
    permutation = []
    for num in nums:
        for i in range(len(permutation)):
            if num % permutation[i] == 0:
                break
        else:
            permutation.append(num)
    print(*permutation)

",False,False,0,0.0
1711A,2,"['for loop', 'while loop']","['if statement', 'for loop', 'if statement', 'for loop']","['for loop', 'tuple', 'while loop', 'misc', 'if statement', 'matrix operation']","from 1 to n and then assign them to the permutation in a way that the weight of the permutation is minimized.

Here is the Python code for the solution:

```python
import sys
import math

def solve():
    n = int(input())
    arr = list(range(1, n+1))
    arr.sort(key=lambda x: math.log2(x))
    weight = 0
    permutation = []
    for i in range(n):
        if i+1 not in permutation and i+1 % arr[i] == 0:
            permutation.append(arr[i])
            weight += 1
    print(*permutation)

",False,False,0,0.0
1711A,3,"['for loop', 'while loop', 'recursion']","['while loop', 'two pointers']","['for loop', 'tuple', 'while loop', 'misc', 'if statement', 'matrix operation']","import sys

def solve():
    def find_cycle(perm):
        slow, fast = 0, 0
        while True:
            slow = perm[slow]
            fast = perm[perm[fast]]
            if slow == fast:
                break

        if fast == perm[-1]:
            return None

        start = slow
        end = fast
        while start != end:
            start, end = perm[start], perm[end]
            perm[start], perm[end] = perm[end], perm[start]
        return perm

    for _ in range(int(input())):
        n = int(input())
        perm = list(range(1, n + 1))
        perm = find_cycle(perm)
        if perm is None:
            print(*perm)
        else:
            print(*reversed(perm))

",False,False,1,0.5
1711A,4,"['for loop', 'while loop', 'recursion', 'if statement']","['if statement', 'heap']","['for loop', 'tuple', 'while loop', 'misc', 'if statement', 'matrix operation']","import sys
import heapq

def solve():
    n = int(input())
    if n == 1:
        print(1)
        return

    adj_list = [[] for _ in range(n)]
    for i in range(1, n):
        adj_list[i].append((i, i - 1))
        adj_list[i - 1].append((i - 1, i))

    dist = [[float('inf')] * n for _ in range(n)]
    for i in range(1, n):
        dist[i][i] = 0

    for k in range(1, n):
        for i in range(1, n):
            for j in range(1, n):
                dist[i][j] = min(dist[i][j], dist[i][k] + dist[k][j])

    parent = [None] * n
    for k in range(1, n):
        for i in range(1, n):
            for j in range(1, n):
                if dist[i][j] == dist[i][k] + dist[k][j]:
                    parent[j] = k

    stack = [n - 1]
    permutation = [0] * n
    while stack:
        i = stack.pop()
        permutation[i] = i
        if i != parent[i]:
            stack.append(parent[i])

    print(*permutation)

",False,False,1,0.5
1709A,0,['this is the og problem'],"['if statement', 'for loop']","['for loop', 'if statement', 'pass statement', 'misc', 'while loop', 'tuple', 'matrix operation']","import itertools

def solve():
    t = int(input())
    for _ in range(t):
        x = int(input())
        doors = list(map(int, input().split()))
        if doors.count(0) == 2:
            print(""NO"")
        else:
            if doors.count(x) == 1:
                print(""YES"")
            else:
                keys = [i for i in range(1, 4) if doors.count(i) == 0]
                for key in keys:
                    if doors[key - 1] != key:
                        print(""NO"")
                        break
                else:
                    print(""YES"")
",False,True,0,0.0
1709A,1,['for loop'],"['recursion', 'if statement', 'set']","['for loop', 'if statement', 'pass statement', 'misc', 'while loop', 'tuple', 'matrix operation']","def solve():
    def can_open_all(x, a, b, c):
        if not (x in {a, b, c} and {a, b, c} == {0, x}):
            return False
        if a == x:
            return b != c and can_open_all(x, b, c, 0)
        elif b == x:
            return a != c and can_open_all(x, a, c, 0)
        else:
            return a != b and can_open_all(x, a, 0, c)

    t = int(input())
    for _ in range(t):
        x = int(input())
        a, b, c = map(int, input().split())
        print(""YES"" if can_open_all(x, a, b, c) else ""NO"")
",False,True,2,0.6666666666666666
1709A,2,"['for loop', 'if statement']",['for loop'],"['for loop', 'if statement', 'pass statement', 'misc', 'while loop', 'tuple', 'matrix operation']","import itertools

def solve():
    t = int(input())
    for _ in range(t):
        x = int(input())
        doors = list(map(int, input().split()))
        if doors.count(0) == 2:
            print(""NO"")
        else:
            if doors.count(x) == 1:
                print(""YES"")
            else:
                # Find the door with the key that is not in the hand
                for door, key in itertools.product(range(1, 4), repeat=2):
                    if door != x and doors[door - 1] == door:
                        print(""YES"")
                        break
                else:
                    print(""NO"")
",False,False,0,0.0
1709A,3,"['for loop', 'if statement', 'dictionary']","['if statement', 'for loop', 'set', 'break statement']","['for loop', 'if statement', 'pass statement', 'misc', 'while loop', 'tuple', 'matrix operation']","import itertools

def solve():
    t = int(input())
    for _ in range(t):
        x = int(input())
        doors = list(map(int, input().split()))
        if doors.count(0) == 2:
            print(""NO"")
        else:
            if doors.count(x) == 1:
                print(""YES"")
            else:
                keys = set(doors)
                keys.remove(x)
                for key in keys:
                    if doors.count(key) == 1:
                        print(""YES"")
                        break
                else:
                    print(""NO"")
",False,False,2,0.5
1709A,4,"['for loop', 'if statement', 'dictionary', 'hashmap']","['if statement', 'for loop', 'set', 'break statement']","['for loop', 'if statement', 'pass statement', 'misc', 'while loop', 'tuple', 'matrix operation']","import itertools

def solve():
    t = int(input())
    for _ in range(t):
        x = int(input())
        doors = list(map(int, input().split()))
        if doors.count(0) == 2:
            print(""NO"")
        else:
            if doors.count(x) == 1:
                print(""YES"")
            else:
                keys = set(doors)
                for key in keys:
                    if doors.count(key) == 1:
                        unlocked_doors = set([i for i, door in enumerate(doors) if door == key])
                        if len(unlocked_doors) == 2:
                            print(""YES"")
                            break
                else:
                    print(""NO"")
",False,False,2,0.5
1709A,5,"['for loop', 'if statement', 'dictionary', 'hashmap', 'matrix operation']",['for loop'],"['for loop', 'if statement', 'pass statement', 'misc', 'while loop', 'tuple', 'matrix operation']","import itertools

def solve():
    t = int(input())
    for _ in range(t):
        x = int(input())
        doors = list(map(int, input().split()))
        if doors.count(0) == 2:
            print(""NO"")
        else:
            if doors.count(x) == 1:
                print(""YES"")
            else:
                for key in doors:
                    if doors.count(key) == 1:
                        unlocked_doors = set([key])
                        for door in doors:
                            if door != key and doors.count(door) == 1:
                                unlocked_doors.add(door)
                        if len(unlocked_doors) == 3:
                            print(""YES"")
                            break
                else:
                    print(""NO"")
",False,False,0,0.0
1708A,0,['this is the og problem'],"['for loop', 'if statement', 'dynamic programming']","['if statement', 'for loop', 'break statement', 'misc', 'continue statement', 'while loop', 'set']","import functools

def solve():
    t = int(input())
    for _ in range(t):
        n = int(input())
        a = list(map(int, input().split()))
        dp = [0] * (n + 1)
        dp[1] = a[1] - a[0]
        for i in range(2, n):
            dp[i] = min(dp[i - 2] + a[i] - a[i - 2], dp[i - 1]) + a[i] - a[i - 1]
        print(""YES"" if dp[-1] == 0 else ""NO"")

",False,True,1,0.3333333333333333
1708A,1,['break statement'],['recursion'],"['if statement', 'for loop', 'break statement', 'misc', 'continue statement', 'while loop', 'set']","import functools

def solve():
    def diff(arr):
        if len(arr) < 2:
            return arr
        diff_arr = [arr[i] - arr[i - 1] for i in range(1, len(arr))]
        return [arr[0]] + diff_arr + [0]

    t = int(input())
    for _ in range(t):
        n = int(input())
        arr = list(map(int, input().split()))
        if all(x == 0 for x in diff(arr)):
            print(""YES"")
        else:
            print(""NO"")

",False,True,1,1.0
1708A,2,"['break statement', 'for loop']","['recursion', 'dynamic programming', 'if statement', 'for loop']","['if statement', 'for loop', 'break statement', 'misc', 'continue statement', 'while loop', 'set']","import functools

def solve():
    @functools.lru_cache(maxsize=None)
    def dp(i, diff):
        if i == 1:
            return diff == 0
        if diff < 0:
            return False
        return any(dp(j, diff - a[j - 1]) for j in range(2, i))

    t = int(input())
    for _ in range(t):
        n = int(input())
        a = list(map(int, input().split()))
        print(""YES"" if dp(n, sum(a[1:])) else ""NO"")

",False,False,2,0.5
1708A,3,"['break statement', 'for loop', 'while loop']",['for loop'],"['if statement', 'for loop', 'break statement', 'misc', 'continue statement', 'while loop', 'set']","import functools

def solve():
    @functools.lru_cache(maxsize=None)
    def can_reach_zero(arr, i):
        if i > len(arr):
            return False
        if i == len(arr):
            return arr[-1] == 0
        if arr[i] == 0:
            return True
        return any(can_reach_zero(arr[:i] + [arr[i] - arr[j]] for j in range(i - 1, -1, -1)) or can_reach_zero(arr[:i] + [arr[i] + arr[j]] for j in range(i - 1, -1, -1)))

    t = int(input())
    for _ in range(t):
        n = int(input())
        arr = list(map(int, input().split()))
        print(""YES"" if can_reach_zero(arr, 1) else ""NO"")

",False,False,0,0.0
1708A,4,"['break statement', 'for loop', 'while loop', 'if statement']","['recursion', 'dynamic programming', 'hashmap']","['if statement', 'for loop', 'break statement', 'misc', 'continue statement', 'while loop', 'set']","import functools

def solve():
    @functools.lru_cache(maxsize=None)
    def dp(i, diff):
        if i == 1:
            return diff == 0
        return any(dp(j, diff - a[j - 1]) for j in range(2, i))

    t = int(input())
    for _ in range(t):
        n = int(input())
        a = list(map(int, input().split()))
        print(""YES"" if dp(n, sum(a)) else ""NO"")

",False,True,3,1.0
1706A,0,['this is the og problem'],['for loop'],"['while loop', 'for loop', 'if statement', 'matrix operation', 'tuple', 'continue statement', 'misc', 'sorting', 'greedy algorithm', 'hashmap']","import string
import sys

def solve():
    t = int(input())
    for _ in range(t):
        n, m = map(int, input().split())
        a = list(map(int, input().split()))
        s = string.ascii_uppercase * m
        for i in range(1, n+1):
            if a[i] <= m:
                s = s[:a[i]] + 'A' + s[a[i]:]
            else:
                s = s[:m+1-a[i]] + 'A' + s[m+1-a[i]:]
        print(s)

",False,True,0,0.0
1706A,1,['for loop'],['for loop'],"['while loop', 'for loop', 'if statement', 'matrix operation', 'tuple', 'continue statement', 'misc', 'sorting', 'greedy algorithm', 'hashmap']","import functools
import itertools
import string
from typing import List

def solve():
    t = int(input())
    for _ in range(t):
        n, m = map(int, input().split())
        a = list(map(int, input().split()))
        s = string.ascii_uppercase * m
        operations = [(i, m + 1 - ai) for i, ai in enumerate(a)]
        operations.sort(key=lambda x: x[1])
        for op in operations:
            i, j = op
            s = list(s)
            s[i - 1], s[j - 1] = 'A', s[j - 1]
            s = ''.join(sorted(s))
        print(s)

",False,False,0,0.0
1706A,2,"['for loop', 'while loop']",['for loop'],"['while loop', 'for loop', 'if statement', 'matrix operation', 'tuple', 'continue statement', 'misc', 'sorting', 'greedy algorithm', 'hashmap']","import itertools
import string

def solve():
    t = int(input())
    for _ in range(t):
        n, m = map(int, input().split())
        a = list(map(int, input().split()))
        s = string.ascii_uppercase[:m]
        for i, ai in enumerate(a):
            s = s[:ai] + s[m + 1 - ai] + s[ai:]
        print(''.join(sorted(s)))
",False,False,0,0.0
1706A,3,"['for loop', 'while loop', 'if statement']",['for loop'],"['while loop', 'for loop', 'if statement', 'matrix operation', 'tuple', 'continue statement', 'misc', 'sorting', 'greedy algorithm', 'hashmap']","import functools
import itertools
import string

def solve():
    def min_string(n, m, a):
        chars = string.ascii_uppercase[:m + 2]
        op = functools.reduce(lambda x, y: x & y, itertools.accumulate([1 << (i + 1) for i in range(m + 1)]))
        for i in range(1, n + 1):
            op ^= 1 << (a[i] - 1) | 1 << (m + 1 - a[i])
        return ''.join(sorted(chars)[op])

    t = int(input())
    for _ in range(t):
        n, m = map(int, input().split())
        a = list(map(int, input().split()))
        print(min_string(n, m, a))

",False,False,0,0.0
1706A,4,"['for loop', 'while loop', 'if statement', 'matrix operation']",['for loop'],"['while loop', 'for loop', 'if statement', 'matrix operation', 'tuple', 'continue statement', 'misc', 'sorting', 'greedy algorithm', 'hashmap']","import functools
import itertools
import string

def solve():
    def min_string(n, m, a):
        chars = string.ascii_uppercase[:m + 2]
        op = functools.reduce(lambda x, y: x & y, itertools.accumulate([1 << (i + 1) for i in range(m + 1)]))
        for i in range(1, n + 1):
            op ^= 1 << a[i]
            op ^= 1 << (m + 1 - a[i])
        return ''.join(sorted(chars[op]))

    t = int(input())
    for _ in range(t):
        n, m = map(int, input().split())
        a = list(map(int, input().split()))
        print(min_string(n, m, a))

",False,False,0,0.0
1705A,0,['this is the og problem'],"['for loop', 'if statement']","['for loop', 'if statement', 'break statement', 'sorting', 'tuple', 'while loop', 'continue statement']","import sys

def solve():
    t = int(input())
    for _ in range(t):
        n, x = map(int, input().split())
        heights = list(map(int, input().split()))
        front_row = heights[:n]
        back_row = heights[n:]
        if all(back_row[i] >= front_row[i] + x for i in range(n)):
            print(""YES"")
        else:
            print(""NO"")

",False,True,0,0.0
1705A,1,['if statement'],"['for loop', 'if statement']","['for loop', 'if statement', 'break statement', 'sorting', 'tuple', 'while loop', 'continue statement']","import math

def solve():
    t = int(input())
    for _ in range(t):
        n, x = map(int, input().split())
        heights = list(map(int, input().split()))
        front_row = heights[:n]
        back_row = heights[n:]
        if all(back_row[i] - front_row[i] >= x for i in range(n)):
            print(""YES"")
        else:
            print(""NO"")
",False,False,0,0.0
1705A,2,"['if statement', 'for loop']","['for loop', 'if statement', 'tuple']","['for loop', 'if statement', 'break statement', 'sorting', 'tuple', 'while loop', 'continue statement']","import sys

def solve():
    t = int(input())
    for _ in range(t):
        n, x = map(int, input().split())
        heights = list(map(int, input().split()))
        front_row = heights[:n]
        back_row = heights[n:]
        if all(back_row[i] >= front_row[i] + x for i in range(n)):
            print(""YES"")
        else:
            print(""NO"")

",False,False,0,0.0
1705A,3,"['if statement', 'for loop', 'tuple']",['for loop'],"['for loop', 'if statement', 'break statement', 'sorting', 'tuple', 'while loop', 'continue statement']","from typing import List

def solve():
    def check(h1, h2):
        return all(h2[i] - h1[i] >= x for i in range(1, len(h1)))

    def solve_case(n, x, h):
        if len(h) != 2 * n:
            return ""Error: Invalid input""
        h1, h2 = h[:n], h[n:]
        return ""YES"" if check(h1, h2) else ""NO""

    t = int(input())
    for _ in range(t):
        n, x = map(int, input().split())
        h = list(map(int, input().split()))
        print(solve_case(n, x, h))
",True,False,0,0.0
1705A,4,"['if statement', 'for loop', 'tuple', 'sorting']","['for loop', 'if statement']","['for loop', 'if statement', 'break statement', 'sorting', 'tuple', 'while loop', 'continue statement']","import math

def solve():
    t = int(input())
    for _ in range(t):
        n, x = map(int, input().split())
        heights = list(map(int, input().split()))
        front_row = heights[:n]
        back_row = heights[n:]
        if all(back_row[i] >= front_row[i] + x for i in range(n)):
            print(""YES"")
        else:
            print(""NO"")
",False,False,0,0.0
1705A,5,"['if statement', 'for loop', 'tuple', 'sorting', 'matrix operation']",['for loop'],"['for loop', 'if statement', 'break statement', 'sorting', 'tuple', 'while loop', 'continue statement']","def solve():
    def check(h1, h2):
        return all(h2[i] - h1[i] >= x for i in range(len(h1)))

    def find_gap(h):
        return max(h) - min(h)

    def find_max_height(h1, h2, x):
        return max(h1) + x if find_gap(h1) >= x else max(h2) - x

    def find_min_height(h1, h2, x):
        return min(h1) - x if find_gap(h1) >= x else min(h2) + x

    def solve_row(h, x):
        if len(h) == 1:
            return h[0] >= x
        gap = find_gap(h)
        if gap >= x:
            return True
        max_height = find_max_height(h[:len(h) // 2], h[len(h) // 2:], x)
        min_height = find_min_height(h[:len(h) // 2], h[len(h) // 2:], x)
        return any(solve_row(h1, x) for h1 in zip(h[:len(h) // 2], repeat(min_height, len(h) // 2))) or any(solve_row(h1, x) for h1 in zip(h[len(h) // 2:], repeat(max_height, len(h) // 2)))

    def solve_test_case():
        n, x = map(int, input().split())
        h = list(map(int, input().split()))
        return ""YES"" if solve_row(h[:n], x) and solve_row(h[n:], x) else ""NO""

    for _ in range(int(input())):
        print(solve_test_case())

",False,False,0,0.0
1704A,0,['this is the og problem'],"['for loop', 'tuple']","['for loop', 'if statement', 'while loop', 'tuple', 'continue statement', 'break statement', 'hashmap', 'pass statement']","import sys

def solve():
    t = int(input())
    for _ in range(t):
        n, m = map(int, input().split())
        a = list(map(int, input().split()))
        b = list(map(int, input().split()))

        if n != m:
            print(""NO"")
            continue

        a_copy = a[:]
        for i in range(1, len(a)):
            if a[i] < a[i-1]:
                while a_copy and a_copy[0] > a[i]:
                    a_copy.pop(0)
                if a_copy:
                    a[i] = a_copy.pop(0)

        for i in range(1, len(a)):
            if a[i] > a[i-1]:
                while a_copy and a_copy[0] < a[i]:
                    a_copy.pop(0)
                if a_copy:
                    a[i] = a_copy.pop(0)

        if a == b:
            print(""YES"")
        else:
            print(""NO"")

",False,True,0,0.0
1704A,1,['break statement'],['for loop'],"['for loop', 'if statement', 'while loop', 'tuple', 'continue statement', 'break statement', 'hashmap', 'pass statement']","import sys

def solve():
    t = int(input())
    for _ in range(t):
        n, m = map(int, input().split())
        a = list(map(int, input().split()))
        b = list(map(int, input().split()))

        if n != m:
            print(""NO"")
            continue

        a_copy = a[:]
        for _ in range(min(n - 1, m)):
            if a_copy[1] < a_copy[0]:
                a_copy[1], a_copy[0] = a_copy[0], a_copy[1]
                a_copy.pop(0)

        for _ in range(min(n - 1, m)):
            if a_copy[1] > a_copy[0]:
                a_copy[1], a_copy[0] = a_copy[0], a_copy[1]
                a_copy.pop(0)

        if a_copy == b:
            print(""YES"")
        else:
            print(""NO"")

",False,True,0,0.0
1704A,2,"['break statement', 'for loop']",['for loop'],"['for loop', 'if statement', 'while loop', 'tuple', 'continue statement', 'break statement', 'hashmap', 'pass statement']","import sys

def solve():
    t = int(input())
    for _ in range(t):
        n, m = map(int, input().split())
        a = list(input())
        b = list(input())

        if n != m:
            print(""NO"")
            continue

        a_stack = list(reversed(a))
        b_stack = list(reversed(b))

        while a_stack and b_stack:
            a_top = a_stack.pop()
            b_top = b_stack.pop()

            if a_top == b_top:
                continue

            if a_top == '0' and b_top == '1':
                a_stack.append(b_top)
            elif a_top == '1' and b_top == '0':
                a_stack.append(b_top)
            else:
                print(""NO"")
                break

        if not a_stack:
            print(""YES"")
        else:
            print(""NO"")

",False,False,0,0.0
1704A,3,"['break statement', 'for loop', 'while loop']","['for loop', 'tuple']","['for loop', 'if statement', 'while loop', 'tuple', 'continue statement', 'break statement', 'hashmap', 'pass statement']","import sys

def solve():
    t = int(input())
    for _ in range(t):
        n, m = map(int, input().split())
        a = list(map(int, input().split()))
        b = list(map(int, input().split()))

        if n != m:
            print(""NO"")
            continue

        a_copy = a[:]
        for _ in range(min(n, m)):
            if a_copy[1] < a_copy[0]:
                a_copy[1], a_copy[0] = a_copy[0], a_copy[1]
                a_copy.pop(0)

            elif a_copy[1] > a_copy[0]:
                a_copy[1], a_copy[0] = a_copy[0], a_copy[1]
                a_copy.pop(0)

        if a_copy == b:
            print(""YES"")
        else:
            print(""NO"")

",False,False,0,0.0
1704A,4,"['break statement', 'for loop', 'while loop', 'recursion']","['for loop', 'tuple']","['for loop', 'if statement', 'while loop', 'tuple', 'continue statement', 'break statement', 'hashmap', 'pass statement']","import sys

def solve():
    t = int(input())
    for _ in range(t):
        n, m = map(int, input().split())
        a = list(input())
        b = list(input())

        if n != m:
            print(""NO"")
            continue

        if a == b:
            print(""YES"")
            continue

        a_stack = [a[i] for i in range(1, len(a))]
        b_stack = [b[i] for i in range(1, len(b))]

        while a_stack and b_stack:
            if a_stack[0] == b_stack[0]:
                a_stack.pop(0)
                b_stack.pop(0)
            elif a_stack[0] < b_stack[0]:
                a[1] = min(a[0], a[1])
                a = a[1:]
            else:
                a[1] = max(a[0], a[1])
                a = a[1:]

        if not a_stack and not b_stack:
            print(""YES"")
        else:
            print(""NO"")

",False,False,0,0.0
1704A,5,"['break statement', 'for loop', 'while loop', 'recursion', 'queue']",['for loop'],"['for loop', 'if statement', 'while loop', 'tuple', 'continue statement', 'break statement', 'hashmap', 'pass statement']","import sys

def solve():
    t = int(input())
    for _ in range(t):
        n, m = map(int, input().split())
        a = list(map(int, input().split()))
        b = list(map(int, input().split()))

        if n != m:
            print(""NO"")
            continue

        a_copy = a[:]
        for i in range(1, len(a)):
            if a[i] < a[i - 1]:
                while a[i] < a[i - 1]:
                    a[i], a[i - 1] = a[i - 1], a[i]
                    a = a[1:]
            elif a[i] > a[i - 1]:
                while a[i] > a[i - 1]:
                    a[i], a[i - 1] = a[i - 1], a[i]
                    a = a[1:]

        if a == b:
            print(""YES"")
        else:
            print(""NO"")

",False,False,0,0.0
1703C,0,['this is the og problem'],['for loop'],"['for loop', 'if statement', 'tuple', 'matrix operation', 'misc', 'hashmap']","import re

def solve():
    t = int(input())
    for _ in range(t):
        n = int(input())
        sequence = list(map(int, input().split()))
        moves = []
        for _ in range(n):
            move = input()
            moves.append((move.count('U'), move.count('D')))

        initial_sequence = [0] * n
        for i, (up, down) in enumerate(moves):
            current = initial_sequence[i]
            if up > down:
                for _ in range(up - down):
                    current += 1
                    if current == 10:
                        current = 0
            else:
                for _ in range(down - up):
                    current -= 1
                    if current == -1:
                        current = 9
            initial_sequence[i] = current

        print(' '.join(map(str, initial_sequence)))

",False,True,0,0.0
1703C,1,['for loop'],['for loop'],"['for loop', 'if statement', 'tuple', 'matrix operation', 'misc', 'hashmap']","import collections

def solve():
    t = int(input())
    for _ in range(t):
        n = int(input())
        sequence = list(map(int, input().split()))
        moves = [list(input().split()) for _ in range(n)]

        # Initialize a dictionary to store the count of up and down moves for each wheel
        move_count = collections.defaultdict(lambda: collections.defaultdict(int))
        for move in moves:
            for i, direction in enumerate(move):
                move_count[i][direction] += 1

        # Initialize the initial sequence with all zeros
        initial_sequence = [0] * n

        # Iterate through the wheels from the last one to the first one
        for i in range(n - 1, -1, -1):
            current = initial_sequence[i]
            moves_count = move_count[i]

            # If there are more up moves than down moves, increment the current value
            if moves_count['U'] > moves_count['D']:
                initial_sequence[i] = (current + 1) % 10
            # If there are more down moves than up moves, decrement the current value
            elif moves_count['D'] > moves_count['U']:
                initial_sequence[i] = (current - 1) % 10

        print(*initial_sequence)

",False,False,0,0.0
1703C,2,"['for loop', 'recursion']","['for loop', 'matrix operation']","['for loop', 'if statement', 'tuple', 'matrix operation', 'misc', 'hashmap']","from collections import defaultdict

def solve():
    t = int(input())
    for _ in range(t):
        n = int(input())
        digits = list(map(int, input().split()))
        moves = [list(input()) for _ in range(n)]

        # Initialize a dictionary to store the previous state of each wheel
        prev = defaultdict(int)
        # Initialize the current state of the first wheel
        prev[0] = digits[0]

        for move in moves:
            direction = move[0]
            count = int(move[1:])
            for i in range(n):
                # Apply the move to the current wheel
                current = prev[i]
                if direction == 'U':
                    current = (current + 1) % 10
                else:
                    current = (current - 1) % 10
                # Update the previous state of the wheel
                prev[i] = current

        # The initial state of the wheels is the previous state of the last wheel
        initial = prev[-1]
        for i in range(n - 2, -1, -1):
            initial = (initial * 10) + prev[i]
        print(initial)

",False,False,0,0.0
1703C,3,"['for loop', 'recursion', 'while loop']",['for loop'],"['for loop', 'if statement', 'tuple', 'matrix operation', 'misc', 'hashmap']","from collections import defaultdict

def solve():
    t = int(input())
    for _ in range(t):
        n = int(input())
        digits = list(map(int, input().split()))
        moves = [list(input().split()) for _ in range(n)]

        # Initialize a dictionary to store the previous state of each wheel
        prev = defaultdict(int)
        # Initialize the current state of each wheel
        state = list(digits)

        for move in moves:
            direction, wheel = move[0], int(move[1:])
            if direction == 'U':
                next_state = (state[wheel] + 1) % 10
            else:
                next_state = (state[wheel] - 1) % 10

            # Update the previous state of the wheel
            prev[wheel] = state[wheel]
            # Update the current state of the wheel
            state[wheel] = next_state

        # The initial state is the previous state of the first wheel
        initial_state = prev[0]
        # Print the initial state
        print(*initial_state)

",False,False,0,0.0
1703C,4,"['for loop', 'recursion', 'while loop', 'if statement']",['if statement'],"['for loop', 'if statement', 'tuple', 'matrix operation', 'misc', 'hashmap']","import collections

def solve():
    def rotate(num, direction):
        if direction == 'U':
            return (num + 1) % 10
        else:
            return (num - 1) % 10

    def solve_wheel(moves, initial_num):
        num = initial_num
        for move in moves:
            if move == 'U':
                num = rotate(num, 'U')
            else:
                num = rotate(num, 'D')
        return num

    test_cases = int(input())
    for _ in range(test_cases):
        n = int(input())
        final_sequence = list(map(int, input().split()))
        moves = []
        for _ in range(n):
            moves_str = input()
            moves += [(moves_str.count('U'), moves_str) for _ in range(moves_str.count('U'))] + [(moves_str.count('D'), moves_str) for _ in range(moves_str.count('D'))]
        initial_sequence = [solve_wheel(moves[i], i) for i in range(n)]
        print(' '.join(map(str, initial_sequence)))
",False,False,0,0.0
1703B,0,['this is the og problem'],"['if statement', 'for loop', 'dictionary']","['for loop', 'set', 'while loop', 'misc', 'tuple', 'matrix operation', 'hashmap']","def solve():
    def count_balloons(s):
        balloons = 0
        first_solved = {}
        for i, c in enumerate(s):
            if c not in first_solved:
                balloons += 2
                first_solved[c] = i
            balloons += 1
        return balloons + sum(1 for c in s if first_solved[c] < i)

    t = int(input())
    for _ in range(t):
        n = int(input())
        s = input()
        print(count_balloons(s))
",False,True,2,0.6666666666666666
1703B,1,['if statement'],"['for loop', 'if statement', 'dictionary', 'hashmap']","['for loop', 'set', 'while loop', 'misc', 'tuple', 'matrix operation', 'hashmap']","from collections import Counter

def solve(s):
    count = 0
    balloons = Counter()
    for i, char in enumerate(s):
        if char == char.upper():
            balloons[char] += 1
            if balloons[char] == 1:
                count += 2
            count += 1
    return sum(balloons.values()) + count
",False,False,2,0.5
1703B,2,"['if statement', 'for loop']",['for loop'],"['for loop', 'set', 'while loop', 'misc', 'tuple', 'matrix operation', 'hashmap']","from collections import defaultdict

def solve(s):
    balloons = defaultdict(int)
    first_solved = {}

    for i, char in enumerate(s):
        if char not in first_solved:
            balloons[char] = 2
            first_solved[char] = i

        balloons[char] += 1

    return sum(balloons.values())
",False,False,0,0.0
1703B,3,"['if statement', 'for loop', 'set']",['for loop'],"['for loop', 'set', 'while loop', 'misc', 'tuple', 'matrix operation', 'hashmap']","import collections

def solve():
    total_balloons = 0
    count = collections.Counter()

    for _ in range(int(input())):
        problems = input()
        for problem in problems:
            count[problem] += 1
            total_balloons += count[problem]
            if count[problem] == 1:
                total_balloons += 1

    print(total_balloons)
",False,False,0,0.0
1703B,4,"['if statement', 'for loop', 'set', 'while loop']","['for loop', 'if statement', 'dictionary', 'misc']","['for loop', 'set', 'while loop', 'misc', 'tuple', 'matrix operation', 'hashmap']","import collections

def solve(s):
    count = collections.Counter(s)
    balloons = 0
    for char, freq in count.items():
        balloons += freq + (1 if freq == 1 else 0)
    return sum(1 for char, freq in count.items() if freq > 1) * 2 + balloons
",False,False,2,0.5
1703A,0,['this is the og problem'],"['for loop', 'if statement']","['for loop', 'if statement']","import re

def solve():
    t = int(input())
    for _ in range(t):
        s = input().upper()
        if s == ""YES"":
            print(""YES"")
        else:
            print(""NO"")
",True,True,0,0.0
1703A,1,['for loop'],"['if statement', 'for loop']","['for loop', 'if statement']","import re

def solve():
    t = int(input())
    for _ in range(t):
        s = input().upper()
        if s == ""YES"":
            print(""YES"")
        else:
            print(""NO"")
",True,False,0,0.0
1703A,2,"['for loop', 'if statement']","['if statement', 'for loop']","['for loop', 'if statement']","import re

def solve():
    t = int(input())
    for _ in range(t):
        s = input().upper()
        if re.match(r'YES', s):
            print('YES')
        else:
            print('NO')
",True,False,0,0.0
1703A,3,"['for loop', 'if statement', 'recursion']","['for loop', 'if statement']","['for loop', 'if statement']","import re

def solve():
    t = int(input())
    for _ in range(t):
        s = input().upper()
        if re.match(r'YES', s):
            print('YES')
        else:
            print('NO')
",True,False,0,0.0
1702B,0,['this is the og problem'],"['for loop', 'if statement', 'dictionary', 'sliding window', 'hashmap']","['for loop', 'if statement', 'set', 'misc', 'continue statement', 'dictionary', 'while loop', 'break statement']","from collections import defaultdict

def solve():
    t = int(input())
    for _ in range(t):
        s = input()
        days = 0
        freq = defaultdict(int)
        for c in s:
            freq[c] += 1
            while len(freq) > 3:
                freq[s[days]] -= 1
                if freq[s[days]] == 0:
                    del freq[s[days]]
                days += 1
        print(days + 1)
",False,True,2,0.4
1702B,1,['if statement'],"['for loop', 'if statement', 'break statement', 'dictionary', 'hashmap']","['for loop', 'if statement', 'set', 'misc', 'continue statement', 'dictionary', 'while loop', 'break statement']","from collections import defaultdict

def solve():
    test_cases = int(input())
    for _ in range(test_cases):
        s = input()
        days = len(s)
        memo = defaultdict(int)
        for i in range(days):
            memo[s[i]] = 1
            for j in range(i, days):
                if all(memo[s[k]] <= 3 for k in range(i, j + 1)):
                    days = min(days, j + 1)
                    break
        print(days)
",False,False,1,0.2
1702B,2,"['if statement', 'set']","['dictionary', 'for loop', 'if statement', 'hashmap']","['for loop', 'if statement', 'set', 'misc', 'continue statement', 'dictionary', 'while loop', 'break statement']","from collections import defaultdict

def solve():
    def min_days(s):
        memo = defaultdict(int)
        days = 0
        for c in s:
            days = max(days, memo[c])
            memo[c] = days + 1
        return days + 1

    t = int(input())
    for _ in range(t):
        s = input()
        print(min_days(s))
",False,False,1,0.25
1702B,3,"['if statement', 'set', 'for loop']",['if statement'],"['for loop', 'if statement', 'set', 'misc', 'continue statement', 'dictionary', 'while loop', 'break statement']","from collections import defaultdict

def solve():
    test_cases = int(input())
    for _ in range(test_cases):
        s = input()
        days = len(s)
        memo = defaultdict(int)
        for i in range(days):
            memo[s[i]] = i + 1
            if len(memo) > 3:
                break
        for i in range(days - 1, -1, -1):
            if s[i] in memo:
                days = min(days, memo[s[i]] + days - i)
                break
        print(days)
",False,False,0,0.0
1702B,4,"['if statement', 'set', 'for loop', 'matrix operation']","['for loop', 'queue', 'misc']","['for loop', 'if statement', 'set', 'misc', 'continue statement', 'dictionary', 'while loop', 'break statement']","from collections import deque

def solve():
    t = int(input())
    for _ in range(t):
        s = input()
        q = deque(maxlen=3)
        days = 1
        for c in s:
            while q and q[-1] != c:
                days += 1
                q.append(c)
            q.append(c)
        print(days)
",False,False,1,0.3333333333333333
1702A,0,['this is the og problem'],['for loop'],"['for loop', 'while loop', 'matrix operation', 'misc', 'if statement']","import math

def solve():
    t = int(input())
    for _ in range(t):
        m = int(input())
        k = math.floor(math.log10(m))
        d = m - 10 ** k
        print(d)
",True,True,0,0.0
1702A,1,['if statement'],['for loop'],"['for loop', 'while loop', 'matrix operation', 'misc', 'if statement']","import math

def solve():
    t = int(input())
    for _ in range(t):
        m = int(input())
        k = math.floor(math.log10(m))
        d = m - 10 ** k
        print(d)
",True,True,0,0.0
1702A,2,"['if statement', 'for loop']",['for loop'],"['for loop', 'while loop', 'matrix operation', 'misc', 'if statement']","import math

def solve(m):
    return m - math.pow(10, int(math.floor(math.log10(m)) + 1))
",False,False,0,0.0
1702A,3,"['if statement', 'for loop', 'while loop']",['for loop'],"['for loop', 'while loop', 'matrix operation', 'misc', 'if statement']","import math

def solve():
    def round_down(n):
        return int(math.floor(math.log10(n)) + 1) * 10

    t = int(input())
    for _ in range(t):
        m = int(input())
        d = m - round_down(m)
        print(d)
",False,False,0,0.0
1701B,0,['this is the og problem'],['for loop'],"['while loop', 'for loop', 'if statement', 'matrix operation', 'misc', 'set', 'continue statement']","import itertools

def solve():
    for n in map(int, input().split()):
        d, cost_max = 2, 0
        for perm in itertools.permutations(range(1, n+1)):
            cost = sum(1 for i in range(1, n) if perm[i] * d == perm[i+1])
            if cost > cost_max:
                cost_max, d = cost, perm[0] * perm[-1]
        print(d)
        print(*perm)

",False,True,0,0.0
1701B,1,['for loop'],['for loop'],"['while loop', 'for loop', 'if statement', 'matrix operation', 'misc', 'set', 'continue statement']","import itertools

def solve():
    n = int(input())
    dp = [[0] * n for _ in range(n)]
    for i in range(1, n):
        for j in range(1, n):
            for k in range(1, n):
                if i * k == j * (i + 1):
                    dp[j][i] = max(dp[j][i], dp[j - 1][i - 1] + 1)
    max_cost = max(dp[n - 1])
    for i in range(n - 1, -1, -1):
        if dp[i][n - 1] == max_cost:
            yield n - 1
            for j in range(i - 1, -1, -1):
                yield j + 1
            break

",False,False,0,0.0
1701B,2,"['for loop', 'if statement']",['for loop'],"['while loop', 'for loop', 'if statement', 'matrix operation', 'misc', 'set', 'continue statement']","from itertools import permutations
import sys

def solve():
    t = int(input())
    for _ in range(t):
        n = int(input())
        max_cost = 0
        max_perm = None
        for d in range(1, n):
            for perm in permutations(range(1, n+1)):
                cost = sum(1 for i in range(len(perm) - 1) if perm[i] * d == perm[i+1])
                if cost > max_cost:
                    max_cost = cost
                    max_perm = perm
        print(d, *max_perm)

",False,False,0,0.0
1701B,3,"['for loop', 'if statement', 'tuple']",['for loop'],"['while loop', 'for loop', 'if statement', 'matrix operation', 'misc', 'set', 'continue statement']","from itertools import permutations
import sys

def solve():
    t = int(input())
    for _ in range(t):
        n = int(input())
        max_cost = 0
        max_perm = None
        for d in range(1, n):
            for perm in permutations(range(1, n+1)):
                cost = sum(1 for i in range(len(perm) - 1) if perm[i] * d == perm[i+1])
                if cost > max_cost:
                    max_cost = cost
                    max_perm = list(perm)
        print(d)
        print(*max_perm)

",False,False,0,0.0
1701B,4,"['for loop', 'if statement', 'tuple', 'misc']","['tuple', 'misc']","['while loop', 'for loop', 'if statement', 'matrix operation', 'misc', 'set', 'continue statement']","from itertools import permutations
import math

def solve():
    n = int(input())
    d = math.gcd(*list(range(1, n)))
    max_cost = 0
    max_perm = None

    for perm in permutations(range(1, n+1)):
        cost = sum(1 for i in range(len(perm) - 1) if perm[i] * d == perm[i+1])
        if cost > max_cost:
            max_cost = cost
            max_perm = perm

    print(d)
    print(*max_perm)

",False,False,1,0.5
1701A,0,['this is the og problem'],['for loop'],"['for loop', 'tuple', 'misc', 'if statement', 'while loop']","import sys

def solve():
    t = int(input())
    for _ in range(t):
        a = [list(map(int, input().split())) for _ in range(2)]
        visited = [[False] * 2 for _ in range(2)]
        count = 0
        for i in range(2):
            for j in range(2):
                if a[i][j] and not visited[i][j]:
                    dfs(a, visited, i, j)
                    count += 1
        print(count)

",False,True,0,0.0
1701A,1,['for loop'],"['for loop', 'dictionary']","['for loop', 'tuple', 'misc', 'if statement', 'while loop']","import sys
from collections import defaultdict

def solve():
    n = int(input())
    for _ in range(n):
        a = [list(map(int, input().split())) for _ in range(2)]
        visited = defaultdict(lambda: False)
        count = 0

        for i in range(2):
            for j in range(2):
                if a[i][j] and not visited[i, j]:
                    count += 1
                    visited[i, j] = True
                    for k in range(2):
                        if a[i][k] and not visited[i, k]:
                            visited[i, k] = True
                    for k in range(2):
                        if a[k][j] and not visited[k, j]:
                            visited[k, j] = True

        print(count)

",False,False,1,0.5
1701A,2,"['for loop', 'while loop']",['for loop'],"['for loop', 'tuple', 'misc', 'if statement', 'while loop']","import sys
from collections import defaultdict

def solve():
    t = int(input())
    for _ in range(t):
        a = [list(map(int, input().split())) for _ in range(2)]
        visited = defaultdict(lambda: False)
        moves = 0

        for i in range(2):
            for j in range(2):
                if a[i][j] and not visited[i, j]:
                    dfs(a, i, j)
                    moves += 1

        def dfs(grid, x, y):
            if x < 0 or x >= 2 or y < 0 or y >= 2 or grid[x][y] == 0 or visited[x, y]:
                return
            visited[x, y] = True
            grid[x][y] = 0
            dfs(grid, x - 1, y)
            dfs(grid, x + 1, y)
            dfs(grid, x, y - 1)
            dfs(grid, x, y + 1)

        print(moves)

",False,False,0,0.0
1701A,3,"['for loop', 'while loop', 'recursion']","['for loop', 'set', 'tuple']","['for loop', 'tuple', 'misc', 'if statement', 'while loop']","from collections import defaultdict

def solve():
    n = int(input())
    for _ in range(n):
        a = list(map(int, input().split()))
        grass = set()
        for i in range(len(a)):
            for j in range(len(a)):
                if a[i][j] == 1:
                    grass.add((i, j))

        visited = defaultdict(lambda: False)
        count = 0
        while grass:
            x, y = grass.pop()
            if not visited[(x, y)]:
                visited[(x, y)] = True
                count += 1
                for i in range(len(a)):
                    if not visited[(i, y)] and a[i][y] == 1:
                        grass.add((i, y))
                for j in range(len(a)):
                    if not visited[(x, j)] and a[x][j] == 1:
                        grass.add((x, j))
        print(count)

",False,False,1,0.3333333333333333
1701A,4,"['for loop', 'while loop', 'recursion', 'if statement']",['for loop'],"['for loop', 'tuple', 'misc', 'if statement', 'while loop']","from collections import defaultdict

def solve():
    n = int(input())
    for _ in range(n):
        a = list(map(int, input().split()))
        graph = defaultdict(list)
        for i in range(len(a)):
            for j in range(len(a)):
                if a[i][j] == 1:
                    graph[i].append(j)
                    graph[j].append(i)

        visited = set()
        count = 0
        for node in graph:
            if node not in visited:
                stack = [node]
                visited.add(node)
                while stack:
                    current = stack.pop()
                    for neighbor in graph[current]:
                        if neighbor not in visited:
                            stack.append(neighbor)
                            visited.add(neighbor)
                    a[node] = 0
                count += 1

        print(count)

",False,False,0,0.0
1700A,0,['this is the og problem'],"['matrix operation', 'dynamic programming']","['for loop', 'tuple', 'matrix operation', 'while loop']","import sys
from functools import lru_cache

def solve():
    n, m = map(int, input().split())
    dp = [[0] * m for _ in range(n)]
    dp[0][0] = 1

    for i in range(1, n):
        for j in range(min(i, m)):
            dp[i][j] = dp[i - 1][j] + (j + 1)

    for j in range(1, m):
        for i in range(min(i, n)):
            dp[i][j] += dp[i][j - 1] + (i + 1)

    return dp[-1][-1]

",False,True,1,0.5
1700A,1,['matrix operation'],['for loop'],"['for loop', 'tuple', 'matrix operation', 'while loop']","from typing import List

def solve():
    def dp(n, m):
        dp = [[float('inf')] * m for _ in range(n)]
        dp[0][0] = 0

        for i in range(1, n):
            dp[i][0] = dp[i - 1][0] + (i - 1) * m

        for j in range(1, m):
            dp[0][j] = dp[0][j - 1] + j

        for i in range(1, n):
            for j in range(1, m):
                dp[i][j] = min(dp[i - 1][j], dp[i][j - 1]) + (i - 1) * m + j

        return dp[n - 1][m - 1]

    t = int(input())
    for _ in range(t):
        n, m = map(int, input().split())
        print(dp(n, m))

",False,True,0,0.0
1700A,2,"['matrix operation', 'for loop']","['matrix operation', 'dynamic programming']","['for loop', 'tuple', 'matrix operation', 'while loop']","from sys import stdin, stdout

def solve():
    n, m = map(int, input().strip().split())
    dp = [[0] * (m + 1) for _ in range(n + 1)]
    for i in range(1, n + 1):
        for j in range(1, m + 1):
            dp[i][j] = dp[i - 1][j] + dp[i][j - 1]
    stdout.write(str(dp[n][m]) + ""\n"")

",False,False,1,0.5
1700A,3,"['matrix operation', 'for loop', 'tuple']","['dynamic programming', 'matrix operation']","['for loop', 'tuple', 'matrix operation', 'while loop']","from sys import stdin, setrecursionlimit
setrecursionlimit(100000)

def solve():
    n, m = map(int, input().split())
    dp = [[0] * m for _ in range(n)]
    dp[0][0] = 1

    for i in range(1, n):
        dp[i][0] = dp[i - 1][0] + (i - 1) * m

    for j in range(1, m):
        dp[0][j] = dp[0][j - 1] + j

    for i in range(1, n):
        for j in range(1, m):
            dp[i][j] = min(dp[i - 1][j], dp[i][j - 1]) + (i - 1) * m + j

    print(dp[n - 1][m - 1])

",False,False,1,0.5
1700A,4,"['matrix operation', 'for loop', 'tuple', 'while loop']",['for loop'],"['for loop', 'tuple', 'matrix operation', 'while loop']","from sys import stdin, setrecursionlimit
setrecursionlimit(100000)

def solve():
    n, m = map(int, input().split())
    dp = [[0] * m for _ in range(n)]
    dp[0][0] = 1

    for i in range(1, n):
        dp[i][0] = dp[i - 1][0] + (i - 1) * m

    for j in range(1, m):
        dp[0][j] = dp[0][j - 1] + j

    for i in range(1, n):
        for j in range(1, m):
            dp[i][j] = max(dp[i - 1][j], dp[i][j - 1]) + (i - 1) * m + j

    print(dp[-1][-1])

",False,False,0,0.0
1700A,5,"['matrix operation', 'for loop', 'tuple', 'while loop', 'if statement']",['for loop'],"['for loop', 'tuple', 'matrix operation', 'while loop']","import sys
from collections import defaultdict

def solve():
    n, m = map(int, input().strip().split())
    dp = defaultdict(int)
    dp[(1, 1)] = 0

    for i in range(1, n + 1):
        for j in range(1, m + 1):
            if (i, j) == (n, m):
                break
            dp[(i, j)] = min(dp[(i + 1, j)] + (i - 1) * m, dp[(i, j + 1)] + j)

    print(dp[(n, m)])

",False,False,0,0.0
