problem_id,dp,constraints,machine_techniques,human_techniques,machine_solutions,correctness,follow_constraints,new_techniques,new_techniques_ratio
1901A,0,['this is the og problem'],['for loop'],"['for loop', 'tuple', 'matrix operation', 'if statement', 'while loop', 'misc', 'hashmap', 'break statement', 'dictionary']","import sys

def solve():
    t = int(input())
    for _ in range(t):
        n, x = map(int, input().split())
        a = list(map(int, input().split()))
        a.append(x)
        a.sort()
        ans = 0
        for i in range(n+1):
            if i == 0:
                ans = max(ans, a[i])
            else:
                ans = max(ans, a[i]-a[i-1])
        print(ans*2)
",False,True,0,0.0
1901A,1,['for loop'],"['for loop', 'if statement', 'sorting']","['for loop', 'tuple', 'matrix operation', 'if statement', 'while loop', 'misc', 'hashmap', 'break statement', 'dictionary']","import sys
import math

def solve():
    t = int(input())
    for _ in range(t):
        n, x = map(int, input().split())
        a = list(map(int, input().split()))
        a.append(x)
        a.sort()
        ans = 0
        for i in range(n + 1):
            ans = max(ans, a[i] - (a[i - 1] if i > 0 else 0))
        print(ans * 2)
",False,False,1,0.3333333333333333
1901A,2,"['for loop', 'while loop']","['if statement', 'for loop', 'tuple', 'sorting']","['for loop', 'tuple', 'matrix operation', 'if statement', 'while loop', 'misc', 'hashmap', 'break statement', 'dictionary']","import math

def solve():
    t = int(input())
    for _ in range(t):
        n, x = map(int, input().split())
        a = list(map(int, input().split()))
        a.append(x)
        a.sort()
        ans =    0
        for i in range(n):
            ans = max(ans, a[i + 1] - a[i])
        print(ans * 2)
",False,False,1,0.25
1901A,3,"['for loop', 'while loop', 'sorting']","['if statement', 'for loop', 'sorting', 'if statement', 'for loop']","['for loop', 'tuple', 'matrix operation', 'if statement', 'while loop', 'misc', 'hashmap', 'break statement', 'dictionary']","import sys

def solve():
    t = int(input())
    for _ in range(t):
        n, x = map(int, input().split())
        a = list(map(int, input().split()))
        a.append(x)
        a.sort()
        ans = 0
        for i in range(n+1):
            if i == 0:
                ans = max(ans, a[i])
            else:
                ans = max(ans, a[i] - a[i-1])
        print(ans*2)

",False,False,1,0.2
1899A,0,['this is the og problem'],"['if statement', 'for loop']","['for loop', 'if statement', 'matrix operation', 'while loop']","import sys

def solve():
    t = int(input())
    for _ in range(t):
        n = int(input())
        if n % 3) == 0):
            print(""Second"")
        else:
            print(""First"")

",False,True,0,0.0
1899A,1,['for loop'],"['for loop', 'if statement']","['for loop', 'if statement', 'matrix operation', 'while loop']","import sys

def solve():
    t = int(input())
    for _ in range(t):
        n = int(input())
        if n % 3) == 0):
            print(""Second"")
        else:
            print(""First"")
",False,False,0,0.0
1899A,2,"['for loop', 'while loop']","['if statement', 'for loop']","['for loop', 'if statement', 'matrix operation', 'while loop']","def solve():
    t = int(input())
    for _ in range(t):
        n = int(input())
        print(""First"" if n % 3)!= 0 else ""Second"")
",False,False,0,0.0
1899A,3,"['for loop', 'while loop', 'if statement']","['for loop', 'if statement']","['for loop', 'if statement', 'matrix operation', 'while loop']","import sys

def solve():
    t = int(input())
    for _ in range(t):
        n = int(input())
        print(""First"" if n % 3!= 0 and ""Second"" if n % 3 == 0)

",False,False,0,0.0
1899A,4,"['for loop', 'while loop', 'if statement', 'tuple']",['for loop'],"['for loop', 'if statement', 'matrix operation', 'while loop']","def solve():
    t = int(input())
    for _ in range(t):
        n = int(input())
        print(""First"" if n % 3)!= 0 else ""Second"")
",False,False,0,0.0
1898A,0,['this is the og problem'],"['if statement', 'for loop', 'tuple']","['if statement', 'for loop', 'tuple', 'continue statement', 'break statement', 'hashmap', 'while loop', 'dictionary', 'misc', 'matrix operation']","import sys
import math

def solve():
    input = sys.stdin.readline
    t = int(input())
    for _ in range(t):
        n, k = map(int, input().split())
        s = input()
        if s.count('B') == k:
            print(0)
        else:
            if s.count('B') > k:
                print(1)
                print(n - s.count('B') + 1, 'A')
            else:
                print(1)
                print(k - s.count('B') + 1, 'B')
",False,True,0,0.0
1898A,1,['hashmap'],['for loop'],"['if statement', 'for loop', 'tuple', 'continue statement', 'break statement', 'hashmap', 'while loop', 'dictionary', 'misc', 'matrix operation']","import sys

def solve():
    input_lines = input()
    test_cases = int(input_lines[0].strip())
    line_index = 1
    for _ in range(test_cases):
        n, k = map(int, input_lines[line_index].strip().split())
        line_index += 1
        s = input_lines[line_index].strip()
        line_index += 1

        if k == 0:
            print(0)
            continue

        if s.count('B') >= k:
            print(0)
            continue

        if s.count('B') == k - 1:
            print(1)
            print(1, 'B')
            continue

        if s.count('B') == k:
            print(1)
            print(1, 'A')
            continue

        if s.count('B') == k + 1:
            print(1)
            print(1, 'A')
            continue

        if s.count('B') == k + 2:
            print(2)
            print(1, 'A')
            print(2, 'A')
            continue

        if s.count('B') == k + 3:
            print(3)
            print(1, 'A')
            print(2, 'A')
            print(3, 'A')
            continue

        if s.count('B') == 0:
            print(n - k)
            for i in range(n - k):
                print(n - i, 'B')
            continue

        if s.count('B') == n - k:
            print(k)
            for i in range(k):
                print(n - i, 'A')
            continue

        if s.count('B') == n - k + 1:
            print(k + 1)
            print(1, 'A')
            for i in range(k):
                print(n - i, 'A')
            continue

        if s.count('B') == n - k + 2:
            print(k + 2)
            print(1, 'A')
            print(2, 'A')
            for i in range(k):
                print(n - i, 'A')
            continue

        if s.count('B') == n - k + 3:
            print(k + 3)
            print(1, 'A')
            print(2, 'A')
            print(3, 'A')
            for i in range(k):
                print(n - i, 'A')
            continue

        if s.count('B') == n - k + 4:
            print(k + 4)
            print(1, 'A')
            print(2, 'A')
            print(3, 'A')
            print(4, 'A')
            for i in range(k):
                print(n - i, 'A')
            continue

        if s.count('B') == n - k + 5:
            print(k + 5)
            print(1, 'A')
            print(2, 'A')
            print(3, 'A')
            print(4, 'A')
            print(5, 'A')
            for i in range(k):
                print(n - i, 'A')
            continue

        if s.count('B') == n - k + 6:
            print(k + 6)
            print(1, 'A')
            print(2, 'A')
            print(3, 'A')
            print(4, 'A')
            print(5, 'A')
            print(6, 'A')
            for i in range(k):
                print(n - i, 'A')
            continue

        if s.count('B') == n - k + 7:
            print(k + 7)
            print(1, 'A
",False,True,0,0.0
1898A,2,"['hashmap', 'continue statement']","['for loop', 'if statement']","['if statement', 'for loop', 'tuple', 'continue statement', 'break statement', 'hashmap', 'while loop', 'dictionary', 'misc', 'matrix operation']","import sys

def solve():
    input_lines = input()
    test_cases = int(input_lines[0].strip())
    index = 1
    for _ in range(test_cases):
        n, k = map(int, input_lines[index].split())
        index += 1
        s = input_lines[index].strip()
        index += 1
        if k == 0:
            print(0)
        elif s.count('B') >= k:
            print(0)
        else:
            print(1)
            print(1, 'B')

",False,True,0,0.0
1898A,3,"['hashmap', 'continue statement', 'for loop']","['if statement', 'for loop', 'tuple']","['if statement', 'for loop', 'tuple', 'continue statement', 'break statement', 'hashmap', 'while loop', 'dictionary', 'misc', 'matrix operation']","import sys
import math

def solve():
    input = sys.stdin.readline
    t = int(input())
    for _ in range(t):
        n, k = map(int, input().split())
        s = input()
        if s.count('B') >= k:
            print(0)
        else:
            print(1)
            if k == 0:
                print(1, 'A')
            else:
                print(n - s.count('B'), 'B')
",False,False,0,0.0
1898A,4,"['hashmap', 'continue statement', 'for loop', 'if statement']","['if statement', 'for loop', 'tuple']","['if statement', 'for loop', 'tuple', 'continue statement', 'break statement', 'hashmap', 'while loop', 'dictionary', 'misc', 'matrix operation']","import sys
import math

def solve():
    input = sys.stdin.readline
    t = int(input())
    for _ in range(t):
        n, k = map(int, input().split())
        s = input().strip()
        if k == 0:
            print(0)
        elif k == n:
            print(0)
        else:
            b_count = s.count('B')
            if b_count == k:
                print(0)
            else:
                print(1)
                if b_count > k:
                    print(1, 'B')
                else:
                    print(n - k, 'A')
",False,False,0,0.0
1898A,5,"['hashmap', 'continue statement', 'for loop', 'if statement', 'misc']","['for loop', 'if statement', 'tuple']","['if statement', 'for loop', 'tuple', 'continue statement', 'break statement', 'hashmap', 'while loop', 'dictionary', 'misc', 'matrix operation']","def solve():
    t = int(input())
    for _ in range(t):
        n, k = map(int, input().split())
        s = input()
        if k == 0:
            print(0)
        elif k == n:
            print(0)
        else:
            print(n - k)
            print(n, 'A')
",False,False,0,0.0
1895B,0,['this is the og problem'],['for loop'],"['while loop', 'for loop', 'tuple', 'if statement', 'sorting', 'matrix operation', 'two pointers', 'misc', 'hashmap']","import sys
input = sys.stdin.readline

def solve():
    n = int(input())
    a = list(map(int, input().split()))
    a.sort()
    x = a[:n]
    y = a[n:]
    res = sum(abs(x[i] - x[i - 1]) + sum(abs(y[i] - y[i - 1]))
    res -= min(abs(x[0] - y[0]), abs(x[-1] - y[-1]))
    print(res)
    for i in range(n):
        print(x[i], y[i])

",False,True,0,0.0
1895B,1,['for loop'],['for loop'],"['while loop', 'for loop', 'tuple', 'if statement', 'sorting', 'matrix operation', 'two pointers', 'misc', 'hashmap']","import sys
input = sys.stdin.readline

def solve():
    n = int(input())
    a = list(map(int, input().split()))
    a.sort()
    x = a[:n]
    y = a[n:]
    res = sum(abs(x[i] - x[i-1]) + abs(y[i] - y[i-1]) for i in range(1, n))
    res += min(abs(x[0] - y[0]), abs(x[-1] - y[-1]))
    print(res)
    for i in range(n):
        print(x[i], y[i])

",False,False,0,0.0
1895B,2,"['for loop', 'if statement']","['for loop', 'sorting', 'if statement', 'matrix operation', 'tuple']","['while loop', 'for loop', 'tuple', 'if statement', 'sorting', 'matrix operation', 'two pointers', 'misc', 'hashmap']","import sys
input = sys.stdin.readline

def solve():
    n = int(input())
    a = list(map(int, input().split()))
    a.sort()
    x = a[:n]
    y = a[n:]
    res = sum(abs(x[i] - x[i - 1]) + sum(abs(y[i] - y[i - 1]))
    print(res)
    for i in range(n):
        print(x[i], y[i])

",False,False,0,0.0
1895B,3,"['for loop', 'if statement', 'while loop']","['for loop', 'tuple', 'sorting', 'if statement']","['while loop', 'for loop', 'tuple', 'if statement', 'sorting', 'matrix operation', 'two pointers', 'misc', 'hashmap']","import sys
input = sys.stdin.readline

def solve():
    t = int(input())
    for _ in range(t):
        n = int(input())
        a = list(map(int, input().split()))
        a.sort()
        x = a[::2]
        y = a[1::2]
        print(sum(abs(x[i] - x[i-1]) + sum(abs(y[i] - y[i-1]))
        for i in range(n):
            print(x[i], y[i])

",False,False,0,0.0
1895B,4,"['for loop', 'if statement', 'while loop', 'sorting']","['for loop', 'tuple', 'matrix operation']","['while loop', 'for loop', 'tuple', 'if statement', 'sorting', 'matrix operation', 'two pointers', 'misc', 'hashmap']","import math
import sys

def solve():
    t = int(input())
    for _ in range(t):
        n = int(input())
        a = list(map(int, input().split()))
        x = a[::2]
        y = a[1::2]
        print(sum(abs(x[i] - x[i + 1]) + sum(abs(y[i] - y[i + 1]))
        for i in range(n):
            print(x[i], y[i])
",False,False,0,0.0
1895B,5,"['for loop', 'if statement', 'while loop', 'sorting', 'tuple']","['for loop', 'tuple', 'matrix operation']","['while loop', 'for loop', 'tuple', 'if statement', 'sorting', 'matrix operation', 'two pointers', 'misc', 'hashmap']","import sys
input = sys.stdin.readline

def solve():
    n = int(input())
    a = list(map(int, input().split()))
    res = 0
    for i in range(0, n):
        res += abs(a[i * 2] - a[i * 2 + 1])
    print(res)
    for i in range(0, n):
        print(a[i * 2], a[i * 2 + 1])

",False,False,0,0.0
1895A,0,['this is the og problem'],"['for loop', 'if statement']","['for loop', 'if statement', 'tuple', 'hashmap', 'while loop', 'misc']","import sys

def solve():
    t = int(input())
    for _ in range(t):
        x, y, k = map(int, input().split())
        if x > y:
            x, y = y, x
        if x - y <= k:
            print(x + 1)
        else:
            print(2 * x - y + 1)

",False,True,0,0.0
1895A,1,['if statement'],"['if statement', 'for loop']","['for loop', 'if statement', 'tuple', 'hashmap', 'while loop', 'misc']","import math

def solve():
    t = int(input())
    for _ in range(t):
        x, y, k = map(int, input().split())
        if x > y:
            x, y = y, x
        if x + k >= y:
            print(y)
        else:
            print(x + 2 * (y - x - k) + 1)
",False,False,0,0.0
1895A,2,"['if statement', 'for loop']","['for loop', 'if statement']","['for loop', 'if statement', 'tuple', 'hashmap', 'while loop', 'misc']","import math

def solve():
    t = int(input())
    for _ in range(t):
        x, y, k = map(int, input().split())
        if x > y:
            x, y = y, x
        if x + k >= y:
            print(y)
        else:
            print(x + 2 * (y - x - k) + 1)
",False,False,0,0.0
1895A,3,"['if statement', 'for loop', 'matrix operation']","['if statement', 'for loop']","['for loop', 'if statement', 'tuple', 'hashmap', 'while loop', 'misc']","import math

def solve():
    t = int(input())
    for _ in range(t):
        x, y, k = map(int, input().split())
        if x > y:
            x, y = y, x
        if x + k >= y:
            print(y)
        else:
            print(x + 2 * (y - x - k) + 1)
",False,False,0,0.0
1895A,4,"['if statement', 'for loop', 'matrix operation', 'while loop']","['if statement', 'for loop', 'tuple']","['for loop', 'if statement', 'tuple', 'hashmap', 'while loop', 'misc']","def solve():
    t = int(input())
    for _ in range(t):
        x, y, k = map(int, input().split())
        if x > y:
            x, y = y, x
        if x + k >= y:
            print(y)
        else:
            print(x + 2 * (y - x))
",False,False,0,0.0
1895A,5,"['if statement', 'for loop', 'matrix operation', 'while loop', 'tuple']","['if statement', 'for loop', 'if statement', 'for loop', 'tuple']","['for loop', 'if statement', 'tuple', 'hashmap', 'while loop', 'misc']","import math

def solve():
    t = int(input())
    for _ in range(t):
        x, y, k = map(int, input().split())
        if x > y:
            x, y = y, x
        if x + k >= y:
            print(y)
        else:
            print(x + 2 * (y - x - k) + 1)
",False,False,0,0.0
1894A,0,['this is the og problem'],"['for loop', 'if statement']","['for loop', 'if statement', 'misc']","import sys
import math

def solve():
    t = int(input())
    for _ in range(t):
        n = int(input())
        s = input().strip()
        a_count = s.count('A')
        b_count = n - a_count
        if a_count > b_count:
            print('A')
        elif b_count > a_count:
            print('B')
        else:
            print('?')
",False,True,0,0.0
1894A,1,['for loop'],"['for loop', 'if statement']","['for loop', 'if statement', 'misc']","import sys
import math

def solve():
    t = int(input())
    for _ in range(t):
        n = int(input())
        s = input().strip()
        a_count = s.count('A')
        b_count = n - a_count
        if a_count == n or b_count == n:
            print('A' if a_count > b_count else 'B')
        elif a_count > b_count:
            print('A' if a_count >= math.ceil(n/2) else '?')
        elif b_count > a_count:
            print('B' if b_count >= math.ceil(n/2) else '?')
        else:
            print('?')
",False,False,0,0.0
1894A,2,"['for loop', 'if statement']",['for loop'],"['for loop', 'if statement', 'misc']","import sys
import math

def solve():
    t = int(input())
    for _ in range(t):
        n = int(input())
        s = input().strip()
        a_count = s.count('A')
        b_count = n - a_count
        if a_count == n or b_count == n:
            print('A' if a_count == n else 'B')
        elif a_count > b_count:
            print('A')
        elif a_count < b_count:
            print('B')
        else:
            print('?')
",False,False,0,0.0
1894A,3,"['for loop', 'if statement', 'tuple']","['if statement', 'for loop']","['for loop', 'if statement', 'misc']","import sys
import math

def solve():
    input = input()
    index = 1
    t = int(input[0].strip())
    for _ in range(t):
        n = int(input[index].strip())
        index += 1
        s = input[index].strip()
        index += 1
        a_count = s.count('A')
        b_count = n - a_count
        if a_count == n or b_count == n:
            print('A' if a_count == n else 'B')
        elifa_count > b_count:
            print('A' if (a_count - 1) // 2 <= b_count else '?')
        elifb_count > a_count:
            print('B' if (b_count - 1) // 2 <= a_count else '?')
        else:
            print('?')
",False,False,0,0.0
1894A,4,"['for loop', 'if statement', 'tuple', 'set']","['for loop', 'if statement']","['for loop', 'if statement', 'misc']","def solve():
    t = int(input())
    for _ in range(t):
        n = int(input())
        s = input()
        a_count = s.count('A')
        b_count = n - a_count
        if a_count > b_count:
            print('A')
        elif a_count < b_count:
            print('B')
        else:
            print('?')
",False,False,0,0.0
1891A,0,['this is the og problem'],"['for loop', 'if statement', 'break statement']","['for loop', 'if statement', 'break statement', 'dictionary', 'while loop', 'set', 'tuple', 'misc', 'matrix operation', 'sorting']","import sys
import math

def solve():
    t = int(input())
    for _ in range(t):
        n = int(input())
        a = list(map(int, input().split()))
        for m in range(int(math.log2(n)), 1, -1):
            for i in range(2**m):
                if 1 <= i <= n:
                    a[i-1] -= 1
        if all(a[i-1] <= a[i] for i in range(1, n)):
            print(""YES"")
            break
        else:
            print(""NO"")
            break

",True,True,0,0.0
1891A,1,['if statement'],"['for loop', 'if statement']","['for loop', 'if statement', 'break statement', 'dictionary', 'while loop', 'set', 'tuple', 'misc', 'matrix operation', 'sorting']","import sys
import math

def solve():
    input = sys.stdin.readline
    t = int(input.strip())
    for _ in range(t):
        n = int(input().strip())
        a = list(map(int, input().strip().split()))
        for i in range(n):
            a[i] = a[i] - (1 << int(math.log2(n - i))
        print(""YES"" if all(a[i] <= a[i + 1] for i in range(n - 1)) else ""NO"")
",False,False,0,0.0
1891A,2,"['if statement', 'for loop']","['if statement', 'for loop', 'while loop', 'sorting']","['for loop', 'if statement', 'break statement', 'dictionary', 'while loop', 'set', 'tuple', 'misc', 'matrix operation', 'sorting']","import sys
import math

def solve():
    input = sys.stdin.readline
    t = int(input.strip())
    for _ in range(t):
        n = int(input().strip())
        a = list(map(int,input().strip().split()))
        m = 1
        while 2 ** m <= n:
            m += 1
        m -= 1
        for i in range(2 ** m):
            if i < len(a):
                a[i] -= 1
        a.sort()
        if a == sorted(a):
            print(""YES"")
        else:
            print(""NO"")
",False,False,0,0.0
1891A,3,"['if statement', 'for loop', 'tuple']","['for loop', 'while loop', 'if statement', 'sorting']","['for loop', 'if statement', 'break statement', 'dictionary', 'while loop', 'set', 'tuple', 'misc', 'matrix operation', 'sorting']","import sys
import math

def solve():
    input = sys.stdin.readline
    t = int(input.strip())
    for _ in range(t):
        n = int(input().strip())
        a = list(map(int, input().strip().split()))
        m = 1
        while 2 ** m <= n:
            m += 1
        m -= 1
        for i in range(2 ** m):
            if i < len(a):
                a[i] -= 1
        a.sort()
        if a == sorted(a):
            print(""YES"")
        else:
            print(""NO"")
",False,False,0,0.0
1891A,4,"['if statement', 'for loop', 'tuple', 'while loop']","['for loop', 'if statement', 'matrix operation', 'hashmap']","['for loop', 'if statement', 'break statement', 'dictionary', 'while loop', 'set', 'tuple', 'misc', 'matrix operation', 'sorting']","import math

def solve():
    t = int(input())
    for _ in range(t):
        n = int(input())
        a = list(map(int, input().split()))
        m = int(math.log2(n))
        for _ in range(m):
            for i in range(2**m):
                if i <= n:
                    a[i-1] -= 1
        print(""YES"" if all(a[i-1] <= a[i] for i in range(1, n)) else ""NO"")
",False,False,1,0.25
1891A,5,"['if statement', 'for loop', 'tuple', 'while loop', 'misc']",['for loop'],"['for loop', 'if statement', 'break statement', 'dictionary', 'while loop', 'set', 'tuple', 'misc', 'matrix operation', 'sorting']","import math

def solve():
    t = int(input())
    for _ in range(t):
        n = int(input())
        a = list(map(int, input().split()))
        for m in range(int(math.log2(n)) + 1):
            for i in range(2 ** m):
                if i <= n:
                    a[i - 1] -= 1
        if all(a[i - 1] <= a[i] for i in range(1, n)):
            print(""YES"")
            break
        else:
            print(""NO"")
            break
",False,False,0,0.0
1890B,0,['this is the og problem'],['for loop'],"['if statement', 'for loop', 'break statement', 'while loop', 'misc', 'function', 'string', 'return statement', 'set', 'tuple', 'continue statement']","import sys
import math
from collections import defaultdict,deque
from bisect import bisect

def solve():
    T = int(input())
    for _ in range(T):
        n,m = map(int,input().split())
        s = input()
        t = input()
        if t == ""0"":
            print(""NO"")
            continue
        if t == ""1"":
            if ""11"" in s:
                print(""NO"")
                continue
            else:
                print(""YES"")
                continue
        if ""00"" in t:
            print(""NO"")
            continue
        if ""11"" in s:
            print(""NO"")
            continue
        print(""YES"")
",False,True,0,0.0
1890B,1,['for loop'],"['for loop', 'if statement', 'hashmap']","['if statement', 'for loop', 'break statement', 'while loop', 'misc', 'function', 'string', 'return statement', 'set', 'tuple', 'continue statement']","import re

def solve():
    t = int(input())
    for _ in range(t):
        n, m = map(int, input().split())
        s = input()
        t = input()
        if re.search(r""11"", s) or re.search(r""00"", s):
            print(""NO"")
        else:
            print(""YES"")
",False,False,1,0.3333333333333333
1890B,2,"['for loop', 'while loop']","['for loop', 'if statement', 'misc']","['if statement', 'for loop', 'break statement', 'while loop', 'misc', 'function', 'string', 'return statement', 'set', 'tuple', 'continue statement']","import re

def solve():
    T = int(input())
    for _ in range(T):
        n, m = map(int, input().split())
        s = input()
        t = input()
        if re.search(r""11"", s) or re.search(r""00"", s):
            print(""NO"")
        elif re.search(r""10"", s) and re.search(r""01"", t):
            print(""YES"")
        elif re.search(r""01"", s) and re.search(r""10"", t):
            print(""YES"")
        elif re.search(r""11"", s) and re.search(r""11"", t):
            print(""YES"")
        elif re.search(r""00"", s) and re.search(r""00"", t):
            print(""YES"")
        else:
            print(""YES"")
",False,False,0,0.0
1890B,3,"['for loop', 'while loop', 'tuple']","['for loop', 'if statement', 'misc']","['if statement', 'for loop', 'break statement', 'while loop', 'misc', 'function', 'string', 'return statement', 'set', 'tuple', 'continue statement']","import re

def solve():
    T = int(input())
    for _ in range(T):
        n, m = map(int, input().split())
        s = input()
        t = input()
        if re.search(r""11"", s) is None and re.search(r""00"", s) is None:
            print(""Yes"")
        elif re.search(r""11"", t) is None and re.search(r""00"", t) is None:
            print(""Yes"")
        else:
            print(""No"")
",False,False,0,0.0
1890B,4,"['for loop', 'while loop', 'tuple', 'recursion']",['for loop'],"['if statement', 'for loop', 'break statement', 'while loop', 'misc', 'function', 'string', 'return statement', 'set', 'tuple', 'continue statement']","import sys

def solve():
    input = sys.stdin.readline
    t = int(input())
    for _ in range(t):
        n, m = map(int, input().split())
        s = input()
        t = input()
        if m == 1:
            print(""YES"")
            continue
        if s.count('0') == n:
            print(""NO"")
            continue
        if s.count('1') == n:
            print(""NO"")
            continue
        if t.count('0') == m:
            print(""YES"")
            continue
        if t.count('1') == m:
            print(""YES"")
            continue
        if '11' in s:
            print(""NO"")
            continue
        if '00' in s:
            print(""NO"")
            continue
        print(""YES"")
",False,False,0,0.0
1890A,0,['this is the og problem'],"['if statement', 'for loop', 'sorting']","['if statement', 'while loop', 'for loop', 'dictionary', 'set', 'sorting', 'hashmap', 'break statement', 'misc', 'continue statement']","import sys

def solve():
    t = int(input())
    for _ in range(t):
        n = int(input())
        a = list(map(int, input().split()))
        a.sort()
        if n == 2:
            print(""Yes"" if a[0] == a[1] else ""No"")
        elif n == 3:
            print(""Yes"" if a[0] + a[1] == a[1] + a[2] else ""No"")
        else:
            if a[0] == a[-1]:
                print(""Yes"")
            elif a[0] == a[1] and a[-2] == a[-1]:
                print(""Yes"")
            elif a[0] + a[1] == a[-2] + a[-1]:
                print(""Yes"")
            else:
                print(""No"")

",False,True,0,0.0
1890A,1,['if statement'],"['for loop', 'if statement', 'continue statement', 'dictionary', 'hashmap']","['if statement', 'while loop', 'for loop', 'dictionary', 'set', 'sorting', 'hashmap', 'break statement', 'misc', 'continue statement']","from collections import Counter

def solve():
    t = int(input())
    for _ in range(t):
        n = int(input())
        a = list(map(int, input().split()))
        if n == 2:
            print(""Yes"" if a[0] == a[1] else ""No"")
            continue
        counter = Counter(a)
        if len(counter) == 2:
            print(""Yes"")
        elif len(counter) == 1:
            print(""Yes"")
        else:
            print(""No"")
",False,False,0,0.0
1890A,2,"['if statement', 'tuple']","['if statement', 'for loop', 'continue statement', 'dictionary']","['if statement', 'while loop', 'for loop', 'dictionary', 'set', 'sorting', 'hashmap', 'break statement', 'misc', 'continue statement']","from collections import Counter

def solve():
    t = int(input())
    for _ in range(t):
        n = int(input())
        a = list(map(int, input().split()))
        c = Counter(a)
        if n % 2 == 0 and len(c) == 2:
            v1, v2 = c.keys()
            if (v1 + v2) % 2 == 0:
                print(""Yes"")
                continue
        if len(c) < 3:
            print(""Yes"")
            continue
        print(""No"")
",False,False,0,0.0
1890A,3,"['if statement', 'tuple', 'sorting']","['for loop', 'if statement', 'continue statement', 'sorting']","['if statement', 'while loop', 'for loop', 'dictionary', 'set', 'sorting', 'hashmap', 'break statement', 'misc', 'continue statement']","import math

def solve():
    t = int(input())
    for _ in range(t):
        n = int(input())
        a = list(map(int, input().split()))
        if n == 2:
            print(""Yes"" if a[0] == a[1] else ""No"")
            continue
        if n == 3:
            print(""Yes"" if a[0] +a[1] ==a[1] +a[2] else ""No"")
            continue
        if n > 3:
            a.sort()
            if a[0] ==a[-1]:
                print(""Yes"")
                continue
            if a[0] +a[-1] ==a[-2] +a[-1]:
                print(""Yes"")
                continue
            if a[0] +a[1] ==a[1] +a[2]:
                print(""Yes"")
                continue
            print(""No"")
",False,False,0,0.0
1890A,4,"['if statement', 'tuple', 'sorting', 'for loop']","['for loop', 'if statement', 'sorting']","['if statement', 'while loop', 'for loop', 'dictionary', 'set', 'sorting', 'hashmap', 'break statement', 'misc', 'continue statement']","import math

def solve():
    t = int(input())
    for _ in range(t):
        n = int(input())
        a = list(map(int, input().split()))
        a.sort()
        if n == 2:
            print(""Yes"" if a[0] == a[1] else ""No"")
        elif n > 2:
            if a[0] == a[-1]:
                print(""Yes"")
            elif a[0] + a[1] == a[-2] + a[-1]:
                print(""Yes"")
            else:
                print(""No"")
        else:
            print(""No"")
",False,False,0,0.0
1890A,5,"['if statement', 'tuple', 'sorting', 'for loop', 'set']",['for loop'],"['if statement', 'while loop', 'for loop', 'dictionary', 'set', 'sorting', 'hashmap', 'break statement', 'misc', 'continue statement']","import math

def solve():
    t = int(input())
    for _ in range(t):
        n = int(input())
        a = list(map(int, input().split()))
        if n == 2:
            print(""Yes"" if a[0] == a[1] else ""No"")
        elif n > 2:
            min_val = min(a)
            max_val = max(a)
            if max_val - min_val <= 1:
                print(""Yes"")
            elif min_val == max_val:
                print(""Yes"")
            else:
                print(""No"")
        else:
            print(""Yes"")
",False,False,0,0.0
1886A,0,['this is the og problem'],['for loop'],"['if statement', 'for loop', 'tuple', 'while loop', 'continue statement', 'misc']","import sys

def solve():
    t = int(input())
    for _ in range(t):
        n = int(input())
        if n % 3 == 0:
            print(""NO"")
        elif n == 4 or n == 7:
            print(""NO"")
        elif n == 5:
            print(""YES"")
            print(1, 2, 2)
        elif n == 1 or n == 2 or n == 3:
            print(""NO"")
        else:
            if n % 3 == 1:
                print(""YES"")
                print(1, (n - 5) // 3, (n - 2) // 3)
            else:
                print(""YES"")
                print(2, (n - 4) // 3, (n - 1) // 3)

",False,True,0,0.0
1886A,1,['if statement'],"['if statement', 'for loop', 'continue statement']","['if statement', 'for loop', 'tuple', 'while loop', 'continue statement', 'misc']","import math

def solve():
    t = int(input())
    for _ in range(t):
        n = int(input())
        if n < 7:
            print(""NO"")
            continue
        if n % 3 == 0:
            print(""YES"")
            print(1, n//3 - 1, n//3 - 2)
        elif n % 3 == 1:
            print(""YES"")
            print(1, n//3, n//3)
        else:
            print(""YES"")
            print(n//3 -\ 2, n//3 -\ 1, n//3 +\ 1)
",False,False,0,0.0
1886A,2,"['if statement', 'for loop']","['if statement', 'for loop']","['if statement', 'for loop', 'tuple', 'while loop', 'continue statement', 'misc']","import math

def solve():
    n = int(input())
    for x in range(1, n):
        if x % 3!= 0:
            for y in range(x+1, n):
                if y % 3!= 0:
                    z = n - x - y
                    if z > y and z % 3!= 0:
                        return f""YES\n{x} {y} {z}""
    return ""NO""
",False,False,0,0.0
1886A,3,"['if statement', 'for loop', 'tuple']","['if statement', 'for loop', 'misc']","['if statement', 'for loop', 'tuple', 'while loop', 'continue statement', 'misc']","import math

def solve():
    t = int(input())
    for _ in range(t):
        n = int(input())
        if n % 3 == 0:
            print(""NO"")
        elif n % 3 == 1:
            x = math.floor(n / 3) - 1
            y = math.floor(n / 3)
            z = math.floor(n / 3) + 1
            if x > 0 and x!= y and x!= z and y!= z:
                print(""YES"")
                print(x, y, z)
            else:
                print(""NO"")
        else:
            x = math.floor(n / 3)
            y = math.floor(n / 3) - 1
            z = math.floor(n / 3) + 1
            if x > 0 and x!= y and x!= z and y!= z:
                print(""YES"")
                print(x, y, z)
            else:
                print(""NO"")
",False,False,0,0.0
1886A,4,"['if statement', 'for loop', 'tuple', 'depth first search']","['if statement', 'for loop']","['if statement', 'for loop', 'tuple', 'while loop', 'continue statement', 'misc']","import math

def solve():
    n = int(input())
    for x in range(1, n):
        for y in range(x + 1, n):
            z = n - x - y
            if z > y and x % 3!= 0 and y % 3!= 0 and z % 3!= 0:
                print(""YES"")
                print(x, y, z)
                return
    print(""NO"")
",False,False,0,0.0
1886A,5,"['if statement', 'for loop', 'tuple', 'depth first search', 'matrix operation']","['if statement', 'for loop']","['if statement', 'for loop', 'tuple', 'while loop', 'continue statement', 'misc']","import math

def solve():
    n = int(input())
    for x in range(1, n):
        if x % 3!= 0:
            for y in range(x+1, n):
                if y % 3!= 0 and y!= x:
                    z = n - x - y
                    if z > y and z % 3!= 0:
                        return f""YES\n{x} {y} {z}""
    return ""NO""
",False,False,0,0.0
1884A,0,['this is the og problem'],"['for loop', 'while loop', 'if statement', 'break statement']","['recursion', 'while loop', 'if statement', 'for loop', 'tuple', 'hashmap', 'break statement', 'matrix operation', 'misc']","import math

def solve():
    t = int(input())
    for _ in range(t):
        x, k = map(int, input().split())
        while True:
            s = sum(map(int, str(x)))
            if s % k == 0:
                print(x)
                break
            x += 1
",True,True,0,0.0
1884A,1,['break statement'],"['for loop', 'while loop', 'break statement']","['recursion', 'while loop', 'if statement', 'for loop', 'tuple', 'hashmap', 'break statement', 'matrix operation', 'misc']","import math

def solve():
    t = int(input())
    for _ in range(t):
        x, k = map(int, input().split())
        while True:
            s = sum(map(int, str(x)))
            if s % k == 0:
                print(x)
                break
            x += 1
",True,False,0,0.0
1884A,2,"['break statement', 'continue statement']","['for loop', 'while loop', 'if statement', 'break statement', 'misc']","['recursion', 'while loop', 'if statement', 'for loop', 'tuple', 'hashmap', 'break statement', 'matrix operation', 'misc']","import sys

def solve():
    t = int(input())
    for _ in range(t):
        x, k = map(int, input().split())
        while True:
            s = sum(map(int, str(x)))
            if s % k == 0:
                print(x)
                break
            x += 1

",True,False,0,0.0
1884A,3,"['break statement', 'continue statement', 'if statement']","['for loop', 'while loop', 'if statement', 'break statement']","['recursion', 'while loop', 'if statement', 'for loop', 'tuple', 'hashmap', 'break statement', 'matrix operation', 'misc']","def solve():
    t = int(input())
    for _ in range(t):
        x, k = map(int, input().split())
        while True:
            s = sum(map(int, str(x)))
            if s % k == 0:
                print(x)
                break
            x += 1
",True,False,0,0.0
1884A,4,"['break statement', 'continue statement', 'if statement', 'while loop']",['for loop'],"['recursion', 'while loop', 'if statement', 'for loop', 'tuple', 'hashmap', 'break statement', 'matrix operation', 'misc']","import math

def solve():
    t = int(input())
    for _ in range(t):
        x, k = map(int, input().split())
        while True:
            s = sum(map(int, str(x)))
            if s % k == 0:
                print(x)
                break
            x += 1
",True,True,0,0.0
1884A,5,"['break statement', 'continue statement', 'if statement', 'while loop', 'for loop']","['if statement', 'for loop', 'while loop', 'break statement']","['recursion', 'while loop', 'if statement', 'for loop', 'tuple', 'hashmap', 'break statement', 'matrix operation', 'misc']","import math

def solve():
    t = int(input())
    for _ in range(t):
        x, k = map(int, input().split())
        y = x
        while True:
            s = sum(int(digit) for d in str(y))
            if s % k == 0:
                break
            y += 1
        print(y)
",False,False,0,0.0
1883A,0,['this is the og problem'],"['for loop', 'if statement']","['for loop', 'if statement', 'misc', 'tuple', 'while loop', 'break statement', 'dictionary', 'matrix operation', 'two pointers']","import sys
import math

def solve():
    t = int(input())
    for _ in range(t):
        s = input()
        n = int(s[0])
        ans = 1
        for i in s[1:]:
            ans += min(abs(int(i) - n, 10 - abs(int(i) - n))
            n = int(i)
        print(ans)
",False,True,0,0.0
1883A,1,['if statement'],['for loop'],"['for loop', 'if statement', 'misc', 'tuple', 'while loop', 'break statement', 'dictionary', 'matrix operation', 'two pointers']","def solve():
    for _ in range(int(input())):
        s = input()
        n = 0
        for i in range(1, 4):
            n += abs(int(s[i]) - int(s[i - 1]))
        print(n + 4)
",False,True,0,0.0
1883A,2,"['if statement', 'for loop']","['for loop', 'if statement']","['for loop', 'if statement', 'misc', 'tuple', 'while loop', 'break statement', 'dictionary', 'matrix operation', 'two pointers']","import math

def solve():
    t = int(input())
    for _ in range(t):
        s = input()
        n = int(s[0])
        ans = 0
        for i in s[1:]:
            ans += min(abs(int(i) - n, 10 - abs(int(i) - n))
            n = int(i)
        print(ans + 4)
",False,False,0,0.0
1883A,3,"['if statement', 'for loop', 'dictionary']","['for loop', 'if statement']","['for loop', 'if statement', 'misc', 'tuple', 'while loop', 'break statement', 'dictionary', 'matrix operation', 'two pointers']","def solve():
    pin = input()
    n = int(pin[0])
    ans = 4
    for i in range(1, 4):
        ans += abs(int(pin[i]) - n)
        n = int(pin[i])
    print(ans)
",False,False,0,0.0
1883A,4,"['if statement', 'for loop', 'dictionary', 'while loop']","['for loop', 'if statement']","['for loop', 'if statement', 'misc', 'tuple', 'while loop', 'break statement', 'dictionary', 'matrix operation', 'two pointers']","def solve():
    def min_time(pin):
        pin = [int(x) for x in pin]
        time = 0
        for i in range(1, 4):
            time += abs(pin[i - 1] - pin[i])
        return time + 4
    t = int(input())
    for _ in range(t):
        pin = input()
        print(min_time(pin))
",False,False,0,0.0
1883A,5,"['if statement', 'for loop', 'dictionary', 'while loop', 'tuple']",['for loop'],"['for loop', 'if statement', 'misc', 'tuple', 'while loop', 'break statement', 'dictionary', 'matrix operation', 'two pointers']","def solve():
    pin_code = input()
    seconds = 0
    current_digit = '1'
    for digit in pin_code:
        seconds += abs(int(digit) - int(current_digit))
        current_digit = digit
    return seconds + 4
",False,False,0,0.0
1882A,0,['this is the og problem'],"['for loop', 'if statement']","['for loop', 'if statement', 'while loop', 'misc']","import sys
input = sys.stdin.readline

def solve():
    t = int(input())
    for _ in range(t):
        n = int(input())
        a = list(map(int, input().split()))
        b = [0] * n
        b[0] = a[0] + 1
        for i in range(1, n):
            b[i] = max(a[i] + 1, b[i - 1] + 1)
        print(b[-1])

",False,True,0,0.0
1882A,1,['set'],['for loop'],"['for loop', 'if statement', 'while loop', 'misc']","import sys

def solve():
    t = int(input())
    for _ in range(t):
        n = int(input())
        a = list(map(int, input().split()))
        b = [0] * n
        b[0] = a[0] + 1
        for i in range(1, n):
            b[i] = max(a[i] + 1, b[i - 1] + 1)
        print(b[-1])
",False,True,0,0.0
1882A,2,"['set', 'misc']","['for loop', 'if statement']","['for loop', 'if statement', 'while loop', 'misc']","import sys

def solve():
    input = sys.stdin.readline
    t = int(input.strip())
    for _ in range(t):
        n = int(input().strip())
        a = list(map(int, input().strip().split()))
        b = [1] * n
        for i in range(1, n):
            b[i] = max(b[i-1] + 1, a[i] + 1)
        print(b[-1])

",False,True,0,0.0
1882A,3,"['set', 'misc', 'for loop']","['for loop', 'if statement', 'misc']","['for loop', 'if statement', 'while loop', 'misc']","import sys

def solve():
    input = sys.stdin.readline
    t = int(input.strip())
    for _ in range(t):
        n = int(input().strip())
        a = list(map(int, input().strip().split()))
        b = [1] * n
        for i in range(1, n):
            b[i] = max(b[i-1] + 1, a[i] + 1)
        print(b[-1])

",False,False,0,0.0
1882A,4,"['set', 'misc', 'for loop', 'if statement']","['if statement', 'for loop', 'tuple', 'dynamic programming']","['for loop', 'if statement', 'while loop', 'misc']","import sys

def solve():
    t = int(input())
    for _ in range(t):
        n = int(input())
        a = list(map(int, input().split()))
        b = [1] * n
        for i in range(n):
            b[i] = max(a[i] + 1, b[i - 1] + 1) if i > 0 else a[i] + 1)
        print(b[-1])

",False,False,2,0.5
1882A,5,"['set', 'misc', 'for loop', 'if statement', 'recursion']","['for loop', 'hashmap']","['for loop', 'if statement', 'while loop', 'misc']","import sys

def solve():
    t = int(input())
    for _ in range(t):
        n = int(input())
        a = list(map(int, input().split()))
        b = [0] * n
        b[0] = a[0] + 1
        for i in range(1, n):
            b[i] = max(a[i] + 1, b[i - 1] + 1)
        print(b[-1])

",False,False,1,0.5
1881A,0,['this is the og problem'],"['for loop', 'if statement', 'continue statement', 'break statement']","['for loop', 'if statement', 'break statement', 'while loop', 'tuple', 'continue statement']","import math

def solve():
    t = int(input())
    for _ in range(t):
        n, m = map(int, input().split())
        x = input()
        s = input()
        if s in x:
            print(0)
            continue
        ans = -1
        for i in range(25):
            if x[:i+1] in s:
                ans = math.ceil(len(s) / (i+1))
                break
        print(ans)
",False,True,0,0.0
1881A,1,['if statement'],"['for loop', 'while loop', 'if statement', 'continue statement']","['for loop', 'if statement', 'break statement', 'while loop', 'tuple', 'continue statement']","import math

def solve():
    t = int(input())
    for _ in range(t):
        n, m = map(int, input().split())
        x = input()
        s = input()
        if s in x:
            print(0)
            continue
        ans = math.inf
        for i in range(n):
            k = 1
            while x[:i] * k + x in x:
                k += 1
            if x[:i] * k + x == x[:i] * (k - 1) + s:
                ans = min(ans, k - 1)
        print(ans if ans!= math.inf else -1)
",False,False,0,0.0
1881A,2,"['if statement', 'matrix operation']","['for loop', 'if statement', 'continue statement', 'while loop']","['for loop', 'if statement', 'break statement', 'while loop', 'tuple', 'continue statement']","import math

def solve():
    t = int(input())
    for _ in range(t):
        n, m = map(int, input().split())
        x = input()
        s = input()
        if s in x:
            print(0)
            continue
        ans = math.inf
        for i in range(n):
            k = 1
            while x[:i] * k + x[i:] + x[:i] * (k - 1)!= s:
                k += 1
            ans = min(ans, k - 1)
        print(ans if ans!= math.inf else -1)
",False,False,0,0.0
1881A,3,"['if statement', 'matrix operation', 'for loop']","['for loop', 'if statement', 'continue statement', 'while loop', 'break statement']","['for loop', 'if statement', 'break statement', 'while loop', 'tuple', 'continue statement']","import math

def solve():
    t = int(input())
    for _ in range(t):
        n, m = map(int, input().split())
        x = input()
        s = input()
        if s in x:
            print(0)
            continue
        ans = math.inf
        for i in range(n):
            k = 1
            while x[:i] * k + x in x:
                k += 1
            if x[:i] * k + x + s in x[:i] * k + x:
                ans = min(ans, k)
        print(-1 if ans == math.inf else ans)
",False,False,0,0.0
1881A,4,"['if statement', 'matrix operation', 'for loop', 'break statement']","['if statement', 'for loop', 'while loop', 'continue statement', 'break statement']","['for loop', 'if statement', 'break statement', 'while loop', 'tuple', 'continue statement']","import math

def solve():
    t = int(input())
    for _ in range(t):
        n, m = map(int, input().split())
        x = input()
        s = input()
        if s in x:
            print(0)
            continue
        if m == 1:
            print(1)
            continue
        if n >= m:
            print(-1)
            continue
        if m == 2 and s[0] == s[1] and s[0] in x:
            print(1)
            continue
        if m == 2 and s[0] == s[1] and s[0] not in x:
            print(-1)
            continue
        if m == 2 and s[0]!= s[1]:
            for i in range(n):
                if x[i] == s[0]:
                    if x[(i + 1) % n] == s[1]:
                        print(1)
                        break
                    else:
                        print(2)
                        break
            else:
                print(-1)
                break
        l = 1
        while l <= m:
            if s in x * l:
                print(math.ceil(l / n))
                break
            l += 1
        else:
            print(-1)
",False,False,0,0.0
1879A,0,['this is the og problem'],"['for loop', 'if statement']","['while loop', 'for loop', 'if statement', 'misc', 'continue statement', 'tuple', 'break statement', 'queue']","import sys

def solve():
    t = int(input())
    for _ in range(t):
        n = int(input())
        s = []
        e = []
        for __ in range(n):
            a, b = map(int, input().split())
            s.append(a)
            e.append(b)
        s1, e1 = s[0], e[0]
        s = s[1:]
        e = e[1:]
        s2, e2 = max(s), max(e)
        if s1 > s2 and e1 > e2:
            print(min(s1, 10**9))
        else:
            print(-1)
",False,True,0,0.0
1879A,1,['sorting'],"['if statement', 'for loop', 'break statement']","['while loop', 'for loop', 'if statement', 'misc', 'continue statement', 'tuple', 'break statement', 'queue']","import sys
input = sys.stdin.readline

def solve():
    t = int(input())
    for _ in range(t):
        n = int(input())
        s = []
        e = []
        for __ in range(n):
            a, b = map(int, input().split())
            s.append(a)
            e.append(b)
        p = s[0]
        q = e[0]
        for i in range(1, n):
            if s[i] >= p and e[i] >= q:
                print(-1)
                break
        else:
            print(p)

",False,True,0,0.0
1879A,2,"['sorting', 'break statement']",['for loop'],"['while loop', 'for loop', 'if statement', 'misc', 'continue statement', 'tuple', 'break statement', 'queue']","import sys

def solve():
    t = int(input())
    for _ in range(t):
        n = int(input())
        s = []
        e = []
        for __ in range(n):
            a, b = map(int, input().split())
            s.append(a)
            e.append(b)
        s1, e1 = s[0], e[0]
        s = s[1:]
        e = e[1:]
        l, r = 1, 10**9
        while l <= r:
            m = (l+r)//2
            c = sum(1 for i in range(n) if s[i] >= m)
            if c == 1 and s[0] >= m:
                print(m)
                break
            elif c == 1:
                l = m+1
            else:
                r = m-1
        else:
            print(-1)
",False,True,0,0.0
1879A,3,"['sorting', 'break statement', 'for loop']","['for loop', 'while loop', 'if statement', 'binary search']","['while loop', 'for loop', 'if statement', 'misc', 'continue statement', 'tuple', 'break statement', 'queue']","import sys

def solve():
    t = int(input())
    for _ in range(t):
        n = int(input())
        s = []
        e = []
        for __ in range(n):
            a, b = map(int, input().split())
            s.append(a)
            e.append(b)
        s1 = s[0]
        e1 = e[0]
        s = s[1:]
        e = e[1:]
        l = 0
        r = 10**9 + 1
        while l < r:
            m = (l + r) // 2
            c = sum(1 for i in range(n) if s[i] >= m)
            if c > 1 or (c == 1 and s1 < m):
                r = m
            else:
                l = m + 1
        if l > s1:
            print(-1)
        else:
            print(l)
",False,False,1,0.25
1879A,4,"['sorting', 'break statement', 'for loop', 'if statement']","['if statement', 'for loop']","['while loop', 'for loop', 'if statement', 'misc', 'continue statement', 'tuple', 'break statement', 'queue']","import math

def solve():
    t = int(input())
    for _ in range(t):
        n = int(input())
        s = []
        e = []
        for __ in range(n):
            a, b = map(int, input().split())
            s.append(a)
            e.append(b)
        s1 = s[0]
        e1 = e[0]
        s_max = max(s[1:])
        e_max = max(e[1:])
        if s1 > s_max and e1 >= e_max:
            print(min(s1, 10**9))
        else:
            print(-1)
",False,False,0,0.0
1879A,5,"['sorting', 'break statement', 'for loop', 'if statement', 'tuple']",['for loop'],"['while loop', 'for loop', 'if statement', 'misc', 'continue statement', 'tuple', 'break statement', 'queue']","import sys
import math

def solve():
    t = int(input())
    for _ in range(t):
        n = int(input())
        s = []
        e = []
        for __ in range(n):
            s_i, e_i = map(int, input().split())
            s.append(s_i)
            e.append(e_i)
        s_1 = s[0]
        e_1 = e[0]
        s_max = max(s[1:])
        e_max = max(e[1:])
        if s_1 <= s_max:
            print(-1)
        else:
            w = s_1 - 1
            for i in range(1, n):
                if s[i] >= w:
                    if e[i] >= e_1:
                        w = -1
                        break
            print(w)
",False,False,0,0.0
1878B,0,['this is the og problem'],['for loop'],"['for loop', 'tuple', 'matrix operation', 'if statement']","import sys
import math

def solve():
    t = int(input())
    for _ in range(t):
        n = int(input())
        print(*[i for i in range(2,n+2,2)])
",False,True,0,0.0
1878B,1,['if statement'],['recursion'],"['for loop', 'tuple', 'matrix operation', 'if statement']","import sys
input = sys.stdin.readline

def solve():
    n = int(input())
    a = [6]
    for i in range(1, n):
        a.append(a[-1] + 2)
    return a

",False,True,1,1.0
1878B,2,"['if statement', 'for loop']",['for loop'],"['for loop', 'tuple', 'matrix operation', 'if statement']","import math

def solve():
    t = int(input())
    for _ in range(t):
        n = int(input())
        a = [6]
        for i in range(1, n):
            a.append(a[-1] + 2 ** math.ceil(math.log2(a[-1]))
        print(*a)
",False,False,0,0.0
1878B,3,"['if statement', 'for loop', 'while loop']",['for loop'],"['for loop', 'tuple', 'matrix operation', 'if statement']","import sys

def solve():
    t = int(input())
    for _ in range(t):
        n = int(input())
        print(*range(2 * n + 1, 2 * n + n + 1, 2))
",False,False,0,0.0
1878A,0,['this is the og problem'],['for loop'],"['for loop', 'if statement', 'tuple', 'set', 'while loop', 'hashmap']","import sys
from collections import Counter

def solve():
    input = sys.stdin.readline
    t = int(input())
    for _ in range(t):
        n, k = map(int, input().split())
        a = list(map(int, input().split()))
        for i in range(n):
            for j in range(i+1, n+1):
                counter = Counter(a[i:j])
                if counter[k] == max(counter.values()):
                    print(""YES"")
                    break
            else:
                if j == n:
                    print(""NO"")
                    break
",False,True,0,0.0
1878A,1,['sliding window'],"['for loop', 'if statement', 'break statement']","['for loop', 'if statement', 'tuple', 'set', 'while loop', 'hashmap']","from collections import Counter

def solve():
    t = int(input())
    for _ in range(t):
        n, k = map(int, input().split())
        a = list(map(int, input().split()))
        for i in range(n):
            for j in range(i, n):
                c = Counter(a[i:j+1])
                if c[k] == max(c.values()):
                    print(""YES"")
                    break
            else:
                if j == n-1:
                    print(""NO"")
                    break
",False,True,1,0.3333333333333333
1878A,2,"['sliding window', 'for loop']","['if statement', 'for loop', 'break statement', 'dictionary']","['for loop', 'if statement', 'tuple', 'set', 'while loop', 'hashmap']","import sys
from collections import Counter

def solve():
    input = sys.stdin.readline
    t = int(input())
    for _ in range(t):
        n, k = map(int, input().split())
        a = list(map(int, input().split()))
        for i in range(n):
            counter = Counter()
            for j in range(i, n):
                counter[a[j]] += 1
                if counter[k] == max(counter.values()):
                    print(""YES"")
                    break
            else:
                if i == n-1:
                    print(""NO"")
                    break
",False,False,2,0.5
1878A,3,"['sliding window', 'for loop', 'if statement']","['for loop', 'if statement', 'hashmap', 'tuple']","['for loop', 'if statement', 'tuple', 'set', 'while loop', 'hashmap']","from collections import Counter

def solve():
    t = int(input())
    for _ in range(t):
        n, k = map(int, input().split())
        a = list(map(int, input().split()))
        c = Counter(a)
        if c[k] > 0:
            print(""YES"")
        else:
            print(""NO"")
",True,False,0,0.0
1878A,4,"['sliding window', 'for loop', 'if statement', 'tuple']","['for loop', 'if statement', 'dictionary']","['for loop', 'if statement', 'tuple', 'set', 'while loop', 'hashmap']","from collections import Counter

def solve():
    t = int(input())
    for _ in range(t):
        n, k = map(int, input().split())
        a = list(map(int, input().split()))
        c = Counter(a)
        if c[k] > 0:
            print(""YES"")
        else:
            print(""NO"")
",True,False,1,0.3333333333333333
1878A,5,"['sliding window', 'for loop', 'if statement', 'tuple', 'while loop']",['for loop'],"['for loop', 'if statement', 'tuple', 'set', 'while loop', 'hashmap']","from collections import Counter

def solve():
    t = int(input())
    for _ in range(t):
        n, k = map(int, input().split())
        a = list(map(int, input().split()))
        for i in range(n):
            counter = Counter(a[:i+1])
            if counter[k] == max(counter.values()):
                print(""YES"")
                break
        else:
            print(""NO"")
",False,False,0,0.0
1877A,0,['this is the og problem'],['for loop'],"['for loop', 'tuple', 'if statement', 'while loop', 'hashmap', 'misc', 'matrix operation', 'two pointers']","import sys

def solve():
    t = int(input())
    for _ in range(t):
        n = int(input())
        a = list(map(int, input().split()))
        print(sum(a) + (n - 1) * sum(a) // (n - 1))
",False,True,0,0.0
1877A,1,['for loop'],['for loop'],"['for loop', 'tuple', 'if statement', 'while loop', 'hashmap', 'misc', 'matrix operation', 'two pointers']","import sys

def solve():
    input = sys.stdin.readline
    t = int(input())
    for _ in range(t):
        n = int(input())
        a = list(map(int, input().split()))
        s = sum(a)
        print(s - (n - 1) * s)
",False,False,0,0.0
1877A,2,"['for loop', 'while loop']",['for loop'],"['for loop', 'tuple', 'if statement', 'while loop', 'hashmap', 'misc', 'matrix operation', 'two pointers']","import sys

def solve():
    t = int(input())
    for _ in range(t):
        n = int(input())
        a = list(map(int, input().split()))
        print(sum(a) + (n - 1) * (-sum(a) // (n - 1)))
",False,False,0,0.0
1877A,3,"['for loop', 'while loop', 'recursion']","['for loop', 'if statement']","['for loop', 'tuple', 'if statement', 'while loop', 'hashmap', 'misc', 'matrix operation', 'two pointers']","import sys

def solve():
    t = int(input())
    for _ in range(t):
        n = int(input())
        a = list(map(int, input().split()))
        print(sum(a) * -1)
",True,False,0,0.0
1873D,0,['this is the og problem'],"['for loop', 'if statement']","['while loop', 'if statement', 'for loop', 'hashmap', 'matrix operation', 'tuple']","import math

def solve():
    t = int(input())
    for _ in range(t):
        n, k = map(int, input().split())
        s = input()
        b = s.count('B')
        print(math.ceil(b / k))
",False,True,0,0.0
1873D,1,['for loop'],"['for loop', 'if statement']","['while loop', 'if statement', 'for loop', 'hashmap', 'matrix operation', 'tuple']","import math

def solve():
    t = int(input())
    for _ in range(t):
        n, k = map(int, input().split())
        s = input()
        b = s.count('B')
        print(math.ceil(b / k))
",False,False,0,0.0
1873D,2,"['for loop', 'if statement']","['if statement', 'for loop']","['while loop', 'if statement', 'for loop', 'hashmap', 'matrix operation', 'tuple']","import math

def solve():
    t = int(input())
    for _ in range(t):
        n, k = map(int, input().split())
        s = input()
        b = s.count('B')
        print(math.ceil(b / k))
",False,False,0,0.0
1873C,0,['this is the og problem'],"['for loop', 'if statement', 'tuple', 'matrix operation']","['for loop', 'if statement', 'matrix operation', 'while loop', 'continue statement', 'misc']","import sys

def solve():
    t = int(input())
    for _ in range(t):
        grid = [input().strip() for _ in range(10)]
        score = 0
        for i in range(10):
            for j in range(10):
                if grid[i][j] == 'X':
                    if (i,j) in [(0,0), (0,9), (9,0), (9,9)]:
                        score += 1
                    elif (i,j) in [(1,1), (1,8), (8,1), (8,8)]:
                        score += 2
                    elif (i,j) in [(2,2), (2,7), (7,2), (7,7)]:
                        score +=    3
                    elif (i,j) in [(3,3), (3,6), (6,3), (6,6)]:
                        score +=    4
                    else:
                        score +=    5
        print(score)
",False,True,1,0.25
1873C,1,['if statement'],"['for loop', 'if statement', 'tuple', 'matrix operation']","['for loop', 'if statement', 'matrix operation', 'while loop', 'continue statement', 'misc']","import sys

def solve():
    t = int(input())
    for _ in range(t):
        grid = [input() for _ in range(10)]
        score = 0
        for i in range(10):
            for j in range(10):
                if grid[i][j] == 'X':
                    if (i,j) in [(0,0),(0,9),(9,0),(9,9)]:
                        score += 5
                    elif (i,j) in [(1,1),(1,8),(8,1),(8,8),(2,2),(2,7),(7,2),(7,7),(3,3),(3,6),(6,3),(6,6),(4,4),(4,5),(5,4),(5,5)]:
                        score += 4
                    elif (i,j) in [(1,4),(1,5),(4,1),(5,1),(2,4),(2,5),(4,2),(5,2),(3,4),(3,5),(4,3),(5,3),(6,4),(6,5),(7,4),(7,5),(4,6),(4,7),(5,6),(5,7),(6,5),(6,7),(7,6),(7,7)]:
                        score +=    3
                    else:
                        score +=    2
        print(score)
",False,False,1,0.25
1873C,2,"['if statement', 'matrix operation']",['for loop'],"['for loop', 'if statement', 'matrix operation', 'while loop', 'continue statement', 'misc']","import sys

def solve():
    scores = [1, 2, 3, 4,    5]
    t = int(input())
    for _ in range(t):
        grid = [input() for _ in range(10)]
        score = 0
        for i in range(10):
            for j in range(10):
                if grid[i][j] == 'X':
                    dist = min(i, j, 9-i, 9-j)
                    score += scores[dist]
        print(score)

",True,True,0,0.0
1873C,3,"['if statement', 'matrix operation', 'dictionary']","['if statement', 'for loop', 'tuple', 'misc']","['for loop', 'if statement', 'matrix operation', 'while loop', 'continue statement', 'misc']","def solve():
    t = int(input())
    for _ in range(t):
        grid = [input() for _ in range(10)]
        score = 0
        for i in range(10):
            for j in range(10):
                if grid[i][j] == 'X':
                    if (i,j) in [(0,0),(0,9),(9,0),(9,9)]:
                        score += 5
                    elif (i,j) in [(1,1),(1,8),(8,1),(8,8)]:
                        score += 4
                    elif (i,j) in [(2,2),(2,7),(7,2),(7,7)]:
                        score +=    3
                    elif (i,j) in [(3,3),(3,6),(6,3),(6,6)]:
                        score +=    2
                    else:
                        score +=    1
        print(score)
",False,False,1,0.25
1873C,4,"['if statement', 'matrix operation', 'dictionary', 'for loop']","['for loop', 'if statement', 'matrix operation']","['for loop', 'if statement', 'matrix operation', 'while loop', 'continue statement', 'misc']","import re

def solve():
    t = int(input())
    for _ in range(t):
        grid = [input() for _ in range(10)]
        score = 0
        for i in range(10):
            for j in range(10):
                if grid[i][j] == 'X':
                    score += 5 - min(i, j, 9 - i, 9 - j)
        print(score)
",False,False,0,0.0
1873B,0,['this is the og problem'],"['for loop', 'sorting', 'matrix operation']","['for loop', 'sorting', 'matrix operation', 'tuple', 'if statement', 'misc']","import sys
from math import prod

def solve():
    t = int(input())
    for _ in range(t):
        n = int(input())
        a = list(map(int, input().split()))
        a.sort()
        a[0] += 1
        print(prod(a))
",True,True,0,0.0
1873B,1,['if statement'],"['for loop', 'if statement', 'sorting', 'matrix operation']","['for loop', 'sorting', 'matrix operation', 'tuple', 'if statement', 'misc']","import math
import sys

def solve():
    t = int(input())
    for _ in range(t):
        n = int(input())
        a = list(map(int, input().split()))
        a.sort()
        if a[0] == 0:
            a[0] = 1
        else:
            a[-1] += 1
        print(math.prod(a))
",False,False,0,0.0
1873B,2,"['if statement', 'for loop']","['for loop', 'sorting', 'misc']","['for loop', 'sorting', 'matrix operation', 'tuple', 'if statement', 'misc']","import math
import functools
import operator

def solve():
    t = int(input())
    for _ in range(t):
        n = int(input())
        a = list(map(int, input().split()))
        a.sort()
        a[0] += 1
        print(functools.reduce(operator.mul, a, 1))
",True,False,0,0.0
1873B,3,"['if statement', 'for loop', 'while loop']","['for loop', 'sorting', 'misc']","['for loop', 'sorting', 'matrix operation', 'tuple', 'if statement', 'misc']","import math
import functools
import operator

def solve():
    t = int(input())
    for _ in range(t):
        n = int(input())
        a = list(map(int, input().split()))
        a.sort()
        a[0] += 1
        print(functools.reduce(operator.mul, a, 1))
",True,False,0,0.0
1873B,4,"['if statement', 'for loop', 'while loop', 'recursion']","['for loop', 'if statement', 'sorting']","['for loop', 'sorting', 'matrix operation', 'tuple', 'if statement', 'misc']","import math
import sys

def solve():
    t = int(input())
    for _ in range(t):
        n = int(input())
        a = list(map(int, input().split()))
        a.sort()
        if a[0] == 0:
            a[0] = 1
        else:
            a[-1] += 1
        print(math.prod(a))
",False,False,0,0.0
1873B,5,"['if statement', 'for loop', 'while loop', 'recursion', 'misc']","['for loop', 'if statement', 'sorting', 'matrix operation']","['for loop', 'sorting', 'matrix operation', 'tuple', 'if statement', 'misc']","import math

def solve():
    t = int(input())
    for _ in range(t):
        n = int(input())
        a = list(map(int, input().split()))
        a.sort()
        if a[0] == 0:
            a[0] = 1
        else:
            a[-1] += 1
        print(math.prod(a))
",False,False,0,0.0
1873A,0,['this is the og problem'],"['if statement', 'for loop']","['for loop', 'if statement', 'while loop', 'set', 'tuple']","import sys

def solve():
    t = int(input())
    for _ in range(t):
        s = input()
        if s in [""abc"", ""acb"", ""bac"", ""cba""]:
            print(""YES"")
        else:
            print(""NO"")
",True,True,0,0.0
1873A,1,['for loop'],"['if statement', 'for loop']","['for loop', 'if statement', 'while loop', 'set', 'tuple']","import sys

def solve():
    t = int(input())
    for _ in range(t):
        s = input()
        if s in [""abc"", ""acb"", ""bac"", ""cba""]:
            print(""YES"")
        else:
            print(""NO"")

",True,False,0,0.0
1873A,2,"['for loop', 'while loop']","['if statement', 'for loop']","['for loop', 'if statement', 'while loop', 'set', 'tuple']","import sys

def solve():
    t = int(input())
    for _ in range(t):
        s = input()
        if s in [""abc"", ""acb"", ""bac"", ""cba""]:
            print(""YES"")
        else:
            print(""NO"")
",True,False,0,0.0
1873A,3,"['for loop', 'while loop', 'recursion']","['if statement', 'for loop', 'misc']","['for loop', 'if statement', 'while loop', 'set', 'tuple']","import sys

def solve():
    t = int(input())
    for _ in range(t):
        s = input()
        if s in [""abc"", ""acb"", ""bac"", ""cba""]:
            print(""YES"")
        else:
            print(""NO"")
",True,False,1,0.3333333333333333
1873A,4,"['for loop', 'while loop', 'recursion', 'tuple']","['if statement', 'for loop']","['for loop', 'if statement', 'while loop', 'set', 'tuple']","import sys

def solve():
    t = int(input())
    for _ in range(t):
        s = input()
        if s in [""abc"", ""acb"", ""bac"", ""cba""]:
            print(""YES"")
        else:
            print(""NO"")
",True,False,0,0.0
1873A,5,"['for loop', 'while loop', 'recursion', 'tuple', 'if statement']","['recursion', 'for loop', 'if statement']","['for loop', 'if statement', 'while loop', 'set', 'tuple']","import itertools

def solve():
    perms = list(itertools.permutations('abc'))
    def check(s):
        for p in perms:
            if sorted(s) == sorted(p) and s!= p:
                return 'YES'
        return 'NO'

    t = int(input())
    for _ in range(t):
        s = input()
        print(check(s))
",False,False,1,0.3333333333333333
1872A,0,['this is the og problem'],"['if statement', 'for loop', 'continue statement']","['for loop', 'tuple', 'if statement', 'misc', 'matrix operation']","import math

def solve():
    t = int(input())
    for _ in range(t):
        a, b, c = map(int, input().split())
        if a == b:
            print(0)
            continue
        if a > b:
            a, b = b, a
        diff = a - b
        moves = math.ceil(diff / (2 * c))
        print(moves)
",False,True,1,0.3333333333333333
1872A,1,['matrix operation'],"['if statement', 'for loop', 'continue statement', 'tuple', 'misc']","['for loop', 'tuple', 'if statement', 'misc', 'matrix operation']","import math

def solve():
    t = int(input())
    for _ in range(t):
        a, b, c = map(int, input().split())
        if a == b:
            print(0)
            continue
        if c > min(a, b):
            print(1)
            continue
        if (a + b) % 2 == 0:
            print(2)
            continue
        if (a + b) % c == 0:
            print((a + b) // c)
            continue
        if (a + b) % (2 * c) == 0:
            print(((a + b) // (2 * c)) + 1)
            continue
        if (a + b) % (2 * c)!= 0:
            print(math.ceil((a + b) / (2 * c)) + 1)
",False,True,1,0.2
1872A,2,"['matrix operation', 'continue statement']","['if statement', 'for loop', 'tuple', 'misc']","['for loop', 'tuple', 'if statement', 'misc', 'matrix operation']","import math

def solve():
    t = int(input())
    for _ in range(t):
        a, b, c = map(int, input().split())
        if a > b:
            a, b = b, a
        diff = a - b
        if diff == 0:
            print(0)
        elif diff % 2 == 0:
            print(1)
        elif c >= diff / 2:
            print(2)
        else:
            print(math.ceil(diff / (2 * c)))
",False,True,0,0.0
1872A,3,"['matrix operation', 'continue statement', 'if statement']","['for loop', 'if statement', 'tuple']","['for loop', 'tuple', 'if statement', 'misc', 'matrix operation']","import math

def solve():
    t = int(input())
    for _ in range(t):
        a, b, c = map(int, input().split())
        if a > b:
            a, b = b, a
        diff = b - a
        if diff == 0:
            print(0)
        elif diff % 2 == 0:
            print(1)
        elif c >= diff // 2:
            print(2)
        else:
            print(math.ceil(diff / (2 * c)))
",True,False,0,0.0
1872A,4,"['matrix operation', 'continue statement', 'if statement', 'misc']","['if statement', 'for loop', 'tuple', 'if statement', 'for loop', 'tuple']","['for loop', 'tuple', 'if statement', 'misc', 'matrix operation']","import math

def solve():
    t = int(input())
    for _ in range(t):
        a, b, c = map(int, input().split())
        if a > b:
            a, b = b, a
        diff = b - a
        if diff == 0:
            print(0)
        elif diff % c == 0:
            print(1)
        elif diff % (2 * c) == 0:
            print(2)
        else:
            print(math.ceil(diff / (2 * c)))
",False,False,0,0.0
1872A,5,"['matrix operation', 'continue statement', 'if statement', 'misc', 'tuple']","['if statement', 'for loop', 'tuple', 'misc']","['for loop', 'tuple', 'if statement', 'misc', 'matrix operation']","import math

def solve():
    t = int(input())
    for _ in range(t):
        a, b, c = map(int, input().split())
        if a > b:
            a, b = b, a
        diff = b - a
        if diff == 0:
            print(0)
        elif diff % (2 * c) == 0:
            print(1)
        elif diff % c == 0:
            print(2)
        else:
            print(math.ceil(diff / (2 * c)))
",False,False,0,0.0
1870A,0,['this is the og problem'],"['if statement', 'for loop']","['if statement', 'for loop', 'continue statement', 'while loop', 'tuple', 'matrix operation', 'recursion', 'misc']","import sys
import math

def solve():
    t = int(input())
    for _ in range(t):
        n, k, x = map(int, input().split())
        if k > n or k > x + 1:
            print(-1)
        else:
            print(k * (k - 1) + (n - k) * x)
",False,True,0,0.0
1870A,1,['misc'],"['if statement', 'for loop', 'tuple', 'misc']","['if statement', 'for loop', 'continue statement', 'while loop', 'tuple', 'matrix operation', 'recursion', 'misc']","import sys
input = sys.stdin.readline

def solve():
    t = int(input())
    for _ in range(t):
        n, k, x = map(int, input().split())
        if k > n or k > x + 1:
            print(-1)
        else:
            print(k * (x - (k - 1) + (n - k) * (k - 1))

",False,False,0,0.0
1870A,2,"['misc', 'for loop']","['for loop', 'if statement']","['if statement', 'for loop', 'continue statement', 'while loop', 'tuple', 'matrix operation', 'recursion', 'misc']","import math

def solve():
    t = int(input())
    for _ in range(t):
        n, k, x = map(int, input().split())
        if k > n or k > x + 1:
            print(-1)
        else:
            print(k * (k - 1) + (n - k) * x)
",False,False,0,0.0
1870A,3,"['misc', 'for loop', 'break statement']","['if statement', 'for loop']","['if statement', 'for loop', 'continue statement', 'while loop', 'tuple', 'matrix operation', 'recursion', 'misc']","import sys
import math

def solve():
    t = int(input())
    for _ in range(t):
        n, k, x = map(int, input().split())
        if k > n or k > x + 1:
            print(-1)
        else:
            print(k * (k - 1) + (n - k) * x)
",False,False,0,0.0
1870A,4,"['misc', 'for loop', 'break statement', 'while loop']","['for loop', 'if statement']","['if statement', 'for loop', 'continue statement', 'while loop', 'tuple', 'matrix operation', 'recursion', 'misc']","import math

def solve():
    t = int(input())
    for _ in range(t):
        n, k, x = map(int, input().split())
        if k > n or k > x + 1:
            print(-1)
        else:
            print(k - 1 + (n - k) * x)
",False,False,0,0.0
1870A,5,"['misc', 'for loop', 'break statement', 'while loop', 'if statement']","['for loop', 'if statement']","['if statement', 'for loop', 'continue statement', 'while loop', 'tuple', 'matrix operation', 'recursion', 'misc']","import math

def solve():
    t = int(input())
    for _ in range(t):
        n, k, x = map(int, input().split())
        if k > n or k > x + 1:
            print(-1)
        else:
            print(k - 1 + (n - k) * x)
",False,False,0,0.0
1867A,0,['this is the og problem'],"['for loop', 'sorting']","['for loop', 'tuple', 'sorting', 'matrix operation', 'if statement', 'dictionary', 'hashmap', 'while loop', 'heap']","import sys

def solve():
    t = int(input())
    for _ in range(t):
        n = int(input())
        a = list(map(int, input().split()))
        b = sorted(a, reverse=True)
        print(*b)
",False,True,0,0.0
1867A,1,['if statement'],"['for loop', 'sorting', 'misc']","['for loop', 'tuple', 'sorting', 'matrix operation', 'if statement', 'dictionary', 'hashmap', 'while loop', 'heap']","import itertools

def solve():
    t = int(input())
    for _ in range(t):
        n = int(input())
        a = list(map(int, input().split()))
        b = [i for i in range(1, n + 1)]
        b.sort(key=lambda x: abs(x - a[0]))
        print(*b)
",False,True,1,0.3333333333333333
1867A,2,"['if statement', 'for loop']","['for loop', 'matrix operation']","['for loop', 'tuple', 'sorting', 'matrix operation', 'if statement', 'dictionary', 'hashmap', 'while loop', 'heap']","import sys

def solve():
    t = int(input())
    for _ in range(t):
        n = int(input())
        a = list(map(int, input().split()))
        b = [n - i for i in a]
        print(*b)
",False,False,0,0.0
1867A,3,"['if statement', 'for loop', 'queue']",['for loop'],"['for loop', 'tuple', 'sorting', 'matrix operation', 'if statement', 'dictionary', 'hashmap', 'while loop', 'heap']","import sys

def solve():
    t = int(input())
    for _ in range(t):
        n = int(input())
        a = list(map(int, input().split()))
        b = [n - i for i in a]
        print(*b)
",False,False,0,0.0
1867A,4,"['if statement', 'for loop', 'queue', 'recursion']","['for loop', 'misc']","['for loop', 'tuple', 'sorting', 'matrix operation', 'if statement', 'dictionary', 'hashmap', 'while loop', 'heap']","import sys

def solve():
    t = int(input())
    for _ in range(t):
        n = int(input())
        a = list(map(int, input().split()))
        b = [n - i for i in a]
        print(*b)
",False,False,1,0.5
1867A,5,"['if statement', 'for loop', 'queue', 'recursion', 'hashmap']","['for loop', 'tuple']","['for loop', 'tuple', 'sorting', 'matrix operation', 'if statement', 'dictionary', 'hashmap', 'while loop', 'heap']","import sys

def solve():
    input = sys.stdin.readline
    t = int(input.strip())
    for _ in range(t):
        n = int(input().strip())
        a = list(map(int, input().strip().split()))
        b = [n - i for i in range(1, n + 1)]
        print(*b)
",False,False,0,0.0
1866A,0,['this is the og problem'],"['if statement', 'for loop']","['if statement', 'for loop', 'tuple', 'set', 'dictionary', 'misc', 'hashmap', 'sorting']","import math

def solve():
    n = int(input())
    a = list(map(int, input().split()))
    ans = float('inf')
    for x in a:
        ans = min(ans, abs(x))
    if ans == 0:
        return 0
    for x in a:
        if x!= 0:
            ans = min(ans, math.gcd(abs(x), ans))
    return ans
",False,True,0,0.0
1866A,1,['recursion'],"['for loop', 'if statement', 'tuple']","['if statement', 'for loop', 'tuple', 'set', 'dictionary', 'misc', 'hashmap', 'sorting']","import math

def solve():
    n = int(input())
    a = list(map(int, input().split()))
    ans = float('inf')
    for x in a:
        ans = min(ans, abs(x) % 2)
    print(ans)
",False,True,0,0.0
1866A,2,"['recursion', 'if statement']","['if statement', 'for loop', 'tuple', 'misc']","['if statement', 'for loop', 'tuple', 'set', 'dictionary', 'misc', 'hashmap', 'sorting']","import math

def solve():
    n = int(input())
    a = list(map(int, input().split()))
    ans = float('inf')
    for x in a:
        if x == 0:
            return 0
        ans = min(ans, abs(x))
    return ans + (ans % 2)
",False,False,0,0.0
1866A,3,"['recursion', 'if statement', 'matrix operation']","['for loop', 'if statement', 'tuple', 'for loop', 'if statement', 'tuple']","['if statement', 'for loop', 'tuple', 'set', 'dictionary', 'misc', 'hashmap', 'sorting']","import math

def solve():
    n = int(input())
    a = list(map(int, input().split()))
    ans = float('inf')
    for x in a:
        ans = min(ans, abs(x) % 2 == 0 and abs(x) or abs(x))
    print(ans)
",False,False,0,0.0
1866A,4,"['recursion', 'if statement', 'matrix operation', 'tuple']","['for loop', 'if statement']","['if statement', 'for loop', 'tuple', 'set', 'dictionary', 'misc', 'hashmap', 'sorting']","import math

def solve():
    n = int(input())
    a = list(map(int, input().split()))
    ans = float('inf')
    for x in a:
        if x == 0:
            return 0
        ans = min(ans, abs(x) % 2)
    return ans
",False,False,0,0.0
1864A,0,['this is the og problem'],"['if statement', 'for loop', 'tuple']","['for loop', 'if statement', 'while loop', 'tuple', 'heap', 'misc', 'continue statement', 'matrix operation', 'break statement']","import sys

def solve():
    x, y, n = map(int, input().split())
    if n == 3 and x + 1 == y:
        return -1
    elif n == 3:
        return x, x + (y - x) // 2, y
    else:
        a = [x]
        diff = y - x
        step = diff // (n - 1)
        for i in range(1, n):
            a.append(a[-1] + max(1, step - i + 1))
        if a[-1] == y:
            return a
        else:
            return -1
",False,True,0,0.0
1864A,1,['if statement'],"['for loop', 'if statement']","['for loop', 'if statement', 'while loop', 'tuple', 'heap', 'misc', 'continue statement', 'matrix operation', 'break statement']","def solve():
    t = int(input())
    for _ in range(t):
        x, y, n = map(int, input().split())
        if n == 3:
            if y - x > 1:
                print(x, x + 1, y)
            else:
                print(-1)
        else:
            a = [x]
            b = y - x
            tmp = b // (n - 2)
            for i in range(1, n - 1):
                a.append(a[-1] + max(1, tmp - i + 1))
            a.append(y)
            if all(a[i] < a[i + 1] for i in range(n - 1)) and all(a[i + 1] - a[i] > a[i + 2] - a[i + 1] for i in range(n - 2)):
                print(*a)
            else:
                print(-1)
",False,False,0,0.0
1864A,2,"['if statement', 'for loop']","['if statement', 'for loop', 'tuple', 'misc']","['for loop', 'if statement', 'while loop', 'tuple', 'heap', 'misc', 'continue statement', 'matrix operation', 'break statement']","import math

def solve():
    t = int(input())
    for _ in range(t):
        x, y, n = map(int, input().split())
        if n == 3:
            if y - x > 2:
                print(-1)
            else:
                print(x, x + 1, y)
        else:
            diff = y - x
            step = math.ceil(diff /(n - 2))
            if step <= 1:
                print(-1)
            else:
                a = [x]
                for i in range(1, n - 1):
                    a.append(a[-1] + max(step - (i - 1), 1))
                a.append(y)
                print(*a)
",False,False,0,0.0
1864A,3,"['if statement', 'for loop', 'while loop']","['if statement', 'for loop']","['for loop', 'if statement', 'while loop', 'tuple', 'heap', 'misc', 'continue statement', 'matrix operation', 'break statement']","import sys

def solve():
    x, y, n = map(int, input().split())
    if n == 3 and x + 1 == y:
        return -1
    elif n == 3:
        return x, x + (y - x) // 2, y
    else:
        a = [x]
        diff = y - x
        step = diff // (n - 1)
        for i in range(1, n):
            a.append(a[-1] + step - (i - 1))
        if a[-1] == y:
            return a
        else:
            return -1
",False,False,0,0.0
1863A,0,['this is the og problem'],"['if statement', 'for loop', 'break statement']","['for loop', 'if statement', 'continue statement', 'matrix operation', 'while loop', 'misc', 'queue', 'hashmap', 'tuple']","import sys
import math

def solve():
    input = sys.stdin.readline
    t = int(input.strip())
    for _ in range(t):
        n, a, q = map(int, input().strip().split())
        s = input().strip()
        online = a
        for c in s:
            if c == '+':
                online += 1
            else:
                online -= 1
            if online == n:
                print(""YES"")
                break
        else:
            if online > a:
                print(""MAYBE"")
            else:
                print(""NO"")
",False,True,1,0.3333333333333333
1863A,1,['for loop'],['for loop'],"['for loop', 'if statement', 'continue statement', 'matrix operation', 'while loop', 'misc', 'queue', 'hashmap', 'tuple']","import sys
input = sys.stdin.readline

def solve():
    t = int(input())
    for _ in range(t):
        n, a, q = map(int, input().split())
        s = input().strip()
        online = a
        for c in s:
            if c == '+':
                online += 1
            else:
                online -= 1
            if online == n:
                break
        if online == n:
            print(""YES"")
        elif online + (n - a) < n:
            print(""NO"")
        else:
            print(""MAYBE"")

",False,False,0,0.0
1863A,2,"['for loop', 'tuple']","['if statement', 'for loop', 'break statement']","['for loop', 'if statement', 'continue statement', 'matrix operation', 'while loop', 'misc', 'queue', 'hashmap', 'tuple']","import sys

def solve():
    input = sys.stdin.readline
    t = int(input.strip())
    for _ in range(t):
        n, a, q = map(int, input().strip().split())
        s = input().strip()
        online = a
        for c in s:
            if c == '+':
                online += 1
            else:
                online -= 1
            if online == n:
                print(""YES"")
                break
        else:
            print(""MAYBE"" if online == n else ""NO"")
",False,False,1,0.3333333333333333
1863A,3,"['for loop', 'tuple', 'recursion']","['if statement', 'for loop']","['for loop', 'if statement', 'continue statement', 'matrix operation', 'while loop', 'misc', 'queue', 'hashmap', 'tuple']","import sys

def solve():
    input = sys.stdin.readline
    t = int(input.strip())
    for _ in range(t):
        n, a, q = map(int, input().strip().split())
        s = input().strip()
        online = a
        for c in s:
            if c == '+':
                online += 1
            else:
                online -= 1
            if online == n:
                print(""YES"")
                break
        else:
            if online >= n:
                print(""MAYBE"")
            else:
                print(""NO"")
",False,False,0,0.0
1863A,4,"['for loop', 'tuple', 'recursion', 'if statement']","['if statement', 'for loop', 'break statement']","['for loop', 'if statement', 'continue statement', 'matrix operation', 'while loop', 'misc', 'queue', 'hashmap', 'tuple']","import sys
def solve():
    input = sys.stdin.readline
    t = int(input.strip())
    for _ in range(t):
        n, a, q = map(int, input().strip().split())
        s = input().strip()
        online = a
        for c in s:
            if c == '+':
                online += 1
            else:
                online -= 1
            if online == n:
                print('YES')
                break
        else:
            if online >= n:
                print('MAYBE')
            else:
                print('NO')
",False,False,1,0.3333333333333333
1863A,5,"['for loop', 'tuple', 'recursion', 'if statement', 'while loop']","['if statement', 'for loop', 'break statement', 'misc']","['for loop', 'if statement', 'continue statement', 'matrix operation', 'while loop', 'misc', 'queue', 'hashmap', 'tuple']","import sys
input = sys.stdin.readline

def solve():
    t = int(input())
    for _ in range(t):
        n, a, q = map(int, input().split())
        s = input().strip()
        online = a
        for c in s:
            if c == '+':
                online += 1
            else:
                online -= 1
            if online == n:
                break
        if online == n:
            print(""YES"")
        elif online < n:
            print(""NO"")
        else:
            print(""MAYBE"")

",False,False,1,0.25
1862B,0,['this is the og problem'],"['if statement', 'for loop']","['for loop', 'if statement', 'tuple', 'misc', 'continue statement', 'matrix operation', 'while loop']","import sys
input = sys.stdin.readline

def solve():
    t = int(input())
    for _ in range(t):
        n = int(input())
        b = list(map(int, input().split()))
        a = [b[0]]
        for i in range(1, n):
            if b[i] > b[i - 1]:
                a.append(b[i])
                a.append(b[i])
            else:
                a.append(b[i])
        print(len(a))
        print(*a)

",False,True,0,0.0
1862B,1,['for loop'],"['if statement', 'for loop', 'queue']","['for loop', 'if statement', 'tuple', 'misc', 'continue statement', 'matrix operation', 'while loop']","import sys
from collections import deque

def solve():
    input = sys.stdin.readline
    t = int(input())
    for _ in range(t):
        n = int(input())
        b = list(map(int,input().split()))
        a = deque()
        for i in range(n):
            a.append(b[i])
            if i > 0 and b[i - 1] > b[i]:
                a.appendleft(b[i - 1])
        print(len(a))
        print(*a)
",False,False,1,0.3333333333333333
1862B,2,"['for loop', 'recursion']","['if statement', 'for loop']","['for loop', 'if statement', 'tuple', 'misc', 'continue statement', 'matrix operation', 'while loop']","import sys
import math

def solve():
    t = int(input())
    for _ in range(t):
        n = int(input())
        b = list(map(int, input().split()))
        a = [b[0]]
        for i in range(1, n):
            if b[i] > b[i - 1]:
                a.append(b[i])
                a.append(b[i])
            else:
                a.append(b[i])
        print(len(a))
        print(*a)
",False,False,0,0.0
1862B,3,"['for loop', 'recursion', 'break statement']",['for loop'],"['for loop', 'if statement', 'tuple', 'misc', 'continue statement', 'matrix operation', 'while loop']","import sys
import itertools

def solve():
    t = int(input())
    for _ in range(t):
        n = int(input())
        b = list(map(int, input().split()))
        a = [b[0]]
        for i in range(1, n):
            a.append(min(b[i], b[i - 1]))
            a.append(b[i])
        print(len(a))
        print(*a)
",False,False,0,0.0
1862B,4,"['for loop', 'recursion', 'break statement', 'while loop']","['for loop', 'tuple']","['for loop', 'if statement', 'tuple', 'misc', 'continue statement', 'matrix operation', 'while loop']","import sys
from itertools import chain, repeat

def solve():
    test_cases = int(input())
    for _ in range(test_cases):
        n = int(input())
        b = list(map(int, input().split()))
        a = list(chain(b, repeat(1, n)))
        print(len(a))
        print(*a)
",False,False,0,0.0
1862A,0,['this is the og problem'],"['for loop', 'if statement', 'matrix operation']","['for loop', 'if statement', 'break statement', 'matrix operation', 'tuple', 'while loop', 'misc', 'set']","import sys

def solve():
    t = int(input())
    for _ in range(t):
        n, m = map(int, input().split())
        grid = [input() for _ in range(n)]
        vika = ""vika""
        idx = 0
        for col in zip(*grid):
            if idx < len(vika) and vika[idx] in col:
                idx += 1
        print(""YES"" if idx == len(vika) else ""NO"")

",False,True,0,0.0
1862A,1,['if statement'],"['if statement', 'for loop', 'matrix operation', 'tuple']","['for loop', 'if statement', 'break statement', 'matrix operation', 'tuple', 'while loop', 'misc', 'set']","def solve():
    t = int(input())
    for _ in range(t):
        n, m = map(int, input().split())
        grid = [input() for _ in range(n)]
        vika = ""vika""
        idx = 0
        for col in zip(*grid):
            if idx < len(vika) and vika[idx] in col:
                idx += 1
        print(""YES"" if idx == len(vika) else ""NO"")
",False,False,0,0.0
1862A,2,"['if statement', 'for loop']","['for loop', 'if statement', 'matrix operation']","['for loop', 'if statement', 'break statement', 'matrix operation', 'tuple', 'while loop', 'misc', 'set']","import re

def solve():
    t = int(input())
    for _ in range(t):
        n, m = map(int, input().split())
        carpet = [input() for _ in range(n)]
        pattern = 'v.*i.*k.*a'
        if re.search(pattern, ''.join(carpet)):
            print('YES')
        else:
            print('NO')
",False,False,0,0.0
1862A,3,"['if statement', 'for loop', 'matrix operation']","['for loop', 'if statement', 'matrix operation']","['for loop', 'if statement', 'break statement', 'matrix operation', 'tuple', 'while loop', 'misc', 'set']","def solve():
    t = int(input())
    for _ in range(t):
        n, m = map(int, input().split())
        grid = [input() for _ in range(n)]
        vika = ""vika""
        idx = 0
        for col in zip(*grid):
            if idx < len(vika) and vika[idx] in col:
                idx += 1
        print(""YES"" if idx == len(vika) else ""NO"")
",False,False,0,0.0
1862A,4,"['if statement', 'for loop', 'matrix operation', 'misc']","['for loop', 'if statement', 'matrix operation', 'tuple']","['for loop', 'if statement', 'break statement', 'matrix operation', 'tuple', 'while loop', 'misc', 'set']","import sys

def solve():
    t = int(input())
    for _ in range(t):
        n, m = map(int, input().split())
        grid = [input() for _ in range(n)]
        vika = ""vika""
        idx = 0
        for col in zip(*grid):
            if idx < len(vika) and vika[idx] in col:
                idx += 1
        print(""YES"" if idx == len(vika) else ""NO"")

",False,False,0,0.0
1861A,0,['this is the og problem'],"['if statement', 'for loop', 'recursion', 'tuple', 'matrix operation', 'if statement', 'for loop', 'recursion', 'tuple', 'matrix operation']","['for loop', 'if statement', 'while loop', 'break statement', 'misc']","import math
import itertools

def is_prime(n):
    if n <= 1:
        return False
    if n == 2:
        return True
    if n % 2 == 0:
        return False
    sqrt_n = math.isqrt(n)
    for i in range(3, int(sqrt_n) + 1, 2):
        if n % i == 0:
            return False
    return True

def solve():
    s = input()
    for r in range(1, 10):
        for combination in itertools.combinations(s, r):
            num = int(''.join(combination))
            if is_prime(num):
                return num
    return -1
",False,True,3,0.3
1861A,1,['break statement'],['if statement'],"['for loop', 'if statement', 'while loop', 'break statement', 'misc']","import math
import itertools

def is_prime(n):
    if n <= 1:
        return False
    if n == 2:
        return True
    if n % 2 == 0:
        return False
    sqrt_n = math.isqrt(n)
    for i in range(3, int(sqrt_n) + 1, 2):
        if n % i == 0:
            return False
    return True

def solve():
    s = input()
    for L in range(1, 10):
        for subset in itertools.combinations(s, L):
            num = int(''.join(subset))
            if is_prime(num):
                return num
    return -1
",False,True,0,0.0
1861A,2,"['break statement', 'matrix operation']","['if statement', 'for loop']","['for loop', 'if statement', 'while loop', 'break statement', 'misc']","import math
import itertools

def solve():
    def is_prime(n):
        if n <= 1:
            return False
        if n == 2:
            return True
        if n % 2 == 0:
            return False
        sqrt_n = math.isqrt(n)
        for i in range(3, sqrt_n + 1, 2):
            if n % i == 0:
                return False
        return True

    def get_prime(s):
        for r in range(1, len(s) + 1):
            for combination in itertools.combinations(s, r):
                num = int(''.join(combination))
                if is_prime(num):
                    return num
        return -1

    t = int(input())
    for _ in range(t):
        s = input()
        print(get_prime(s))
",False,True,0,0.0
1861A,3,"['break statement', 'matrix operation', 'if statement']","['if statement', 'for loop', 'recursion', 'two pointers']","['for loop', 'if statement', 'while loop', 'break statement', 'misc']","import math

def is_prime(n):
    if n <= 1:
        return False
    if n == 2:
        return True
    if n % 2 == 0:
        return False
    sqrt_n = math.isqrt(n)
    for i in range(3, int(sqrt_n) + 1, 2):
        if n % i == 0:
            return False
    return True

def solve():
    s = input()
    for i in range(len(s)):
        for j in range(i+1, len(s)):
            if is_prime(int(s[i] + s[j])):
                return s[i] + s[j]
    return -1
",False,False,2,0.5
1861A,4,"['break statement', 'matrix operation', 'if statement', 'for loop']","['for loop', 'if statement', 'misc']","['for loop', 'if statement', 'while loop', 'break statement', 'misc']","import re

def solve():
    t = int(input())
    for _ in range(t):
        s = input()
        s = re.sub(r'[^1379]', '', s)
        print(s if s else -1)
",False,False,0,0.0
1861A,5,"['break statement', 'matrix operation', 'if statement', 'for loop', 'recursion']","['if statement', 'for loop', 'recursion']","['for loop', 'if statement', 'while loop', 'break statement', 'misc']","import math

def is_prime(n):
    if n <= 1:
        return False
    for i in range(2, int(math.sqrt(n)) + 1):
        if n % i == 0:
            return False
    return True

def solve():
    s = input()
    for i in range(len(s)):
        for j in range(i + 1, len(s)):
            if is_prime(int(s[:i] + s[j:])):
                return s[:i] + s[j:]
    return -1
",False,False,1,0.3333333333333333
1859A,0,['this is the og problem'],"['for loop', 'if statement', 'sorting']","['for loop', 'if statement', 'while loop', 'set', 'sorting', 'tuple', 'continue statement', 'hashmap', 'matrix operation', 'dictionary', 'misc']","import math
import sys

def solve():
    t = int(input())
    for _ in range(t):
        n = int(input())
        a = list(map(int, input().split()))
        a.sort()
        b = []
        c = []
        for i in a:
            if not b or i % b[0]!= 0:
                b.append(i)
            else:
                c.append(i)
        if len(b) == 0 or len(c) == 0:
            print(-1)
        else:
            print(len(b), len(c))
            print(*b)
            print(*c)

",False,True,0,0.0
1859A,1,['sorting'],"['for loop', 'if statement', 'sorting']","['for loop', 'if statement', 'while loop', 'set', 'sorting', 'tuple', 'continue statement', 'hashmap', 'matrix operation', 'dictionary', 'misc']","import math
import sys

def solve():
    t = int(input())
    for _ in range(t):
        n = int(input())
        a = list(map(int, input().split()))
        a.sort()
        b = []
        c = []
        for i in a:
            if i == a[0]:
                b.append(i)
            else:
                c.append(i)
        if len(b) == 0 or len(c) == 0:
            print(-1)
        else:
            print(len(b), len(c))
            print(*b)
            print(*c)
",False,False,0,0.0
1859A,2,"['sorting', 'if statement']",['for loop'],"['for loop', 'if statement', 'while loop', 'set', 'sorting', 'tuple', 'continue statement', 'hashmap', 'matrix operation', 'dictionary', 'misc']","import math

def solve():
    t = int(input())
    for _ in range(t):
        n = int(input())
        a = list(map(int, input().split()))
        a.sort(key=lambda x: math.gcd(a[0], x))
        b = [a[0]]
        c = a[1:]
        lb, lc = len(b), len(c)
        print(lb, lc)
        print(*b)
        print(*c)
",False,True,0,0.0
1859A,3,"['sorting', 'if statement', 'for loop']","['if statement', 'for loop', 'sorting', 'misc']","['for loop', 'if statement', 'while loop', 'set', 'sorting', 'tuple', 'continue statement', 'hashmap', 'matrix operation', 'dictionary', 'misc']","import math
import sys

def solve():
    t = int(input())
    for _ in range(t):
        n = int(input())
        a = list(map(int, input().split()))
        a.sort()
        b = []
        c = []
        for i in a:
            if i == a[0]:
                b.append(i)
            elif i % a[0] == 0:
                c.append(i)
            else:
                b.append(i)
        if len(b) == 0 or len(c) == 0:
            print(-1)
        else:
            print(len(b), len(c))
            print(*b)
            print(*c)
",False,False,0,0.0
1859A,4,"['sorting', 'if statement', 'for loop', 'recursion']",['for loop'],"['for loop', 'if statement', 'while loop', 'set', 'sorting', 'tuple', 'continue statement', 'hashmap', 'matrix operation', 'dictionary', 'misc']","import sys
import math

def solve():
    t = int(input())
    for _ in range(t):
        n = int(input())
        a = list(map(int, input().split()))
        a.sort()
        b = []
        c = []
        for i in a:
            if i % a[0] == 0:
                c.append(i)
            else:
                b.append(i)
        if len(b) == 0 or len(c) == 0:
            print(-1)
        else:
            print(len(b), len(c))
            print(*b)
            print(*c)

",False,False,0,0.0
1858A,0,['this is the og problem'],"['for loop', 'if statement']","['for loop', 'if statement', 'tuple', 'while loop', 'misc']","import sys

def solve():
    t = int(input())
    for _ in range(t):
        a, b, c = map(int, input().split())
        if (a + c) > b + c:
            print(""First"")
        else:
            print(""Second"")
",False,True,0,0.0
1858A,1,['for loop'],"['if statement', 'for loop']","['for loop', 'if statement', 'tuple', 'while loop', 'misc']","import sys

def solve():
    t = int(input())
    for _ in range(t):
        a, b, c = map(int, input().split())
        if a + c > b + c:
            print(""First"")
        else:
            print(""Second"")
",False,False,0,0.0
1858A,2,"['for loop', 'if statement']","['if statement', 'for loop']","['for loop', 'if statement', 'tuple', 'while loop', 'misc']","def solve():
    t = int(input())
    for _ in range(t):
        a, b, c = map(int, input().split())
        if (a + c >= b + c + 1):
            print(""First"")
        else:
            print(""Second"")
",False,False,0,0.0
1858A,3,"['for loop', 'if statement', 'while loop']","['if statement', 'for loop']","['for loop', 'if statement', 'tuple', 'while loop', 'misc']","import sys

def solve():
    t = int(input())
    for _ in range(t):
        a, b, c = map(int, input().split())
        if (a + c) > b + c:
            print(""First"")
        else:
            print(""Second"")
",False,False,0,0.0
1858A,4,"['for loop', 'if statement', 'while loop', 'tuple']","['for loop', 'if statement', 'tuple']","['for loop', 'if statement', 'tuple', 'while loop', 'misc']","def solve():
    t = int(input())
    for _ in range(t):
        a, b, c = map(int, input().split())
        if (a + c) > b + c:
            print(""First"")
        else:
            print(""Second"")
",False,False,0,0.0
1857A,0,['this is the og problem'],"['if statement', 'for loop']","['for loop', 'if statement', 'matrix operation', 'tuple', 'misc']","import sys

def solve():
    t = int(input())
    for _ in range(t):
        n = int(input())
        a = list(map(int, input().split()))
        if sum(a) % 2 == 0:
            print(""YES"")
        else:
            print(""NO"")

",True,True,0,0.0
1857A,1,['for loop'],"['if statement', 'for loop']","['for loop', 'if statement', 'matrix operation', 'tuple', 'misc']","import sys

def solve():
    input = sys.stdin.readline
    t = int(input.strip())
    for _ in range(t):
        n = int(input().strip())
        a = list(map(int, input().strip().split()))
        if sum(a) % 2 == 0:
            print(""YES"")
        else:
            print(""NO"")
",False,False,0,0.0
1857A,2,"['for loop', 'recursion']","['for loop', 'if statement']","['for loop', 'if statement', 'matrix operation', 'tuple', 'misc']","import sys

def solve():
    t = int(input())
    for _ in range(t):
        n = int(input())
        a = list(map(int, input().split()))
        if sum(a) % 2 == 0:
            print(""YES"")
        else:
            print(""NO"")

",True,False,0,0.0
1857A,3,"['for loop', 'recursion', 'while loop']","['if statement', 'for loop']","['for loop', 'if statement', 'matrix operation', 'tuple', 'misc']","import sys

def solve():
    t = int(input())
    for _ in range(t):
        n = int(input())
        a = list(map(int, input().split()))
        if sum(a) % 2 == 0:
            print(""YES"")
        else:
            print(""NO"")

",True,False,0,0.0
1857A,4,"['for loop', 'recursion', 'while loop', 'tuple']","['if statement', 'for loop']","['for loop', 'if statement', 'matrix operation', 'tuple', 'misc']","import sys

def solve():
    t = int(input())
    for _ in range(t):
        n = int(input())
        a = list(map(int, input().split()))
        if sum(a) % 2 == 0:
            print(""YES"")
        else:
            print(""NO"")

",True,False,0,0.0
1856A,0,['this is the og problem'],"['for loop', 'if statement', 'break statement']","['for loop', 'tuple', 'if statement', 'while loop', 'break statement', 'misc', 'Kadanes algorithm', 'continue statement']","import sys
input = sys.stdin.readline

def solve():
    t = int(input())
    for _ in range(t):
        n = int(input())
        a = list(map(int, input().split()))
        ans = 0
        for i in range(n - 1, -1, -1):
            if a[i] > a[i + 1]:
                ans += a[i]
                a[i] = max(0, a[i] - 1)
        print(ans)
",False,True,0,0.0
1856A,1,['if statement'],['for loop'],"['for loop', 'tuple', 'if statement', 'while loop', 'break statement', 'misc', 'Kadanes algorithm', 'continue statement']","import sys

def solve():
    t = int(input())
    for _ in range(t):
        n = int(input())
        a = list(map(int, input().split()))
        ans = 0
        while True:
            sorted = True
            for i in range(n - 1):
                if a[i] > a[i + 1]:
                    sorted = False
                    a[i] = max(0, a[i] - 1)
                    ans += 1
            if sorted:
                break
        print(ans)

",False,True,0,0.0
1856A,2,"['if statement', 'matrix operation']","['for loop', 'while loop', 'if statement', 'break statement']","['for loop', 'tuple', 'if statement', 'while loop', 'break statement', 'misc', 'Kadanes algorithm', 'continue statement']","import sys
input = sys.stdin.readline

def solve():
    t = int(input())
    for _ in range(t):
        n = int(input())
        a = list(map(int, input().split()))
        ans = 0
        while True:
            changed = False
            for i in range(n - 1):
                if a[i] > a[i + 1]:
                    a[i] = max(0, a[i] - 1)
                    changed = True
            if changed:
                ans += 1
            else:
                break
        print(ans)

",False,False,0,0.0
1856A,3,"['if statement', 'matrix operation', 'for loop']","['if statement', 'for loop', 'while loop', 'break statement']","['for loop', 'tuple', 'if statement', 'while loop', 'break statement', 'misc', 'Kadanes algorithm', 'continue statement']","import sys
import math

def solve():
    input = sys.stdin.readline
    t = int(input())
    for _ in range(t):
        n = int(input())
        a = list(map(int,input().split()))
        ans = 0
        while True:
            changed = False
            for i in range(n-1):
                if a[i] > a[i+1]:
                    a[i] = max(0, a[i]-1)
                    changed = True
                    ans += 1
            if not changed:
                break
        print(ans)
",False,False,0,0.0
1856A,4,"['if statement', 'matrix operation', 'for loop', 'while loop']","['for loop', 'while loop', 'break statement', 'if statement']","['for loop', 'tuple', 'if statement', 'while loop', 'break statement', 'misc', 'Kadanes algorithm', 'continue statement']","import sys
import math

def solve():
    input = sys.stdin.readline
    t = int(input())
    for _ in range(t):
        n = int(input())
        a = list(map(int,input().split()))
        ans = 0
        while True:
            b = [max(0, x - 1) for x in a]
            if b == sorted(b):
                break
            ans += 1
            a = b
        print(ans)
",False,False,0,0.0
1856A,5,"['if statement', 'matrix operation', 'for loop', 'while loop', 'recursion']","['if statement', 'for loop', 'while loop', 'break statement']","['for loop', 'tuple', 'if statement', 'while loop', 'break statement', 'misc', 'Kadanes algorithm', 'continue statement']","import sys
input = sys.stdin.readline

def solve():
    t = int(input())
    for _ in range(t):
        n = int(input())
        a = list(map(int, input().split()))
        ans = 0
        while True:
            b = [max(0, x - 1) for x in a]
            if b == sorted(b):
                break
            a = b
            ans += 1
        print(ans)
",False,False,0,0.0
1855A,0,['this is the og problem'],['for loop'],"['while loop', 'if statement', 'for loop', 'misc', 'tuple']","import sys
from collections import deque

def solve():
    t = int(input())
    for _ in range(t):
        n = int(input())
        p = list(map(int, input().split()))
        p = [x - 1 for x in p]
        cycles = 0
        visited = [False] * n
        for i in range(n):
            if not visited[i]:
                q = deque()
                q.append(i)
                visited[i] = True
                while True:
                    j = p[q[-1]]
                    if visited[j]:
                        break
                    q.append(j)
                    visited[j] = True
                cycles += len(q) - 1
        print((cycles + 1) // 2)

",False,True,0,0.0
1855A,1,['hashmap'],"['if statement', 'for loop', 'while loop', 'continue statement', 'queue', 'break statement']","['while loop', 'if statement', 'for loop', 'misc', 'tuple']","import sys
from collections import deque

def solve():
    input = sys.stdin.readline
    t = int(input())
    for _ in range(t):
        n = int(input())
        p = list(map(int, input().split()))
        p = deque(p)
        ans = 0
        while True:
            if p[0] == p[-1]:
                p.pop()
                p.popleft()
            elif p[0] == 1:
                p.popleft()
            elif p[-1] == n:
                p.pop()
            else:
                p.appendleft(p.pop())
                ans += 1
            if len(p) == 0:
                break
        print(ans)
",False,True,3,0.5
1855A,2,"['hashmap', 'for loop']","['for loop', 'if statement']","['while loop', 'if statement', 'for loop', 'misc', 'tuple']","import sys
input = sys.stdin.readline

def solve():
    t = int(input())
    for _ in range(t):
        n = int(input())
        p = list(map(int, input().split()))
        ans = 0
        for i in range(n):
            if p[i] == i + 1:
                ans += 1
        print(ans // 2)

",False,False,0,0.0
1855A,3,"['hashmap', 'for loop', 'if statement']","['if statement', 'for loop']","['while loop', 'if statement', 'for loop', 'misc', 'tuple']","import sys
import math

def solve():
    input = sys.stdin.readline
    t = int(input())
    for _ in range(t):
        n = int(input())
        p = list(map(int,input().split()))
        ans = 0
        for i in range(n):
            if p[i] == i+1:
                ans += 1
        print(math.ceil(ans/2))
",False,False,0,0.0
1855A,4,"['hashmap', 'for loop', 'if statement', 'recursion']","['for loop', 'if statement']","['while loop', 'if statement', 'for loop', 'misc', 'tuple']","import sys
import math

def solve():
    input = sys.stdin.readline
    t = int(input())
    for _ in range(t):
        n = int(input())
        p = list(map(int,input().split()))
        ans = 0
        for i in range(n):
            if p[i] == i+1:
                ans += 1
        print(math.ceil(ans/2))
",False,False,0,0.0
1855A,5,"['hashmap', 'for loop', 'if statement', 'recursion', 'continue statement']","['for loop', 'if statement', 'misc']","['while loop', 'if statement', 'for loop', 'misc', 'tuple']","import sys
import math

def solve():
    input = sys.stdin.readline
    t = int(input())
    for _ in range(t):
        n = int(input())
        p = list(map(int,input().split()))
        ans = 0
        for i in range(n):
            if p[i] == i + 1:
                ans += 1
        print(math.ceil(ans / 2))
",False,False,0,0.0
1853A,0,['this is the og problem'],"['for loop', 'if statement', 'break statement']","['for loop', 'if statement', 'while loop', 'dictionary', 'tuple']","import sys
input = sys.stdin.readline

def solve():
    t = int(input())
    for _ in range(t):
        n = int(input())
        a = list(map(int, input().split()))
        for i in range(n - 1):
            if a[i] <= a[i + 1]:
                print(1)
                break
        else:
            print(0)
",False,True,1,0.3333333333333333
1853A,1,['if statement'],"['for loop', 'if statement', 'break statement']","['for loop', 'if statement', 'while loop', 'dictionary', 'tuple']","import sys

def solve():
    input = sys.stdin.readline
    t = int(input())
    for _ in range(t):
        n = int(input())
        a = list(map(int, input().split()))
        for i in range(n-1):
            if a[i] <= a[i+1]:
                print(1)
                break
        else:
            print(0)
",False,False,1,0.3333333333333333
1853A,2,"['if statement', 'while loop']","['misc', 'if statement']","['for loop', 'if statement', 'while loop', 'dictionary', 'tuple']","from itertools import accumulate

def solve():
    n = int(input())
    a = list(map(int, input().split()))
    b = list(accumulate(a))
    return next((i for i in range(n-1) if b[i] >= b[i+1]), 0)
",False,False,1,0.5
1853A,3,"['if statement', 'while loop', 'match statement']",['for loop'],"['for loop', 'if statement', 'while loop', 'dictionary', 'tuple']","from itertools import accumulate

def solve():
    t = int(input())
    for _ in range(t):
        n = int(input())
        a = list(map(int, input().split()))
        if a!= sorted(a):
            print(0)
        else:
            print(min(accumulate((a[i] > a[i+1] for i in range(n-1)), default=1)+1))
",False,True,0,0.0
1853A,4,"['if statement', 'while loop', 'match statement', 'tuple']","['if statement', 'for loop', 'break statement']","['for loop', 'if statement', 'while loop', 'dictionary', 'tuple']","import sys

def solve():
    input = sys.stdin.readline
    t = int(input())
    for _ in range(t):
        n = int(input())
        a = list(map(int, input().split()))
        for i in range(n-1):
            if a[i] <= a[i+1]:
                print(1)
                break
        else:
            print(0)
",False,False,1,0.3333333333333333
1853A,5,"['if statement', 'while loop', 'match statement', 'tuple', 'set']","['if statement', 'for loop', 'break statement']","['for loop', 'if statement', 'while loop', 'dictionary', 'tuple']","def solve():
    t = int(input())
    for _ in range(t):
        n = int(input())
        a = list(map(int, input().split()))
        for i in range(n - 1):
            if a[i] <= a[i + 1]:
                print(1)
                break
        else:
            print(0)
",False,False,1,0.3333333333333333
1851B,0,['this is the og problem'],"['for loop', 'if statement', 'sorting']","['for loop', 'if statement', 'break statement', 'sorting', 'tuple', 'continue statement', 'misc', 'while loop', 'hashmap']","import sys

def solve():
    t = int(input())
    for _ in range(t):
        n = int(input())
        a = list(map(int, input().split()))
        even = [x for x in a if x % 2 == 0]
        odd = [x for x in a if x % 2!= 0]
        even.sort()
        odd.sort()
        b = []
        for x, y in zip(even, odd):
            b.append(x)
            b.append(y)
        if b == sorted(b):
            print(""YES"")
        else:
            print(""NO"")

",False,True,0,0.0
1851B,1,['if statement'],"['for loop', 'if statement']","['for loop', 'if statement', 'break statement', 'sorting', 'tuple', 'continue statement', 'misc', 'while loop', 'hashmap']","import sys

def solve():
    t = int(input())
    for _ in range(t):
        n = int(input())
        a = list(map(int, input().split()))
        even = sum(1 for x in a if x % 2 == 0)
        odd = n - even
        if even % 2 == 0 and odd % 2 == 0:
            print(""YES"")
        else:
            print(""NO"")

",False,False,0,0.0
1851B,2,"['if statement', 'tuple']","['for loop', 'if statement']","['for loop', 'if statement', 'break statement', 'sorting', 'tuple', 'continue statement', 'misc', 'while loop', 'hashmap']","import sys

def solve():
    t = int(input())
    for _ in range(t):
        n = int(input())
        a = list(map(int, input().split()))
        even = sum(1 for x in a if x % 2 == 0)
        if even % 2 == 0 or n - even % 2 == 0:
            print(""YES"")
        else:
            print(""NO"")

",False,False,0,0.0
1851B,3,"['if statement', 'tuple', 'for loop']","['for loop', 'if statement']","['for loop', 'if statement', 'break statement', 'sorting', 'tuple', 'continue statement', 'misc', 'while loop', 'hashmap']","import sys

def solve():
    input = sys.stdin.readline
    t = int(input())
    for _ in range(t):
        n = int(input())
        a = list(map(int, input().split()))
        even = sum(1 for x in a if x % 2 == 0)
        odd = n - even
        if even % 2 == 0 and odd % 2 == 0:
            print(""YES"")
        else:
            print(""NO"")
",False,False,0,0.0
1851B,4,"['if statement', 'tuple', 'for loop', 'sorting']","['for loop', 'if statement', 'tuple']","['for loop', 'if statement', 'break statement', 'sorting', 'tuple', 'continue statement', 'misc', 'while loop', 'hashmap']","import sys

def solve():
    t = int(input())
    for _ in range(t):
        n = int(input())
        a = list(map(int, input().split()))
        even = sum(1 for x in a if x % 2 == 0)
        if even % 2 == 0 or n - even % 2 == 0:
            print(""YES"")
        else:
            print(""NO"")

",False,False,0,0.0
1851B,5,"['if statement', 'tuple', 'for loop', 'sorting', 'while loop']","['if statement', 'for loop', 'hashmap']","['for loop', 'if statement', 'break statement', 'sorting', 'tuple', 'continue statement', 'misc', 'while loop', 'hashmap']","import sys
from collections import Counter

def solve():
    input = sys.stdin.readline
    t = int(input())
    for _ in range(t):
        n = int(input())
        a = list(map(int, input().split()))
        c = Counter(map(lambda x: x % 2, a))
        if c[0] == 0 or c[1] == 0 or c[0] == c[1]:
            print(""YES"")
        else:
            print(""NO"")
",False,False,0,0.0
1851A,0,['this is the og problem'],['if statement'],"['for loop', 'if statement', 'tuple', 'while loop', 'matrix operation', 'continue statement']","import math

def solve():
    t = int(input())
    for _ in range(t):
        n, m, k, H = map(int, input().split())
        h = list(map(int, input().split()))
        count = 0
        for i in h:
            if abs(H - i) % k == 0:
                count += 1
        print(count)
",False,True,0,0.0
1851A,1,['if statement'],"['for loop', 'if statement']","['for loop', 'if statement', 'tuple', 'while loop', 'matrix operation', 'continue statement']","import math
def solve():
    t = int(input())
    for _ in range(t):
        n,m,k,H = map(int,input().split())
        h = list(map(int,input().split()))
        count = 0
        for i in h:
            if abs(H-i)%k == 0:
                count+=1
        print(count)
",False,False,0,0.0
1851A,2,"['if statement', 'dictionary']","['for loop', 'if statement']","['for loop', 'if statement', 'tuple', 'while loop', 'matrix operation', 'continue statement']","import math

def solve():
    t = int(input())
    for _ in range(t):
        n,m,k,H = map(int,input().split())
        h = list(map(int,input().split()))
        count = 0
        for i in h:
            if abs(H-i)%k == 0:
                count += 1
        print(count)
",False,False,0,0.0
1851A,3,"['if statement', 'dictionary', 'tuple']","['for loop', 'if statement']","['for loop', 'if statement', 'tuple', 'while loop', 'matrix operation', 'continue statement']","import math

def solve():
    t = int(input())
    for _ in range(t):
        n, m, k, H = map(int, input().split())
        h = list(map(int, input().split()))
        count = 0
        for i in h:
            if abs(H - i) % k == 0 and 1 <= (H - i) // k + 1 <= m:
                count += 1
        print(count)
",False,False,0,0.0
1851A,4,"['if statement', 'dictionary', 'tuple', 'for loop']","['for loop', 'if statement']","['for loop', 'if statement', 'tuple', 'while loop', 'matrix operation', 'continue statement']","import sys
import math

def solve():
    t = int(input())
    for _ in range(t):
        n,m,k,H = map(int,input().split())
        h = list(map(int,input().split()))
        ans = 0
        for i in h:
            if abs(H-i)%k==0 and 1<= (H-i)//k+1 <=m:
                ans+=1
        print(ans)
",False,False,0,0.0
1850C,0,['this is the og problem'],"['for loop', 'matrix operation']","['for loop', 'if statement', 'tuple', 'matrix operation', 'while loop', 'set', 'misc']","import sys

def solve():
    t = int(input())
    for _ in range(t):
        grid = [input() for _ in range(8)]
        word = ''
        for i in range(8):
            for j in range(8):
                if grid[i][j]!= '.':
                    word += grid[i][j]
        print(word)
",True,True,0,0.0
1850C,1,['for loop'],"['for loop', 'if statement', 'matrix operation']","['for loop', 'if statement', 'tuple', 'matrix operation', 'while loop', 'set', 'misc']","import sys

def solve():
    t = int(input())
    for _ in range(t):
        grid = [input() for _ in range(8)]
        word = ''.join([grid[i][j] for j in range(8) for i in range(8) if grid[i][j].isalpha())
        print(word)
",False,False,0,0.0
1850C,2,"['for loop', 'if statement']","['for loop', 'matrix operation']","['for loop', 'if statement', 'tuple', 'matrix operation', 'while loop', 'set', 'misc']","import re

def solve():
    t = int(input())
    for _ in range(t):
        grid = [input() for _ in range(8)]
        print(''.join(re.findall(r'[a-z]', ''.join(grid))))
",True,False,0,0.0
1850C,3,"['for loop', 'if statement', 'while loop']",['for loop'],"['for loop', 'if statement', 'tuple', 'matrix operation', 'while loop', 'set', 'misc']","import re

def solve():
    t = int(input())
    for _ in range(t):
        grid = [input() for _ in range(8)]
        print(''.join(re.findall(r'[a-z]', ''.join(grid))))
",True,False,0,0.0
1850C,4,"['for loop', 'if statement', 'while loop', 'tuple']",['for loop'],"['for loop', 'if statement', 'tuple', 'matrix operation', 'while loop', 'set', 'misc']","import re

def solve():
    t = int(input())
    for _ in range(t):
        grid = [input() for _ in range(8)]
        s = ''.join(re.findall(r'[a-z]', ''.join(grid)))
        print(s)
",True,False,0,0.0
1850B,0,['this is the og problem'],"['for loop', 'if statement', 'tuple', 'hashmap']","['for loop', 'if statement', 'tuple', 'sorting', 'while loop', 'hashmap']","import sys

def solve():
    t = int(input())
    for _ in range(t):
        n = int(input())
        ans = 0
        max_val = -sys.maxsize
        for i in range(n):
            a, b = map(int, input().split())
            if a <= 10 and b > max_val:
                max_val = b
                ans = i + 1
        print(ans)
",True,True,0,0.0
1850B,1,['if statement'],"['for loop', 'if statement', 'tuple']","['for loop', 'if statement', 'tuple', 'sorting', 'while loop', 'hashmap']","import sys

def solve():
    t = int(input())
    for _ in range(t):
        n = int(input())
        responses = []
        for __ in range(n):
            a, b = map(int, input().split())
            responses.append((a, b))
        max_quality = 0
        winner = 0
        for i, (a, b) in enumerate(responses):
            if a <= 10 and b > max_quality:
                max_quality = b
                winner = i + 1
        print(winner)

",True,False,0,0.0
1850B,2,"['if statement', 'tuple']","['for loop', 'matrix operation']","['for loop', 'if statement', 'tuple', 'sorting', 'while loop', 'hashmap']","import sys

def solve():
    t = int(input())
    for _ in range(t):
        n = int(input())
        responses = [list(map(int, input().split())) for _ in range(n)]
        winner = max((i for i, (a, b) in enumerate(responses) if a <= 10), key=lambda x: responses[x][1])
        print(winner + 1)

",True,True,1,0.5
1850B,3,"['if statement', 'tuple', 'for loop']","['for loop', 'if statement', 'matrix operation']","['for loop', 'if statement', 'tuple', 'sorting', 'while loop', 'hashmap']","def solve():
    t = int(input())
    for _ in range(t):
        n = int(input())
        responses = [list(map(int, input().split())) for _ in range(n)]
        winner = max((i for i, (a, b) in enumerate(responses) if a <= 10), key=lambda x: responses[x][1])
        print(winner + 1)
",True,False,1,0.3333333333333333
1850B,4,"['if statement', 'tuple', 'for loop', 'while loop']","['for loop', 'break statement', 'tuple', 'sorting', 'if statement']","['for loop', 'if statement', 'tuple', 'sorting', 'while loop', 'hashmap']","import sys

def solve():
    t = int(input())
    for _ in range(t):
        n = int(input())
        arr = []
        for __ in range(n):
            a, b = map(int, input().split())
            arr.append((a, b))
        arr.sort(key=lambda x: (-x[1], x[0]))
        for i in range(n):
            if arr[i][0] <= 10:
                print(i+1)
                break
",False,False,1,0.2
1850B,5,"['if statement', 'tuple', 'for loop', 'while loop', 'recursion']","['if statement', 'for loop', 'matrix operation']","['for loop', 'if statement', 'tuple', 'sorting', 'while loop', 'hashmap']","import sys

def solve():
    t = int(input())
    for _ in range(t):
        n = int(input())
        ans = 0
        maxq = 0
        for i in range(n):
            a, b = map(int, input().split())
            if a <= 10 and b > maxq:
                maxq = b
                ans = i + 1
        sys.stdout.write(f""{ans}\n"")
",True,False,1,0.3333333333333333
1850A,0,['this is the og problem'],"['for loop', 'if statement']","['for loop', 'if statement', 'tuple', 'set', 'sorting', 'misc', 'matrix operation']","import sys

def solve():
    t = int(input())
    for _ in range(t):
        a, b, c = map(int, input().split())
        if a + b >= 10 or a + c >= 10 or b + c >= 10:
            print(""YES"")
        else:
            print(""NO"")

",True,True,0,0.0
1850A,1,['for loop'],"['if statement', 'for loop', 'tuple', 'misc']","['for loop', 'if statement', 'tuple', 'set', 'sorting', 'misc', 'matrix operation']","import itertools

def solve():
    t = int(input())
    for _ in range(t):
        a, b, c = map(int, input().split())
        pairs = list(itertools.combinations([a, b, c], 2))
        if any(sum(pair) >= 10 for pair in pairs):
            print(""YES"")
        else:
            print(""NO"")
",True,False,0,0.0
1850A,2,"['for loop', 'while loop']","['for loop', 'if statement', 'tuple', 'set']","['for loop', 'if statement', 'tuple', 'set', 'sorting', 'misc', 'matrix operation']","import itertools

def solve():
    t = int(input())
    for _ in range(t):
        a, b, c = map(int, input().split())
        pairs = list(itertools.combinations([a, b, c], 2))
        if any(sum(pair) >= 10 for pair in pairs):
            print(""YES"")
        else:
            print(""NO"")
",True,False,0,0.0
1850A,3,"['for loop', 'while loop', 'if statement']","['for loop', 'if statement']","['for loop', 'if statement', 'tuple', 'set', 'sorting', 'misc', 'matrix operation']","def solve():
    t = int(input())
    for _ in range(t):
        a, b, c = map(int, input().split())
        print(""YES"" if max(a+b, a+c, b+c) >= 10 else ""NO"")
",True,False,0,0.0
1849A,0,['this is the og problem'],"['for loop', 'if statement']","['for loop', 'tuple', 'if statement', 'misc', 'matrix operation', 'while loop', 'hashmap']","import sys

def solve():
    t = int(input())
    for _ in range(t):
        b, c, h = map(int, input().split())
        print(min(b-1, c+h)+1)
",False,True,0,0.0
1849A,1,['if statement'],['misc'],"['for loop', 'tuple', 'if statement', 'misc', 'matrix operation', 'while loop', 'hashmap']","import math

def solve():
    b, c, h = map(int, input().split())
    return min(b - 1, c + h)
",False,True,0,0.0
1849A,2,"['if statement', 'tuple']","['for loop', 'if statement']","['for loop', 'tuple', 'if statement', 'misc', 'matrix operation', 'while loop', 'hashmap']","def solve():
    t = int(input())
    for _ in range(t):
        b, c, h = map(int, input().split())
        print(min(b-1, c+h)*2+1)
",True,False,0,0.0
1849A,3,"['if statement', 'tuple', 'two pointers']","['for loop', 'if statement', 'tuple']","['for loop', 'tuple', 'if statement', 'misc', 'matrix operation', 'while loop', 'hashmap']","def solve():
    t = int(input())
    for _ in range(t):
        b, c, h = map(int, input().split())
        print(min(b-1, c+h)*2 + 1
",False,False,0,0.0
1849A,4,"['if statement', 'tuple', 'two pointers', 'for loop']",['for loop'],"['for loop', 'tuple', 'if statement', 'misc', 'matrix operation', 'while loop', 'hashmap']","import math

def solve():
    b, c, h = map(int, input().split())
    return min(b-1, c+h)
",False,False,0,0.0
1847A,0,['this is the og problem'],['for loop'],"['for loop', 'tuple', 'sorting', 'if statement', 'matrix operation', 'set', 'dictionary']","import sys
input = sys.stdin.readline

def solve():
    t = int(input())
    for _ in range(t):
        n, k = map(int, input().split())
        a = list(map(int, input().split()))
        a = [0] + a + [0]
        f = [0] * (n + 1)
        for i in range(1, n + 1):
            f[i] = min(f[i], abs(a[i] - a[i - 1]) + abs(a[i + 1] - a[i]) + f[i - 1])
        print(f[n])

",False,True,0,0.0
1847A,1,['continue statement'],['for loop'],"['for loop', 'tuple', 'sorting', 'if statement', 'matrix operation', 'set', 'dictionary']","import sys
input = sys.stdin.readline

def solve():
    t = int(input())
    for _ in range(t):
        n, k = map(int, input().split())
        a = list(map(int, input().split()))
        a = [0] + a + [0]
        f = [0] * (n + 1)
        for i in range(1, n + 1):
            f[i] = abs(a[i - a[i - 1]) + abs(a[i + 1] - a[i]) + f[i - 1]
        g = [0] * (k + 1)
        for i in range(1, k + 1):
            g[i] = min(f[r] + f[n] - f[r + i] for r in range(i, n + 1))
        print(g[k])

",False,True,0,0.0
1847A,2,"['continue statement', 'matrix operation']",['for loop'],"['for loop', 'tuple', 'sorting', 'if statement', 'matrix operation', 'set', 'dictionary']","import sys
input = sys.stdin.readline

def solve():
    t = int(input())
    for _ in range(t):
        n, k = map(int, input().split())
        a = list(map(int, input().split()))
        a = [0] + a + [0]
        f = [0] * (n + 2)
        for l in range(1, n + 1):
            for r in range(l + 1, n + 2):
                f[r] = min(f[r], f[l - 1] + abs(a[l] - a[l + 1]) + abs(a[l + 1] - a[r]) + abs(a[r] - a[r + 1]))
        print(f[n +\ 1] - abs(a[n] - a[n +\ 1]))

",False,True,0,0.0
1847A,3,"['continue statement', 'matrix operation', 'for loop']",['for loop'],"['for loop', 'tuple', 'sorting', 'if statement', 'matrix operation', 'set', 'dictionary']","import sys
input = sys.stdin.readline

def solve():
    t = int(input())
    for _ in range(t):
        n,k = map(int,input().split())
        a = list(map(int,input().split()))
        a = [0] + a + [0]
        f = [0]*(n+1)
        for l in range(1,n+1):
            for r in range(l,n+1):
                f[r] = f[r-1] + abs(a[l-1]-a[l]) + abs(a[r]-a[r+1])
        ans = float('inf')
        for l in range(1,n+1):
            ans = min(ans,f[l-1]+f[n]-f[l])
        for i in range(1,k):
            ans = min(ans,f[i]-f[i-1])
        print(ans)

",False,False,0,0.0
1847A,4,"['continue statement', 'matrix operation', 'for loop', 'if statement']",['for loop'],"['for loop', 'tuple', 'sorting', 'if statement', 'matrix operation', 'set', 'dictionary']","import sys
input = sys.stdin.readline

def solve():
    t = int(input())
    for _ in range(t):
        n, k = map(int, input().split())
        a = list(map(int, input().split()))
        a = [0] + a + [0]
        f = [0] * (n + 2)
        for i in range(1, n + 1):
            f[i] = abs(a[i - a[i - 1]) + abs(a[i + 1] - a[i + 2])
        g = [0] * (k + 1)
        for i in range(1, k + 1):
            g[i] = min(f[i : i + n - k + 2])
        print(sum(g[1 : -1]))

",False,False,0,0.0
1846B,0,['this is the og problem'],"['for loop', 'if statement', 'matrix operation']","['if statement', 'for loop', 'while loop', 'matrix operation', 'break statement', 'recursion', 'hashmap', 'misc', 'tuple', 'queue']","import sys

def solve():
    t = int(input())
    for _ in range(t):
        a = [input() for _ in range(3)]
        for i in range(3):
            if a[i][0] == a[i][1] == a[i][2] and a[i][0]!= '.':
                print(a[i][0])
                break
        else:
            for i in range(3):
                if a[0][i] == a[1][i] == a[2][i] and a[0][i]!= '.':
                    print(a[0][i])
                    break
            else:
                if a[0][0] == a[1][1] == a[2][2] and a[0][0]!= '.':
                    print(a[0][0])
                elif a[0][2] == a[1][1] == a[2][0] and a[0][2]!= '.':
                    print(a[0][2])
                else:
                    print(""DRAW"")

",True,True,0,0.0
1846B,1,['if statement'],"['for loop', 'if statement']","['if statement', 'for loop', 'while loop', 'matrix operation', 'break statement', 'recursion', 'hashmap', 'misc', 'tuple', 'queue']","def solve():
    for _ in range(int(input())):
        a = [input() for _ in range(3)]
        for i in range(3):
            if a[i][0] == a[i][1] == a[i][2] and a[i][0] in 'XO+':
                return a[i][0]
        for i in range(3):
            if a[0][i] == a[1][i] == a[2][i] and a[0][i] in 'XO+':
                return a[0][i]
        if a[0][0] == a[1][1] == a[2][2] and a[0][0] in 'XO+':
            return a[0][0]
        if a[0][2] == a[1][1] == a[2][0] and a[0][2] in 'XO+':
            return a[0][2]
        return 'DRAW'
",True,False,0,0.0
1846B,2,"['if statement', 'dictionary']","['for loop', 'if statement']","['if statement', 'for loop', 'while loop', 'matrix operation', 'break statement', 'recursion', 'hashmap', 'misc', 'tuple', 'queue']","def solve():
    t = int(input())
    for _ in range(t):
        a = [input() for _ in range(3)]
        for i in range(3):
            if a[i][0] == a[i][1] == a[i][2]:
                return a[i][0]
            if a[0][i] == a[1][i] == a[2][i]:
                return a[0][i]
        if a[0][0] == a[1][1] == a[2][2]:
            return a[0][0]
        if a[0][2] == a[1][1] == a[2][0]:
            return a[0][2]
        return ""DRAW""
",True,False,0,0.0
1846B,3,"['if statement', 'dictionary', 'for loop']","['for loop', 'if statement', 'matrix operation']","['if statement', 'for loop', 'while loop', 'matrix operation', 'break statement', 'recursion', 'hashmap', 'misc', 'tuple', 'queue']","def solve():
    t = int(input())
    for _ in range(t):
        a = [input() for _ in range(3)]
        for i in range(3):
            if a[i][0] == a[i][1] == a[i][2] and a[i][0]!= '.':
                return a[i][0]
            if a[0][i] == a[1][i] == a[2][i] and a[0][i]!= '.':
                return a[0][i]
        if a[0][0] == a[1][1] == a[2][2] and a[0][0]!= '.':
            return a[0][0]
        if a[0][2] == a[1][1] == a[2][0] and a[0][2]!= '.':
            return a[0][2]
        return 'DRAW'
",True,False,0,0.0
1846B,4,"['if statement', 'dictionary', 'for loop', 'tuple']","['if statement', 'for loop']","['if statement', 'for loop', 'while loop', 'matrix operation', 'break statement', 'recursion', 'hashmap', 'misc', 'tuple', 'queue']","def solve():
    for _ in range(int(input())):
        a = [input() for _ in range(3)]
        for i in range(3):
            if a[i][0] == a[i][1] == a[i][2]:
                return a[i][0]
        for i in range(3):
            if a[0][i] == a[1][i] == a[2][i]:
                return a[0][i]
        if a[0][0] == a[1][1] == a[2][2]:
            return a[0][0]
        if a[0][2] == a[1][1] == a[2][0]:
            return a[0][2]
        return ""DRAW""
",True,False,0,0.0
1846B,5,"['if statement', 'dictionary', 'for loop', 'tuple', 'matrix operation']","['for loop', 'if statement', 'matrix operation']","['if statement', 'for loop', 'while loop', 'matrix operation', 'break statement', 'recursion', 'hashmap', 'misc', 'tuple', 'queue']","def solve():
    t = int(input())
    for _ in range(t):
        a = [input() for _ in range(3)]
        for i in range(3):
            if a[i][0] == a[i][1] == a[i][2]:
                return a[i][0]
        for i in range(3):
            if a[0][i] == a[1][i] == a[2][i]:
                return a[0][i]
        if a[0][0] == a[1][1] == a[2][2]:
            return a[0][0]
        if a[0][2] == a[1][1] == a[2][0]:
            return a[0][2]
        return ""DRAW""
",True,False,0,0.0
1846A,0,['this is the og problem'],"['if statement', 'for loop', 'break statement']","['for loop', 'if statement', 'matrix operation', 'while loop', 'tuple']","import sys
input = sys.stdin.readline

def solve():
    t = int(input())
    for _ in range(t):
        n = int(input())
        a = []
        b = []
        for __ in range(n):
            a_i, b_i = map(int, input().split())
            a.append(a_i)
            b.append(b_i)
        candy = max(a)
        cut = 0
        for i in range(n):
            if a[i] == candy:
                if b[i] > candy:
                    cut += 1
                break
            elif b[i] >= candy:
                cut += 1
        print(cut)

",False,True,1,0.3333333333333333
1846A,1,['if statement'],['for loop'],"['for loop', 'if statement', 'matrix operation', 'while loop', 'tuple']","import sys
input = sys.stdin.readline

def solve():
    t = int(input())
    for _ in range(t):
        n = int(input())
        a = []
        b = []
        for __ in range(n):
            ai, bi = map(int, input().split())
            a.append(ai)
            b.append(bi)
        a.append(0)
        b.append(0)
        a.sort()
        for i in range(n+1):
            b[i] = max(b[i], a[i+1]-a[i]+b[i-1] if i else a[i+1])
        print(n-1-b.count(0))

",False,True,0,0.0
1846A,2,"['if statement', 'for loop']","['for loop', 'if statement', 'tuple', 'sorting', 'dictionary', 'matrix operation']","['for loop', 'if statement', 'matrix operation', 'while loop', 'tuple']","import sys
import math
from collections import defaultdict
from bisect import bisect

def solve():
    t = int(input())
    for _ in range(t):
        n = int(input())
        a = []
        b = []
        for __ in range(n):
            a_i, b_i = map(int, input().split())
            a.append(a_i)
            b.append(b_i)
        a = sorted(zip(a, b))
        ans = 0
        for i in range(n - 1, -1, -1):
            if a[i][0] + b[i][0] >= a[i + 1][0]:
                ans += 1
                a[i + 1] = (a[i + 1][0] - (a[i][0] + a[i + 1][1], a[i + 1][0])
        print(ans)
",False,False,2,0.3333333333333333
1846A,3,"['if statement', 'for loop', 'sorting']",['for loop'],"['for loop', 'if statement', 'matrix operation', 'while loop', 'tuple']","import math

def solve():
    t = int(input())
    for _ in range(t):
        n = int(input())
        a = [0] + [int(x.split()[0]) for x in [input() for _ in range(n)]]
        b = [int(x.split()[1]) for x in [input() for _ in range(n)]]
        max_a = max(a)
        cut = 0
        for i in range(n):
            if a[i] + b[i] >= max_a:
                cut += math.ceil((a[i] + b[i] - max_a) / min(b))
        print(cut)
",False,False,0,0.0
1846A,4,"['if statement', 'for loop', 'sorting', 'tuple']",['for loop'],"['for loop', 'if statement', 'matrix operation', 'while loop', 'tuple']","import sys
import math

def solve():
    t = int(input())
    for _ in range(t):
        n = int(input())
        a = [0] + list(map(int, input().split() for i in range(n)))
        b = [0] + list(map(int, input().split()[1] for i in range(n)))
        a = a[1:]
        b = b[1:]
        max_height = max(a)
        for i in range(n):
            if a[i] > max_height:
                max_height = a[i]
                index = i
        if b[index] > max_height:
            print(1)
        else:
            print(0)
",False,False,0,0.0
1846A,5,"['if statement', 'for loop', 'sorting', 'tuple', 'while loop']",['for loop'],"['for loop', 'if statement', 'matrix operation', 'while loop', 'tuple']","import sys
import math

def solve():
    t = int(input())
    for _ in range(t):
        n = int(input())
        a = []
        b = []
        for __ in range(n):
            a_i, b_i = map(int, input().split())
            a.append(a_i)
            b.append(b_i)
        max_a = max(a)
        min_b = min(b)
        ans = 0
        for i in range(n):
            if a[i] + b[i] >= max_a and b[i] > min_b:
                ans += 1
        print(ans)
",False,False,0,0.0
1845A,0,['this is the og problem'],['for loop'],"['for loop', 'if statement', 'tuple', 'while loop', 'hashmap', 'misc']","import sys

def solve():
    t = int(input())
    for _ in range(t):
        n, k, x = map(int, input().split())
        if x == 1:
            if n % 2 == 0:
                print(""YES"")
                print(n // 2)
                print(*([2] * (n // 2))
            else:
                print(""NO"")
        elif x == k:
            if n < k:
                print(""YES"")
                print(1)
                print(n)
            else:
                print(""NO"")
        else:
            if n < x:
                print(""YES"")
                print(1)
                print(n)
            else:
                print(""YES"")
                print(n - (x - 1))
                print(*(x - 1) * (n - (x - 1) + [x + 1])
",False,True,0,0.0
1845A,1,['if statement'],['for loop'],"['for loop', 'if statement', 'tuple', 'while loop', 'hashmap', 'misc']","import sys

def solve():
    t = int(input())
    for _ in range(t):
        n, k, x = map(int, input().split())
        if x == 1:
            if n % 2 == 0:
                print(""YES"")
                print(n // 2)
                print(*([2] * (n // 2))
            else:
                print(""NO"")
        elif x == k:
            if n < k:
                print(""YES"")
                print(1)
                print(n)
            else:
                print(""NO"")
        else:
            if n < x:
                print(""YES"")
                print(n)
                print(*range(1, n + 1))
            else:
                print(""YES"")
                p = n // (k - x)
                r = n % (k - x)
                if r == 0:
                    print(p * (k - x))
                    print(*([k - x] * p))
                else:
                    print(p * (k - x) + 1)
                    print(*(k - x) * p, r + x))

",False,True,0,0.0
1845A,2,"['if statement', 'tuple']",['for loop'],"['for loop', 'if statement', 'tuple', 'while loop', 'hashmap', 'misc']","import sys

def solve():
    t = int(input())
    for _ in range(t):
        n, k, x = map(int, input().split())
        if x == 1:
            if n % 2 == 0:
                print(""YES"")
                print(n // 2)
                print(*([2] * (n // 2))
            else:
                print(""NO"")
        elif x == k:
            if n < k:
                print(""YES"")
                print(1)
                print(n)
            else:
                print(""NO"")
        else:
            if n < x:
                print(""YES"")
                print(n)
                print(*range(1, n + 1))
            else:
                print(""YES"")
                p = n // (k - 1)
                q = n % (k - 1)
                print(p + (1 if q > 0 else 0))
                print(*(k - 1] * p + ([1] if q > 0 else []))

",False,True,0,0.0
1845A,3,"['if statement', 'tuple', 'for loop']",['for loop'],"['for loop', 'if statement', 'tuple', 'while loop', 'hashmap', 'misc']","import sys

def solve():
    lines = input()
    t = int(lines[0].strip())
    for i in range(1, t+1):
        n, k, x = map(int, lines[i].split())
        if x == 1:
            if n % 2 == 0:
                print(""YES"")
                print(n // 2)
                print(*([2] * (n // 2))
            else:
                print(""NO"")
        elif x == k:
            if n < k:
                print(""YES"")
                print(1)
                print(n)
            else:
                print(""NO"")
        else:
            if n < x:
                print(""YES"")
                print(n)
                print(*([1] * n))
            else:
                print(""YES"")
                m = n - x + 1
                print(m)
                print(*([1] * (m - 1) + [x - 1])
",False,False,0,0.0
1844A,0,['this is the og problem'],"['for loop', 'tuple', 'misc']","['for loop', 'tuple', 'misc', 'if statement', 'while loop', 'matrix operation']","import math

def solve():
    t = int(input())
    for _ in range(t):
        a, b = map(int, input().split())
        n = a + b
        print(n)
",False,True,0,0.0
1844A,1,['if statement'],"['for loop', 'tuple']","['for loop', 'tuple', 'misc', 'if statement', 'while loop', 'matrix operation']","import math

def solve():
    t = int(input())
    for _ in range(t):
        a, b = map(int, input().split())
        n = a + b
        print(n)
",False,True,0,0.0
1844A,2,"['if statement', 'tuple']","['for loop', 'tuple']","['for loop', 'tuple', 'misc', 'if statement', 'while loop', 'matrix operation']","import math

def solve():
    t = int(input())
    for _ in range(t):
        a, b = map(int, input().split())
        n = a + b
        print(n)
",False,False,0,0.0
1844A,3,"['if statement', 'tuple', 'for loop']","['for loop', 'tuple']","['for loop', 'tuple', 'misc', 'if statement', 'while loop', 'matrix operation']","import math

def solve():
    t = int(input())
    for _ in range(t):
        a, b = map(int, input().split())
        n = a + b
        print(n)
",False,False,0,0.0
1844A,4,"['if statement', 'tuple', 'for loop', 'while loop']",['tuple'],"['for loop', 'tuple', 'misc', 'if statement', 'while loop', 'matrix operation']","import math

def solve():
    a, b = map(int, input().split())
    return a + b
",False,False,0,0.0
1844A,5,"['if statement', 'tuple', 'for loop', 'while loop', 'matrix operation']","['for loop', 'tuple']","['for loop', 'tuple', 'misc', 'if statement', 'while loop', 'matrix operation']","import math

def solve():
    t = int(input())
    for _ in range(t):
        a, b = map(int, input().split())
        n = a + b
        print(n)
",False,False,0,0.0
1843C,0,['this is the og problem'],['for loop'],"['for loop', 'while loop', 'misc', 'if statement', 'tuple', 'break statement', 'recursion']","import math

def solve():
    t = int(input())
    for _ in range(t):
        n = int(input())
        k = math.floor(math.log2(n))
        print((2**(k+1) - 2 + n) // 2)
",False,True,0,0.0
1843C,1,['misc'],['if statement'],"['for loop', 'while loop', 'misc', 'if statement', 'tuple', 'break statement', 'recursion']","import math

def solve():
    n = int(input())
    k = int(math.log2(n))
    return (2**(k+1) - 2 + n - (2**k - 1) // 2
",False,True,0,0.0
1843C,2,"['misc', 'while loop']","['if statement', 'for loop', 'for loop']","['for loop', 'while loop', 'misc', 'if statement', 'tuple', 'break statement', 'recursion']","import math

def solve():
    t = int(input())
    for _ in range(t):
        n = int(input())
        k = math.floor(math.log2(n))
        print((2 ** (k + 1) - 1) + (n - (2 ** k + 1) + 1))
",False,True,0,0.0
1843C,3,"['misc', 'while loop', 'if statement']",['for loop'],"['for loop', 'while loop', 'misc', 'if statement', 'tuple', 'break statement', 'recursion']","import math

def solve():
    t = int(input())
    for _ in range(t):
        n = int(input())
        k = math.floor(math.log2(n))
        print((2**(k+1) - 2 + n) // 2)
",False,True,0,0.0
1843C,4,"['misc', 'while loop', 'if statement', 'recursion']",['for loop'],"['for loop', 'while loop', 'misc', 'if statement', 'tuple', 'break statement', 'recursion']","import math

def solve():
    n = int(input())
    k = math.floor(math.log2(n))
    return (2**(k+1) - 2 + n
",False,True,0,0.0
1843C,5,"['misc', 'while loop', 'if statement', 'recursion', 'for loop']",['recursion'],"['for loop', 'while loop', 'misc', 'if statement', 'tuple', 'break statement', 'recursion']","import math

def solve():
    n = int(input())
    k = math.floor(math.log2(n))
    return (2**(k+1) - 2 + n
",False,False,0,0.0
1843B,0,['this is the og problem'],"['for loop', 'if statement']","['for loop', 'while loop', 'if statement', 'tuple', 'continue statement', 'hashmap', 'misc']","import sys
input = sys.stdin.readline

def solve():
    t = int(input())
    for _ in range(t):
        n = int(input())
        a = list(map(int, input().split()))
        ans = 0
        cnt = 0
        for i in range(n):
            if a[i] < 0:
                cnt += 1
                ans += abs(a[i])
            else:
                ans += a[i]
        print(ans, cnt // 2)

",False,True,0,0.0
1843B,1,['for loop'],"['if statement', 'for loop']","['for loop', 'while loop', 'if statement', 'tuple', 'continue statement', 'hashmap', 'misc']","import sys
input = sys.stdin.readline

def solve():
    t = int(input())
    for _ in range(t):
        n = int(input())
        a = list(map(int, input().split()))
        neg = [x for x in a if x < 0]
        pos = [x for x in a if x >= 0]
        ans = sum(pos) - sum(neg)
        if len(neg) % 2 == 1:
            ans += min(abs(x) for x in neg)
            op = 1
        else:
            op = 0
        print(ans, op)

",False,False,0,0.0
1843B,2,"['for loop', 'if statement']","['for loop', 'if statement', 'break statement', 'misc']","['for loop', 'while loop', 'if statement', 'tuple', 'continue statement', 'hashmap', 'misc']","import sys
input = sys.stdin.readline

def solve():
    t = int(input())
    for _ in range(t):
        n = int(input())
        a = list(map(int, input().split()))
        neg = [x for x in a if x < 0]
        pos = [x for x in a if x >= 0]
        neg.sort(reverse=True)
        pos.sort()
        res = sum(pos)
        op = 0
        for x in neg:
            if res + 2 * x > 0:
                res += 2 * x
                op += 1
            else:
                break
        print(res,op)

",False,False,1,0.25
1843B,3,"['for loop', 'if statement', 'tuple']","['if statement', 'for loop', 'while loop', 'sorting']","['for loop', 'while loop', 'if statement', 'tuple', 'continue statement', 'hashmap', 'misc']","import sys
input = sys.stdin.readline

def solve():
    t = int(input())
    for _ in range(t):
        n = int(input())
        a = list(map(int, input().split()))
        neg = [x for x in a if x < 0]
        pos = [x for x in a if x >= 0]
        neg.sort(reverse=True)
        pos.sort()
        i = 0
        while i < len(neg) and i < len(pos):
            if neg[i] + pos[i] < 0:
                neg[i] *= -1
                pos[i] *= -1
            else:
                break
            i += 1
        print(sum(neg) + sum(pos), i)

",False,False,1,0.25
1843B,4,"['for loop', 'if statement', 'tuple', 'while loop']","['for loop', 'while loop', 'if statement', 'sorting']","['for loop', 'while loop', 'if statement', 'tuple', 'continue statement', 'hashmap', 'misc']","import sys
input = sys.stdin.readline

def solve():
    t = int(input())
    for _ in range(t):
        n = int(input())
        a = list(map(int, input().split()))
        neg = [x for x in a if x < 0]
        pos = [x for x in a if x >= 0]
        neg.sort(reverse=True)
        pos.sort()
        i = 0
        while i < len(neg) and neg[i] + pos[i] < 0:
            neg[i] *= -1
            i += 1
        print(sum(neg) + sum(pos), i)

",False,False,1,0.25
1843A,0,['this is the og problem'],"['for loop', 'sorting']","['for loop', 'sorting', 'tuple', 'matrix operation', 'while loop', 'if statement', 'two pointers']","import sys
from itertools import combinations

def solve():
    t = int(input())
    for _ in range(t):
        n = int(input())
        a = list(map(int, input().split()))
        a.sort()
        res = 0
        for i in range(1, n):
            res = max(res, a[-i] - a[i - 1])
        print(res)
",False,True,0,0.0
1843A,1,['hashmap'],"['for loop', 'sorting']","['for loop', 'sorting', 'tuple', 'matrix operation', 'while loop', 'if statement', 'two pointers']","import sys

def solve():
    t = int(input())
    for _ in range(t):
        n = int(input())
        a = list(map(int, input().split()))
        a.sort()
        print(sum(a[-i-1] - a[i] for i in range(n//2)))
",True,True,0,0.0
1843A,2,"['hashmap', 'if statement']","['for loop', 'sorting']","['for loop', 'sorting', 'tuple', 'matrix operation', 'while loop', 'if statement', 'two pointers']","import sys
import math

def solve():
    t = int(input())
    for _ in range(t):
        n = int(input())
        a = list(map(int, input().split()))
        a.sort()
        ans = 0
        for i in range(1, n):
            ans = max(ans, a[i] - a[i-1])
        print(ans)
",False,True,0,0.0
1843A,3,"['hashmap', 'if statement', 'for loop']","['for loop', 'sorting']","['for loop', 'sorting', 'tuple', 'matrix operation', 'while loop', 'if statement', 'two pointers']","import sys
import math

def solve():
    t = int(input())
    for _ in range(t):
        n = int(input())
        a = list(map(int, input().split()))
        a.sort()
        ans = 0
        for i in range(1, n):
            ans = max(ans, a[i] - a[i - 1])
        print(ans)
",False,False,0,0.0
1843A,4,"['hashmap', 'if statement', 'for loop', 'tuple']","['for loop', 'sorting']","['for loop', 'sorting', 'tuple', 'matrix operation', 'while loop', 'if statement', 'two pointers']","import sys
import math

def solve():
    t = int(input())
    for _ in range(t):
        n = int(input())
        a = list(map(int, input().split()))
        a.sort()
        ans = 0
        for i in range(1, n):
            ans = max(ans, a[i] - a[i - 1])
        print(ans)
",False,False,0,0.0
1843A,5,"['hashmap', 'if statement', 'for loop', 'tuple', 'while loop']","['for loop', 'sorting']","['for loop', 'sorting', 'tuple', 'matrix operation', 'while loop', 'if statement', 'two pointers']","import sys

def solve():
    t = int(input())
    for _ in range(t):
        n = int(input())
        a = list(map(int, input().split()))
        a.sort()
        print(a[-1] - a[0])
",False,False,0,0.0
1842A,0,['this is the og problem'],"['if statement', 'for loop', 'while loop']","['for loop', 'if statement', 'tuple', 'hashmap', 'misc', 'matrix operation', 'set']","import sys
import math

def solve():
    t = int(input())
    for _ in range(t):
        n, m = map(int, input().split())
        a = list(map(int, input().split()))
        b = list(map(int, input().split()))
        a.sort(reverse=True)
        b.sort(reverse=True)
        while a and b:
            if a[0] >= b[0]:
                b[0] = -1
                a[0] -= b[0]
            else:
                a[0] = -1
                b[0] -= a[0]
            a = [x for x in a if x > 0]
            b = [x for x in b if x > 0]
        if a:
            print(""Tsondu"")
        elif b:
            print(""Tenzing"")
        else:
            print(""Draw"")
",False,True,1,0.3333333333333333
1842A,1,['if statement'],['for loop'],"['for loop', 'if statement', 'tuple', 'hashmap', 'misc', 'matrix operation', 'set']","import sys

def solve():
    input = sys.stdin.readline
    t = int(input.strip())
    for _ in range(t):
        n, m = map(int, input.strip().split())
        a = list(map(int, input.strip().split()))
        b = list(map(int, input.strip().split()))
        a.sort(reverse=True)
        b.sort(reverse=True)
        while a and b:
            x = a.pop(0)
            y = b.pop(0)
            if x > y:
                print(""Tsondu"")
                break
            elif x < y:
                print(""Tenzing"")
                break
            else:
                a.append(x - y)
                b.append(y - x)
        else:
            if a:
                print(""Tsondu"")
            elif b:
                print(""Tenzing"")
            else:
                print(""Draw"")

",False,True,0,0.0
1842A,2,"['if statement', 'dictionary']","['for loop', 'while loop', 'if statement', 'sorting', 'tuple']","['for loop', 'if statement', 'tuple', 'hashmap', 'misc', 'matrix operation', 'set']","def solve():
    t = int(input())
    for _ in range(t):
        n, m = map(int, input().split())
        a = list(map(int, input().split()))
        b = list(map(int, input().split()))
        a.sort(reverse=True)
        b.sort(reverse=True)
        while a and b:
            a_max = a[0]
            b_max = b[0]
            if a_max >= b_max:
                a[0] -= b_max
                b.pop(0)
            else:
                b[0] -= a_max
                a.pop(0)
        if a:
            print(""Tsondu"")
        elif b:
            print(""Tenzing"")
        else:
            print(""Draw"")
",False,False,2,0.4
1842A,3,"['if statement', 'dictionary', 'sorting']",['for loop'],"['for loop', 'if statement', 'tuple', 'hashmap', 'misc', 'matrix operation', 'set']","import math

def solve():
    t = int(input())
    for _ in range(t):
        n, m = map(int, input().split())
        a = list(map(int, input().split()))
        b = list(map(int, input().split()))
        a.sort(reverse=True)
        b.sort(reverse=True)
        while a and b:
            if a[0] >= b[0]:
                a[0] -= b[0]
                b.pop(0)
            else:
                b[0] -= a[0]
                a.pop(0)
        if a:
            print(""Tsondu"")
        elif b:
            print(""Tenzing"")
        else:
            print(""Draw"")
",False,True,0,0.0
1842A,4,"['if statement', 'dictionary', 'sorting', 'tuple']","['for loop', 'while loop', 'if statement', 'sorting']","['for loop', 'if statement', 'tuple', 'hashmap', 'misc', 'matrix operation', 'set']","import math

def solve():
    t = int(input())
    for _ in range(t):
        n, m = map(int, input().split())
        a = list(map(int, input().split()))
        b = list(map(int, input().split()))
        while a and b:
            a.sort(reverse=True)
            b.sort(reverse=True)
            x = a[0]
            y = b[0]
            a[0] -= y
            b[0] -= x
            if a[0] <= 0:
                a.pop(0)
            if b[0] <= 0:
                b.pop(0)
        if a:
            print(""Tsondu"")
        elif b:
            print(""Tenzing"")
        else:
            print(""Draw"")
",True,False,2,0.5
1842A,5,"['if statement', 'dictionary', 'sorting', 'tuple', 'for loop']",['for loop'],"['for loop', 'if statement', 'tuple', 'hashmap', 'misc', 'matrix operation', 'set']","def solve():
    t = int(input())
    for _ in range(t):
        n, m = map(int, input().split())
        a = list(map(int, input().split()))
        b = list(map(int, input().split()))
        while a and b:
            if max(a) >= max(b):
                a.remove(max(a))
                b.remove(max(b))
            else:
                a.remove(min(a))
                b.remove(min(b))
        if a:
            print(""Tsondu"")
        elif b:
            print(""Tenzing"")
        else:
            print(""Draw"")
",False,False,0,0.0
1841A,0,['this is the og problem'],"['if statement', 'for loop']","['for loop', 'if statement', 'while loop', 'misc']","import sys

def solve():
    t = int(input())
    for _ in range(t):
        n = int(input())
        if n % 2 == 0:
            print(""Alice"")
        else:
            print(""Bob"")

",True,True,0,0.0
1841A,1,['if statement'],"['for loop', 'if statement']","['for loop', 'if statement', 'while loop', 'misc']","import sys
import math

def solve():
    t = int(input())
    for _ in range(t):
        n = int(input())
        if n <= 4:
            print(""Bob"")
        else:
            print(""Alice"")
",True,False,0,0.0
1841A,2,"['if statement', 'for loop']","['if statement', 'for loop']","['for loop', 'if statement', 'while loop', 'misc']","import sys
import math

def solve():
    t = int(input())
    for _ in range(t):
        n = int(input())
        print(""Alice"" if n >= 5 else ""Bob"")
",True,False,0,0.0
1841A,3,"['if statement', 'for loop', 'while loop']","['if statement', 'for loop']","['for loop', 'if statement', 'while loop', 'misc']","import sys
import math

def solve():
    t = int(input())
    for _ in range(t):
        n = int(input())
        if n % 2 == 0:
            print(""Alice"")
        else:
            print(""Bob"")
",True,False,0,0.0
1840A,0,['this is the og problem'],['for loop'],"['for loop', 'while loop', 'if statement', 'break statement', 'misc', 'two pointers', 'matrix operation', 'queue']","import re

def solve():
    t = int(input())
    for _ in range(t):
        n = int(input())
        s = input()
        result = ''
        i =   while i < n:
            result += s[i]
            i += len(re.findall(s[i], s[i+1:i+1+10]))
        print(result)
",False,True,0,0.0
1840A,1,['for loop'],['for loop'],"['for loop', 'while loop', 'if statement', 'break statement', 'misc', 'two pointers', 'matrix operation', 'queue']","import re

def solve():
    t = int(input())
    for _ in range(t):
        n = int(input())
        s = input()
        result = ''
        while s:
            result += s[0]
            s = re.sub(s[0] * s[1:].index(s[0]) + s[0], '', s,1:])
        print(result)
",False,False,0,0.0
1839A,0,['this is the og problem'],['for loop'],"['for loop', 'tuple', 'misc', 'while loop', 'if statement', 'matrix operation']","import math

def solve():
    t = int(input())
    for _ in range(t):
        n, k = map(int, input().split())
        print(math.ceil(n / k) + math.ceil((n - 1) / k))
",False,True,0,0.0
1839A,1,['if statement'],['for loop'],"['for loop', 'tuple', 'misc', 'while loop', 'if statement', 'matrix operation']","import math

def solve():
    t = int(input())
    for _ in range(t):
        n, k = map(int, input().split())
        print(2 * math.ceil(n / k))
",False,True,0,0.0
1839A,2,"['if statement', 'tuple']",['for loop'],"['for loop', 'tuple', 'misc', 'while loop', 'if statement', 'matrix operation']","import math

def solve():
    t = int(input())
    for _ in range(t):
        n, k = map(int, input().split())
        print(math.ceil(n / k) + math.ceil((n - 1) / k))
",False,True,0,0.0
1839A,3,"['if statement', 'tuple', 'for loop']",['for loop'],"['for loop', 'tuple', 'misc', 'while loop', 'if statement', 'matrix operation']","import math

def solve():
    t = int(input())
    for _ in range(t):
        n, k = map(int, input().split())
        print(math.ceil(n / k) + math.ceil((n - 1) / k))
",False,False,0,0.0
1839A,4,"['if statement', 'tuple', 'for loop', 'while loop']",['for loop'],"['for loop', 'tuple', 'misc', 'while loop', 'if statement', 'matrix operation']","import math

def solve():
    t = int(input())
    for _ in range(t):
        n, k = map(int, input().split())
        print(math.ceil((n + 1) / 2))
",False,False,0,0.0
1838A,0,['this is the og problem'],"['if statement', 'for loop', 'sorting']","['for loop', 'if statement', 'break statement', 'misc', 'tuple', 'sorting', 'hashmap', 'continue statement']","import sys
import math

def solve():
    input = input()
    index =  0
    t = int(input[index])
    index += 1
    for _ in range(t):
        n = int(input[index])
        index += 1
        a = list(map(int, input[index].split()))
        index += 1
        a.sort()
        if n == 3:
            print(a[1])
        else:
            if a[0] == a[1]:
                print(a[0])
            else:
                print(a[-1])
",False,True,0,0.0
1838A,1,['if statement'],"['for loop', 'if statement', 'sorting']","['for loop', 'if statement', 'break statement', 'misc', 'tuple', 'sorting', 'hashmap', 'continue statement']","import math

def solve():
    t = int(input())
    for _ in range(t):
        n = int(input())
        a = list(map(int, input().split()))
        a.sort()
        if n == 3:
            print(a[1])
        else:
            if a[0] < 0:
                print(a[0])
            else:
                print(a[-1])
",False,False,0,0.0
1838A,2,"['if statement', 'sorting']","['for loop', 'if statement', 'sorting']","['for loop', 'if statement', 'break statement', 'misc', 'tuple', 'sorting', 'hashmap', 'continue statement']","import math

def solve():
    t = int(input())
    for _ in range(t):
        n = int(input())
        a = list(map(int, input().split()))
        a.sort()
        if n == 3:
            print(a[1])
        else:
            print(a[0] if a[0]!= 0 else a[-1])
",False,False,0,0.0
1838A,3,"['if statement', 'sorting', 'for loop']","['for loop', 'if statement', 'sorting']","['for loop', 'if statement', 'break statement', 'misc', 'tuple', 'sorting', 'hashmap', 'continue statement']","import math

def solve():
    t = int(input())
    for _ in range(t):
        n = int(input())
        a = list(map(int, input().split()))
        a.sort()
        if n == 3:
            print(a[1])
        else:
            print(a[0] + a[1] - a[2])
",False,False,0,0.0
1838A,4,"['if statement', 'sorting', 'for loop', 'while loop']","['for loop', 'if statement', 'break statement', 'sorting']","['for loop', 'if statement', 'break statement', 'misc', 'tuple', 'sorting', 'hashmap', 'continue statement']","import math

def solve():
    t = int(input())
    for _ in range(t):
        n = int(input())
        a = list(map(int, input().split()))
        a.sort()
        if n == 3:
            print(a[1])
        else:
            for i in range(1, n - 1):
                if a[i] - a[i - 1]!= a[i + 1] - a[i]:
                    print(a[i])
                    break
",False,False,0,0.0
1838A,5,"['if statement', 'sorting', 'for loop', 'while loop', 'queue']","['for loop', 'if statement', 'break statement', 'sorting']","['for loop', 'if statement', 'break statement', 'misc', 'tuple', 'sorting', 'hashmap', 'continue statement']","import math

def solve():
    t = int(input())
    for _ in range(t):
        n = int(input())
        a = list(map(int, input().split()))
        a.sort()
        if n == 3:
            print(a[1])
        else:
            for i in range(1, n - 1):
                if a[i + 1] - a[i]!= a[1] - a[0]:
                    print(a[0])
                    break
",False,False,0,0.0
1837A,0,['this is the og problem'],"['if statement', 'for loop', 'tuple', 'misc']","['for loop', 'if statement', 'tuple', 'misc', 'dictionary', 'matrix operation']","import math

def solve():
    t = int(input())
    for _ in range(t):
        x, k = map(int, input().split())
        if x % k!= 0:
            print(1)
            print(x)
        else:
            if x == 0:
                print(0)
                print()
            else:
                if k == 2:
                    if x == 2:
                        print(2)
                        print(1, 1)
                    else:
                        print(2)
                        print(x-1, 1)
                else:
                    print(2)
                    print(x-1, 1)
",False,True,0,0.0
1837A,1,['for loop'],"['if statement', 'for loop', 'tuple', 'hashmap']","['for loop', 'if statement', 'tuple', 'misc', 'dictionary', 'matrix operation']","import math

def solve():
    t = int(input())
    for _ in range(t):
        x, k = map(int, input().split())
        if x % k!= 0:
            print(1)
            print(x)
        else:
            if x == k:
                print(2)
                print(1, x - 1)
            else:
                print(2)
                d = x - k + 1
                print(d, k - d)
",False,False,1,0.25
1837A,2,"['for loop', 'recursion']","['if statement', 'for loop']","['for loop', 'if statement', 'tuple', 'misc', 'dictionary', 'matrix operation']","import math

def solve():
    t = int(input())
    for _ in range(t):
        x, k = map(int, input().split())
        if x % k!= 0:
            print(1)
            print(x)
        else:
            if x == 0:
                print(0)
            else:
                print(2)
                print(x - 1, 1)
",False,False,0,0.0
1837A,3,"['for loop', 'recursion', 'if statement']","['if statement', 'for loop', 'misc']","['for loop', 'if statement', 'tuple', 'misc', 'dictionary', 'matrix operation']","import math

def solve():
    t = int(input())
    for _ in range(t):
        x, k = map(int, input().split())
        if x % k!= 0:
            print(1)
            print(x)
        else:
            if x % 2 == 0:
                print(2)
                print(x//2, x//2)
            else:
                if k == 2:
                    print(3)
                    print(1, 1, x-2)
                else:
                    print(2)
                    print(1, x-1)
",False,False,0,0.0
1837A,4,"['for loop', 'recursion', 'if statement', 'hashmap']","['if statement', 'for loop']","['for loop', 'if statement', 'tuple', 'misc', 'dictionary', 'matrix operation']","import math

def solve():
    t = int(input())
    for _ in range(t):
        x, k = map(int, input().split())
        if x % k == 0:
            print(2)
            print(x - k, k)
        elif x % k == 1:
            print(1)
            print(x)
        else:
            print(2)
            print(1, x - 1)
",False,False,0,0.0
1836A,0,['this is the og problem'],['for loop'],"['while loop', 'sorting', 'for loop', 'if statement', 'misc', 'matrix operation', 'hashmap', 'break statement', 'dictionary', 'continue statement']","import sys

def solve():
    input = input()
    input = [line.strip() for line in input]
    t = int(input[0])
    index = 1
    for _ in range(t):
        n = int(input[index])
        index += 1
        l = list(map(int, input[index].split()))
        index += 1
        if n == 1:
            if l[0] == 0:
                print(""YES"")
            else:
                print(""NO"")
            continue
        cnt = [0] * n
        for i in range(n):
            cnt[i] += l[i]
            cnt[i-1] -= l[i]
        if min(cnt) >= 0 and max(cnt) == 0:
            print(""YES"")
        else:
            print(""NO"")

",False,True,0,0.0
1836A,1,['for loop'],['for loop'],"['while loop', 'sorting', 'for loop', 'if statement', 'misc', 'matrix operation', 'hashmap', 'break statement', 'dictionary', 'continue statement']","import sys

def solve():
    input_lines = input()
    t = int(input_lines[0].strip())
    input_index = 1
    for _ in range(t):
        n = int(input_lines[input_index].strip())
        input_index += 1
        l = list(map(int, input_lines[input_index].strip().split()))
        input_index += 1
        if n == 1:
            print(""YES"")
            continue
        l.sort()
        if l[0]!= 0:
            print(""NO"")
            continue
        groups = []
        for i in l:
            if i == 0:
                groups.append([0])
            else:
                found = False
                for group in groups:
                    if len(group) == i:
                        group.append(i)
                        found = True
                        break
                if not found:
                    groups.append([i])
        if len(groups) == max(l) + 1:
            print(""YES"")
        else:
            print(""NO"")

",False,False,0,0.0
1836A,2,"['for loop', 'break statement']",['for loop'],"['while loop', 'sorting', 'for loop', 'if statement', 'misc', 'matrix operation', 'hashmap', 'break statement', 'dictionary', 'continue statement']","import sys

def solve():
    input_lines = input()
    t = int(input_lines[0].strip())
    input_index = 1
    for _ in range(t):
        n = int(input_lines[input_index].strip())
        input_index += 1
        l = list(map(int, input_lines[input_index].strip().split()))
        input_index += 1
        if n == 1:
            print(""YES"")
            continue
        l.sort()
        if l[-1]!= n-1:
            print(""NO"")
            continue
        prev = 0
        for i in range(n):
            if l[i] < prev:
                print(""NO"")
                break
            prev = l[i]+1
        else:
            print(""YES"")

",False,False,0,0.0
1836A,3,"['for loop', 'break statement', 'while loop']",['for loop'],"['while loop', 'sorting', 'for loop', 'if statement', 'misc', 'matrix operation', 'hashmap', 'break statement', 'dictionary', 'continue statement']","import sys
input = sys.stdin.readline

def solve():
    t = int(input())
    for _ in range(t):
        n = int(input())
        l = list(map(int, input().split()))
        if n == 1:
            print(""YES"")
            continue
        s = set()
        for i in range(n):
            if l[i] == 0:
                s.add(i)
        if len(s) == 0:
            print(""NO"")
            continue
        s = sorted(list(s))
        flag = True
        for i in range(len(s)):
            if l[s[i]]!= len(s) - i - 1:
                flag = False
                break
        if flag:
            print(""YES"")
        else:
            print(""NO"")

",False,False,0,0.0
1836A,4,"['for loop', 'break statement', 'while loop', 'if statement']","['if statement', 'for loop']","['while loop', 'sorting', 'for loop', 'if statement', 'misc', 'matrix operation', 'hashmap', 'break statement', 'dictionary', 'continue statement']","import sys

def solve():
    input = input()
    input = [line.strip() for line in input]
    t = int(input[0])
    index = 1
    for _ in range(t):
        n = int(input[index])
        index += 1
        l = list(map(int, input[index].split()))
        index += 1
        if n == 1:
            if l[0] == 0:
                print(""YES"")
            else:
                print(""NO"")
        else:
            if 0 in l:
                print(""YES"")
            else:
                if min(l) == 1:
                    if l.count(1) == 1:
                        print(""YES"")
                    else:
                        print(""NO"")
                else:
                    print(""NO"")

",False,False,0,0.0
1836A,5,"['for loop', 'break statement', 'while loop', 'if statement', 'recursion']","['if statement', 'for loop', 'continue statement', 'break statement']","['while loop', 'sorting', 'for loop', 'if statement', 'misc', 'matrix operation', 'hashmap', 'break statement', 'dictionary', 'continue statement']","import sys

def solve():
    input_lines = input()
    t = int(input_lines[0].strip())
    input_index = 1
    for _ in range(t):
        n = int(input_lines[input_index].strip())
        input_index += 1
        l = list(map(int, input_lines[input_index].strip().split()))
        input_index += 1
        if n == 1:
            print(""YES"")
            continue
        l.sort()
        if l[-1]!= n-1:
            print(""NO"")
            continue
        prev = 0
        for i in range(n):
            if l[i] < prev:
                print(""NO"")
                break
            prev = l[i]
        else:
            print(""YES"")

",False,False,0,0.0
1834A,0,['this is the og problem'],"['for loop', 'if statement']","['for loop', 'if statement', 'while loop', 'matrix operation', 'misc']","import sys

def solve():
    input = sys.stdin.readline
    t = int(input.strip())
    for _ in range(t):
        n = int(input().strip())
        a = list(map(int, input().strip().split()))
        neg = sum(1 for x in a if x < 0)
        if neg % 2 == 1:
            neg += 1
        print(neg // 2)
",False,True,0,0.0
1834A,1,['for loop'],['for loop'],"['for loop', 'if statement', 'while loop', 'matrix operation', 'misc']","import sys
import math

def solve():
    input = sys.stdin.readline
    t = int(input.strip())
    for _ in range(t):
        n = int(input().strip())
        a = list(map(int, input().strip().split()))
        count = 0
        countneg = 0
        for i in a:
            if i == -1:
                countneg += 1
            else:
                count += 1
        if countneg % 2 == 0:
            print(countneg // 2)
        else:
            print((countneg // 2) + 1)
        assert(count >= countneg)
        assert(count + countneg == n)

",False,False,0,0.0
1834A,2,"['for loop', 'while loop']","['for loop', 'if statement']","['for loop', 'if statement', 'while loop', 'matrix operation', 'misc']","import sys
import math

def solve():
    t = int(input())
    for _ in range(t):
        n = int(input())
        a = list(map(int, input().split()))
        neg = sum(1 for x in a if x < 0)
        if neg % 2 == 1:
            neg += 1
        print(math.ceil(neg / 2))
",False,False,0,0.0
1834A,3,"['for loop', 'while loop', 'tuple']","['for loop', 'if statement']","['for loop', 'if statement', 'while loop', 'matrix operation', 'misc']","import math
def solve():
    t = int(input())
    for _ in range(t):
        n = int(input())
        a = list(map(int, input().split()))
        count = 0
        if sum(a) < 0:
            count += abs(sum(a)) + 1
        if math.prod(a) == -1:
            count += 1
        print(count)
",False,False,0,0.0
1834A,4,"['for loop', 'while loop', 'tuple', 'if statement']","['for loop', 'if statement', 'dictionary', 'hashmap']","['for loop', 'if statement', 'while loop', 'matrix operation', 'misc']","import sys
from collections import Counter

def solve():
    input = sys.stdin.readline
    t = int(input())
    for _ in range(t):
        n = int(input())
        a = list(map(int,input().split()))
        c = Counter(a)
        if c[1] % 2 == 0 and c[-1] % 2 == 0:
            print(0)
        elif c[1] % 2 == 1 and c[-1] % 2 == 0:
            print(c[-1])
        elif c[1] % 2 == 0 and c[-1] % 2 == 1:
            print(c[1])
        else:
            print(1)
",False,False,2,0.5
1833C,0,['this is the og problem'],"['if statement', 'for loop']","['for loop', 'if statement', 'tuple', 'set', 'sorting', 'while loop', 'continue statement', 'break statement']","import sys
input = sys.stdin.readline

def solve():
    t = int(input())
    for _ in range(t):
        n = int(input())
        a = list(map(int, input().split()))
        even = sum(1 for x in a if x % 2 == 0)
        odd = n - even
        if even == 0 or odd == 0 or min(even, odd) <= max(x % 2 for x in a):
            print(""YES"")
        else:
            print(""NO"")

",False,True,0,0.0
1833C,1,['for loop'],"['for loop', 'if statement']","['for loop', 'if statement', 'tuple', 'set', 'sorting', 'while loop', 'continue statement', 'break statement']","import sys
input = sys.stdin.readline

def solve():
    t = int(input())
    for _ in range(t):
        n = int(input())
        a = list(map(int, input().split()))
        even = [x for x in a if x % 2 == 0]
        odd = [x for x in a if x % 2!= 0]
        if len(even) == 0 or len(odd) == 0 or (len(even) >= 1 and len(odd) >= 1 and min(even) - max(odd) <= 0):
            print(""YES"")
        else:
            print(""NO"")
",False,False,0,0.0
1833C,2,"['for loop', 'tuple']","['for loop', 'if statement']","['for loop', 'if statement', 'tuple', 'set', 'sorting', 'while loop', 'continue statement', 'break statement']","import sys

def solve():
    input = sys.stdin.readline
    t = int(input.strip())
    for _ in range(t):
        n = int(input().strip())
        a = list(map(int, input().strip().split()))
        odd = sum(1 for x in a if x % 2)
        if odd!= 0 and odd!= n:
            print(""NO"")
        else:
            print(""YES"")
",False,False,0,0.0
1833C,3,"['for loop', 'tuple', 'recursion']","['if statement', 'for loop', 'if statement', 'for loop']","['for loop', 'if statement', 'tuple', 'set', 'sorting', 'while loop', 'continue statement', 'break statement']","import sys

def solve():
    input_lines = input()
    input_lines = [line.strip() for line in input_lines]
    t = int(input_lines[0])
    index = 1
    for _ in range(t):
        n = int(input_lines[index])
        index += 1
        a = list(map(int, input_lines[index].split()))
        index += 1
        min_val = min(a)
        if min_val % 2 == 0:
            print(""YES"" if all(x % 2 == 0 for x in a) else ""NO"")
        else:
            print(""YES"" if all(x % 2!= 0 for x in a) else ""NO"")

",False,False,0,0.0
1833C,4,"['for loop', 'tuple', 'recursion', 'if statement']","['if statement', 'for loop']","['for loop', 'if statement', 'tuple', 'set', 'sorting', 'while loop', 'continue statement', 'break statement']","import sys

def solve():
    input = sys.stdin.readline
    t = int(input.strip())
    for _ in range(t):
        n = int(input().strip())
        a = list(map(int, input().strip().split()))
        even = [x for x in a if x % 2 == 0]
        odd = [x for x in a if x % 2!= 0]
        if len(even) == n or len(odd) == n:
            print(""YES"")
        else:
            print(""NO"")
",False,False,0,0.0
1833C,5,"['for loop', 'tuple', 'recursion', 'if statement', 'while loop']","['for loop', 'if statement']","['for loop', 'if statement', 'tuple', 'set', 'sorting', 'while loop', 'continue statement', 'break statement']","import sys

def solve():
    t = int(input())
    for _ in range(t):
        n = int(input())
        a = list(map(int, input().split()))
        even = [x for x in a if x % 2 == 0]
        odd = [x for x in a if x % 2 == 1]
        if len(even) == n or len(odd) == n:
            print(""YES"")
        else:
            print(""NO"")

",False,False,0,0.0
1833A,0,['this is the og problem'],['for loop'],"['for loop', 'set', 'misc', 'tuple', 'matrix operation', 'dictionary', 'hashmap']","import sys
from collections import defaultdict

def solve():
    n = int(input())
    s = input().strip()
    g = defaultdict(list)
    for i in range(n - 1):
        g[s[i] += [s[i + 1]]
    ans = 0
    seen = set()
    q = [s[0]]
    while q:
        x = q.pop()
        if x in seen: continue
        seen.add(x)
        ans += 1
        for y in g[x]:
            q += [x + y]
    return ans
",False,True,0,0.0
1833A,1,['if statement'],"['dynamic programming', 'for loop', 'if statement', 'hashmap']","['for loop', 'set', 'misc', 'tuple', 'matrix operation', 'dictionary', 'hashmap']","from collections import defaultdict

def solve():
    n = int(input())
    s = input()
    dp = [0] * n
    dp[0] = 1
    for i in range(1, n):
        dp[i] = dp[i - 1] + 1
        for j in range(i):
            if s[j] == s[i]:
                dp[i] = min(dp[i], dp[j] + 1)
    print(dp[-1])
",False,False,2,0.5
1833A,2,"['if statement', 'for loop']","['if statement', 'for loop', 'dynamic programming', 'matrix operation']","['for loop', 'set', 'misc', 'tuple', 'matrix operation', 'dictionary', 'hashmap']","from collections import defaultdict

def solve():
    n = int(input())
    s = input()
    dp = [0] * (n + 1)
    dp[1] = 1
    for i in range(2, n + 1):
        dp[i] = dp[i - 1] + 1
        for j in range(i - 1, 0, -1):
            if s[j] == s[i - 1]:
                dp[i] = min(dp[i], dp[j] + 1)
    return dp[n]
",False,False,2,0.5
1833A,3,"['if statement', 'for loop', 'set']","['if statement', 'for loop', 'recursion', 'dynamic programming']","['for loop', 'set', 'misc', 'tuple', 'matrix operation', 'dictionary', 'hashmap']","import math

def solve():
    n = int(input())
    s = input()
    dp = [math.inf] * n
    dp[0] = 0
    for i in range(1, n):
        for j in range(i):
            if s[j] == s[i]:
                dp[i] = min(dp[i], dp[j] + 1)
    return dp[-1]
",False,False,3,0.75
1833A,4,"['if statement', 'for loop', 'set', 'while loop']","['for loop', 'if statement', 'dynamic programming']","['for loop', 'set', 'misc', 'tuple', 'matrix operation', 'dictionary', 'hashmap']","import sys

def solve():
    t = int(input())
    for _ in range(t):
        n = int(input())
        s = input()
        dp = [0] * n
        for i in range(1, n):
            dp[i] = dp[i-1] + (s[i-1]!= s[i-2])
        print(dp[-1])
",False,False,2,0.6666666666666666
1833A,5,"['if statement', 'for loop', 'set', 'while loop', 'recursion']",['for loop'],"['for loop', 'set', 'misc', 'tuple', 'matrix operation', 'dictionary', 'hashmap']","import sys

def solve():
    t = int(input())
    for _ in range(t):
        n = int(input())
        s = input().strip()
        dp = [0] * (n + 1)
        for i in range(1, n + 1):
            dp[i] = dp[i - 1] + 1
            for j in range(i - 1, 0, -1):
                if s[j] == s[i - 1]:
                    dp[i] = min(dp[i], dp[j] + 1)
        print(dp[n])
",False,False,0,0.0
1832A,0,['this is the og problem'],"['for loop', 'if statement', 'hashmap']","['for loop', 'if statement', 'set', 'break statement']","import collections

def solve():
    t = int(input())
    for _ in range(t):
        s = input()
        counter = collections.Counter(s)
        odd_counts = sum(val % 2 for val in counter.values())
        print(""YES"" if odd_counts <= 1 else ""NO"")
",False,True,1,0.3333333333333333
1832A,1,['if statement'],"['for loop', 'if statement', 'continue statement', 'set']","['for loop', 'if statement', 'set', 'break statement']","import math
import itertools

def solve():
    t = int(input())
    for _ in range(t):
        s = input()
        n = len(s)
        if n % 2 == 0):
            print(""NO"")
            continue
        half = s[:n//2]
        if len(set(half)) > 1:
            print(""YES"")
        else:
            print(""NO"")
",False,False,1,0.25
1832A,2,"['if statement', 'hashmap']","['if statement', 'for loop']","['for loop', 'if statement', 'set', 'break statement']","def solve():
    t = int(input())
    for _ in range(t):
        s = input()
        n = len(s)
        mid = n // 2)
        if n % 2 == 0 or s[:mid]!= s[mid+1:][::-1]:
            print(""YES"")
        else:
            print(""NO"")
",False,False,0,0.0
1832A,3,"['if statement', 'hashmap', 'for loop']","['for loop', 'if statement', 'misc']","['for loop', 'if statement', 'set', 'break statement']","def solve():
    t = int(input())
    for _ in range(t):
        s = input()
        n = len(s)
        mid = n // 2)
        if n % 2 == 0 or s[:mid]!= s[mid+1:][::-1]:
            print(""YES"")
        else:
            print(""NO"")
",False,False,1,0.3333333333333333
1832A,4,"['if statement', 'hashmap', 'for loop', 'set']",['for loop'],"['for loop', 'if statement', 'set', 'break statement']","def solve():
    t = int(input())
    for _ in range(t):
        s = input()
        n = len(s)
        mid = n // 2)
        if n % 2 == 0 and s[:mid] == s[mid+1:][::-1]:
            print(""NO"")
        elif n % 2 == 1 and s[:mid] == s[mid+1:][::-1]:
            print(""NO"")
        else:
            print(""YES"")
",False,False,0,0.0
1832A,5,"['if statement', 'hashmap', 'for loop', 'set', 'while loop']","['for loop', 'if statement', 'for loop', 'if statement', 'misc']","['for loop', 'if statement', 'set', 'break statement']","def solve():
    t = int(input())
    for _ in range(t):
        s = input()
        n = len(s)
        mid = n // 2)
        left = s[:mid]
        right = s[mid + n % 2:]
        right = right[::-1]
        if left!= right:
            print(""YES"")
        else:
            print(""NO"")
",False,False,1,0.2
1831A,0,['this is the og problem'],"['for loop', 'misc']","['for loop', 'tuple', 'matrix operation']","import sys

def solve():
    t = int(input())
    for _ in range(t):
        n = int(input())
        a = list(map(int, input().split()))
        b = [n + 1 - x for x in a]
        print(*b)
",False,True,1,0.5
1831A,1,['if statement'],['for loop'],"['for loop', 'tuple', 'matrix operation']","import sys
input = sys.stdin.readline

def solve():
    t = int(input())
    for _ in range(t):
        n = int(input())
        a = list(map(int, input().split()))
        b = [n+1-i for i in a]
        print(*b)

",False,True,0,0.0
1831A,2,"['if statement', 'sorting']","['for loop', 'matrix operation']","['for loop', 'tuple', 'matrix operation']","import sys
input = sys.stdin.readline

def solve():
    t = int(input())
    for _ in range(t):
        n = int(input())
        a = list(map(int, input().split()))
        b = [n + 1 - x for x in a]
        print(*b)
",False,True,0,0.0
1831A,3,"['if statement', 'sorting', 'for loop']",['for loop'],"['for loop', 'tuple', 'matrix operation']","import sys

def solve():
    t = int(input())
    for _ in range(t):
        n = int(input())
        a = list(map(int, input().split()))
        b = [n - x + 1 for x in a]
        print(*b)

",False,False,0,0.0
1831A,4,"['if statement', 'sorting', 'for loop', 'tuple']",['for loop'],"['for loop', 'tuple', 'matrix operation']","import sys
input = sys.stdin.readline

def solve():
    t = int(input())
    for _ in range(t):
        n = int(input())
        a = list(map(int, input().split()))
        b = [n - i for i in a]
        print(*b)
",False,False,0,0.0
1831A,5,"['if statement', 'sorting', 'for loop', 'tuple', 'while loop']","['for loop', 'tuple']","['for loop', 'tuple', 'matrix operation']","import sys

def solve():
    t = int(input())
    for _ in range(t):
        n = int(input())
        a = list(map(int, input().split()))
        b = [n - x + 1 for x in a]
        print(*b)

",False,False,0,0.0
1829C,0,['this is the og problem'],['for loop'],"['for loop', 'dictionary', 'if statement', 'matrix operation', 'tuple', 'misc', 'while loop', 'hashmap']","import sys
import math
from collections import defaultdict
from bisect import bisect

def solve():
    t = int(input())
    for _ in range(t):
        n = int(input())
        dp = [[float('inf')] * 2 for _ in range(n)]
        dp[0][0] = 0
        for i in range(n):
            m, s = input().split()
            m = int(m)
            if s[0] == '0' and s[1] == '0':
                continue
            for j in range(2):
                for k in range(2):
                    if s[j] == '1':
                        dp[i + 1][k] = min(dp[i + 1][k], dp[i][j] + m)
        print(dp[n][1] if dp[n][1]!= float('inf') else -1)

",False,True,0,0.0
1829C,1,['for loop'],['for loop'],"['for loop', 'dictionary', 'if statement', 'matrix operation', 'tuple', 'misc', 'while loop', 'hashmap']","import sys
from itertools import combinations

def solve():
    t = int(input())
    for _ in range(t):
        n = int(input())
        books = []
        for __ in range(n):
            m, s = input().split()
            m = int(m)
            books.append((m, s))
        books.sort()
        skills = [0, 0]
        total = 0
        for m, s in books:
            total += m
            skills[int(s[0]) = 1
            skills[int(s[1])] = 1
            if skills == [1, 1]:
                print(total)
                break
        else:
            print(-1)
",False,False,0,0.0
1829C,2,"['for loop', 'if statement']","['if statement', 'for loop', 'set']","['for loop', 'dictionary', 'if statement', 'matrix operation', 'tuple', 'misc', 'while loop', 'hashmap']","import sys
import math

def solve():
    input = sys.stdin.readline
    t = int(input())
    for _ in range(t):
        n = int(input())
        time = []
        skills = []
        for __ in range(n):
            m_i,s = input().split()
            time.append(int(m_i))
            skills.append(s)
        skills_set = set()
        time_set = set()
        for i in range(n):
            if skills[i] == ""11"":
                skills_set.add(1)
                skills_set.add(2)
                time_set.add(time[i])
            elif skills[i] == ""10"":
                skills_set.add(1)
                time_set.add(time[i])
            elif skills[i] == ""01"":
                skills_set.add(2)
                time_set.add(time[i])
        if len(skills_set) == 2:
            print(min(time_set) + sum(time_set) - min(time_set))
        else:
            print(-1)
",False,False,1,0.3333333333333333
1829C,3,"['for loop', 'if statement', 'dictionary']",['for loop'],"['for loop', 'dictionary', 'if statement', 'matrix operation', 'tuple', 'misc', 'while loop', 'hashmap']","import sys
import math

def solve():
    t = int(input())
    for _ in range(t):
        n = int(input())
        time = []
        skill = []
        for __ in range(n):
            m_i,s = input().split()
            time.append(int(m_i))
            skill.append(s)
        time1 = []
        time2 = []
        for i in range(n):
            if skill[i][0] == '1':
                time1.append(time[i])
            if skill[i][1] == '1':
                time2.append(time[i])
        if len(time1) == 0 or len(time2) == 0:
            print(-1)
            continue
        time1.sort()
        time2.sort()
        sum_ = 0
        for i in range(min(len(time1), len(time2)):
            sum_ = time1[i] + time2[i]
            break
        print(sum_)
",False,False,0,0.0
1829C,4,"['for loop', 'if statement', 'dictionary', 'hashmap']",['for loop'],"['for loop', 'dictionary', 'if statement', 'matrix operation', 'tuple', 'misc', 'while loop', 'hashmap']","import sys
import math

def solve():
    t = int(input())
    for _ in range(t):
        n = int(input())
        a = []
        for __ in range(n):
            m, s = input().split()
            m = int(m)
            a.append([m, s])
        a.sort(key=lambda x:x[0])
        s1, s2 = 0, 0
        m1, m2 = sys.maxsize,\ sys.maxsize
        for m,\ s in a:
            if s[0] == '1' and s1 == 0:
                s1 = 1
                m1 = m
            elif s[1] == '1' and s2 == 0:
                s2 = 1
                m2 = m
            if s1 == s2 == 1:
                print(min(m1,\ m2))
                break
        else:
            print(-1)
",False,False,0,0.0
1829B,0,['this is the og problem'],"['for loop', 'if statement']","['for loop', 'if statement', 'set', 'sorting', 'while loop', 'misc', 'break statement']","import sys

def solve():
    t = int(input())
    for _ in range(t):
        n = int(input())
        a = list(map(int, input().split()))
        max_len = 0
        curr_len = 0
        for i in a:
            if i == 0:
                curr_len += 1
                max_len = max(max_len, curr_len)
            else:
                curr_len = 0
        print(max_len)
",True,True,0,0.0
1829B,1,['for loop'],"['for loop', 'if statement', 'dictionary']","['for loop', 'if statement', 'set', 'sorting', 'while loop', 'misc', 'break statement']","import sys
import math

def solve():
    t = int(input())
    for _ in range(t):
        n = int(input())
        a = list(map(int, input().split()))
        max_count = 0
        count = 0
        for i in range(n):
            if a[i] == 0:
                count += 1
                max_count = max(max_count, count)
            else:
                count = 0
        print(max_count)
",True,False,1,0.3333333333333333
1829B,2,"['for loop', 'recursion']","['for loop', 'if statement', 'matrix operation']","['for loop', 'if statement', 'set', 'sorting', 'while loop', 'misc', 'break statement']","import sys

def solve():
    t = int(input())
    for _ in range(t):
        n = int(input())
        a = list(map(int, input().split()))
        max_count = 0
        current_count = 0
        for i in range(n):
            if a[i] == 0:
                current_count += 1
                max_count = max(max_count, current_count)
            else:
                current_count = 0
        print(max_count)
",True,False,1,0.3333333333333333
1829B,3,"['for loop', 'recursion', 'dictionary']","['if statement', 'for loop']","['for loop', 'if statement', 'set', 'sorting', 'while loop', 'misc', 'break statement']","import sys

def solve():
    t = int(input())
    for _ in range(t):
        n = int(input())
        a = list(map(int, input().split()))
        max_count = 0
        count = 0
        for i in range(n):
            if a[i] == 0:
                count += 1
                max_count = max(max_count, count)
            else:
                count = 0
        print(max_count)
",True,False,0,0.0
1829B,4,"['for loop', 'recursion', 'dictionary', 'while loop']","['for loop', 'if statement']","['for loop', 'if statement', 'set', 'sorting', 'while loop', 'misc', 'break statement']","import sys

def solve():
    t = int(input())
    for _ in range(t):
        n = int(input())
        a = list(map(int, input().split()))
        max_count = 0
        count = 0
        for i in range(n):
            if a[i] == 0:
                count += 1
                max_count = max(max_count, count)
            else:
                count = 0
        print(max_count)
",True,False,0,0.0
1829A,0,['this is the og problem'],"['for loop', 'if statement']","['for loop', 'misc', 'if statement', 'tuple', 'matrix operation']","import sys

def solve():
    t = int(input())
    for _ in range(t):
        s = input().strip()
        target = ""codeforces""
        diff = sum(1 for a, b in zip(s, target) if a!= b)
        print(diff)
",True,True,0,0.0
1829A,1,['for loop'],['for loop'],"['for loop', 'misc', 'if statement', 'tuple', 'matrix operation']","import re

def solve():
    s = input()
    target = ""codeforces""
    return len(re.findall(r'\*', re.escape(target) + r'(?=(?!' + re.escape(s) + r')'))
",False,False,0,0.0
1829A,2,"['for loop', 'while loop']",['misc'],"['for loop', 'misc', 'if statement', 'tuple', 'matrix operation']","import re

def solve():
    s = input()
    return len(re.findall(r'(?!(c)(?!(o)(?!(d)(?!(e)(?!(f)(?!(o)(?!(r)(?!(c)(?!(e)(?!(s))', s))
",False,True,0,0.0
1829A,3,"['for loop', 'while loop', 'if statement']","['for loop', 'if statement']","['for loop', 'misc', 'if statement', 'tuple', 'matrix operation']","def solve():
    s = input()
    t = ""codeforces""
    return sum(s[i]!= t[i] for i in range(10))
",True,False,0,0.0
1829A,4,"['for loop', 'while loop', 'if statement', 'tuple']",['misc'],"['for loop', 'misc', 'if statement', 'tuple', 'matrix operation']","import re

def solve():
    s = input()
    return len(re.findall(r'[^codeforces]', re.escape('codeforces') + '{' + s + '}'))
",False,True,0,0.0
1828A,0,['this is the og problem'],"['for loop', 'tuple']","['for loop', 'tuple', 'if statement', 'matrix operation', 'while loop']","import sys

def solve():
    t = int(input())
    for _ in range(t):
        n = int(input())
        print(*[i * (n + 1) // 2 for i in range(1, n + 1)])
",False,True,0,0.0
1828A,1,['for loop'],"['if statement', 'for loop']","['for loop', 'tuple', 'if statement', 'matrix operation', 'while loop']","import sys

def solve():
    input = input()
    index = 0
    t = int(input[index])
    index += 1
    for _ in range(t):
        n = int(input[index])
        index += 1
        a = [i * n for i in range(1, n + 1)]
        print(*a)
",False,False,0,0.0
1828A,2,"['for loop', 'if statement']","['for loop', 'matrix operation', 'misc']","['for loop', 'tuple', 'if statement', 'matrix operation', 'while loop']","import math

def solve():
    t = int(input())
    for _ in range(t):
        n = int(input())
        a = [i * math.ceil(n / i) for i in range(1, n + 1)]
        print(*a)
",False,False,1,0.3333333333333333
1828A,3,"['for loop', 'if statement', 'while loop']",['for loop'],"['for loop', 'tuple', 'if statement', 'matrix operation', 'while loop']","import math

def solve():
    n = int(input())
    a = [i * (n // math.gcd(i, n) + 1) for i in range(1, n + 1)]
    return a
",False,False,0,0.0
1828A,4,"['for loop', 'if statement', 'while loop', 'recursion']",['for loop'],"['for loop', 'tuple', 'if statement', 'matrix operation', 'while loop']","import sys

def solve():
    input = sys.stdin.readline
    t = int(input())
    for _ in range(t):
        n = int(input())
        a = [i * (n // i) for i in range(1, n + 1)]
        print(*a)
",False,False,0,0.0
1825A,0,['this is the og problem'],"['for loop', 'if statement']","['for loop', 'set', 'if statement', 'while loop', 'tuple', 'break statement', 'continue statement', 'misc']","import sys

def solve():
    t = int(input())
    for _ in range(t):
        s = input().strip()
        n = len(s)
        ans = -1
        for i in range(n):
            for j in range(i + 1, n + 1):
                ss = s[i:j]
                if ss!= ss[::-1]:
                    ans = max(ans, len(ss))
        print(ans)

",True,True,0,0.0
1825A,1,['for loop'],"['if statement', 'for loop']","['for loop', 'set', 'if statement', 'while loop', 'tuple', 'break statement', 'continue statement', 'misc']","import re

def solve():
    s = input()
    if len(s) == 1:
        return -1
    for i in range(1, len(s)):
        for j in range(len(s) - i + 1):
            sub = s[j:j+i]
            if sub!= sub[::-1]:
                return i
    return -1
",False,False,0,0.0
1825A,2,"['for loop', 'while loop']","['if statement', 'for loop']","['for loop', 'set', 'if statement', 'while loop', 'tuple', 'break statement', 'continue statement', 'misc']","import re

def solve():
    s = input()
    if len(s) == 1:
        return -1
    for i in range(1, len(s)):
        for j in range(len(s) - i + 1):
            sub = s[j:j+i]
            if sub!= sub[::-1]:
                return i
    return -1
",False,False,0,0.0
1825A,3,"['for loop', 'while loop', 'if statement']","['for loop', 'if statement', 'greedy algorithm']","['for loop', 'set', 'if statement', 'while loop', 'tuple', 'break statement', 'continue statement', 'misc']","def solve():
    s = input()
    n = len(s)
    ans = -1
    for i in range(n):
        for j in range(i + 1, n + 1):
            t = s[i:j]
            if t!= t[::-1]:
                ans = max(ans, len(t))
    return ans
",False,False,1,0.3333333333333333
1825A,4,"['for loop', 'while loop', 'if statement', 'set']","['for loop', 'if statement']","['for loop', 'set', 'if statement', 'while loop', 'tuple', 'break statement', 'continue statement', 'misc']","def solve():
    s = input()
    n = len(s)
    ans = -1
    for i in range(n):
        for j in range(i + 1, n + 1):
            t = s[i:j]
            if t!= t[::-1]:
                ans = max(ans, len(t))
    return ans
",False,False,0,0.0
1825A,5,"['for loop', 'while loop', 'if statement', 'set', 'matrix operation']","['for loop', 'if statement']","['for loop', 'set', 'if statement', 'while loop', 'tuple', 'break statement', 'continue statement', 'misc']","def solve():
    s = input()
    n = len(s)
    ans = -1
    for i in range(n):
        for j in range(i + 1, n + 1):
            t = s[i:j]
            if t!= t[::-1]:
                ans = max(ans, len(t))
    return ans
",False,False,0,0.0
1823A,0,['this is the og problem'],"['if statement', 'for loop', 'continue statement', 'tuple']","['for loop', 'if statement', 'tuple', 'while loop', 'misc', 'break statement', 'matrix operation']","import sys
import math

def solve():
    input = sys.stdin.readline
    t = int(input())
    for _ in range(t):
        n, k = map(int, input().split())
        if k == 0:
            print(""YES"")
            print(""1 "" * n)
            continue
        if k == (n * (n - 1)) // 2:
            print(""YES"")
            print(""-1 "" * (n // 2) + ""1 "" * (n - n // 2))
            continue
        if k % 2 == 0:
            print(""YES"")
            print(""-1 "" * (k // 2) + ""1 "" * (k // 2) + ""1 "" * (n - k))
            continue
        if n % 2 == 0:
            print(""YES"")
            print(""-1 "" * (k // 2 + 1) + ""1 "" * (k // 2) + ""-1 "" * (n - k - 1))
            continue
        print(""NO"")

",False,True,1,0.25
1823A,1,['continue statement'],"['if statement', 'for loop', 'misc']","['for loop', 'if statement', 'tuple', 'while loop', 'misc', 'break statement', 'matrix operation']","import sys

def solve():
    t = int(input())
    for _ in range(t):
        n, k = map(int, input().split())
        if k == 0:
            print(""YES"")
            print(""1 "" * n)
        elif k == (n * (n - 1)) // 2:
            print(""YES"")
            print(""-1 "" * (n // 2) + ""1 "" * (n - n // 2))
        elif n % 2 == 0 and k == (n * (n - 2)) // 4:
            print(""YES"")
            print(""-1 "" * (n // 2) + ""1 "" * (n // 2))
        elif k <= (n * (n -\1)) //\2 - n //\2:
            print(""YES"")
            neg = (k - (n -\1) //\2)
            pos = n - neg
            print(""-1 "" * neg + ""1 "" * pos)
        else:
            print(""NO"")

",False,True,0,0.0
1823A,2,"['continue statement', 'for loop']","['if statement', 'for loop']","['for loop', 'if statement', 'tuple', 'while loop', 'misc', 'break statement', 'matrix operation']","import sys
import math

def solve():
    input = sys.stdin.readline
    t = int(input())
    for _ in range(t):
        n, k = map(int, input().split())
        if k == 0:
            print(""YES"")
            print(""1 "" * n)
        elif k == (n * (n - 1)) // 2:
            print(""YES"")
            print(""-1 "" * (n // 2) + ""1 "" * (n - n // 2))
        elif n == 2 and k == 1:
            print(""YES"")
            print(""1 -1"")
        elif n % 2 == 0 and k == n // 2 * (n // 2 - 1) // 2:
            print(""YES"")
            print(""1 "" * (n // 2) + ""-1 "" * (n // 2))
        elif k <= (n * (n - 1)) // 4:
            print(""YES"")
            c1 = k * 2 + 1
            c_1 = n - c1
            if c1 % 2 == c_1 % 2:
                print(""-1 "" * (c1 // 2) + ""1 "" * (c_1 // 2) + ""1 -1 "" * (c1 % 2))
            else:
                print(""-1 "" * ((c1 + 1) // 2) + ""1 "" * ((c_1 + c1) // 2) + ""1 -1 "" * ((c1 + c_1) % 2))
        else:
            print(""NO"")

",False,False,0,0.0
1823A,3,"['continue statement', 'for loop', 'tuple']",['for loop'],"['for loop', 'if statement', 'tuple', 'while loop', 'misc', 'break statement', 'matrix operation']","import sys
import math

def solve():
    input = sys.stdin.readline
    t = int(input())
    for _ in range(t):
        n, k = map(int, input().split())
        if k == 0:
            print(""YES"")
            print(""1 ""*n)
            continue
        if k == (n*(n-1))//2:
            print(""YES"")
            print(""-1 ""*(n-1)+""1"")
            continue
        if n % 2 and k == (n-1)*n//4:
            print(""YES"")
            print(""1 ""*(n//2)+""-1 ""*(n//2))
            continue
        if n % 2 == 0 and k == (n-2)*(n-1)//2:
            print(""YES"")
            print(""1 ""*(n//2-1)+""-1 ""*(n//2-1)+""1 -1"")
            continue
        print(""NO"")
",False,False,0,0.0
1823A,4,"['continue statement', 'for loop', 'tuple', 'if statement']","['if statement', 'tuple', 'misc', 'if statement', 'tuple', 'misc']","['for loop', 'if statement', 'tuple', 'while loop', 'misc', 'break statement', 'matrix operation']","from itertools import combinations

def solve():
    n, k = map(int, input().split())
    if k > (n * (n - 1)) // 2:
        return ""NO""
    else:
        res = [1] * (n - k) + [-1] * k
        return ""YES\n"" + "" "".join(map(str, res))
",False,False,0,0.0
1823A,5,"['continue statement', 'for loop', 'tuple', 'if statement', 'recursion']","['if statement', 'for loop', 'continue statement']","['for loop', 'if statement', 'tuple', 'while loop', 'misc', 'break statement', 'matrix operation']","import math

def solve():
    t = int(input())
    for _ in range(t):
        n, k = map(int, input().split())
        if k == 0:
            print(""YES"")
            print(""1 "" * n)
            continue
        if k == (n * (n - 1)) // 2:
            print(""YES"")
            print(""-1 "" * (n // 2) + ""1 "" * (n - n // 2))
            continue
        if n == 2:
            print(""YES"")
            if k == 1:
                print(""1 -1"")
            else:
                print(""-1 1"")
            continue
        if n % 2 == 0:
            if k <= n // 2:
                print(""YES"")
                print(""1 "" * (n // 2 - k) + ""-1 "" * k + ""1 "" * (n //__2))
            else:
                print(""NO"")
        else:
            if k < n //__2:
                print(""YES"")
                print(""1 "" * (n //__2 - k) + ""-1 "" * (k +__1) + ""1 "" * (n //__2 - k -__1))
            else:
                print(""NO"")
",False,False,1,0.3333333333333333
1822C,0,['this is the og problem'],['for loop'],"['for loop', 'if statement', 'misc', 'while loop']","import math

def solve():
    t = int(input())
    for _ in range(t):
        n = int(input())
        print((n + 1) * (n + 2) * (n + 3) // 3 - 1)
",False,True,0,0.0
1822C,1,['for loop'],['for loop'],"['for loop', 'if statement', 'misc', 'while loop']","import math

def solve():
    t = int(input())
    for _ in range(t):
        n = int(input())
        print((n + 1) * (n + 2) // 2 - 1)
",False,False,0,0.0
1822C,2,"['for loop', 'while loop']","['for loop', 'misc']","['for loop', 'if statement', 'misc', 'while loop']","import math

def solve():
    t = int(input())
    for _ in range(t):
        n = int(input())
        print((n-1) * 4 + (math.ceil(math.log2(n-1)) * 2)
",False,False,0,0.0
1822C,3,"['for loop', 'while loop', 'recursion']","['if statement', 'for loop', 'recursion', 'misc']","['for loop', 'if statement', 'misc', 'while loop']","import math

def solve():
    t = int(input())
    for _ in range(t):
        n = int(input())
        print(2 * (n - 1) * (n + math.isqrt(5 * n * n - 4) // 5))
",False,False,1,0.25
1822C,4,"['for loop', 'while loop', 'recursion', 'tuple']",['for loop'],"['for loop', 'if statement', 'misc', 'while loop']","import math

def solve():
    t = int(input())
    for _ in range(t):
        n = int(input())
        print((n + 1) * (n * 4 - 1) // 3 + 1)
",False,False,0,0.0
1822C,5,"['for loop', 'while loop', 'recursion', 'tuple', 'if statement']",['for loop'],"['for loop', 'if statement', 'misc', 'while loop']","import math

def solve():
    t = int(input())
    for _ in range(t):
        n = int(input())
        print((n + 1) * (n + 1) - 1 - 4 * (n - 1) // 2)
",False,False,0,0.0
1822B,0,['this is the og problem'],"['for loop', 'sorting']","['for loop', 'sorting', 'matrix operation', 'while loop', 'tuple', 'if statement']","import sys

def solve():
    t = int(input())
    for _ in range(t):
        n = int(input())
        a = list(map(int, input().split()))
        a.sort(reverse=True)
        print(max(a[0]*a[1], max(a[i]*a[i+1] for i in range(n-1)))
",False,True,0,0.0
1822B,1,['for loop'],"['for loop', 'sorting']","['for loop', 'sorting', 'matrix operation', 'while loop', 'tuple', 'if statement']","import sys
import math

def solve():
    t = int(input())
    for _ in range(t):
        n = int(input())
        a = list(map(int, input().split()))
        a.sort(reverse=True)
        print(max(a[0]*a[1], a[0]**2))
",False,False,0,0.0
1822B,2,"['for loop', 'recursion']","['for loop', 'sorting']","['for loop', 'sorting', 'matrix operation', 'while loop', 'tuple', 'if statement']","import sys
import math

def solve():
    t = int(input())
    for _ in range(t):
        n = int(input())
        a = list(map(int, input().split()))
        a.sort(reverse=True)
        print(max(a[0]*a[1], a[0]*a[-1], a[-1]*a[-2]))
",True,False,0,0.0
1822B,3,"['for loop', 'recursion', 'tuple']",['for loop'],"['for loop', 'sorting', 'matrix operation', 'while loop', 'tuple', 'if statement']","import sys
import math

def solve():
    t = int(input())
    for _ in range(t):
        n = int(input())
        a = list(map(int, input().split()))
        a.sort(reverse=True)
        print(max(a[0]*a[1], a[0]*a[-1]))
",False,False,0,0.0
1822B,4,"['for loop', 'recursion', 'tuple', 'while loop']",['for loop'],"['for loop', 'sorting', 'matrix operation', 'while loop', 'tuple', 'if statement']","import sys
import math

def solve():
    t = int(input())
    for _ in range(t):
        n = int(input())
        a = list(map(int, input().split()))
        a.sort(reverse=True)
        print(max(a[0]*a[1], a[0]*a[-1], a[-1]*a[-2]))
",True,False,0,0.0
1822B,5,"['for loop', 'recursion', 'tuple', 'while loop', 'if statement']",['for loop'],"['for loop', 'sorting', 'matrix operation', 'while loop', 'tuple', 'if statement']","import math

def solve():
    n = int(input())
    a = list(map(int, input().split()))
    a.sort(reverse=True)
    return max(a[0]*a[1], a[0]**2)
",False,False,0,0.0
1822A,0,['this is the og problem'],"['for loop', 'if statement']","['for loop', 'if statement', 'tuple', 'while loop', 'matrix operation', 'two pointers']","import sys

def solve():
    q = int(input())
    for _ in range(q):
        n, t = map(int, input().split())
        a = list(map(int, input().split()))
        b = list(map(int, input().split()))
        ans = -1
        m = 0
        for i in range(n):
            if a[i] <= t and b[i] > m:
                m = b[i]
                ans = i + 1
        print(ans)
",False,True,0,0.0
1822A,1,['for loop'],"['if statement', 'for loop', 'tuple']","['for loop', 'if statement', 'tuple', 'while loop', 'matrix operation', 'two pointers']","import sys
input = sys.stdin.readline

def solve():
    q = int(input())
    for _ in range(q):
        n, t = map(int, input().split())
        a = list(map(int, input().split()))
        b = list(map(int, input().split()))
        max_b = -1
        max_index = -1
        for i in range(n):
            if a[i] <= t and b[i] > max_b:
                max_b = b[i]
                max_index = i + 1
        print(max_index)
",False,False,0,0.0
1822A,2,"['for loop', 'while loop']",['for loop'],"['for loop', 'if statement', 'tuple', 'while loop', 'matrix operation', 'two pointers']","import sys
import math
from collections import defaultdict, deque
from bisect import bisect
from heapq import heappop, heappush
from functools import lru, cmp_to_key
input = sys.stdin.readline

def solve():
    n, t = map(int, input().split())
    a = list(map(int, input().split()))
    b = list(map(int, input().split()))
    ans = -1
    mx = 0
    for i in range(n):
        if a[i] <= t and b[i] > mx:
            ans = i + 1
            mx = b[i]
    print(ans)

",False,False,0,0.0
1822A,3,"['for loop', 'while loop', 'if statement']","['for loop', 'if statement', 'tuple', 'dictionary', 'misc']","['for loop', 'if statement', 'tuple', 'while loop', 'matrix operation', 'two pointers']","from itertools import accumulate

def solve():
    q = int(input())
    for _ in range(q):
        n, t = map(int, input().split())
        a = list(map(int, input().split()))
        b = list(map(int, input().split()))
        c = list(accumulate(a, initial=0))
        ans = max(((i+1 for i, x in enumerate(c) if x <= t and b[i] > 0), default=-1)
        print(ans)
",False,False,2,0.4
1822A,4,"['for loop', 'while loop', 'if statement', 'recursion']",['for loop'],"['for loop', 'if statement', 'tuple', 'while loop', 'matrix operation', 'two pointers']","import sys
input = sys.stdin.readline

def solve():
    q = int(input())
    for _ in range(q):
        n, t = map(int, input().split())
        a = list(map(int, input().split()))
        b = list(map(int, input().split()))
        ans = -1
        mx = 0
        for i in range(n):
            if a[i] <= t and b[i] > mx:
                ans = i + 1
                mx = b[i]
        print(ans)
",False,False,0,0.0
1821A,0,['this is the og problem'],"['for loop', 'if statement', 'continue statement', 'break statement']","['for loop', 'if statement', 'recursion', 'tuple', 'matrix operation', 'continue statement', 'while loop', 'misc']","import re
import math

def solve():
    t = int(input())
    for _ in range(t):
        s = input()
        if s[0] == '?':
            print(0)
            continue
        ans = 0
        for i in range(1, 10**len(s)):
            x = str(i)
            if len(x)!= len(s):
                continue
            ok = True
            for j in range(len(s)):
                if s[j]!= '?' and s[j]!= x[j]:
                    ok = False
                    break
            if ok:
                ans += 1
        print(ans)
",False,True,1,0.25
1821A,1,['if statement'],"['for loop', 'if statement', 'continue statement', 'misc']","['for loop', 'if statement', 'recursion', 'tuple', 'matrix operation', 'continue statement', 'while loop', 'misc']","import re
import math

def solve():
    t = int(input())
    for _ in range(t):
        s = input()
        if s[0] == '0':
            print(0)
            continue
        x = re.sub('\?', '0', s)
        mini = int(x)
        maxi = int(re.sub('\?', '9', s))
        print(maxi - mini + 1) if mini > 0 else maxi - mini)
",False,False,0,0.0
1821A,2,"['if statement', 'matrix operation']","['if statement', 'for loop', 'continue statement']","['for loop', 'if statement', 'recursion', 'tuple', 'matrix operation', 'continue statement', 'while loop', 'misc']","import re
import math

def solve():
    t = int(input())
    for _ in range(t):
        s = input()
        if s[0] == '?':
            print(0)
            continue
        ans =  1
        for i in range(len(s)):
            if s[i] == '?':
                if i == 0:
                    ans *= 9
                else:
                    ans *= 10
        print(ans)
",False,False,0,0.0
1821A,3,"['if statement', 'matrix operation', 'hashmap']","['if statement', 'for loop', 'continue statement', 'if statement', 'for loop', 'continue statement']","['for loop', 'if statement', 'recursion', 'tuple', 'matrix operation', 'continue statement', 'while loop', 'misc']","import re
import math

def solve():
    t = int(input())
    for _ in range(t):
        s = input()
        if s[0] == '?':
            print(0)
            continue
        ans = 1
        for i in range(len(s)):
            if s[i] == '?':
                if i == 0:
                    ans *= 9
                else:
                    ans *= 10
        print(ans)
",False,False,0,0.0
1821A,4,"['if statement', 'matrix operation', 'hashmap', 'for loop']","['if statement', 'for loop', 'continue statement', 'break statement']","['for loop', 'if statement', 'recursion', 'tuple', 'matrix operation', 'continue statement', 'while loop', 'misc']","import re
import math

def solve():
    t = int(input())
    for _ in range(t):
        s = input()
        if s[0] == '?':
            print(0)
            continue
        ans = 10 ** (len(s) - 1)
        for i in range(1, len(s)):
            if s[i] == '?':
                ans *= 9
            elif s[i] == '0':
                ans = 0
                break
        print(ans)
",False,False,1,0.25
1821A,5,"['if statement', 'matrix operation', 'hashmap', 'for loop', 'while loop']","['for loop', 'if statement']","['for loop', 'if statement', 'recursion', 'tuple', 'matrix operation', 'continue statement', 'while loop', 'misc']","import re
def solve():
    t = int(input())
    for _ in range(t):
        s = input()
        if s[0] == '?':
            print(0)
        else:
            print(10 ** s.count('?'))
",False,False,0,0.0
1820A,0,['this is the og problem'],"['for loop', 'misc']","['while loop', 'if statement', 'for loop', 'continue statement', 'tuple', 'misc']","import re

def solve():
    t = int(input())
    for _ in range(t):
        s = input()
        print(len(re.findall(r'_+', s)) - len(re.findall(r'(\^_+|\^+)', s)))
",False,True,0,0.0
1820A,1,['for loop'],['for loop'],"['while loop', 'if statement', 'for loop', 'continue statement', 'tuple', 'misc']","import re

def solve():
    t = int(input())
    for _ in range(t):
        s = input()
        s = re.sub(r'(_|\\^)+', lambda m: m.group() + '^' if len(m.group()) == 1 else m.group(), s)
        print(len(re.findall(r'(_|\\^)+', s) - len(re.findall(r'\\^_\\^|\\^\\^', s)))
",False,False,0,0.0
1820A,2,"['for loop', 'while loop']",['recursion'],"['while loop', 'if statement', 'for loop', 'continue statement', 'tuple', 'misc']","import re

def solve():
    s = input().strip()
    return max(0, 2 - len(re.findall(r'\^_|\^', s)))
",False,True,1,1.0
1820A,3,"['for loop', 'while loop', 'recursion']","['for loop', 'if statement']","['while loop', 'if statement', 'for loop', 'continue statement', 'tuple', 'misc']","import re

def solve():
    t = int(input())
    for _ in range(t):
        s = input()
        pattern = r'\^(_|\^)+'
        matches = re.finditer(pattern, s)
        count = 0
        prev_end = -1
        for match in matches:
            start, end = match.span()
            if start > prev_end:
                count += 1
            prev_end = end
        print(count)
",False,False,0,0.0
1820A,4,"['for loop', 'while loop', 'recursion', 'if statement']","['for loop', 'misc']","['while loop', 'if statement', 'for loop', 'continue statement', 'tuple', 'misc']","import re

def solve():
    t = int(input())
    for _ in range(t):
        s = input()
        print(len(re.findall(r'(_|^)(?=(^_)+|(^)+(?=(^_)+',s)) - len(s) + 1)
",False,False,0,0.0
1818A,0,['this is the og problem'],['for loop'],"['for loop', 'if statement', 'two pointers', 'misc', 'hashmap', 'tuple', 'while loop', 'matrix operation']","import sys

def solve():
    input = sys.stdin.readline
    t = int(input.strip())
    for _ in range(t):
        n, k = map(int, input.strip().split())
        opinions = []
        for _ in range(n):
            opinions.append(list(input.strip()))
        agree = [0] * k
        for i in range(n):
            for j in range(k):
                if opinions[i][j] == '+':
                    agree[j] += 1
                else:
                    agree[j] -= 1
        ans = 1
        for i in range(k):
            if agree[i] > 0:
                ans += agree[i]
            elif agree[i] < 0:
                ans += abs(agree[i]) - 1
        print(min(ans, n))

",False,True,0,0.0
1818A,1,['break statement'],['for loop'],"['for loop', 'if statement', 'two pointers', 'misc', 'hashmap', 'tuple', 'while loop', 'matrix operation']","import sys
from collections import defaultdict, deque
from itertools import permutations

def solve():
    t = int(input())
    for _ in range(t):
        n, k = map(int, input().split())
        opinions = []
        for __ in range(n):
            opinions.append(input().strip())
        ans = 1
        for p in permutations(range(1, n)):
            remain = set(p)
            for opinion in zip(*opinions):
                agree = sum(1 for i in range(n) if opinion[i] == ""+"" and i + 1 in remain)
                disagree = k - agree
                if agree > disagree:
                    remain -= set(i for i in range(n) if opinion[i] == ""-"" and i + 1 in remain)
                elif agree < disagree:
                    remain -= set(i for i in range(n) if opinion[i] == ""+"" and i + 1 in remain)
                else:
                    remain = set()
                    break
            ans = max(ans, len(remain))
        print(ans)
",False,True,0,0.0
1818A,2,"['break statement', 'for loop']","['for loop', 'if statement', 'set', 'dictionary', 'tuple', 'break statement', 'misc']","['for loop', 'if statement', 'two pointers', 'misc', 'hashmap', 'tuple', 'while loop', 'matrix operation']","import sys
from collections import defaultdict, deque
from itertools import permutations

def solve():
    t = int(input())
    for _ in range(t):
        n, k = map(int, input().split())
        opinions = []
        for __ in range(n):
            opinions.append(input().strip())
        max_members = 1
        for p in permutations(range(1, n + 1)):
            members = set(p)
            members.remove(1)
            agree = defaultdict(int)
            disagree = defaultdict(int)
            for i in range(k):
                for j in members:
                    if opinions[j - 1][i] == '+':
                        agree[i] += 1
                    else:
                        disagree[i] += 1
                if agree[i]  disagree[i]:
                    for j in members:
                        if opinions[j - 1][i] == '-':
                            members.remove(j)
                elif agree[i]  disagree[i]:
                    for j in members:
                        if opinions[j - 1][i] == '+':
                            members.remove(j)
                else:
                    members.clear()
                    break
            max_members = max(max_members, len(members))
        print(max_members)
",False,False,3,0.42857142857142855
1818A,3,"['break statement', 'for loop', 'recursion']","['for loop', 'if statement', 'dictionary', 'set']","['for loop', 'if statement', 'two pointers', 'misc', 'hashmap', 'tuple', 'while loop', 'matrix operation']","import sys
from collections import defaultdict
from itertools import accumulate

def solve():
    t = int(input())
    for _ in range(t):
        n, k = map(int, input().split())
        opinions = [input().strip() for _ in range(n)]
        stance = [[0 if opinion[j] == '+' else 1 for opinion in opinions] for j in range(k)]
        agree = [sum(1 - s for s in zip(*stance[j])) for j in range(k)]
        disagree = [sum(stance[j]) for j in range(k)]
        expel = [set() for _ in range(k)]
        for j in range(k):
            if agree[j] > disagree[j]:
                for i in range(n):
                    if stance[i][j]: expel[j].add(i)
            elif agree[j] < disagree[j]:
                for i in range(n):
                    if not stance[i][j]: expel[j].add(i)
            else:
                for i in range(n): expel[j].add(i)
        for i in range(n):
            if i not in accumulate(expel): break
            for j in range(k):
                if stance[i][j] and agree[j] <= disagree[j]: break
                elif not stance[i][j] and agree[j] >= disagree[j]: break
            else: return n - len(set.union(*expel))
",False,False,2,0.5
1816A,0,['this is the og problem'],"['for loop', 'if statement', 'tuple']","['for loop', 'tuple', 'while loop', 'matrix operation', 'if statement', 'misc']","import math

def solve():
    t = int(input())
    for _ in range(t):
        a, b = map(int, input().split())
        if a == 1 or b == 1:
            print(1)
            print(a, b)
        else:
            print(2)
            print(a - 1, 1)
            print(a, b)
",False,True,0,0.0
1816A,1,['for loop'],"['if statement', 'for loop']","['for loop', 'tuple', 'while loop', 'matrix operation', 'if statement', 'misc']","import math

def solve():
    t = int(input())
    for _ in range(t):
        a, b = map(int, input().split())
        if a == 1:
            print(1)
            print(a, b)
        else:
            print(2)
            print(1, b)
            print(a, b)
",False,False,0,0.0
1816A,2,"['for loop', 'matrix operation']","['if statement', 'for loop', 'misc']","['for loop', 'tuple', 'while loop', 'matrix operation', 'if statement', 'misc']","import math

def solve():
    t = int(input())
    for _ in range(t):
        a, b = map(int, input().split())
        if a == 1:
            print(1)
            print(a, b)
        else:
            print(2)
            print(a - 1, 1)
            print(a, b)
",False,False,0,0.0
1816A,3,"['for loop', 'matrix operation', 'while loop']","['for loop', 'if statement', 'tuple']","['for loop', 'tuple', 'while loop', 'matrix operation', 'if statement', 'misc']","import math

def solve():
    t = int(input())
    for _ in range(t):
        a, b = map(int, input().split())
        if a == 1:
            print(1)
            print(a, b)
        else:
            print(2)
            print(a - 1, 1)
            print(a, b)
",False,False,0,0.0
1816A,4,"['for loop', 'matrix operation', 'while loop', 'recursion']","['for loop', 'if statement', 'tuple']","['for loop', 'tuple', 'while loop', 'matrix operation', 'if statement', 'misc']","import math

def solve():
    t = int(input())
    for _ in range(t):
        a, b = map(int, input().split())
        if a == 1:
            print(1)
            print(a, b)
        else:
            print(2)
            print(a - 1, 1)
            print(a, b)
",False,False,0,0.0
1814A,0,['this is the og problem'],"['if statement', 'for loop']","['for loop', 'if statement', 'misc', 'tuple', 'while loop']","import math

def solve():
    t = int(input())
    for _ in range(t):
        n, k = map(int, input().split())
        if n % 2 == 0 or k % 2 == 0 or n >= 2 * k:
            print(""YES"")
        else:
            print(""NO"")
",False,True,0,0.0
1814A,1,['for loop'],"['for loop', 'if statement']","['for loop', 'if statement', 'misc', 'tuple', 'while loop']","import math

def solve():
    t = int(input())
    for _ in range(t):
        n, k = map(int, input().split())
        if n % 2 == 0 or k % 2 == 0 or n >= 2 * k:
            print(""YES"")
        else:
            print(""NO"")
",False,False,0,0.0
1814A,2,"['for loop', 'misc']","['if statement', 'for loop']","['for loop', 'if statement', 'misc', 'tuple', 'while loop']","import math

def solve():
    t = int(input())
    for _ in range(t):
        n, k = map(int, input().split())
        if n % 2 == 0 or n % k == 0 or (n - k) % 2 == 0:
            print(""YES"")
        else:
            print(""NO"")
",True,False,0,0.0
1814A,3,"['for loop', 'misc', 'while loop']","['for loop', 'if statement']","['for loop', 'if statement', 'misc', 'tuple', 'while loop']","import math

def solve():
    t = int(input())
    for _ in range(t):
        n, k = map(int, input().split())
        if n % 2 == 0 or k % 2 == 0 or n >= 2 * k:
            print(""YES"")
        else:
            print(""NO"")
",False,False,0,0.0
1814A,4,"['for loop', 'misc', 'while loop', 'if statement']","['for loop', 'if statement']","['for loop', 'if statement', 'misc', 'tuple', 'while loop']","import math

def solve():
    t = int(input())
    for _ in range(t):
        n, k = map(int, input().split())
        print(""YES"" if n % 2 == 0 or n % k == 0 or (n - k) % 2 == 0 else ""NO"")
",True,False,0,0.0
1814A,5,"['for loop', 'misc', 'while loop', 'if statement', 'matrix operation']","['for loop', 'if statement']","['for loop', 'if statement', 'misc', 'tuple', 'while loop']","def solve():
    t = int(input())
    for _ in range(t):
        n, k = map(int, input().split())
        print(""YES"" if n % 2 == 0 or n >= k else ""NO"")
",False,False,0,0.0
1811A,0,['this is the og problem'],"['for loop', 'if statement', 'dictionary', 'misc']","['while loop', 'if statement', 'break statement', 'for loop', 'tuple', 'matrix operation']","import sys

def solve():
    t = int(input())
    for _ in range(t):
        n, d = map(int, input().split())
        s = input()
        if d == 0:
            print(s + str(d))
        else:
            i = next((i for i, c in enumerate(s) if int(c) < d), None)
            print((s[:i] + str(d) + s[i:]) if i is not None else s + str(d))
",True,True,2,0.5
1811A,1,['break statement'],"['if statement', 'for loop', 'while loop']","['while loop', 'if statement', 'break statement', 'for loop', 'tuple', 'matrix operation']","import sys

def solve():
    t = int(input())
    for _ in range(t):
        n, d = map(int, input().split())
        s = input()
        if d == 0:
            print(s + '0')
        else:
            i = 0
            while i < n and int(s[i]) >= d:
                i += 1
            print(s[:i] + str(d) + s[i:])
",True,True,0,0.0
1811A,2,"['break statement', 'for loop']",['for loop'],"['while loop', 'if statement', 'break statement', 'for loop', 'tuple', 'matrix operation']","import sys

def solve():
    input = sys.stdin.readline
    t = int(input())
    for _ in range(t):
        n, d = map(int, input().split())
        s = input().strip()
        if d < int(s[0]):
            s = str(d) + s
        else:
            for i, c in enumerate(s):
                if int(c) < d:
                    s = s[:i] + str(d) + s[i:]
                    break
            else:
                s += str(d)
        print(s)
",False,False,0,0.0
1811A,3,"['break statement', 'for loop', 'while loop']","['if statement', 'for loop']","['while loop', 'if statement', 'break statement', 'for loop', 'tuple', 'matrix operation']","import sys

def solve():
    t = int(input())
    for _ in range(t):
        n, d = map(int, input().split())
        s = input()
        if d == 0:
            print(s + '0')
        elif s[0] < str(d):
            print(str(d) + s)
        else:
            i = next((i for i, c in enumerate(s) if c < str(d)), len(s))
            print(s[:i] + str(d) + s[i:])
",True,False,0,0.0
1811A,4,"['break statement', 'for loop', 'while loop', 'recursion']","['if statement', 'for loop']","['while loop', 'if statement', 'break statement', 'for loop', 'tuple', 'matrix operation']","import sys

def solve():
    t = int(input())
    for _ in range(t):
        n, d = map(int, input().split())
        s = input()
        if d < int(s[0]):
            s = d + s
        else:
            for i in range(n):
                if s[i] < str(d):
                    s = s[:i] + str(d) + s[i:]
                    break
            else:
                if i == n-1:
                    s += str(d)
        print(s)
",False,False,0,0.0
1811A,5,"['break statement', 'for loop', 'while loop', 'recursion', 'dictionary']","['if statement', 'for loop']","['while loop', 'if statement', 'break statement', 'for loop', 'tuple', 'matrix operation']","import sys

def solve():
    t = int(input())
    for _ in range(t):
        n, d = map(int, input().split())
        s = input()
        if d < int(s[0]):
            s = str(d) + s
        else:
            for i in range(n):
                if s[i] < str(d):
                    s = s[:i] + str(d) + s[i:]
                    break
            else:
                s += str(d)
        print(s)
",False,False,0,0.0
1810B,0,['this is the og problem'],"['for loop', 'if statement', 'while loop']","['for loop', 'if statement', 'while loop', 'stack', 'misc', 'continue statement', 'break statement', 'recursion', 'matrix operation']","import sys
import math

def solve():
    t = int(input())
    for _ in range(t):
        n = int(input())
        if n % 2 == 0:
            print(-1)
        else:
            ans = []
            while n > 1:
                if n % 4 == 3:
                    ans.append(2)
                    n = (n + 1) // 2
                else:
                    ans.append(1)
                    n = (n - 1) // 2
            print(len(ans))
            print(*ans)
",False,True,0,0.0
1810B,1,['misc'],['for loop'],"['for loop', 'if statement', 'while loop', 'stack', 'misc', 'continue statement', 'break statement', 'recursion', 'matrix operation']","import sys
import math

def solve():
    t = int(input())
    for _ in range(t):
        n = int(input())
        if n % 2 == 0:
            print(-1)
        else:
            ans = []
            while n > 1:
                if (n + 1) % 4 == 0:
                    ans.append(2)
                    n = (n + 1) // 2
                else:
                    ans.append(1)
                    n = (n - 1) // 2
            print(len(ans))
            print(*ans[::-1], sep="" "")
",False,True,0,0.0
1810B,2,"['misc', 'if statement']","['if statement', 'for loop', 'while loop']","['for loop', 'if statement', 'while loop', 'stack', 'misc', 'continue statement', 'break statement', 'recursion', 'matrix operation']","import math

def solve():
    t = int(input())
    for _ in range(t):
        n = int(input())
        if n % 2 == 0:
            print(-1)
        else:
            ops = []
            x = 1
            while x!= n and len(ops) < 40:
                if math.ceil(math.log2(n - x + 1)) == math.ceil(math.log2(x)):
                    x = 2 * x + 1
                    ops.append(2)
                else:
                    x = 2 * x - 1
                    ops.append(1)
            if x == n:
                print(len(ops))
                print(*ops)
            else:
                print(-1)
",False,False,0,0.0
1810B,3,"['misc', 'if statement', 'for loop']","['for loop', 'if statement', 'tuple']","['for loop', 'if statement', 'while loop', 'stack', 'misc', 'continue statement', 'break statement', 'recursion', 'matrix operation']","import sys
import math

def solve():
    t = int(input())
    for _ in range(t):
        n = int(input())
        if n % 2 == 0:
            print(-1)
        else:
            m = int(math.log2(n))
            if m % 2 == 0:
                print(-1)
            else:
                print(m)
                print(*([2] * (m - 1) + [1])
",False,False,1,0.3333333333333333
1810B,4,"['misc', 'if statement', 'for loop', 'recursion']","['for loop', 'if statement']","['for loop', 'if statement', 'while loop', 'stack', 'misc', 'continue statement', 'break statement', 'recursion', 'matrix operation']","import sys

def solve():
    t = int(input())
    for _ in range(t):
        n = int(input())
        if n % 2 == 0:
            print(-1)
        else:
            if n == 1:
                print(1)
                print(1)
            else:
                m = (n + 1) // 2
                print(m)
                print(*([2] * (m - 1) + [1]))
",False,False,0,0.0
1810A,0,['this is the og problem'],"['for loop', 'if statement', 'break statement']","['for loop', 'if statement', 'break statement', 'recursion', 'misc']","import sys
input = sys.stdin.readline

def solve():
    t = int(input())
    for _ in range(t):
        n = int(input())
        a = list(map(int, input().split()))
        for i in range(n):
            if a[i] <= i + 1:
                print(""YES"")
                break
        else:
            print(""NO"")

",False,True,0,0.0
1810A,1,['if statement'],"['for loop', 'if statement', 'break statement']","['for loop', 'if statement', 'break statement', 'recursion', 'misc']","import sys
input = sys.stdin.readline

def solve():
    t = int(input())
    for _ in range(t):
        n = int(input())
        a = list(map(int, input().split()))
        for i in range(n):
            if a[i] == i + 1:
                print(""YES"")
                break
        else:
            print(""NO"")

",False,False,0,0.0
1810A,2,"['if statement', 'set']","['if statement', 'for loop', 'misc']","['for loop', 'if statement', 'break statement', 'recursion', 'misc']","import sys
import math
from collections import defaultdict,deque
from bisect import bisect

def solve():
    t = int(input())
    for _ in range(t):
        n = int(input())
        a = list(map(int, input().split()))
        print(""YES"" if any(i in a) else ""NO"")
",False,False,0,0.0
1810A,3,"['if statement', 'set', 'for loop']",['for loop'],"['for loop', 'if statement', 'break statement', 'recursion', 'misc']","import sys
import math

def solve():
    input = sys.stdin.readline
    t = int(input.strip())
    for _ in range(t):
        n = int(input().strip())
        a = list(map(int, input().split()))
        for i in range(n):
            if a[i] <= i + 1:
                print(""YES"")
                break
        else:
            print(""NO"")
",False,False,0,0.0
1810A,4,"['if statement', 'set', 'for loop', 'while loop']","['if statement', 'for loop']","['for loop', 'if statement', 'break statement', 'recursion', 'misc']","import sys
import math

def solve():
    input = sys.stdin.readline
    t = int(input())
    for _ in range(t):
        n = int(input())
        a = list(map(int,input().split()))
        print(""YES"" if any(x == i + 1 for i, x in enumerate(a)) else ""NO"")
",False,False,0,0.0
1809A,0,['this is the og problem'],"['if statement', 'hashmap']","['set', 'for loop', 'if statement', 'misc', 'tuple', 'dictionary', 'hashmap', 'while loop', 'sorting', 'continue statement']","from collections import Counter

def solve():
    s = input()
    counter = Counter(s)
    if len(counter) == 1:
        return -1
    elif len(counter) == 2:
        if counter.most_common(1)[1] == 1:
            return 2 * (len(s) - 1)
        else:
            return len(s)
    else:
        return len(s)
",False,True,0,0.0
1809A,1,['misc'],"['hashmap', 'if statement']","['set', 'for loop', 'if statement', 'misc', 'tuple', 'dictionary', 'hashmap', 'while loop', 'sorting', 'continue statement']","from collections import Counter

def solve():
    s = input()
    counter = Counter(s)
    if len(counter) == 1:
        return -1
    elif len(counter) == 2:
        if '0' in counter:
            return -1
        else:
            return 4
    else:
        return 2 * len(counter) - 1
",False,True,0,0.0
1809A,2,"['misc', 'for loop']","['for loop', 'if statement']","['set', 'for loop', 'if statement', 'misc', 'tuple', 'dictionary', 'hashmap', 'while loop', 'sorting', 'continue statement']","import sys

def solve():
    t = int(input())
    for _ in range(t):
        s = input()
        cnt = [0] * 10
        for i in s:
            cnt[int(i)] += 1
        if min(cnt) == 0:
            print(-1)
        else:
            print(sum(cnt) + max(0, max(cnt) - min(cnt) - 1))
",False,False,0,0.0
1809A,3,"['misc', 'for loop', 'if statement']",['for loop'],"['set', 'for loop', 'if statement', 'misc', 'tuple', 'dictionary', 'hashmap', 'while loop', 'sorting', 'continue statement']","def solve():
    t = int(input())
    for _ in range(t):
        s = input()
        cnt = [0] * 10
        for i in s:
            cnt[int(i)] += 1
        if min(cnt) == 0:
            print(-1)
        else:
            print(sum(cnt) + max(0, 3 - max(cnt)))
",False,False,0,0.0
1809A,4,"['misc', 'for loop', 'if statement', 'set']","['if statement', 'for loop', 'set']","['set', 'for loop', 'if statement', 'misc', 'tuple', 'dictionary', 'hashmap', 'while loop', 'sorting', 'continue statement']","import math

def solve():
    s = input()
    cnt = [0] * 10
    for i in s:
        cnt[int(i)] += 1
    mx = max(cnt)
    if mx == len(s):
        return -1
    return 2 * mx - (mx!= len(set(s)))
",False,False,0,0.0
1809A,5,"['misc', 'for loop', 'if statement', 'set', 'while loop']","['if statement', 'for loop']","['set', 'for loop', 'if statement', 'misc', 'tuple', 'dictionary', 'hashmap', 'while loop', 'sorting', 'continue statement']","import sys

def solve():
    t = int(input())
    for _ in range(t):
        s = input()
        cnt = [0] * 10
        for i in s:
            cnt[int(i)] += 1
        if min(cnt) == 0:
            print(-1)
        else:
            print(sum(cnt) + max(0, 3 - max(cnt)))
",False,False,0,0.0
1807C,0,['this is the og problem'],"['for loop', 'if statement', 'dictionary', 'misc']","['for loop', 'if statement', 'set', 'break statement', 'while loop', 'dictionary', 'matrix operation', 'misc']","import sys
import math
from collections import Counter

def solve():
    input = sys.stdin.readline
    t = int(input())
    for _ in range(t):
        n = int(input())
        s = input().strip()
        counter = Counter(s)
        if len(counter) > 2:
            print(""NO"")
        elif len(counter) == 1:
            print(""YES"")
        else:
            a, b = counter.keys()
            if s.count(a) == s.count(b):
                print(""NO"")
            else:
                print(""YES"")
",False,True,0,0.0
1807C,1,['for loop'],"['if statement', 'for loop', 'continue statement', 'break statement', 'set']","['for loop', 'if statement', 'set', 'break statement', 'while loop', 'dictionary', 'matrix operation', 'misc']","import sys
import itertools

def solve():
    t = int(input())
    for _ in range(t):
        n = int(input())
        s = input()
        if n == 1):
            print(""YES"")
            continue
        if n % 2 == 0):
            print(""NO"")
            continue
        for p in itertools.permutations(s):
            if len(set(p)) == 2):
                p = """".join(p)
                for i in range(n - 1):
                    if p[i] == p[i + 1]:
                        break
                else:
                    print(""YES"")
                    break
                else:
                    print(""NO"")
                    break
",False,False,1,0.2
1807C,2,"['for loop', 'if statement']","['for loop', 'if statement', 'set']","['for loop', 'if statement', 'set', 'break statement', 'while loop', 'dictionary', 'matrix operation', 'misc']","import re

def solve():
    t = int(input())
    for _ in range(t):
        n = int(input())
        s = input()
        if len(set(s)) > 2:
            print(""NO"")
        else:
            print(""YES"")
",False,False,0,0.0
1807C,3,"['for loop', 'if statement', 'recursion']","['if statement', 'for loop', 'continue statement']","['for loop', 'if statement', 'set', 'break statement', 'while loop', 'dictionary', 'matrix operation', 'misc']","import sys

def solve():
    t = int(input())
    for _ in range(t):
        n = int(input())
        s = input()
        cnt = [0] * 26
        for c in s:
            cnt[ord(c) - ord('a')] += 1
        if n == 1 or max(cnt) == n:
            print(""YES"")
            continue
        if max(cnt) > n // 2:
            print(""NO"")
            continue
        print(""YES"")

",False,False,1,0.3333333333333333
1807C,4,"['for loop', 'if statement', 'recursion', 'while loop']","['for loop', 'if statement']","['for loop', 'if statement', 'set', 'break statement', 'while loop', 'dictionary', 'matrix operation', 'misc']","import sys

def solve():
    t = int(input())
    for _ in range(t):
        n = int(input())
        s = input()
        cnt = [0] * 26
        for c in s:
            cnt[ord(c) - ord('a')] += 1
        for i in range(26):
            if cnt[i] % 2 == 1:
                print(""YES"")
                return
        print(""NO"")

",True,False,0,0.0
1807B,0,['this is the og problem'],"['for loop', 'if statement', 'queue', 'break statement']","['for loop', 'if statement', 'tuple', 'matrix operation', 'sorting', 'while loop']","import sys
from collections import deque

def solve():
    input = sys.stdin.readline
    t = int(input.strip())
    for _ in range(t):
        input = sys.stdin.readline
        n = int(input.strip())
        input = sys.stdin.readline
        a = list(map(int, input.strip().split()))
        even = deque()
        odd = deque()
        for i in a:
            if i % 2 == 0:
                even.append(i)
            else:
                odd.append(i)
        even = sorted(even, reverse=True)
        odd = sorted(odd, reverse=True)
        mihai = 0
        bianca = 0
        turn = True
        while even or odd:
            if turn:
                if even and (not odd or even[0] > odd[0]):
                    mihai += even.popleft()
                elif odd:
                    bianca += odd.popleft()
                else:
                    break
            else:
                if odd and (not even or odd[0] > even[0]):
                    bianca += odd.popleft()
                elif even:
                    mihai += even.popleft()
                else:
                    break
            turn = not turn
        print(""YES"" if mihai > bianca else ""NO"")
",False,True,2,0.5
1807B,1,['for loop'],['for loop'],"['for loop', 'if statement', 'tuple', 'matrix operation', 'sorting', 'while loop']","import sys

def solve():
    t = int(input())
    for _ in range(t):
        n = int(input())
        a = list(map(int, input().split()))
        even = []
        odd = []
        for i in a:
            if i % 2 == 0:
                even.append(i)
            else:
                odd.append(i)
        even.sort(reverse=True)
        odd.sort(reverse=True)
        mihai = 0
        bianca = 0
        for i in range(n):
            if even and (not odd or even[0] > odd[0]):
                mihai += even.pop(0)
            else:
                bianca += odd.pop(0)
            if mihai <= bianca:
                print(""NO"")
                break
        else:
            print(""YES"")
",True,False,0,0.0
1807B,2,"['for loop', 'while loop']","['if statement', 'for loop', 'break statement']","['for loop', 'if statement', 'tuple', 'matrix operation', 'sorting', 'while loop']","import sys

def solve():
    t = int(input())
    for _ in range(t):
        n = int(input())
        a = list(map(int, input().split()))
        even = [x for x in a if x % 2 == 0]
        odd = [x for x in a if x % 2!= 0]
        even.sort(reverse=True)
        odd.sort(reverse=True)
        mihai = 0
        bianca = 0
        for x in even:
            mihai += x
        for x in odd:
            if mihai <= bianca:
                print(""NO"")
                break
            bianca += x
        else:
            print(""YES"")
",False,False,1,0.3333333333333333
1807B,3,"['for loop', 'while loop', 'tuple']","['for loop', 'if statement', 'break statement', 'sorting', 'tuple']","['for loop', 'if statement', 'tuple', 'matrix operation', 'sorting', 'while loop']","import sys

def solve():
    t = int(input())
    for _ in range(t):
        n = int(input())
        a = list(map(int, input().split()))
        a.sort(key=lambda x: (x%2, x))
        mi, bi = 0, 0
        works = True
        for i in a:
            if i%2 == 0:
                mi += i
            else:
                bi += i
            if mi <= bi:
                works = False
                break
        print(""YES"" if works else ""NO"")
",True,False,1,0.2
1807B,4,"['for loop', 'while loop', 'tuple', 'if statement']",['for loop'],"['for loop', 'if statement', 'tuple', 'matrix operation', 'sorting', 'while loop']","import sys

def solve():
    t = int(input())
    for _ in range(t):
        n = int(input())
        a = list(map(int, input().split()))
        a.sort(key=lambda x: (x%2, x))
        mi, bi = 0, 0
        for i in a:
            if i%2==0:
                mi += i
            else:
                bi += i
            if mi <= bi:
                print(""NO"")
                break
        else:
            print(""YES"")

",True,False,0,0.0
1807A,0,['this is the og problem'],"['for loop', 'if statement']","['for loop', 'if statement', 'tuple', 'while loop']","def solve():
    t = int(input())
    for _ in range(t):
        a, b, c = map(int, input().split())
        if a + b == c:
            print(""+"")
        else:
            print(""-"")
",True,True,0,0.0
1807A,1,['for loop'],"['if statement', 'for loop']","['for loop', 'if statement', 'tuple', 'while loop']","def solve():
    t = int(input())
    for _ in range(t):
        a, b, c = map(int, input().split())
        if a + b == c:
            print(""+"")
        else:
            print(""-"")
",True,False,0,0.0
1807A,2,"['for loop', 'tuple']","['for loop', 'if statement']","['for loop', 'if statement', 'tuple', 'while loop']","import sys

def solve():
    input_lines = input()
    t = int(input_lines[0].strip())
    for i in range(1, t+1):
        a, b, c = map(int, input_lines[i].split())
        if a + b == c:
            print(""+"")
        elif a - b == c:
            print(""-"")
",False,False,0,0.0
1807A,3,"['for loop', 'tuple', 'if statement']","['if statement', 'for loop']","['for loop', 'if statement', 'tuple', 'while loop']","def solve():
    t = int(input())
    for _ in range(t):
        a, b, c = map(int, input().split())
        print('+' if a + b == c else '-')
",True,False,0,0.0
1807A,4,"['for loop', 'tuple', 'if statement', 'recursion']","['for loop', 'if statement']","['for loop', 'if statement', 'tuple', 'while loop']","def solve():
    t = int(input())
    for _ in range(t):
        a, b, c = map(int, input().split())
        print('+' if a + b == c else '-')
",True,False,0,0.0
1806A,0,['this is the og problem'],"['if statement', 'for loop', 'misc']","['for loop', 'if statement', 'tuple', 'while loop', 'misc', 'continue statement']","import math

def solve():
    t = int(input())
    for _ in range(t):
        a, b, c, d = map(int, input().split())
        if (c < a and d < b):
            print(-1)
        else:
            print(abs(c-a) + abs(d-b) + max(0, (d-b) - (c-a)))
",False,True,0,0.0
1806A,1,['matrix operation'],"['if statement', 'for loop']","['for loop', 'if statement', 'tuple', 'while loop', 'misc', 'continue statement']","import math

def solve():
    t = int(input())
    for _ in range(t):
        a, b, c, d = map(int, input().split())
        if (c - a) % 2!= (d - b) % 2:
            print(-1)
        else:
            print(abs(c - a) + abs(d - b))
",False,True,0,0.0
1806A,2,"['matrix operation', 'if statement']","['if statement', 'for loop']","['for loop', 'if statement', 'tuple', 'while loop', 'misc', 'continue statement']","import math

def solve():
    t = int(input())
    for _ in range(t):
        a, b, c, d = map(int, input().split())
        if (a + b) % 2!= (c + d) % 2:
            print(-1)
        else:
            print(abs(c - a) + abs(d - b))
",False,False,0,0.0
1806A,3,"['matrix operation', 'if statement', 'for loop']","['if statement', 'for loop']","['for loop', 'if statement', 'tuple', 'while loop', 'misc', 'continue statement']","import math

def solve():
    t = int(input())
    for _ in range(t):
        a, b, c, d = map(int, input().split())
        if (a + b) % 2!= (c + d) % 2:
            print(-1)
        else:
            print(abs(c - a) + abs(d - b))
",False,False,0,0.0
1806A,4,"['matrix operation', 'if statement', 'for loop', 'hashmap']","['for loop', 'if statement', 'tuple']","['for loop', 'if statement', 'tuple', 'while loop', 'misc', 'continue statement']","def solve():
    t = int(input())
    for _ in range(t):
        a, b, c, d = map(int, input().split())
        if (a + b) % 2!= (c + d) % 2:
            print(-1)
        else:
            print(abs(c - a) + abs(d - b))
",False,False,0,0.0
1805B,0,['this is the og problem'],"['for loop', 'if statement', 'break statement', 'misc']","['for loop', 'while loop', 'hashmap', 'if statement', 'continue statement', 'set', 'sorting', 'misc', 'break statement', 'tuple']","import sys

def solve():
    t = int(input())
    for _ in range(t):
        n = int(input())
        s = input()
        for i in range(n):
            if s[i] < s[0]:
                s = s[i:] + s[:i]
                break
        print(s)

",False,True,0,0.0
1805B,1,['for loop'],['if statement'],"['for loop', 'while loop', 'hashmap', 'if statement', 'continue statement', 'set', 'sorting', 'misc', 'break statement', 'tuple']","import sys

def solve():
    s = input()
    n = len(s)
    min_char = min(s)
    idx = s.find(min_char)
    if idx == 0:
        return s
    else:
        return min_char + s[:idx] + s[idx+1:]

",False,True,0,0.0
1805B,2,"['for loop', 'if statement']",['recursion'],"['for loop', 'while loop', 'hashmap', 'if statement', 'continue statement', 'set', 'sorting', 'misc', 'break statement', 'tuple']","import sys

def solve():
    s = input().strip()
    n = len(s)
    min_char = min(s)
    min_index = s.find(min_char)
    return s[min_index:] + s[:min_index]

",False,True,1,1.0
1805B,3,"['for loop', 'if statement', 'tuple']","['for loop', 'while loop', 'if statement']","['for loop', 'while loop', 'hashmap', 'if statement', 'continue statement', 'set', 'sorting', 'misc', 'break statement', 'tuple']","import sys
input = sys.stdin.readline

def solve():
    t = int(input())
    for _ in range(t):
        n = int(input())
        s = input().strip()
        i = 0
        while i < n and s[i] >= s[0]:
            i += 1
        if i == n:
            i -= 1
        s = s[i] + s[:i] + s[i+1:]
        print(s)
",False,False,0,0.0
1805B,4,"['for loop', 'if statement', 'tuple', 'while loop']",['for loop'],"['for loop', 'while loop', 'hashmap', 'if statement', 'continue statement', 'set', 'sorting', 'misc', 'break statement', 'tuple']","import sys
import math

def solve():
    input = sys.stdin.readline
    t = int(input())
    for _ in range(t):
        n = int(input())
        s = input().strip()
        min_char = min(s)
        idx = s.find(min_char)
        if idx == 0:
            print(s)
        else:
            print(min_char + s[:idx] + s[idx + 1:])
",False,False,0,0.0
1805A,0,['this is the og problem'],"['for loop', 'if statement']","['if statement', 'for loop', 'break statement', 'misc', 'tuple', 'while loop', 'hashmap', 'matrix operation']","import sys

def solve():
    t = int(input())
    for _ in range(t):
        n = int(input())
        a = list(map(int, input().split()))
        x = 0
        for i in a:
            x ^= i
        if x == 0:
            print(x)
        else:
            print(-1)

",False,True,0,0.0
1805A,1,['break statement'],"['for loop', 'if statement']","['if statement', 'for loop', 'break statement', 'misc', 'tuple', 'while loop', 'hashmap', 'matrix operation']","import sys
input = sys.stdin.readline

def solve():
    t = int(input())
    for _ in range(t):
        n = int(input())
        a = list(map(int, input().split()))
        x = 0
        for i in a:
            x ^= i
        if x == 0:
            print(x)
        else:
            print(-1)
",False,True,0,0.0
1805A,2,"['break statement', 'misc']","['for loop', 'if statement']","['if statement', 'for loop', 'break statement', 'misc', 'tuple', 'while loop', 'hashmap', 'matrix operation']","import sys
input = sys.stdin.readline

def solve():
    t = int(input())
    for _ in range(t):
        n = int(input())
        a = list(map(int, input().split()))
        x = 0
        for i in a:
            x ^= i
        if x == 0:
            print(x)
        else:
            print(-1)
",False,True,0,0.0
1805A,3,"['break statement', 'misc', 'if statement']","['for loop', 'if statement', 'misc', 'hashmap']","['if statement', 'for loop', 'break statement', 'misc', 'tuple', 'while loop', 'hashmap', 'matrix operation']","import sys
input = sys.stdin.readline

def solve():
    t = int(input())
    for _ in range(t):
        n = int(input())
        a = list(map(int, input().split()))
        x = 0
        for i in a:
            x ^= i
        if x == 0:
            print(x)
        else:
            print(-1)
",False,False,0,0.0
1805A,4,"['break statement', 'misc', 'if statement', 'for loop']","['if statement', 'dictionary', 'hashmap', 'misc']","['if statement', 'for loop', 'break statement', 'misc', 'tuple', 'while loop', 'hashmap', 'matrix operation']","import functools
import operator

def solve():
    n = int(input())
    a = list(map(int, input().split()))
    result = functools.reduce(operator.xor, a, 1)
    if result in a:
        return result
    else:
        return -1
",False,False,1,0.25
1805A,5,"['break statement', 'misc', 'if statement', 'for loop', 'tuple']","['for loop', 'if statement']","['if statement', 'for loop', 'break statement', 'misc', 'tuple', 'while loop', 'hashmap', 'matrix operation']","import sys

def solve():
    t = int(input())
    for _ in range(t):
        n = int(input())
        a = list(map(int, input().split()))
        x = 0
        for i in a:
            x ^= i
        print(x if x == 0 else -1)

",False,False,0,0.0
1804A,0,['this is the og problem'],"['if statement', 'for loop', 'if statement', 'for loop']","['for loop', 'if statement', 'tuple', 'while loop', 'minimax', 'misc', 'two pointers', 'matrix operation', 'sorting']","import math

def solve():
    t = int(input())
    for _ in range(t):
        a, b = map(int, input().split())
        a, b = abs(a), abs(b)
        if a > b:
            a, b = b, a
        if a == b:
            print(2 * a)
        else:
            print(2 * a + 2 * (b - a) - 1)
",True,True,0,0.0
1804A,1,['if statement'],"['for loop', 'if statement', 'tuple']","['for loop', 'if statement', 'tuple', 'while loop', 'minimax', 'misc', 'two pointers', 'matrix operation', 'sorting']","import math

def solve():
    t = int(input())
    for _ in range(t):
        a, b = map(int, input().split())
        a, b = abs(a), abs(b)
        if a == b:
            print(2 * a)
        elif a == 0 or b == 0:
            print(a + b)
        else:
            print(a + b + min(a, b) - 1)
",False,False,0,0.0
1804A,2,"['if statement', 'tuple']","['if statement', 'for loop', 'misc']","['for loop', 'if statement', 'tuple', 'while loop', 'minimax', 'misc', 'two pointers', 'matrix operation', 'sorting']","import math

def solve():
    t = int(input())
    for _ in range(t):
        a, b = map(int, input().split())
        a, b = abs(a), abs(b)
        if a == b:
            print(2 * a)
        elif a < b:
            print(a + 2 * b - 1)
        else:
            print(2 * a - 1)
",False,False,0,0.0
1804A,3,"['if statement', 'tuple', 'matrix operation']","['for loop', 'if statement', 'tuple']","['for loop', 'if statement', 'tuple', 'while loop', 'minimax', 'misc', 'two pointers', 'matrix operation', 'sorting']","import math

def solve():
    t = int(input())
    for _ in range(t):
        a, b = map(int, input().split())
        a, b = abs(a), abs(b)
        if a > b:
            a, b = b, a
        if a == b:
            print(a + b)
        else:
            print(a + b + 2 * (a - 1))
",False,False,0,0.0
1804A,4,"['if statement', 'tuple', 'matrix operation', 'for loop']","['for loop', 'if statement']","['for loop', 'if statement', 'tuple', 'while loop', 'minimax', 'misc', 'two pointers', 'matrix operation', 'sorting']","import math

def solve():
    t = int(input())
    for _ in range(t):
        a, b = map(int, input().split())
        a, b = abs(a), abs(b)
        if a == b:
            print(2 * a)
        else:
            print(a + b + min(a, b) - 1)
",False,False,0,0.0
1804A,5,"['if statement', 'tuple', 'matrix operation', 'for loop', 'while loop']","['if statement', 'for loop']","['for loop', 'if statement', 'tuple', 'while loop', 'minimax', 'misc', 'two pointers', 'matrix operation', 'sorting']","import sys

def solve():
    t = int(input())
    for _ in range(t):
        a, b = map(int, input().split())
        a, b = abs(a), abs(b)
        if a == b:
            print(2 * a)
        elif a < b:
            print(2 * a + 2 * (b - a) - 1)
        else:
            print(2 * b + 2 * (a - b) - 1)

",True,False,0,0.0
1802A,0,['this is the og problem'],"['for loop', 'if statement', 'sorting']","['for loop', 'if statement', 'tuple', 'while loop']","import sys
input = sys.stdin.readline

def solve():
    t = int(input())
    for _ in range(t):
        n = int(input())
        a = list(map(int, input().split()))
        a.sort()
        pos = [0] * n
        neg = [0] * n
        cur = 0
        for i in range(n):
            if a[i] > 0:
                cur += 1
                pos[i] = cur
            else:
                cur -= 1
                neg[i] = cur
        print(*pos)
        print(*neg)

",False,True,1,0.3333333333333333
1802A,1,['set'],"['for loop', 'sorting', 'matrix operation']","['for loop', 'if statement', 'tuple', 'while loop']","import sys
input = sys.stdin.readline

def solve():
    t = int(input())
    for _ in range(t):
        n = int(input())
        a = list(map(int, input().split()))
        a.sort()
        min_likes = 0
        max_likes = 0
        min_arr = []
        max_arr = []
        for i in range(n):
            min_likes += a[i]
            max_arr.append(max_likes)
            if a[i] > 0:
                min_likes -= 1
            min_arr.append(min_likes)
        print(*max_arr)
        print(*min_arr)

",False,True,2,0.6666666666666666
1802A,2,"['set', 'for loop']",['for loop'],"['for loop', 'if statement', 'tuple', 'while loop']","import sys
input = sys.stdin.readline

def solve():
    t = int(input())
    for _ in range(t):
        n = int(input())
        b = list(map(int, input().split()))
        b.sort()
        pos = [0] * n
        neg = [0] * n
        cur = 0
        for i in range(n):
            cur += b[i]
            if cur > 0:
                pos[i] = cur
            else:
                neg[i] = cur
        print(*pos)
        print(*neg)

",False,False,0,0.0
1802A,3,"['set', 'for loop', 'if statement']",['for loop'],"['for loop', 'if statement', 'tuple', 'while loop']","import sys
import itertools

def solve():
    t = int(input())
    for _ in range(t):
        n = int(input())
        b = list(map(int, input().split()))
        p = list(itertools.permutations(b))
        max_ = []
        min_ = []
        for q in p:
            cur = 0
            for i in q:
                cur += i
                max_.append(max(max_, cur))
                min_.append(min(min_, cur))
        print(*max_)
        print(*min_)
",False,False,0,0.0
1800A,0,['this is the og problem'],"['for loop', 'if statement']","['for loop', 'if statement', 'misc', 'continue statement', 'while loop']","import re

def solve():
    t = int(input())
    for _ in range(t):
        n = int(input())
        s = input()
        if re.fullmatch(r'^[mM]+[eE]+[oO]+[wW]+$', s):
            print('YES')
        else:
            print('NO')
",True,True,0,0.0
1800A,1,['for loop'],"['for loop', 'if statement']","['for loop', 'if statement', 'misc', 'continue statement', 'while loop']","import re

def solve():
    t = int(input())
    for _ in range(t):
        n = int(input())
        s = input()
        pattern = r'^[mM]+[eE]+[oO]+[wW]+$'
        if re.fullmatch(pattern, s):
            print('YES')
        else:
            print('NO')
",True,False,0,0.0
1800A,2,"['for loop', 'tuple']","['if statement', 'for loop', 'if statement', 'for loop', 'misc']","['for loop', 'if statement', 'misc', 'continue statement', 'while loop']","import re

def solve():
    t = int(input())
    for _ in range(t):
        n = int(input())
        s = input()
        if re.fullmatch(r'^[mM]+[eE]+[oO]+[wW]+$', s):
            print('YES')
        else:
            print('NO')
",True,False,0,0.0
1800A,3,"['for loop', 'tuple', 'while loop']","['if statement', 'for loop', 'if statement', 'for loop', 'misc']","['for loop', 'if statement', 'misc', 'continue statement', 'while loop']","import re

def solve():
    t = int(input())
    for _ in range(t):
        n = int(input())
        s = input()
        if re.fullmatch(r'^[mM]+[eE]+[oO]+[wW]+$', s):
            print('YES')
        else:
            print('NO')
",True,False,0,0.0
1800A,4,"['for loop', 'tuple', 'while loop', 'recursion']","['for loop', 'if statement']","['for loop', 'if statement', 'misc', 'continue statement', 'while loop']","import re

def solve():
    t = int(input())
    for _ in range(t):
        n = int(input())
        s = input()
        if re.fullmatch(r'^[mM]+[eE]+[oO]+[wW]+$', s):
            print('YES')
        else:
            print('NO')
",True,False,0,0.0
1800A,5,"['for loop', 'tuple', 'while loop', 'recursion', 'if statement']","['for loop', 'if statement']","['for loop', 'if statement', 'misc', 'continue statement', 'while loop']","import re

def solve():
    t = int(input())
    for _ in range(t):
        n = int(input())
        s = input()
        pattern = r'^[mM]+[eE]+[oO]+[wW]+$'
        if re.fullmatch(pattern, s):
            print('YES')
        else:
            print('NO')
",True,False,0,0.0
1799A,0,['this is the og problem'],['for loop'],"['for loop', 'if statement', 'while loop', 'dictionary', 'set', 'tuple', 'break statement', 'continue statement', 'misc']","import sys
from collections import deque

def solve():
    input_lines = input()
    test_case_num = int(input_lines[0].strip())
    line_index = 1
    for _ in range(test_case_num):
        n, m = map(int, input_lines[line_index].split())
        line_index += 1
        p_list = list(map(int, input_lines[line_index].split()))
        line_index += 1
        recent_actions = deque(maxlen=n)
        ans = [-1] * n
        for i, p in enumerate(p_list, 1):
            if p in recent_actions:
                recent_actions.remove(p)
            recent_actions.appendleft(p)
            if len(recent_actions) > n:
                removed_post = recent_actions.pop()
                if removed_post <= n:
                    ans[removed_post - 1] = i + 1
        print(*ans)
",False,True,0,0.0
1799A,1,['for loop'],"['for loop', 'if statement', 'queue', 'tuple', 'continue statement']","['for loop', 'if statement', 'while loop', 'dictionary', 'set', 'tuple', 'break statement', 'continue statement', 'misc']","import sys
from collections import deque

def solve():
    input_lines = input()
    test_case_num = int(input_lines[0].strip())
    line_index = 1
    for _ in range(test_case_num):
        n, m = map(int, input_lines[line_index].strip().split())
        line_index += 1
        p_list = list(map(int, input_lines[line_index].strip().split()))
        line_index += 1
        recent_actions = deque(maxlen=n)
        ans = [-1] * n
        for i, p in enumerate(p_list):
            if p in recent_actions:
                recent_actions.remove(p)
            recent_actions.appendleft(p)
            if len(recent_actions) > n:
                recent_actions.pop()
            if i + 1 >= n:
                for j in range(n):
                    if recent_actions[j] not in p_list[i - n + 1:i + 1]:
                        ans[j] = i + 1
        print(*ans)
",False,False,1,0.2
1799A,2,"['for loop', 'queue']",['for loop'],"['for loop', 'if statement', 'while loop', 'dictionary', 'set', 'tuple', 'break statement', 'continue statement', 'misc']","import sys
from collections import deque

def solve():
    t = int(input())
    for _ in range(t):
        n, m = map(int, input().split())
        p = list(map(int, input().split()))
        d = deque(range(1, n + 1), maxlen=n)
        ans = [-1] * n
        for i, x in enumerate(p,1):
            if x in d:
                d.remove(x)
                d.appendleft(x)
            else:
                d.appendleft(x)
            if len(d) == n and d[-1] <= n:
                ans[d[-1] - 1] = i + 1
        print(*ans)
",False,False,0,0.0
1799A,3,"['for loop', 'queue', 'recursion']","['if statement', 'for loop', 'tuple', 'matrix operation']","['for loop', 'if statement', 'while loop', 'dictionary', 'set', 'tuple', 'break statement', 'continue statement', 'misc']","import sys
import math

def solve():
    t = int(input())
    for _ in range(t):
        n, m = map(int, input().split())
        p = list(map(int, input().split()))
        ans = [-1] * n
        for i in range(m):
            if p[i] - n <= n:
                ans[p[i] - n - 1] = i + 1
        print(*ans)
",False,False,1,0.25
1799A,4,"['for loop', 'queue', 'recursion', 'if statement']","['for loop', 'if statement', 'queue', 'tuple']","['for loop', 'if statement', 'while loop', 'dictionary', 'set', 'tuple', 'break statement', 'continue statement', 'misc']","import sys
from collections import deque

def solve():
    input_lines = input()
    test_case_num = int(input_lines[0].strip())
    input_index = 1
    for _ in range(test_case_num):
        n, m = map(int, input_lines[input_index].strip().split())
        input_index += 1
        actions = list(map(int, input_lines[input_index].strip().split()))
        input_index += 1
        recent_actions = deque(range(1, n + 1), maxlen=n)
        ans = [-1] * n
        for i, action in enumerate(actions,1):
            if action in recent_actions:
                recent_actions.remove(action)
                recent_actions.appendleft(action)
            else:
                recent_actions.appendleft(action)
            if len(recent_actions) > n:
                removed_action = recent_actions.pop()
                if removed_action <= n:
                    ans[removed_action - 1] = i + 1
        print(*ans)
",False,False,1,0.25
1799A,5,"['for loop', 'queue', 'recursion', 'if statement', 'dictionary']","['if statement', 'for loop']","['for loop', 'if statement', 'while loop', 'dictionary', 'set', 'tuple', 'break statement', 'continue statement', 'misc']","import sys
import math

def solve():
    t = int(input())
    for _ in range(t):
        n, m = map(int, input().split())
        p = list(map(int, input().split()))
        ans = [-1] * n
        for i in range(m):
            if p[i] <= n:
                ans[p[i] = -1
        for i in range(n):
            if ans[i] == -1:
                for j in range(m):
                    if p[j] > n:
                        if p[j] == n + i + 1:
                            ans[i] = j + 1
                            break
        print(*ans)
",False,False,0,0.0
1798A,0,['this is the og problem'],"['for loop', 'if statement']","['for loop', 'if statement', 'tuple', 'sorting', 'break statement', 'matrix operation', 'while loop', 'misc']","import sys
input = sys.stdin.readline

def solve():
    t = int(input())
    for _ in range(t):
        n = int(input())
        a = list(map(int, input().split()))
        b = list(map(int, input().split()))
        a_max = max(a)
        b_max = max(b)
        for i in range(n):
            if a[i] > b[i]:
                a[i], b[i] = b[i], a[i]
        if max(a) == a_max and max(b) == b_max:
            print(""Yes"")
        else:
            print(""No"")

",False,True,0,0.0
1798A,1,['for loop'],"['for loop', 'if statement', 'tuple', 'sorting']","['for loop', 'if statement', 'tuple', 'sorting', 'break statement', 'matrix operation', 'while loop', 'misc']","import sys

def solve():
    t = int(input())
    for _ in range(t):
        n = int(input())
        a = list(map(int, input().split()))
        b = list(map(int, input().split()))
        a_max = max(a)
        b_max = max(b)
        a_max_index = a.index(a_max)
        b_max_index = b.index(b_max)
        if a_max_index!= b_max_index:
            a[a_max_index], b[b_max_index] = b[b_max_index], a[a_max_index]
        a.sort(reverse=True)
        b.sort(reverse=True)
        if a[0] == a[-1] and b[0] == b[-1]:
            print(""Yes"")
        else:
            print(""No"")

",False,False,0,0.0
1798A,2,"['for loop', 'if statement']","['if statement', 'for loop']","['for loop', 'if statement', 'tuple', 'sorting', 'break statement', 'matrix operation', 'while loop', 'misc']","import sys

def solve():
    t = int(input())
    for _ in range(t):
        n = int(input())
        a = list(map(int, input().split()))
        b = list(map(int, input().split()))
        a_max = max(a)
        b_max = max(b)
        a_max_index = a.index(a_max)
        b_max_index = b.index(b_max)
        if a_max_index!= b_max_index:
            a[a_max_index], b[b_max_index] = b[b_max_index], a[a_max_index]
        a_max = max(a)
        b_max = max(b)
        if a_max == a[-1] and b_max == b[-1]:
            print(""Yes"")
        else:
            print(""No"")
",False,False,0,0.0
1798A,3,"['for loop', 'if statement', 'tuple']","['if statement', 'for loop', 'dictionary', 'hashmap', 'misc']","['for loop', 'if statement', 'tuple', 'sorting', 'break statement', 'matrix operation', 'while loop', 'misc']","import sys
from collections import Counter

def solve():
    input = input()
    lines = input.splitlines()
    t = int(lines[0])
    j = 1
    for _ in range(t):
        n = int(lines[j])
        j += 1
        a = list(map(int, lines[j].split())
        j += 1
        b = list(map(int, lines[j].split())
        c = Counter(a + b)
        if c.most_common(1)[0] in a and c.most_common(1)[0] in b:
            print(""Yes"")
        else:
            print(""No"")
",False,False,2,0.4
1798A,4,"['for loop', 'if statement', 'tuple', 'while loop']",['for loop'],"['for loop', 'if statement', 'tuple', 'sorting', 'break statement', 'matrix operation', 'while loop', 'misc']","import sys

def solve():
    t = int(input())
    for _ in range(t):
        n = int(input())
        a = list(map(int, input().split()))
        b = list(map(int, input().split()))
        a_max = max(a)
        b_max = max(b)
        a_max_index = a.index(a_max)
        b_max_index = b.index(b_max)
        if a_max_index!= b_max_index:
            a[a_max_index], b[b_max_index] = b[b_max_index], a[a_max_index]
        a_max = max(a)
        b_max = max(b)
        if a_max == a[-1] and b_max == b[-1]:
            print(""Yes"")
        else:
            print(""No"")

",False,False,0,0.0
1798A,5,"['for loop', 'if statement', 'tuple', 'while loop', 'recursion']","['if statement', 'for loop']","['for loop', 'if statement', 'tuple', 'sorting', 'break statement', 'matrix operation', 'while loop', 'misc']","import sys

def solve():
    t = int(input())
    for _ in range(t):
        n = int(input())
        a = list(map(int, input().split()))
        b = list(map(int, input().split()))
        a_max = max(a)
        b_max = max(b)
        a_max_index = a.index(a_max)
        b_max_index = b.index(b_max)
        if a_max_index!= b_max_index:
            a[a_max_index], b[b_max_index] = b[b_max_index], a[a_max_index]
        print(""Yes"" if max(a) == a[-1] and max(b) == b[-1] else ""No"")
",False,False,0,0.0
1797A,0,['this is the og problem'],"['if statement', 'for loop', 'tuple']","['if statement', 'while loop', 'min function', 'comparison operator', 'subtract operator', 'output stream operator', 'input stream operator', 'for loop', 'matrix operation', 'misc', 'break statement', 'tuple']","import sys

def solve():
    input = sys.stdin.readline
    t = int(input.strip())
    for _ in range(t):
        n, m = map(int, input().strip().split())
        x1, y1, x2, y2 = map(int, input().strip().split())
        dx = abs(x1 - x2)
        dy = abs(y1 - y2)
        if dx == 1 and dy == 1:
            print(2)
        elif dx == 1 or dy == 1:
            print(1)
        else:
            print(min(dx, dy))

",False,True,0,0.0
1797A,1,['for loop'],"['if statement', 'for loop', 'tuple', 'continue statement']","['if statement', 'while loop', 'min function', 'comparison operator', 'subtract operator', 'output stream operator', 'input stream operator', 'for loop', 'matrix operation', 'misc', 'break statement', 'tuple']","import sys
import math
from collections import deque

def solve():
    t = int(input())
    for _ in range(t):
        n, m = map(int, input().split())
        x1, y1, x2, y2 = map(int, input().split())
        x1 -= 1
        y1 -= 1
        x2 -= 1
        y2 -= 1
        if abs(x1 - x2) + abs(y1 - y2) == 2:
            print(1)
            continue
        if x1 == x2:
            print(abs(y1 - y2) - 1)
            continue
        if y1 == y2:
            print(abs(x1 - x2) - 1)
            continue
        if abs(x1 - x2) == 1 and abs(y1 - y2) == 1:
            print(2)
            continue
        if abs(x1 - x2) == 1 or abs(y1 - y2) == 1:
            print(3)
            continue
        print(4)

",False,False,1,0.25
1797A,2,"['for loop', 'while loop']",['for loop'],"['if statement', 'while loop', 'min function', 'comparison operator', 'subtract operator', 'output stream operator', 'input stream operator', 'for loop', 'matrix operation', 'misc', 'break statement', 'tuple']","import sys

def solve():
    input = sys.stdin.readline
    t = int(input.strip())
    for _ in range(t):
        n, m = map(int, input().strip().split())
        x1, y1, x2, y2 = map(int, input().strip().split())
        dx = abs(x1 - x2)
        dy = abs(y1 - y2)
        print(max(dx, dy))
",False,False,0,0.0
1797A,3,"['for loop', 'while loop', 'recursion']","['if statement', 'for loop']","['if statement', 'while loop', 'min function', 'comparison operator', 'subtract operator', 'output stream operator', 'input stream operator', 'for loop', 'matrix operation', 'misc', 'break statement', 'tuple']","import sys
import math

def solve():
    input = sys.stdin.readline
    t = int(input.strip())
    for _ in range(t):
        input = sys.stdin.readline
        n, m = map(int, input.strip().split())
        input = sys.stdin.readline
        x1, y1, x2, y2 = map(int, input.strip().split())
        x1, y1, x2, y2 = x1-1, y1-1, x2-1, y2-1
        dx = abs(x2-x1)
        dy = abs(y2-y1)
        print(min(dx, dy) + 1)

",False,False,0,0.0
1797A,4,"['for loop', 'while loop', 'recursion', 'if statement']","['if statement', 'for loop', 'if statement', 'for loop']","['if statement', 'while loop', 'min function', 'comparison operator', 'subtract operator', 'output stream operator', 'input stream operator', 'for loop', 'matrix operation', 'misc', 'break statement', 'tuple']","import sys

def solve():
    input = sys.stdin.readline
    t = int(input.strip())
    for _ in range(t):
        n, m = map(int, input().strip().split())
        x1, y1, x2, y2 = map(int, input().strip().split())
        dx = abs(x1 - x2)
        dy = abs(y1 - y2)
        print(max(dx, dy))
",False,False,0,0.0
1797A,5,"['for loop', 'while loop', 'recursion', 'if statement', 'dictionary']",['for loop'],"['if statement', 'while loop', 'min function', 'comparison operator', 'subtract operator', 'output stream operator', 'input stream operator', 'for loop', 'matrix operation', 'misc', 'break statement', 'tuple']","import math

def solve():
    n, m = map(int, input().split())
    x1, y1, x2, y2 = map(int, input().split())
    dx = abs(x1 - x2)
    dy = abs(y1 - y2)
    return max(dx, dy) - 1
",False,False,0,0.0
1796A,0,['this is the og problem'],"['for loop', 'if statement', 'break statement', 'misc']","['if statement', 'for loop', 'tuple', 'while loop']","import itertools

def solve():
    fb_string = ''
    for i in itertools.count(1):
        if i % 3 == 0:
            fb_string += 'F'
        if i % 5 == 0:
            fb_string += 'B'
        if len(fb_string) > 1000:
            break

    t = int(input())
    for _ in range(t):
        k = int(input())
        s = input()
        print('YES' if s in fb_string else 'NO')
",True,True,2,0.5
1796A,1,['for loop'],['for loop'],"['if statement', 'for loop', 'tuple', 'while loop']","import re

def solve():
    t = int(input())
    for _ in range(t):
        k = int(input())
        s = input()
        pattern = re.compile(r'F(BF){2,|B(FB){2,|FB|F|B')
        if pattern.fullmatch(s):
            print('YES')
        else:
            print('NO')
",False,False,0,0.0
1796A,2,"['for loop', 'matrix operation']","['if statement', 'for loop']","['if statement', 'for loop', 'tuple', 'while loop']","import re

def solve():
    t = int(input())
    for _ in range(t):
        k = int(input())
        s = input()
        pattern = r'FB' * 30
        if re.search(pattern, s):
            print('YES')
        else:
            print('NO')
",False,False,0,0.0
1796A,3,"['for loop', 'matrix operation', 'if statement']","['if statement', 'for loop', 'while loop', 'break statement']","['if statement', 'for loop', 'tuple', 'while loop']","def solve():
    t = int(input())
    for _ in range(t):
        k = int(input())
        s = input()
        i = 0
        while i < len(s):
            if s[i] == 'F':
                i += 1
                while i < len(s) and s[i] == 'F':
                    i += 1
                if i < len(s) and s[i] == 'B':
                    i += 1
                else:
                    print('NO')
                    break
            elif s[i] == 'B':
                i += 1
                while i < len(s) and s[i] == 'B':
                    i += 1
                if i < len(s) and s[i] == 'F':
                    i += 1
                else:
                    print('NO')
                    break
            else:
                print('NO')
                break
        else:
            print('YES')
",False,False,1,0.25
1796A,4,"['for loop', 'matrix operation', 'if statement', 'while loop']","['for loop', 'if statement']","['if statement', 'for loop', 'tuple', 'while loop']","import re

def solve():
    t = int(input())
    for _ in range(t):
        k = int(input())
        s = input()
        pattern = re.compile('F*B' + s + 'F*B')
        if pattern.fullmatch('F*B'):
            print('YES')
        else:
            print('NO')
",False,False,0,0.0
1795A,0,['this is the og problem'],['for loop'],"['for loop', 'if statement', 'tuple', 'misc', 'while loop', 'break statement', 'matrix operation', 'stack']","import sys

def solve():
    t = int(input())
    for _ in range(t):
        n, m = map(int, input().split())
        s1 = input()
        s2 = input()
        if (n > 1 and m > 1 and s1[0] == s2[0]):
            print(""NO"")
            continue
        if (n > 1 and s1[0] == s1[1]):
            print(""NO"")
            continue
        if (m > 1 and s2[0] == s2[1]):
            print(""NO"")
            continue
        print(""YES"")

",False,True,0,0.0
1795A,1,['for loop'],"['for loop', 'if statement', 'continue statement']","['for loop', 'if statement', 'tuple', 'misc', 'while loop', 'break statement', 'matrix operation', 'stack']","import sys
import itertools

def solve():
    t = int(input())
    for _ in range(t):
        n, m = map(int, input().split())
        s1 = input().strip()
        s2 = input().strip()
        if len(s1) == 1 or len(s2) == 1:
            print(""YES"")
            continue
        if s1[-1] == s2[0]:
            print(""YES"")
            continue
        if s1[-1]!= s2[0]:
            print(""NO"")
            continue
",False,False,1,0.3333333333333333
1795A,2,"['for loop', 'if statement']","['if statement', 'for loop', 'continue statement', 'tuple', 'matrix operation']","['for loop', 'if statement', 'tuple', 'misc', 'while loop', 'break statement', 'matrix operation', 'stack']","def solve():
    t = int(input())
    for _ in range(t):
        n, m = map(int, input().split())
        s1 = input()
        s2 = input()
        if (n > 1 and m > 1 and s1[0] == s1[1] == s2[0] == s2[1]):
            print(""NO"")
            continue
        if (n > 1 and s1[0] == s1[1]):
            print(""NO"")
            continue
        if (m > 1 and s2[0] == s2[1]):
            print(""NO"")
            continue
        print(""YES"")
",False,False,1,0.2
1795A,3,"['for loop', 'if statement', 'recursion']","['if statement', 'for loop']","['for loop', 'if statement', 'tuple', 'misc', 'while loop', 'break statement', 'matrix operation', 'stack']","import re

def solve():
    t = int(input())
    for _ in range(t):
        n, m = map(int, input().split())
        s1 = input()
        s2 = input()
        if re.fullmatch(r'((RB|BR)+', s1) and re.fullmatch(r'((RB|BR)+', s2):
            return 'YES'
        else:
            return 'NO'
",False,False,0,0.0
1794A,0,['this is the og problem'],"['for loop', 'if statement', 'break statement', 'dictionary']","['if statement', 'for loop', 'recursion', 'sorting', 'while loop', 'tuple', 'break statement', 'stack']","import sys
from collections import defaultdict

def solve():
    t = int(input())
    for _ in range(t):
        n = int(input())
        d = defaultdict(int)
        for s in input().split():
            d[s] += 1
        for k in d:
            if d[k] == 1:
                print(""NO"")
                break
        else:
            print(""YES"")
",False,True,1,0.25
1794A,1,['dictionary'],"['if statement', 'for loop', 'break statement', 'dictionary', 'hashmap']","['if statement', 'for loop', 'recursion', 'sorting', 'while loop', 'tuple', 'break statement', 'stack']","import sys
from collections import Counter

def solve():
    input = sys.stdin.readline
    t = int(input())
    for _ in range(t):
        n = int(input())
        s = input().split()
        c = Counter(s)
        for i in range(1, n):
            if c.get(i * '*', 0)!= c.get('*' + chr(96 + i), 0):
                print('NO')
                break
        else:
            print('YES')
",False,False,2,0.4
1794A,2,"['dictionary', 'for loop']","['if statement', 'for loop']","['if statement', 'for loop', 'recursion', 'sorting', 'while loop', 'tuple', 'break statement', 'stack']","import sys

def solve():
    input = sys.stdin.readline
    t = int(input.strip())
    for _ in range(t):
        n = int(input().strip())
        strings = input().strip().split()
        s = ''
        for string in strings:
            if len(string) == 1:
                s += string
            elif s == '' and len(s) < n:
                s += string
            elif s[-1] == string[0]:
                s = string + s[:-1]
            elif s[0] == string[-1]:
                s = s[1:] + string
        print('YES' if s == s[::-1] else 'NO')

",False,False,0,0.0
1794A,3,"['dictionary', 'for loop', 'if statement']",['for loop'],"['if statement', 'for loop', 'recursion', 'sorting', 'while loop', 'tuple', 'break statement', 'stack']","import sys
import math
from collections import Counter
from collections import defaultdict
from bisect import bisect

def solve():
    t = int(input())
    for _ in range(t):
        n = int(input())
        a = input().split()
        s = """"
        for i in a:
            if len(i) == 1:
                s += i
            elif s == """":
                s = i
            elif s[0] == i[-1]:
                s = i + s
            elif s[-1] == i[0]:
                s = s + i
            else:
                print(""NO"")
                break
        else:
            print(""YES"" if s == s[::-1] else ""NO"")
",False,False,0,0.0
1794A,4,"['dictionary', 'for loop', 'if statement', 'misc']",['for loop'],"['if statement', 'for loop', 'recursion', 'sorting', 'while loop', 'tuple', 'break statement', 'stack']","import sys
import math
from collections import Counter
from collections import defaultdict
from bisect import bisect

def solve():
    t = int(input())
    for _ in range(t):
        n = int(input())
        a = input().split()
        s = """"
        for i in a:
            if len(i) == 1:
                s += i
            elif s == """":
                s = i
            elif s[0] == i[-1]:
                s = i + s
            elif s[-1] == i[0]:
                s = s + i
            else:
                print(""NO"")
                break
        else:
            print(""YES"" if s == s[::-1] else ""NO"")
",False,False,0,0.0
1794A,5,"['dictionary', 'for loop', 'if statement', 'misc', 'recursion']",['for loop'],"['if statement', 'for loop', 'recursion', 'sorting', 'while loop', 'tuple', 'break statement', 'stack']","import sys

def solve():
    input = sys.stdin.readline
    t = int(input.strip())
    for _ in range(t):
        n = int(input().strip())
        a = input().strip().split()
        s = """"
        for i in range(n):
            if len(a[i]) == 1:
                s += a[i]
                break
        for i in range(n-1, -1, -1):
            if len(a[i]) == 1:
                s = a[i] + s
                break
        l = len(s)
        for i in range(n-1):
            if len(a[i]) == l-1:
                if a[i][:-1] == s[:-1]:
                    s = a[i] + s
                    break
        print(""YES"" if s == s[::-1] else ""NO"")
",False,False,0,0.0
1793A,0,['this is the og problem'],['if statement'],"['for loop', 'tuple', 'if statement', 'matrix operation', 'hashmap', 'while loop', 'misc', 'greedy algorithm']","import math

def solve():
    a, b = map(int, input().split())
    n, m = map(int, input().split())
    if a > b:
        return n * b
    else:
        return math.ceil((n - 1) / (m + 1)) * a + (n - math.ceil((n - 1) / (m + 1)) * (m + 1)) * a
",False,True,0,0.0
1793A,1,['for loop'],['if statement'],"['for loop', 'tuple', 'if statement', 'matrix operation', 'hashmap', 'while loop', 'misc', 'greedy algorithm']","import math

def solve():
    a, b = map(int, input().split())
    n, m = map(int, input().split())
    if m >= n:
        return min(a, b) * n
    else:
        x = math.ceil((n - m) / 2))
        return min(a * (m + x), b * n)
",False,True,0,0.0
1793A,2,"['for loop', 'recursion']","['for loop', 'if statement', 'continue statement']","['for loop', 'tuple', 'if statement', 'matrix operation', 'hashmap', 'while loop', 'misc', 'greedy algorithm']","import math

def solve():
    t = int(input())
    for _ in range(t):
        a, b = map(int, input().split())
        n, m = map(int, input().split())
        if m >= n:
            print(a)
            continue
        if a <= b:
            print(a * math.ceil(n / (m + 1)))
        else:
            print(min(a * math.ceil(n / (m + 1)), b * n))
",False,False,1,0.3333333333333333
1793A,3,"['for loop', 'recursion', 'tuple']",['for loop'],"['for loop', 'tuple', 'if statement', 'matrix operation', 'hashmap', 'while loop', 'misc', 'greedy algorithm']","import math

def solve():
    a, b = map(int, input().split())
    n, m = map(int, input().split())
    if m >= n:
        return n * a
    else:
        return min(math.ceil((n - m - 1) / 2) * a * 2 + (m + 1) * a + (n - m - 1) * b, math.ceil(n / 2) * a + (n % 2) * b)
",False,False,0,0.0
1793A,4,"['for loop', 'recursion', 'tuple', 'while loop']","['if statement', 'tuple']","['for loop', 'tuple', 'if statement', 'matrix operation', 'hashmap', 'while loop', 'misc', 'greedy algorithm']","import math

def solve():
    a, b = map(int, input().split())
    n, m = map(int, input().split())
    if m >= n:
        return min(a, b) * n
    else:
        return min(a * m + b * (n - m - 1), a * math.ceil((n - 1) / (m + 1)) * (m + 1))
",False,False,0,0.0
1792A,0,['this is the og problem'],"['for loop', 'if statement', 'sorting']","['for loop', 'if statement', 'dictionary', 'tuple', 'hashmap']","import sys
input = sys.stdin.readline

def solve():
    t = int(input())
    for _ in range(t):
        n = int(input())
        h = list(map(int, input().split()))
        h.sort()
        ans = 0
        for i in range(n - 1, -1, -1):
            if h[i] == 1:
                ans += 1
                h[i + 1] -= 1
            else:
                ans += 2
                h[i] -= 1
                h[i + 1] -= 1
        ans += h[-1]
        print(ans)

",False,True,1,0.3333333333333333
1792A,1,['for loop'],"['for loop', 'sorting']","['for loop', 'if statement', 'dictionary', 'tuple', 'hashmap']","import sys
input = sys.stdin.readline

def solve():
    t = int(input())
    for _ in range(t):
        n = int(input())
        h = list(map(int, input().split()))
        h.sort()
        ans = 0
        for i in range(n - 1):
            ans += min(2, h[i] + h[i + 1] - 1)
        ans += h[-1]
        print(ans)
",False,False,1,0.5
1792A,2,"['for loop', 'while loop']","['for loop', 'if statement', 'sorting', 'break statement']","['for loop', 'if statement', 'dictionary', 'tuple', 'hashmap']","import sys
input = sys.stdin.readline

def solve():
    t = int(input())
    for _ in range(t):
        n = int(input())
        h = list(map(int, input().split()))
        h.sort()
        ans =  n - (h.count(1) //     2)
        for i in range(1, n):
            if h[i] >   1:
                ans +=  1
                break
        print(ans)

",False,False,2,0.5
1792A,3,"['for loop', 'while loop', 'tuple']","['for loop', 'sorting']","['for loop', 'if statement', 'dictionary', 'tuple', 'hashmap']","import sys
import math

def solve():
    t = int(input())
    for _ in range(t):
        n = int(input())
        h = list(map(int, input().split()))
        h.sort()
        ans =  math.ceil(n / 2) + h[0]
        print(ans)
",False,False,1,0.5
1792A,4,"['for loop', 'while loop', 'tuple', 'recursion']","['for loop', 'if statement', 'sorting']","['for loop', 'if statement', 'dictionary', 'tuple', 'hashmap']","import sys
input = sys.stdin.readline

def solve():
    t = int(input())
    for _ in range(t):
        n = int(input())
        h = list(map(int, input().split()))
        h.sort()
        ans = 0
        for i in range(n - 1):
            if h[i] == 1:
                ans += 1
                h[i + 1] -= 1
            else:
                ans += h[i]
                h[i + 1] -= h[i]
        print(ans)

",False,False,1,0.3333333333333333
1791C,0,['this is the og problem'],"['if statement', 'for loop', 'while loop']","['for loop', 'while loop', 'if statement', 'break statement', 'two pointers', 'matrix operation']","import sys
input = sys.stdin.readline

def solve():
    t = int(input())
    for _ in range(t):
        n = int(input())
        s = input().strip()
        while len(s) > 1 and s[0] == s[-1]:
            s = s[1:-1]
        print(len(s))

",False,True,0,0.0
1791C,1,['for loop'],"['for loop', 'while loop', 'if statement']","['for loop', 'while loop', 'if statement', 'break statement', 'two pointers', 'matrix operation']","def solve():
    t = int(input())
    for _ in range(t):
        n = int(input())
        s = input()
        while len(s) > 1 and s[0] == s[-1]:
            s = s[1:-1]
        print(len(s))
",False,False,0,0.0
1791C,2,"['for loop', 'while loop']","['for loop', 'if statement', 'continue statement']","['for loop', 'while loop', 'if statement', 'break statement', 'two pointers', 'matrix operation']","import sys
import math

def solve():
    t = int(input())
    for _ in range(t):
        n = int(input())
        s = input()
        if n == 1 and s == ""1"":
            print(0)
            continue
        if n == 2 and s == ""11"":
            print(2)
            continue
        if n == 2 and s == ""10"":
            print(1)
            continue
        if n == 2 and s == ""01"":
            print(1)
            continue
        if n == 2 and s == ""00"":
            print(2)
            continue
        if s[0] == s[-1]:
            print(0)
            continue
        if s[0]!= s[-1]:
            print(1)
            continue

",False,False,1,0.3333333333333333
1791C,3,"['for loop', 'while loop', 'misc']","['for loop', 'while loop']","['for loop', 'while loop', 'if statement', 'break statement', 'two pointers', 'matrix operation']","def solve():
    t = int(input())
    for _ in range(t):
        n = int(input())
        s = input()
        while len(s) > 1 and s[0] == s[-1]:
            s = s[1:-1]
        print(len(s))
",False,False,0,0.0
1791C,4,"['for loop', 'while loop', 'misc', 'if statement']","['for loop', 'while loop', 'if statement', 'binary search']","['for loop', 'while loop', 'if statement', 'break statement', 'two pointers', 'matrix operation']","import sys
import math

def solve():
    t = int(input())
    for _ in range(t):
        n = int(input())
        s = input()
        l = 0
        r = n - 1
        while l <= r:
            m = (l + r) // 2
            if s[m] == '1':
                l = m + 1
            else:
                r = m - 1
        print(n - (r - l))
",False,False,1,0.25
1791C,5,"['for loop', 'while loop', 'misc', 'if statement', 'recursion']","['for loop', 'while loop', 'if statement', 'two pointers']","['for loop', 'while loop', 'if statement', 'break statement', 'two pointers', 'matrix operation']","import sys

def solve():
    t = int(input())
    for _ in range(t):
        n = int(input())
        s = input()
        l = 0
        r = n - 1
        while l <= r:
            if s[l] == s[r]:
                l += 1
                r -= 1
            else:
                break
        print(r - l + 1)
",False,False,0,0.0
1791B,0,['this is the og problem'],"['for loop', 'if statement', 'break statement', 'tuple']","['for loop', 'if statement', 'while loop', 'dictionary', 'misc', 'hashmap', 'break statement', 'matrix operation', 'continue statement']","import sys

def solve():
    t = int(input())
    for _ in range(t):
        n = int(input())
        s = input().strip()
        x, y = 0, 0)
        for c in s:
            if c == 'L':
                x -= 1
            elif c == 'R':
                x += 1
            elif c == 'U':
                y += 1
            elif c == 'D':
                y -= 1
            if (x, y) == (1, 1):
                print(""YES"")
                break
        else:
            print(""NO"")
",False,True,1,0.25
1791B,1,['if statement'],"['for loop', 'if statement', 'tuple']","['for loop', 'if statement', 'while loop', 'dictionary', 'misc', 'hashmap', 'break statement', 'matrix operation', 'continue statement']","import sys

def solve():
    t = int(input())
    for _ in range(t):
        n = int(input())
        s = input().strip()
        x, y = 0, 0)
        for c in s:
            if c == 'L':
                x -= 1
            elif c == 'R':
                x += 1
            elif c == 'U':
                y += 1
            elif c == 'D':
                y -= 1
            if (x, y) == (1, 1):
                print('YES')
                break
        else:
            print('NO')
",False,False,1,0.3333333333333333
1791B,2,"['if statement', 'for loop']","['if statement', 'for loop', 'tuple', 'break statement']","['for loop', 'if statement', 'while loop', 'dictionary', 'misc', 'hashmap', 'break statement', 'matrix operation', 'continue statement']","import sys

def solve():
    t = int(input())
    for _ in range(t):
        n = int(input())
        s = input().strip()
        x, y = 0, 0)
        for c in s:
            if c == 'L':
                x -= 1
            elif c == 'R':
                x += 1
            elif c == 'U':
                y += 1
            elif c == 'D':
                y -=    1
            if (x, y) == (1, 1):
                print(""YES"")
                break
        else:
            print(""NO"")
",False,False,1,0.25
1791B,3,"['if statement', 'for loop', 'while loop']","['for loop', 'if statement', 'break statement', 'tuple', 'misc']","['for loop', 'if statement', 'while loop', 'dictionary', 'misc', 'hashmap', 'break statement', 'matrix operation', 'continue statement']","import re

def solve():
    t = int(input())
    for _ in range(t):
        n = int(input())
        s = input()
        x, y = 0, 0)
        for c in s:
            if c == 'L':
                x -= 1
            elif c == 'R':
                x += 1
            elif c == 'U':
                y += 1
            elif c == 'D':
                y -= 1
            if (x, y) == (1, 1):
                print(""YES"")
                break
        else:
            print(""NO"")
",False,False,1,0.2
1791B,4,"['if statement', 'for loop', 'while loop', 'tuple']","['if statement', 'for loop', 'tuple', 'break statement']","['for loop', 'if statement', 'while loop', 'dictionary', 'misc', 'hashmap', 'break statement', 'matrix operation', 'continue statement']","import sys

def solve():
    t = int(input())
    for _ in range(t):
        n = int(input())
        s = input().strip()
        x, y = 0, 0)
        for c in s:
            if c == 'L':
                x -= 1
            elif c == 'R':
                x += 1
            elif c == 'U':
                y +=    1
            elif c == 'D':
                y -=    1
            if (x, y) == (1, 1):
                print(""YES"")
                break
        else:
            print(""NO"")
",False,False,1,0.25
1791A,0,['this is the og problem'],"['for loop', 'if statement']","['for loop', 'if statement', 'set', 'tuple', 'misc']","def solve():
    t = int(input())
    for _ in range(t):
        c = input()
        if c in 'codeforces':
            print(""YES"")
        else:
            print(""NO"")
",True,True,0,0.0
1791A,1,['if statement'],"['for loop', 'if statement']","['for loop', 'if statement', 'set', 'tuple', 'misc']","def solve():
    codeforces = ""codeforces""
    t = int(input())
    for _ in range(t):
        c = input()
        print(""YES"" if c in codeforces else ""NO"")
",True,False,0,0.0
1791A,2,"['if statement', 'dictionary']","['for loop', 'if statement']","['for loop', 'if statement', 'set', 'tuple', 'misc']","def solve():
    t = int(input())
    for _ in range(t):
        c = input()
        print(""YES"" if c in ""codeforces"" else ""NO"")
",True,False,0,0.0
1791A,3,"['if statement', 'dictionary', 'for loop']","['for loop', 'if statement']","['for loop', 'if statement', 'set', 'tuple', 'misc']","def solve():
    test_cases = int(input())
    for _ in range(test_cases):
        char = input()
        print(""YES"" if char in ""codeforces"" else ""NO"")
",True,False,0,0.0
1791A,4,"['if statement', 'dictionary', 'for loop', 'while loop']","['for loop', 'if statement']","['for loop', 'if statement', 'set', 'tuple', 'misc']","def solve():
    codeforces = ""codeforces""
    t = int(input())
    for _ in range(t):
        c = input()
        print(""YES"" if c in codeforces else ""NO"")
",True,False,0,0.0
1791A,5,"['if statement', 'dictionary', 'for loop', 'while loop', 'tuple']","['if statement', 'for loop']","['for loop', 'if statement', 'set', 'tuple', 'misc']","def solve():
    test_cases = int(input())
    for _ in range(test_cases):
        char = input()
        print(""YES"" if char in ""codeforces"" else ""NO"")
",True,False,0,0.0
1790B,0,['this is the og problem'],['for loop'],"['while loop', 'for loop', 'if statement', 'misc', 'tuple']","import sys
input = sys.stdin.readline

def solve():
    t = int(input())
    for _ in range(t):
        n, s, r = map(int, input().split())
        a = [1] * (n - 1) + [s - r]
        print(*a)

",False,True,0,0.0
1790B,1,['for loop'],['for loop'],"['while loop', 'for loop', 'if statement', 'misc', 'tuple']","from itertools import combinations

def solve():
    t = int(input())
    for _ in range(t):
        n, s, r = map(int, input().split())
        res = [1] * (n - 1) + [s - r]
        for i in range(1, 7):
            for c in combinations(range(n - 1), i):
                temp = list(res)
                for j in c:
                    temp[j] += 1
                if sum(temp) == s:
                    print(*temp)
                    break
            else:
                continue
            break
",False,False,0,0.0
1790B,2,"['for loop', 'if statement']","['for loop', 'tuple']","['while loop', 'for loop', 'if statement', 'misc', 'tuple']","from itertools import combinations

def solve():
    t = int(input())
    for _ in range(t):
        n, s, r = map(int, input().split())
        res = [1] * (n - 1) + [s - r]
        res.remove(max(res))
        print(*res)
",False,False,0,0.0
1790B,3,"['for loop', 'if statement', 'recursion']",['for loop'],"['while loop', 'for loop', 'if statement', 'misc', 'tuple']","import sys

def solve():
    input_lines = input()
    t = int(input_lines[0].strip())
    for i in range(t):
        n, s, r = map(int, input_lines[i+1].split())
        a = [1] * (n - 1) + [s - r]
        a.append(r - (n - 1))
        a.sort(reverse=True)
        print(*a)
",False,False,0,0.0
1790B,4,"['for loop', 'if statement', 'recursion', 'while loop']","['for loop', 'tuple']","['while loop', 'for loop', 'if statement', 'misc', 'tuple']","import sys

def solve():
    input = input()
    input = [line.strip() for line in input]
    input = input[1:]
    for line in input:
        n, s, r = map(int, line.split())
        a = [1] * (n - 1) + [s - r - (n - 1)]
        print(*a)
",False,False,0,0.0
1790A,0,['this is the og problem'],"['for loop', 'if statement', 'break statement']","['for loop', 'if statement', 'break statement', 'while loop', 'pass statement', 'misc']","import math

def solve():
    pi = str(math.pi)
    for _ in range(int(input())):
        s = input()
        count = 0
        for i in range(len(s)):
            if s[i] == pi[i]:
                count += 1
            else:
                break
        print(count)
",False,True,0,0.0
1790A,1,['break statement'],"['for loop', 'if statement', 'break statement']","['for loop', 'if statement', 'break statement', 'while loop', 'pass statement', 'misc']","import math

def solve():
    pi = str(math.pi)
    t = int(input())
    for _ in range(t):
        n = input()
        for i in range(len(n)):
            if n[i]!= pi[i]:
                print(i)
                break
        else:
            print(len(n))
",False,False,0,0.0
1790A,2,"['break statement', 'for loop']","['if statement', 'for loop', 'break statement']","['for loop', 'if statement', 'break statement', 'while loop', 'pass statement', 'misc']","import math

def solve():
    pi = str(math.pi)
    t = int(input())
    for _ in range(t):
        n = input()
        for i in range(len(n)):
            if n[i]!= pi[i]:
                print(i)
                break
        else:
            print(len(n))
",False,False,0,0.0
1790A,3,"['break statement', 'for loop', 'recursion']","['for loop', 'if statement', 'break statement']","['for loop', 'if statement', 'break statement', 'while loop', 'pass statement', 'misc']","import math

def solve():
    pi = str(math.pi)
    for _ in range(int(input())):
        s = input()
        count = 0
        for i in range(len(s)):
            if s[i]!= pi[i]:
                break
            count += 1
        print(count)
",False,False,0,0.0
1790A,4,"['break statement', 'for loop', 'recursion', 'while loop']","['for loop', 'if statement', 'break statement']","['for loop', 'if statement', 'break statement', 'while loop', 'pass statement', 'misc']","import math

def solve():
    pi = str(math.pi)
    for _ in range(int(input())):
        s = input()
        count = 0
        for i in range(len(s)):
            if s[i]!= pi[i]:
                break
            count += 1
        print(count)
",False,False,0,0.0
1790A,5,"['break statement', 'for loop', 'recursion', 'while loop', 'if statement']","['if statement', 'for loop']","['for loop', 'if statement', 'break statement', 'while loop', 'pass statement', 'misc']","import math

def solve():
    pi = str(math.pi).replace("" "","" "")
    t = int(input())
    for _ in range(t):
        n = input()
        for i in range(len(n)):
            if n[i]!= pi[i]:
                print(i)
                break
        else:
            print(len(n))
",False,False,0,0.0
1789B,0,['this is the og problem'],"['if statement', 'for loop']","['for loop', 'if statement', 'break statement', 'continue statement', 'while loop', 'two pointers', 'matrix operation', 'misc']","import sys

def solve():
    t = int(input())
    for _ in range(t):
        n = int(input())
        s = input()
        if n % 2 == 1:
            if s[:n//2] == s[n//2+1:][::-1]:
                print(""Yes"")
            else:
                print(""No"")
        else:
            if s[:n//2] == s[n//2:][::-1]:
                print(""Yes"")
            else:
                print(""No"")
",False,True,0,0.0
1789B,1,['for loop'],"['if statement', 'for loop', 'continue statement', 'while loop', 'break statement', 'two pointers']","['for loop', 'if statement', 'break statement', 'continue statement', 'while loop', 'two pointers', 'matrix operation', 'misc']","import sys

def solve():
    t = int(input())
    for _ in range(t):
        n = int(input())
        s = input()
        if n % 2 == 1:
            print(""No"")
            continue
        l = 0
        r = n - 1
        while l < r:
            if s[l]!= s[r]:
                print(""No"")
                break
            l += 1
            r -= 1
        else:
            print(""Yes"")
",False,False,0,0.0
1789B,2,"['for loop', 'set']","['for loop', 'while loop', 'if statement', 'two pointers']","['for loop', 'if statement', 'break statement', 'continue statement', 'while loop', 'two pointers', 'matrix operation', 'misc']","def solve():
    t = int(input())
    for _ in range(t):
        n = int(input())
        s = input()
        l, r = 0, n - 1
        while l < r:
            if s[l]!= s[r]:
                l += 1
                r -= 1
            else:
                break
        if l >= r:
            print(""Yes"")
        else:
            print(""No"")
",False,False,0,0.0
1789B,3,"['for loop', 'set', 'if statement']",['if statement'],"['for loop', 'if statement', 'break statement', 'continue statement', 'while loop', 'two pointers', 'matrix operation', 'misc']","def solve():
    n = int(input())
    s = input()
    if n % 2 == 0:
        return ""Yes"" if s[:n//2] == s[n//2:][::-1] else ""No""
    else:
        return ""Yes"" if s[:n//2] == s[n//2+1:][::-1] else ""No""
",False,False,0,0.0
1789B,4,"['for loop', 'set', 'if statement', 'matrix operation']","['for loop', 'while loop', 'if statement', 'two pointers', 'misc']","['for loop', 'if statement', 'break statement', 'continue statement', 'while loop', 'two pointers', 'matrix operation', 'misc']","def solve():
    t = int(input())
    for _ in range(t):
        n = int(input())
        s = input()
        l, r = 0, n - 1
        while l < r:
            if s[l]!= s[r]:
                l += 1
                r -= 1
            else:
                break
        if l >= r:
            print(""Yes"")
        else:
            print(""No"")
",False,False,0,0.0
1789A,0,['this is the og problem'],"['for loop', 'if statement', 'sorting', 'misc']","['for loop', 'if statement', 'misc', 'sorting', 'break statement', 'matrix operation', 'while loop', 'hashmap', 'tuple']","import math
from functools import reduce

def solve():
    t = int(input())
    for _ in range(t):
        n = int(input())
        a = list(map(int, input().split()))
        a.sort()
        if reduce(math.gcd, a[:2]) <= 2:
            print(""Yes"")
        elif 1 in a:
            print(""Yes"")
        else:
            print(""No"")
",False,True,0,0.0
1789A,1,['for loop'],"['for loop', 'if statement', 'continue statement', 'sorting']","['for loop', 'if statement', 'misc', 'sorting', 'break statement', 'matrix operation', 'while loop', 'hashmap', 'tuple']","import math
from functools import reduce

def solve():
    t = int(input())
    for _ in range(t):
        n = int(input())
        a = list(map(int, input().split()))
        a.sort()
        if a[0] == 1:
            print(""Yes"")
            continue
        if reduce(math.gcd, a) <= 2:
            print(""Yes"")
            continue
        if any(reduce(math.gcd, a[i:]) <= len(a[i:]) for i in range(1, n)):
            print(""Yes"")
            continue
        print(""No"")
",False,False,1,0.25
1789A,2,"['for loop', 'if statement']",['for loop'],"['for loop', 'if statement', 'misc', 'sorting', 'break statement', 'matrix operation', 'while loop', 'hashmap', 'tuple']","import math
import itertools

def solve():
    t = int(input())
    for _ in range(t):
        n = int(input())
        a = list(map(int, input().split()))
        b = [x for x in a if x == 1]
        if len(b) >= 2:
            print(""Yes"")
            continue
        for x, y in itertools.combinations(a, 2):
            if math.gcd(x, y) <= 2:
                print(""Yes"")
                break
        else:
            print(""No"")
",True,False,0,0.0
1789A,3,"['for loop', 'if statement', 'while loop']",['for loop'],"['for loop', 'if statement', 'misc', 'sorting', 'break statement', 'matrix operation', 'while loop', 'hashmap', 'tuple']","import math
import functools
import operator

def solve():
    t = int(input())
    for _ in range(t):
        n = int(input())
        a = list(map(int, input().split()))
        a.sort()
        if n == 2:
            print(""Yes"" if math.gcd(a[0], a[1]) <= n else ""No"")
            continue
        b = [a[0]]
        for i in range(1, n):
            b.append(functools.reduce(operator.mul, b[-i:]))
        print(""Yes"" if all(math.gcd(b[i], b[i+1]) <= i+1 for i in range(n-1)) else ""No"")
",False,False,0,0.0
1789A,4,"['for loop', 'if statement', 'while loop', 'tuple']","['for loop', 'if statement', 'break statement', 'tuple']","['for loop', 'if statement', 'misc', 'sorting', 'break statement', 'matrix operation', 'while loop', 'hashmap', 'tuple']","import math
import functools
import itertools

def solve():
    t = int(input())
    for _ in range(t):
        n = int(input())
        a = list(map(int, input().split()))
        for p in itertools.permutations(a):
            ok = True
            for i in range(2, n + 1):
                if math.gcd(*p[:i]) > i:
                    ok = False
                    break
            if ok:
                print(""Yes"")
                break
        else:
            print(""No"")
",True,False,0,0.0
1788A,0,['this is the og problem'],"['for loop', 'if statement', 'break statement']","['for loop', 'if statement', 'continue statement', 'break statement', 'while loop', 'misc', 'dictionary', 'matrix operation', 'hashmap', 'tuple']","import math

def solve():
    t = int(input())
    for _ in range(t):
        n = int(input())
        a = list(map(int, input().split()))
        for k in range(1, n):
            if math.prod(a[:k]) == math.prod(a[k:]):
                print(k)
                break
        else:
            print(-1)
",True,True,0,0.0
1788A,1,['matrix operation'],"['for loop', 'if statement', 'break statement', 'matrix operation']","['for loop', 'if statement', 'continue statement', 'break statement', 'while loop', 'misc', 'dictionary', 'matrix operation', 'hashmap', 'tuple']","import sys
from math import prod

def solve():
    t = int(input())
    for _ in range(t):
        n = int(input())
        a = list(map(int, input().split()))
        for k in range(1, n):
            if prod(a[:k]) == prod(a[k:]):
                print(k)
                break
        else:
            print(-1)
",True,False,0,0.0
1788A,2,"['matrix operation', 'if statement']","['for loop', 'if statement', 'break statement', 'matrix operation']","['for loop', 'if statement', 'continue statement', 'break statement', 'while loop', 'misc', 'dictionary', 'matrix operation', 'hashmap', 'tuple']","import math

def solve():
    t = int(input())
    for _ in range(t):
        n = int(input())
        a = list(map(int, input().split()))
        k = -1
        for i in range(n - 1):
            if math.prod(a[:i + 1]) == math.prod(a[i + 1:]):
                k = i + 1
                break
        print(k)
",True,False,0,0.0
1788A,3,"['matrix operation', 'if statement', 'for loop']","['for loop', 'if statement', 'break statement', 'matrix operation']","['for loop', 'if statement', 'continue statement', 'break statement', 'while loop', 'misc', 'dictionary', 'matrix operation', 'hashmap', 'tuple']","import math

def solve():
    t = int(input())
    for _ in range(t):
        n = int(input())
        a = list(map(int, input().split()))
        k = -1
        for i in range(n - 1):
            if math.prod(a[:i + 1]) == math.prod(a[i + 1:]):
                k = i + 1
                break
        print(k)
",True,False,0,0.0
1788A,4,"['matrix operation', 'if statement', 'for loop', 'break statement']","['for loop', 'if statement', 'break statement']","['for loop', 'if statement', 'continue statement', 'break statement', 'while loop', 'misc', 'dictionary', 'matrix operation', 'hashmap', 'tuple']","import math

def solve():
    t = int(input())
    for _ in range(t):
        n = int(input())
        a = list(map(int, input().split()))
        k = -1
        for i in range(n - 1):
            if math.prod(a[:i + 1]) == math.prod(a[i + 1:]):
                k = i + 1
                break
        print(k)
",True,False,0,0.0
1787A,0,['this is the og problem'],"['for loop', 'if statement', 'misc']","['for loop', 'if statement', 'tuple', 'while loop']","import math

def solve():
    n = int(input())
    for x in range(1, n + 1):
        for y in range(x, n + 1):
            if x ** y * y + y ** x * x == n:
                return f""{x} {y}""
    return -1
",True,True,1,0.3333333333333333
1787A,1,['if statement'],"['for loop', 'if statement', 'matrix operation']","['for loop', 'if statement', 'tuple', 'while loop']","import math

def solve():
    n = int(input())
    for x in range(1, n + 1):
        for y in range(x, n + 1):
            if x ** y * y + y ** x * x == n:
                return f""{x} {y}""
    return -1
",True,False,1,0.3333333333333333
1787A,2,"['if statement', 'for loop']","['for loop', 'if statement', 'misc']","['for loop', 'if statement', 'tuple', 'while loop']","import math

def solve():
    n = int(input())
    for x in range(1, int(math.sqrt(n)) + 1):
        y = round((n / (x ** (x + x ** (1 / x)))
        if x ** y * y + y ** x * x == n:
            return f""{x} {y}""
    return -1
",False,False,1,0.3333333333333333
1787A,3,"['if statement', 'for loop', 'tuple']","['if statement', 'for loop']","['for loop', 'if statement', 'tuple', 'while loop']","import math

def solve():
    n = int(input())
    for x in range(1, n + 1):
        y = round((n / (x ** x + x ** (1 / x)))
        if x ** y * y + y ** x * x == n:
            return f""{x} {y}""
    return -1
",False,False,0,0.0
1787A,4,"['if statement', 'for loop', 'tuple', 'matrix operation']","['if statement', 'for loop']","['for loop', 'if statement', 'tuple', 'while loop']","import math

def solve():
    n = int(input())
    for x in range(1, n + 1):
        y = round((n / (x ** x + x ** (1 / x)))
        if x ** y * y + y ** x * x == n:
            return f""{x} {y}""
    return -1
",False,False,0,0.0
1787A,5,"['if statement', 'for loop', 'tuple', 'matrix operation', 'while loop']","['for loop', 'if statement', 'break statement']","['for loop', 'if statement', 'tuple', 'while loop']","import math

def solve():
    t = int(input())
    for _ in range(t):
        n = int(input())
        for x in range(1, n+1):
            y = round((n - x**x) / x)
            if x**y * y + y**x * x == n and  1 <= y <= n:
                print(x, y)
                break
        else:
            print(-1)
",False,False,1,0.3333333333333333
1786A2,0,['this is the og problem'],"['if statement', 'for loop']","['if statement', 'while loop', 'for loop', 'break statement', 'misc', 'matrix operation']","import math

def solve():
    t = int(input())
    for _ in range(t):
        n = int(input())
        white_alice = math.ceil(n / 4) if n % 4 == 0 else math.ceil(n / 4) - 1
        black_alice = math.floor(n / 4) if n % 4 == 0 else math.floor(n / 4)
        white_bob = math.floor(n / 4) if n % 4 == 0 else math.floor(n / 4) - 1
        black_bob = math.ceil(n / 4) if n % 4 == 0 else math.ceil(n / 4) - 1
        print(f""{white_alice} {black_alice} {white_bob} {black_bob}"")
",False,True,0,0.0
1786A2,1,['if statement'],['for loop'],"['if statement', 'while loop', 'for loop', 'break statement', 'misc', 'matrix operation']","import math

def solve():
    t = int(input())
    for _ in range(t):
        n = int(input())
        white_alice = math.ceil(n / 4) if n % 4 == 0 else math.ceil(n / 4) + (n % 4 == 1)
        black_alice = math.floor(n / 4) if n % 4 == 0 else math.floor(n / 4) + (n % 4 == 2 or n % 4 == 3)
        white_bob = math.floor(n / 4) if n % 4 == 0 else math.floor(n / 4) + (n % 4 ==\   or n %\ 4 ==\ 2)
        black_bob = math.ceil(n / 4) if n %\,4 ==\,0 else math.ceil(n /\,4) + (n %\,4 ==\,1 or n %\,4 ==\,3)
        print(f""{white_alice} {black_alice} {white_bob} {black_bob}"")
",False,True,0,0.0
1786A2,2,"['if statement', 'for loop']",['for loop'],"['if statement', 'while loop', 'for loop', 'break statement', 'misc', 'matrix operation']","import math

def solve():
    t = int(input())
    for _ in range(t):
        n = int(input())
        white_alice = math.ceil(n / 4) if n % 4 == 1 else n // 4
        black_alice = n // 4 if n % 4 == 0 else math.ceil(n / 4)
        white_bob = math.ceil(n / 4) if n % 4 == 3 else n // 4
        black_bob = n // 4 if n % 4 == 2 else math.ceil(n / 4)
        print(f""{white_alice} {black_alice} {white_bob} {black_bob}"")
",False,False,0,0.0
1786A1,0,['this is the og problem'],"['if statement', 'for loop', 'while loop']","['for loop', 'if statement', 'while loop', 'misc', 'break statement', 'dictionary', 'tuple']","import math

def solve():
    t = int(input())
    for _ in range(t):
        n = int(input())
        a, b = 0, 0
        i = 1
        while n > 0:
            x = min(i, n)
            if i % 3 == 1:
                a += x
            else:
                b += x
            n -= x
            i += 1
        print(a, b)
",False,True,0,0.0
1786A1,1,['if statement'],['for loop'],"['for loop', 'if statement', 'while loop', 'misc', 'break statement', 'dictionary', 'tuple']","import math

def solve():
    t = int(input())
    for _ in range(t):
        n = int(input())
        a = math.ceil(n / 2)
        b = n - a
        print(a, b)
",False,True,0,0.0
1786A1,2,"['if statement', 'for loop']",['if statement'],"['for loop', 'if statement', 'while loop', 'misc', 'break statement', 'dictionary', 'tuple']","import math

def solve():
    n = int(input())
    alice = math.ceil(n / 2)
    bob = n - alice
    return f""{alice} {bob}""
",False,False,0,0.0
1786A1,3,"['if statement', 'for loop', 'while loop']","['if statement', 'misc']","['for loop', 'if statement', 'while loop', 'misc', 'break statement', 'dictionary', 'tuple']","import math

def solve():
    n = int(input())
    a = math.ceil(n / 2)
    b = n - a
    return f""{a} {b}""
",False,False,0,0.0
1786A1,4,"['if statement', 'for loop', 'while loop', 'tuple']",['for loop'],"['for loop', 'if statement', 'while loop', 'misc', 'break statement', 'dictionary', 'tuple']","import math

def solve():
    n = int(input())
    alice = math.ceil(n / 2)
    bob = n - alice
    print(alice, bob)
",False,False,0,0.0
1783A,0,['this is the og problem'],"['for loop', 'if statement', 'sorting']","['for loop', 'if statement', 'set', 'sorting', 'tuple', 'hashmap', 'stack', 'misc']","import sys
input = sys.stdin.readline

def solve():
    t = int(input())
    for _ in range(t):
        n = int(input())
        a = list(map(int, input().split()))
        a.sort()
        if a[0] == a[-1]:
            print(""NO"")
        else:
            print(""YES"")
            print(*a[::-1])

",False,True,0,0.0
1783A,1,['sorting'],"['for loop', 'if statement', 'sorting', 'tuple']","['for loop', 'if statement', 'set', 'sorting', 'tuple', 'hashmap', 'stack', 'misc']","import sys
input = sys.stdin.readline

def solve():
    t = int(input())
    for _ in range(t):
        n = int(input())
        a = list(map(int, input().split()))
        a.sort()
        if a[0] == a[1]:
            print(""NO"")
        else:
            print(""YES"")
            print(*a[::-1])

",False,False,0,0.0
1783A,2,"['sorting', 'if statement']","['for loop', 'if statement', 'sorting']","['for loop', 'if statement', 'set', 'sorting', 'tuple', 'hashmap', 'stack', 'misc']","import sys
input = sys.stdin.readline

def solve():
    t = int(input())
    for _ in range(t):
        n = int(input())
        a = list(map(int, input().split()))
        a.sort()
        if a[0] == a[1]:
            print(""NO"")
        else:
            print(""YES"")
            print(*a)

",False,False,0,0.0
1783A,3,"['sorting', 'if statement', 'for loop']",['for loop'],"['for loop', 'if statement', 'set', 'sorting', 'tuple', 'hashmap', 'stack', 'misc']","from itertools import permutations

def solve():
    t = int(input())
    for _ in range(t):
        n = int(input())
        a = list(map(int, input().split()))
        for p in permutations(a):
            flag = True
            for i in range(1, n):
                if p[i] == sum(p[:i]):
                    flag = False
                    break
            if flag:
                print(""YES"")
                print(*p)
                break
        else:
            print(""NO"")
",False,False,0,0.0
1783A,4,"['sorting', 'if statement', 'for loop', 'tuple']","['if statement', 'for loop']","['for loop', 'if statement', 'set', 'sorting', 'tuple', 'hashmap', 'stack', 'misc']","import sys
input = sys.stdin.readline

def solve():
    t = int(input())
    for _ in range(t):
        n = int(input())
        a = list(map(int, input().split()))
        a.sort(reverse=True)
        for i in range(1, n):
            if a[i] == sum(a[:i]):
                a[i], a[i - 1] = a[i - 1], a[i]
                break
        if a[-1] == sum(a[:-1]):
            print(""NO"")
        else:
            print(""YES"")
            print(*a)

",False,False,0,0.0
1781A,0,['this is the og problem'],"['tuple', 'minimax']","['if statement', 'for loop', 'tuple', 'matrix operation', 'while loop', 'misc']","import math

def solve():
    w, d, h = map(int, input().split())
    a, b, f, g = map(int, input().split())
    ans = min(
        w - a + f + abs(b - g) + h,
        w - a + d - b + abs(f - a) + h,
        a + abs(b - g) + abs(w - f) + h,
        a + d - b + abs(f - a) + h,
        abs(a - f) + b + abs(d - g) + h,
        abs(a - f) + d - g + abs(b - g) + h,
        w - f + abs(a - f) + abs(b - g) + h,
        w - f + abs(a - f) + d - g + abs(b - g) + h
    )
    return ans
",False,True,1,0.5
1781A,1,['if statement'],['if statement'],"['if statement', 'for loop', 'tuple', 'matrix operation', 'while loop', 'misc']","import math

def solve():
    w, d, h = map(int, input().split())
    a, b, f, g = map(int, input().split())
    ans = h + min(abs(a-f) + min(b, g, d-g, w-a, w-f)
    if a + b <= f + g:
        ans += min(a + b, f + g)
    else:
        ans += min(a + d - b, f + w - g)
    print(ans)
",False,False,0,0.0
1781A,2,"['if statement', 'tuple']",['for loop'],"['if statement', 'for loop', 'tuple', 'matrix operation', 'while loop', 'misc']","import math

def solve():
    w, d, h = map(int, input().split())
    a, b, f, g = map(int, input().split())
    ans = h + min(abs(a-f) + min(b, g, d-g, w-f, w-a)
    if a + b <= f + g:
        ans += min(a, f) + min(b, g)
    else:
        ans += min(a, w-f) + min(d-b, d-g)
    return ans

",False,True,0,0.0
1781A,3,"['if statement', 'tuple', 'matrix operation']",['for loop'],"['if statement', 'for loop', 'tuple', 'matrix operation', 'while loop', 'misc']","import math

def solve():
    w, d, h = map(int, input().split())
    a, b, f, g = map(int, input().split())
    ans = h + min(abs(a-f) + min(b, g, d-g) + min(w-a, f) + min(d-b, g)
    print(ans)
",False,True,0,0.0
1781A,4,"['if statement', 'tuple', 'matrix operation', 'for loop']",['for loop'],"['if statement', 'for loop', 'tuple', 'matrix operation', 'while loop', 'misc']","import math

def solve():
    w, d, h = map(int, input().split())
    a, b, f, g = map(int, input().split())
    ans = h + min(abs(a-f) + min(abs(b-g), w-min(a, f)) + min(abs(b-g), d-min(b, g))
    return ans
",False,False,0,0.0
1781A,5,"['if statement', 'tuple', 'matrix operation', 'for loop', 'while loop']","['for loop', 'if statement', 'tuple']","['if statement', 'for loop', 'tuple', 'matrix operation', 'while loop', 'misc']","import math

def solve():
    t = int(input())
    for _ in range(t):
        w, d, h = map(int, input().split())
        a, b, f, g = map(int, input().split())
        ans = h + min(abs(a-f) + min(abs(b-g), abs(b+d-g), abs(a+w-f), abs(a+w-b+d-g))
        print(ans)
",False,False,0,0.0
1780A,0,['this is the og problem'],"['for loop', 'if statement']","['for loop', 'if statement', 'tuple', 'while loop', 'matrix operation', 'hashmap', 'continue statement', 'recursion', 'misc', 'break statement']","import sys
import math
from collections import defaultdict, deque, Counter
from heapq import heappush, heappop, heapify, nlargest, nsmallest
from bisect import bisect_left, bisect_right
from itertools import accumulate, combinations, permutations, count, product

def solve():
    t = int(input())
    for _ in range(t):
        n = int(input())
        a = list(map(int, input().split()))
        odd = []
        even = []
        for i, x in enumerate(a):
            if x % 2:
                odd.append(i + 1)
            else:
                even.append(i + 1)
        if len(odd) >= 3:
            print(""YES"")
            print(*odd[:3])
        elif len(odd) >= 1 and len(even) >= 2:
            print(""YES"")
            print(odd[0], even[0], even[1])
        else:
            print(""NO"")
",False,True,0,0.0
1780A,1,['for loop'],"['if statement', 'for loop']","['for loop', 'if statement', 'tuple', 'while loop', 'matrix operation', 'hashmap', 'continue statement', 'recursion', 'misc', 'break statement']","import sys
import math
from collections import defaultdict
from bisect import bisect

def solve():
    t = int(input())
    for _ in range(t):
        n = int(input())
        a = list(map(int, input().split()))
        odd = []
        even = []
        for i, num in enumerate(a):
            if num % 2 == 0:
                even.append(i + 1)
            else:
                odd.append(i +\1)
        if len(odd) >=\3:
            print(""YES"")
            print(odd[0], odd[1], odd[2])
        elif len(odd) >=\1 and len(even) >=\2:
            print(""YES"")
            print(odd[0], even[0], even[1])
        else:
            print(""NO"")
",False,False,0,0.0
1780A,2,"['for loop', 'while loop']","['if statement', 'for loop']","['for loop', 'if statement', 'tuple', 'while loop', 'matrix operation', 'hashmap', 'continue statement', 'recursion', 'misc', 'break statement']","import sys
import math

def solve():
    input = sys.stdin.readline
    t = int(input())
    for _ in range(t):
        n = int(input())
        a = list(map(int, input().split()))
        odd = []
        even = []
        for i, num in enumerate(a, 1):
            if num % 2 == 0:
                even.append(i)
            else:
                odd.append(i)
        if len(odd) >= 3:
            print(""YES"")
            print(odd[0], odd[1], odd[2])
        elif len(odd) >= 1 and len(even) >= 2:
            print(""YES"")
            print(odd[0], even[0], even[1])
        else:
            print(""NO"")
",False,False,0,0.0
1780A,3,"['for loop', 'while loop', 'tuple']",['for loop'],"['for loop', 'if statement', 'tuple', 'while loop', 'matrix operation', 'hashmap', 'continue statement', 'recursion', 'misc', 'break statement']","import sys

def solve():
    t = int(input())
    for _ in range(t):
        n = int(input())
        a = list(map(int, input().split()))
        odd = [i for i, x in enumerate(a,   if x % 2]
        even = [i for i, x in enumerate(a) if x % 2 == 0]
        if len(odd) >= 3:
            print(""YES"")
            print(odd[0] + 1, odd[1] +\   1, odd[2] +\  1)
        elif len(odd) >=\  1 and len(even) >=\ 2:
            print(""YES"")
            print(odd[0] +\u20001, even[0] +\u20001, even[1] +\u20001)
        else:
            print(""NO"")
",False,False,0,0.0
1780A,4,"['for loop', 'while loop', 'tuple', 'recursion']","['for loop', 'if statement']","['for loop', 'if statement', 'tuple', 'while loop', 'matrix operation', 'hashmap', 'continue statement', 'recursion', 'misc', 'break statement']","import sys

def solve():
    t = int(input())
    for _ in range(t):
        n = int(input())
        a = list(map(int, input().split()))
        odd = [i for i, x in enumerate(a,   if x % 2]
        if len(odd) >= 3:
            print(""YES"")
            print(odd[0] + 1, odd[1] +\n1, odd[2] +\n1)
        else:
            print(""NO"")
",False,False,0,0.0
1780A,5,"['for loop', 'while loop', 'tuple', 'recursion', 'if statement']","['for loop', 'if statement']","['for loop', 'if statement', 'tuple', 'while loop', 'matrix operation', 'hashmap', 'continue statement', 'recursion', 'misc', 'break statement']","import sys

def solve():
    t = int(input())
    for _ in range(t):
        n = int(input())
        a = list(map(int, input().split()))
        odd = [i for i, x in enumerate(a,   if x % 2!= 0)]
        if len(odd) >= 3:
            print(""YES"")
            print(odd[0] + 1, odd[1] +\n1, odd[2] +\n1)
        else:
            print(""NO"")

",False,False,0,0.0
1779A,0,['this is the og problem'],"['if statement', 'for loop', 'break statement']","['for loop', 'if statement', 'set', 'dictionary', 'while loop', 'continue statement', 'break statement']","import sys
input = sys.stdin.readline

def solve():
    t = int(input())
    for _ in range(t):
        n = int(input())
        s = input().strip()
        if n == 2 and s == ""LL"" or s == ""RR"":
            print(-1)
        else:
            for i in range(n - 1):
                if s[i] == 'L' and s[i + 1] == 'R':
                    print(i + 1)
                    break
            else:
                print(0)

",False,True,0,0.0
1779A,1,['if statement'],"['for loop', 'if statement', 'break statement']","['for loop', 'if statement', 'set', 'dictionary', 'while loop', 'continue statement', 'break statement']","import sys
input = sys.stdin.readline

def solve():
    t = int(input())
    for _ in range(t):
        n = int(input())
        s = input().strip()
        ans = -1
        for i in range(n - 1):
            if s[i] == 'L' and s[i + 1] == 'R':
                ans = 0
                break
            elif s[i] == 'R' and s[i + 1] == 'L':
                ans = i + 1
                break
        print(ans)
        input()

",False,False,0,0.0
1779A,2,"['if statement', 'for loop']","['if statement', 'for loop', 'while loop', 'break statement']","['for loop', 'if statement', 'set', 'dictionary', 'while loop', 'continue statement', 'break statement']","def solve():
    t = int(input())
    for _ in range(t):
        n = int(input())
        s = input()
        if n == 2 and s in [""LL"", ""RR""]:
            print(-1)
        else:
            i = 0
            while i < n - 1:
                if s[i] == 'L' and s[i + 1] == 'R':
                    print(i + 1)
                    break
                i += 1
            else:
                print(0)
",False,False,0,0.0
1779A,3,"['if statement', 'for loop', 'while loop']","['if statement', 'for loop']","['for loop', 'if statement', 'set', 'dictionary', 'while loop', 'continue statement', 'break statement']","import re

def solve():
    t = int(input())
    for _ in range(t):
        n = int(input())
        s = input()
        if re.match(r""^R.*L$"", s):
            print(-1)
        elif re.match(r""^L.*R$"", s):
            print(0)
        else:
            print(s.find(""RL"") + 1)
",False,False,0,0.0
1778A,0,['this is the og problem'],"['for loop', 'if statement']","['for loop', 'if statement', 'break statement', 'tuple', 'misc', 'matrix operation', 'continue statement', 'hashmap', 'dictionary', 'while loop']","import sys

def solve():
    t = int(input())
    for _ in range(t):
        n = int(input())
        a = list(map(int, input().split()))
        neg = sum(1 for x in a if x < 0)
        print(n - neg + (neg % 2) * 2 - 1)
",False,True,0,0.0
1778A,1,['for loop'],"['for loop', 'if statement']","['for loop', 'if statement', 'break statement', 'tuple', 'misc', 'matrix operation', 'continue statement', 'hashmap', 'dictionary', 'while loop']","import sys
import math

def solve():
    t = int(input())
    for _ in range(t):
        n = int(input())
        a = list(map(int, input().split()))
        neg = sum(1 for x in a if x < 0)
        print(sum(a) + min(neg % 2, 1) * -2)
",False,False,0,0.0
1778A,2,"['for loop', 'tuple']","['if statement', 'for loop', 'misc']","['for loop', 'if statement', 'break statement', 'tuple', 'misc', 'matrix operation', 'continue statement', 'hashmap', 'dictionary', 'while loop']","import sys

def solve():
    t = int(input())
    for _ in range(t):
        n = int(input())
        a = list(map(int, input().split()))
        neg = sum(1 for x in a if x < 0)
        print(n - neg + (neg % 2 == 1))

",False,False,0,0.0
1778A,3,"['for loop', 'tuple', 'while loop']","['if statement', 'for loop', 'misc']","['for loop', 'if statement', 'break statement', 'tuple', 'misc', 'matrix operation', 'continue statement', 'hashmap', 'dictionary', 'while loop']","import sys
input = sys.stdin.readline

def solve():
    t = int(input())
    for _ in range(t):
        n = int(input())
        a = list(map(int, input().split()))
        neg = sum(1 for x in a if x < 0)
        pos = n - neg
        if neg % 2 == 0:
            print(pos - neg)
        else:
            print(pos - neg + 2)
",False,False,0,0.0
1778A,4,"['for loop', 'tuple', 'while loop', 'hashmap']","['for loop', 'if statement']","['for loop', 'if statement', 'break statement', 'tuple', 'misc', 'matrix operation', 'continue statement', 'hashmap', 'dictionary', 'while loop']","import sys

def solve():
    t = int(input())
    for _ in range(t):
        n = int(input())
        a = list(map(int, input().split()))
        neg = sum(1 for x in a if x < 0)
        print(n - neg if neg % 2 == 1 else n - neg + 2)
",False,False,0,0.0
1778A,5,"['for loop', 'tuple', 'while loop', 'hashmap', 'if statement']",['for loop'],"['for loop', 'if statement', 'break statement', 'tuple', 'misc', 'matrix operation', 'continue statement', 'hashmap', 'dictionary', 'while loop']","import sys

def solve():
    input_lines = input()
    t = int(input_lines[0].strip())
    index = 1
    for _ in range(t):
        n = int(input_lines[index].strip())
        index += 1
        a = list(map(int, input_lines[index].strip().split()))
        index += 1
        neg = sum(1 for x in a if x == -1)
        pos = n - neg
        if neg % 2 == 0:
            print(pos - neg)
        else:
            print(pos - neg + 2)
",False,False,0,0.0
1777A,0,['this is the og problem'],"['for loop', 'while loop', 'if statement']","['while loop', 'for loop', 'if statement', 'tuple', 'matrix operation']","import sys

def solve():
    t = int(input())
    for _ in range(t):
        n = int(input())
        a = list(map(int, input().split()))
        res = 0
        i = 0
        while i < n - 1:
            if a[i] % 2 == a[i + 1] % 2:
                res += 1
                a[i + 1] *= a[i]
                a.pop(i)
                n -= 1
            else:
                i += 1
        print(res)
",True,True,0,0.0
1777A,1,['if statement'],['for loop'],"['while loop', 'for loop', 'if statement', 'tuple', 'matrix operation']","import sys
from collections import deque

def solve():
    t = int(input())
    for _ in range(t):
        n = int(input())
        a = list(map(int, input().split()))
        q = deque()
        for x in a:
            if q and q[-1] % 2 == x % 2:
                q.pop()
                q.append(x * q[-1])
            else:
                q.append(x)
        print(n - len(q))
",False,True,0,0.0
1777A,2,"['if statement', 'matrix operation']","['for loop', 'if statement', 'queue', 'stack']","['while loop', 'for loop', 'if statement', 'tuple', 'matrix operation']","import sys
from collections import deque

def solve():
    input = sys.stdin.readline
    t = int(input().strip())
    for _ in range(t):
        n = int(input().strip())
        a = list(map(int, input().strip().split()))
        q = deque()
        for i in a:
            if q and q[-1] % 2 == i % 2:
                q.pop()
                q.append(i * q[-1])
            else:
                q.append(i)
        print(len(a) - len(q))
",False,False,2,0.5
1777A,3,"['if statement', 'matrix operation', 'for loop']",['for loop'],"['while loop', 'for loop', 'if statement', 'tuple', 'matrix operation']","import sys

def solve():
    input = sys.stdin.readline
    t = int(input.strip())
    for _ in range(t):
        n = int(input().strip())
        a = list(map(int, input().strip().split()))
        res = 0
        i = 0
        while i < n - 1:
            if (a[i] % 2) == (a[i + 1] % 2):
                res += 1
                a[i + 1] *= a[i]
                a.pop(i)
                n -= 1
            else:
                i += 1
        print(res)

",False,False,0,0.0
1777A,4,"['if statement', 'matrix operation', 'for loop', 'tuple']",['for loop'],"['while loop', 'for loop', 'if statement', 'tuple', 'matrix operation']","import sys

def solve():
    input = sys.stdin.readline
    t = int(input.strip())
    for _ in range(t):
        n = int(input().strip())
        a = list(map(int, input().strip().split()))
        res = 0
        i = 0
        while i < n - 1:
            if a[i] % 2 == a[i + 1] % 2:
                res += 1
                a[i + 1] *= a[i]
                a.pop(i)
                n -= 1
            else:
                i += 1
        print(res)

",False,False,0,0.0
1777A,5,"['if statement', 'matrix operation', 'for loop', 'tuple', 'break statement']","['for loop', 'if statement']","['while loop', 'for loop', 'if statement', 'tuple', 'matrix operation']","import sys
import math

def solve():
    input = sys.stdin.readline
    t = int(input())
    for _ in range(t):
        n = int(input())
        a = list(map(int,input().split()))
        ans =       res = 0
        for i in range(n - 1):
            if (a[i] % 2 == a[i + 1] % 2):
                res += 1
        print(res)
",False,False,0,0.0
1776A,0,['this is the og problem'],"['for loop', 'if statement', 'break statement', 'sorting']","['for loop', 'if statement', 'while loop', 'tuple', 'matrix operation', 'break statement']","import sys
input = sys.stdin.readline

def solve():
    t = int(input())
    for _ in range(t):
        n = int(input())
        a = list(map(int, input().split()))
        a.sort()
        flag = False
        for i in range(n - 1):
            if a[i + 1] - a[i] >= 120:
                flag = True
                break
        print(""YES"" if flag else ""NO"")

",False,True,1,0.25
1776A,1,['if statement'],"['if statement', 'for loop', 'sorting']","['for loop', 'if statement', 'while loop', 'tuple', 'matrix operation', 'break statement']","import sys
input = sys.stdin.readline

def solve():
    t = int(input())
    for _ in range(t):
        n = int(input())
        a = list(map(int, input().split()))
        a.sort()
        a = [0] + a + [1440]
        flag = False
        for i in range(1, n + 2):
            if a[i] - a[i - 1] >= 240:
                flag = True
                break
        print(""YES"" if flag else ""NO"")

",False,False,1,0.3333333333333333
1776A,2,"['if statement', 'for loop']","['if statement', 'for loop', 'break statement', 'sorting']","['for loop', 'if statement', 'while loop', 'tuple', 'matrix operation', 'break statement']","import sys
input = sys.stdin.readline

def solve():
    t = int(input())
    for _ in range(t):
        n = int(input())
        a = list(map(int, input().split()))
        a.sort()
        b = [0] + a + [1440]
        flag = False
        for i in range(n + 1):
            if b[i + 1] - b[i] >= 240:
                flag = True
                break
        print(""YES"" if flag else ""NO"")

",False,False,1,0.25
1776A,3,"['if statement', 'for loop', 'recursion']","['for loop', 'if statement', 'break statement', 'sorting']","['for loop', 'if statement', 'while loop', 'tuple', 'matrix operation', 'break statement']","import sys
import math

def solve():
    input = sys.stdin.readline
    t = int(input())
    for _ in range(t):
        n = int(input())
        a = list(map(int, input().split()))
        a.sort()
        flag = False
        for i in range(n - 1):
            if a[i + 1] - a[i] >= 120:
                flag = True
                break
        print(""YES"" if flag else ""NO"")
",False,False,1,0.25
1776A,4,"['if statement', 'for loop', 'recursion', 'while loop']","['for loop', 'if statement', 'break statement', 'sorting']","['for loop', 'if statement', 'while loop', 'tuple', 'matrix operation', 'break statement']","import math

def solve():
    t = int(input())
    for _ in range(t):
        n = int(input())
        a = list(map(int, input().split()))
        a.sort()
        flag = False
        for i in range(n - 1):
            if a[i + 1] - a[i] >= 120:
                flag = True
                break
        print(""YES"" if flag else ""NO"")
",False,False,1,0.25
1775A1,0,['this is the og problem'],['for loop'],"['for loop', 'if statement', 'break statement', 'while loop', 'misc', 'tuple']","import sys
import itertools

def solve():
    t = int(input())
    for _ in range(t):
        s = input()
        n = len(s)
        for split in itertools.combinations(range(1, n), 2):
            a, b, c = s[:split[0]], s[split[0]:split[1]], s[split[1]:]
            if (a <= b <= c) or (b <= a <= c) or (b <= c <= a):
                print(a, b, c)
                break
        else:
            print(':(')
",False,True,0,0.0
1775A1,1,['for loop'],"['if statement', 'for loop', 'break statement', 'tuple']","['for loop', 'if statement', 'break statement', 'while loop', 'misc', 'tuple']","import sys
import itertools

def solve():
    t = int(input())
    for _ in range(t):
        s = input()
        n = len(s)
        for split in itertools.combinations(range(1, n), 2):
            a, b, c = s[:split[0]], s[split[0]:split[1]], s[split[1]:]
            if (a <= b and c <= b) or (b <= a and b <= c):
                print(a, b, c)
                break
        else:
            print("":("")
",False,False,0,0.0
1775A1,2,"['for loop', 'if statement']","['for loop', 'if statement', 'break statement', 'tuple']","['for loop', 'if statement', 'break statement', 'while loop', 'misc', 'tuple']","import re
import itertools

def solve():
    t = int(input())
    for _ in range(t):
        s = input()
        n = len(s)
        for i in range(1, n-1):
            for j in range(i+1, n):
                a, b, c = s[:i], s[i:j], s[j:]
                if (a <= b and c <= b) or (b <= a and b <= c):
                    print(*[a, b, c], sep=' ')
                    break
        else:
            print(':(')
",False,False,0,0.0
1775A1,3,"['for loop', 'if statement', 'recursion']",['for loop'],"['for loop', 'if statement', 'break statement', 'while loop', 'misc', 'tuple']","import itertools

def solve():
    t = int(input())
    for _ in range(t):
        s = input()
        n = len(s)
        for split_point1 in range(1, n):
            for split_point2 in range(split_point1 + 1, n):
                a, b, c = s[:split_point1], s[split_point1:split_point2], s[split_point2:]
                if (a <= b and c <= b) or (b <= a and b <= c):
                    print(*[a, b, c], sep=' ')
                    break
",False,False,0,0.0
1775A1,4,"['for loop', 'if statement', 'recursion', 'while loop']","['for loop', 'if statement', 'continue statement']","['for loop', 'if statement', 'break statement', 'while loop', 'misc', 'tuple']","import re
def solve():
    t = int(input())
    for _ in range(t):
        s = input()
        a = re.findall(r""a+|b+"",s)
        if len(a)!= 3:
            print("":("")
            continue
        print(*a)
",False,False,1,0.3333333333333333
1774A,0,['this is the og problem'],"['for loop', 'if statement']","['for loop', 'if statement', 'matrix operation', 'tuple', 'misc', 'continue statement', 'while loop']","import sys

def solve():
    t = int(input())
    for _ in range(t):
        n = int(input())
        a = input()
        res = []
        for i in range(n - 1):
            if a[i] == '0' and a[i + 1] == '0':
                res.append('+')
            elif a[i] == '1' and a[i + 1] == '1':
                res.append('-')
            else:
                res.append('-' if i % 2 == 0 else '+')
        print(''.join(res))

",False,True,0,0.0
1774A,1,['if statement'],"['if statement', 'for loop']","['for loop', 'if statement', 'matrix operation', 'tuple', 'misc', 'continue statement', 'while loop']","import sys

def solve():
    t = int(input())
    for _ in range(t):
        n = int(input())
        a = input()
        res = []
        for i in range(n - 1):
            if i == 0:
                if a[i] == a[i + 1] == '1':
                    res.append('-')
                else:
                    res.append('+')
            else:
                if a[i] == '1' and a[i + 1] == '0':
                    res.append('-')
                else:
                    res.append('+')
        print(''.join(res))

",False,False,0,0.0
1774A,2,"['if statement', 'for loop']","['for loop', 'if statement']","['for loop', 'if statement', 'matrix operation', 'tuple', 'misc', 'continue statement', 'while loop']","import itertools

def solve():
    t = int(input())
    for _ in range(t):
        n = int(input())
        a = input()
        res = []
        for i, c in enumerate(a):
            if i == 0:
                res.append(c)
            else:
                if c == '0':
                    res.append('+')
                else:
                    res.append('-' if (i + int(c)) % 2 == 0 else '+')
        print(''.join(res))
",False,False,0,0.0
1774A,3,"['if statement', 'for loop', 'hashmap']","['if statement', 'for loop', 'matrix operation']","['for loop', 'if statement', 'matrix operation', 'tuple', 'misc', 'continue statement', 'while loop']","def solve():
    t = int(input())
    for _ in range(t):
        n = int(input())
        a = input()
        res = []
        for i in range(n - 1):
            if a[i] == '0' and a[i + 1] == '0':
                res.append('+')
            elif a[i] == '1' and a[i + 1] == '1':
                res.append('-')
            else:
                res.append('+')
        print(''.join(res))
",False,False,0,0.0
1774A,4,"['if statement', 'for loop', 'hashmap', 'tuple']","['for loop', 'if statement']","['for loop', 'if statement', 'matrix operation', 'tuple', 'misc', 'continue statement', 'while loop']","def solve():
    t = int(input())
    for _ in range(t):
        n = int(input())
        a = input()
        res = []
        for i in range(n - 1):
            if a[i] == a[i + 1]:
                res.append('+')
            else:
                res.append('-')
        print(''.join(res))
",False,False,0,0.0
1774A,5,"['if statement', 'for loop', 'hashmap', 'tuple', 'while loop']","['if statement', 'for loop']","['for loop', 'if statement', 'matrix operation', 'tuple', 'misc', 'continue statement', 'while loop']","def solve():
    t = int(input())
    for _ in range(t):
        n = int(input())
        a = input()
        res = []
        for i in range(n - 1):
            if a[i] == '0' and a[i + 1] == '0':
                res.append('+')
            elif a[i] == '1' and a[i + 1] == '1':
                res.append('-')
            else:
                res.append('+')
        print(''.join(res))
",False,False,0,0.0
1772B,0,['this is the og problem'],"['if statement', 'for loop']","['if statement', 'while loop', 'for loop', 'misc', 'tuple', 'continue statement']","import sys

def solve():
    t = int(input())
    for _ in range(t):
        a, b = map(int, input().split())
        c, d = map(int, input().split())
        if (a < b and c < d) or (a < c and b < d) or (a < d and b < c):
            print(""YES"")
        else:
            print(""NO"")

",False,True,0,0.0
1772B,1,['matrix operation'],"['if statement', 'for loop']","['if statement', 'while loop', 'for loop', 'misc', 'tuple', 'continue statement']","def solve():
    t = int(input())
    for _ in range(t):
        a, b = map(int, input().split())
        c, d = map(int, input().split())
        if (a < b and a < c and a < d and c < d):
            print(""YES"")
        elif (a < b and a < c and a < d and c > d):
            print(""YES"")
        elif (a > b and a > c and a > d and c < d):
            print(""YES"")
        elif (a > b and a > c and a > d and c > d):
            print(""YES"")
        else:
            print(""NO"")
",False,True,0,0.0
1772B,2,"['matrix operation', 'for loop']","['if statement', 'for loop']","['if statement', 'while loop', 'for loop', 'misc', 'tuple', 'continue statement']","import sys

def solve():
    t = int(input())
    for _ in range(t):
        a, b = map(int, input().split())
        c, d = map(int, input().split())
        if (a < b and c < d) or (a < c and b < d) or (a < d and b < c) or (c < b and d < a) or (c < a and d < b) or (b < a and d < c):
            print(""YES"")
        else:
            print(""NO"")

",False,False,0,0.0
1772B,3,"['matrix operation', 'for loop', 'while loop']","['for loop', 'if statement', 'tuple']","['if statement', 'while loop', 'for loop', 'misc', 'tuple', 'continue statement']","def solve():
    t = int(input())
    for _ in range(t):
        a, b = map(int, input().split())
        c, d = map(int, input().split())
        if (a < b and c < d) or (a < c and b < d) or (a < d and b < c):
            print(""YES"")
        else:
            print(""NO"")
",False,False,0,0.0
1772B,4,"['matrix operation', 'for loop', 'while loop', 'recursion']","['if statement', 'for loop']","['if statement', 'while loop', 'for loop', 'misc', 'tuple', 'continue statement']","import sys

def solve():
    t = int(input())
    for _ in range(t):
        a, b = map(int, input().split())
        c, d = map(int, input().split())
        if (a < b and c < d) or (a < c and b < d) or (a < d and b < c):
            print(""YES"")
        else:
            print(""NO"")

",False,False,0,0.0
1772A,0,['this is the og problem'],"['for loop', 'tuple']","['for loop', 'recursion', 'misc', 'if statement']","import re

def solve():
    t = int(input())
    for _ in range(t):
        expression = input()
        a, b = map(int, re.findall(r'\d+', expression))
        print(sum(a) + sum(b))
",False,True,1,0.5
1772A,1,['for loop'],"['for loop', 'misc']","['for loop', 'recursion', 'misc', 'if statement']","import re

def solve():
    t = int(input())
    for _ in range(t):
        expression = input()
        a, b = map(int, re.findall(r'\d+', expression))
        print(sum(a) + sum(b))
",False,False,0,0.0
1772A,2,"['for loop', 'while loop']","['for loop', 'if statement']","['for loop', 'recursion', 'misc', 'if statement']","import re

def solve():
    t = int(input())
    for _ in range(t):
        expression = input()
        a, operator, b = re.split('([+])', expression)
        a, b = int(a), int(b)
        if operator == '+':
            print(a + b)
",True,False,0,0.0
1772A,3,"['for loop', 'while loop', 'if statement']","['for loop', 'if statement']","['for loop', 'recursion', 'misc', 'if statement']","def solve():
    t = int(input())
    for _ in range(t):
        expression = input()
        a = int(expression[0])
        b = int(expression[2])
        print(a + b)
",True,False,0,0.0
1772A,4,"['for loop', 'while loop', 'if statement', 'recursion']","['for loop', 'misc']","['for loop', 'recursion', 'misc', 'if statement']","import re

def solve():
    t = int(input())
    for _ in range(t):
        expression = input()
        a, b = map(int, re.findall(r'\d+', expression))
        print(sum(a) + sum(b))
",False,False,0,0.0
1772A,5,"['for loop', 'while loop', 'if statement', 'recursion', 'misc']","['for loop', 'if statement']","['for loop', 'recursion', 'misc', 'if statement']","def solve():
    t = int(input())
    for _ in range(t):
        expression = input()
        a, operator, b = expression[0], expression[1], expression[2]
        print(int(a) + int(b))
",True,False,0,0.0
1768A,0,['this is the og problem'],"['if statement', 'for loop', 'break statement']","['for loop', 'if statement', 'misc']","import math

def solve():
    t = int(input())
    for _ in range(t):
        k = int(input())
        for x in range(k-1, 0, -1):
            if (math.factorial(x) + math.factorial(x-1)) % k == 0:
                print(x)
                break
        else:
            print(-1)
",True,True,1,0.3333333333333333
1768A,1,['matrix operation'],"['for loop', 'if statement', 'break statement']","['for loop', 'if statement', 'misc']","import math

def solve():
    t = int(input())
    for _ in range(t):
        k = int(input())
        for x in range(k-1, 1, -1):
            if (math.factorial(x) + math.factorial(x-1)) % k == 0:
                print(x)
                break
        else:
            print(-1)
",True,True,1,0.3333333333333333
1768A,2,"['matrix operation', 'for loop']","['if statement', 'for loop', 'break statement']","['for loop', 'if statement', 'misc']","import math

def solve():
    t = int(input())
    for _ in range(t):
        k = int(input())
        for x in range(k - 1, 0, -1):
            if (math.factorial(x) + math.factorial(x - 1)) % k == 0:
                print(x)
                break
        else:
            print(-1)
",True,False,1,0.3333333333333333
1768A,3,"['matrix operation', 'for loop', 'if statement']","['for loop', 'while loop', 'if statement', 'break statement']","['for loop', 'if statement', 'misc']","import math

def solve():
    t = int(input())
    for _ in range(t):
        k = int(input())
        x = k - 1
        while x > 0:
            if (math.factorial(x) + math.factorial(x - 1)) % k == 0:
                print(x)
                break
            x -= 1
        else:
            print(-1)
",True,False,2,0.5
1768A,4,"['matrix operation', 'for loop', 'if statement', 'while loop']","['if statement', 'for loop', 'break statement']","['for loop', 'if statement', 'misc']","import math

def solve():
    t = int(input())
    for _ in range(t):
        k = int(input())
        for x in range(k-1, 0, -1):
            if (math.factorial(x) + math.factorial(x-1)) % k == 0:
                print(x)
                break
        else:
            print(-1)
",True,False,1,0.3333333333333333
1768A,5,"['matrix operation', 'for loop', 'if statement', 'while loop', 'tuple']","['for loop', 'if statement', 'break statement']","['for loop', 'if statement', 'misc']","import math

def solve():
    t = int(input())
    for _ in range(t):
        k = int(input())
        for x in range(k - 1, 0, -1):
            if (math.factorial(x) + math.factorial(x - 1)) % k == 0:
                print(x)
                break
        else:
            print(-1)
",True,False,1,0.3333333333333333
1767B,0,['this is the og problem'],"['for loop', 'sorting']","['for loop', 'if statement', 'sorting', 'continue statement', 'matrix operation', 'misc', 'tuple', 'heap']","import sys
input = sys.stdin.readline

def solve():
    t = int(input())
    for _ in range(t):
        n = int(input())
        a = list(map(int, input().split()))
        a.sort()
        print(a[-1] + a[-2])

",False,True,0,0.0
1767B,1,['for loop'],"['for loop', 'sorting', 'for loop', 'sorting']","['for loop', 'if statement', 'sorting', 'continue statement', 'matrix operation', 'misc', 'tuple', 'heap']","import sys

def solve():
    t = int(input())
    for _ in range(t):
        n = int(input())
        a = list(map(int, input().split()))
        a.sort()
        print(a[-1] + sum(x - 1 for x in a[1:]))

",False,False,0,0.0
1767B,2,"['for loop', 'recursion']","['for loop', 'if statement', 'sorting', 'tuple']","['for loop', 'if statement', 'sorting', 'continue statement', 'matrix operation', 'misc', 'tuple', 'heap']","import sys

def solve():
    t = int(input())
    for _ in range(t):
        n = int(input())
        a = list(map(int, input().split()))
        a.sort()
        print(a[-1] + sum(x - a[0] for x in a[1:] if x > a[0]))
        sys.stdout.flush()

",False,False,0,0.0
1767B,3,"['for loop', 'recursion', 'if statement']","['if statement', 'for loop', 'sorting']","['for loop', 'if statement', 'sorting', 'continue statement', 'matrix operation', 'misc', 'tuple', 'heap']","import sys

def solve():
    input = sys.stdin.readline
    t = int(input())
    for _ in range(t):
        n = int(input())
        a = list(map(int, input().split()))
        a.sort()
        print(a[-1] + sum(x - a[0] for x in a[1:]))

",False,False,0,0.0
1767B,4,"['for loop', 'recursion', 'if statement', 'hashmap']","['for loop', 'sorting']","['for loop', 'if statement', 'sorting', 'continue statement', 'matrix operation', 'misc', 'tuple', 'heap']","import sys

def solve():
    input = sys.stdin.readline
    t = int(input())
    for _ in range(t):
        input = sys.stdin.readline
        n = int(input())
        a = list(map(int, input().split()))
        a.sort()
        print(a[-1] + a[-2])

",False,False,0,0.0
1767A,0,['this is the og problem'],"['for loop', 'if statement']","['for loop', 'set', 'if statement', 'while loop', 'hashmap', 'tuple', 'misc']","import sys

def solve():
    t = int(input())
    for _ in range(t):
        input()
        x1, y1 = map(int, input().split())
        x2, y2 = map(int, input().split())
        x3, y3 = map(int, input().split())
        if y1 == y2 or y1 == y3 or y2 == y3:
            print(""YES"")
        elif x1 == x2 or x1 == x3 or x2 == x3:
            print(""YES"")
        else:
            print(""NO"")

",False,True,0,0.0
1767A,1,['if statement'],"['for loop', 'if statement']","['for loop', 'set', 'if statement', 'while loop', 'hashmap', 'tuple', 'misc']","import math

def solve():
    t = int(input())
    for _ in range(t):
        x1, y1 = map(int, input().split())
        x2, y2 = map(int, input().split())
        x3, y3 = map(int, input().split())
        if x1 == x2 == x3 or y1 == y2 == y3:
            print(""YES"")
        elif x1 == x2 and x1!= x3:
            print(""YES"")
        elif x1 == x3 and x1!= x2:
            print(""YES"")
        elif x2 == x3 and x2!= x1:
            print(""YES"")
        elif y1 == y2 and y1!= y3:
            print(""YES"")
        elif y1 == y3 and y1!= y2:
            print(""YES"")
        elif y2 == y3 and y2!= y1:
            print(""YES"")
        else:
            print(""NO"")
",False,False,0,0.0
1767A,2,"['if statement', 'misc']",['for loop'],"['for loop', 'set', 'if statement', 'while loop', 'hashmap', 'tuple', 'misc']","import math

def solve():
    t = int(input())
    for _ in range(t):
        x1, y1 = map(int, input().split())
        x2, y2 = map(int, input().split())
        x3, y3 = map(int, input().split())
        if x1 == x2 or x1 == x3 or x2 == x3:
            print(""YES"")
        elif y1 == y2 or y1 == y3 or y2 == y3:
            print(""YES"")
        else:
            print(""NO"")
",False,True,0,0.0
1767A,3,"['if statement', 'misc', 'for loop']","['if statement', 'for loop']","['for loop', 'set', 'if statement', 'while loop', 'hashmap', 'tuple', 'misc']","import math

def solve():
    t = int(input())
    for _ in range(t):
        x1, y1 = map(int, input().split())
        x2, y2 = map(int, input().split())
        x3, y3 = map(int, input().split())
        if x1 == x2 or x1 == x3 or x2 == x3:
            print(""YES"")
        elif y1 == y2 or y1 == y3 or y2 == y3:
            print(""YES"")
        else:
            print(""NO"")
",False,False,0,0.0
1767A,4,"['if statement', 'misc', 'for loop', 'while loop']","['if statement', 'for loop']","['for loop', 'set', 'if statement', 'while loop', 'hashmap', 'tuple', 'misc']","import math

def solve():
    t = int(input())
    for _ in range(t):
        x1, y1 = map(int, input().split())
        x2, y2 = map(int, input().split())
        x3, y3 = map(int, input().split())
        if x1 == x2 == x3 or y1 == y2 == y3:
            print(""YES"")
        elif x1 == x2 and x1!= x3 and y1!= y3 and y2!= y3:
            print(""YES"")
        elif x1 == x3 and x1!= x2 and y1!= y2 and y3!= y2:
            print(""YES"")
        elif x2 == x3 and x2!= x1 and y2!= y1 and y3!= y1:
            print(""YES"")
        elif y1 == y2 and y1!= y3 and x1!= x3 and x2!= x3:
            print(""YES"")
        elif y1 == y3 and y1!= y2 and x1!= x2 and x3!= x2:
            print(""YES"")
        elif y2 == y3 and y2!= y1 and x2!= x1 and x3!= x1:
            print(""YES"")
        else:
            print(""NO"")
",False,False,0,0.0
1766A,0,['this is the og problem'],"['for loop', 'if statement', 'recursion']","['for loop', 'misc', 'tuple', 'if statement', 'while loop', 'recursion', 'matrix operation']","import math

def solve():
    t = int(input())
    for _ in range(t):
        n = int(input())
        ans = 0
        for i in range(1, 10):
            for j in range(1, 6):
                ans += min(n, int('1' * j + '0' * (i - j)) // (10 ** (i - j))
        print(ans)
",False,True,0,0.0
1766A,1,['for loop'],"['if statement', 'for loop', 'for loop']","['for loop', 'misc', 'tuple', 'if statement', 'while loop', 'recursion', 'matrix operation']","import math

def solve():
    t = int(input())
    for _ in range(t):
        n = int(input())
        ans = 0
        for i in range(1, 10):
            ans += min(n,10**i-1) // 10**(i-1)
        print(ans)
",True,False,0,0.0
1766A,2,"['for loop', 'while loop']",['for loop'],"['for loop', 'misc', 'tuple', 'if statement', 'while loop', 'recursion', 'matrix operation']","import math

def solve():
    t = int(input())
    for _ in range(t):
        n = int(input())
        ans = 0
        for i in range(1, 10):
            ans += min(n // (10 ** (i), 10 ** (i - 1) + 1)
        print(ans)
",False,False,0,0.0
1766A,3,"['for loop', 'while loop', 'recursion']","['for loop', 'if statement']","['for loop', 'misc', 'tuple', 'if statement', 'while loop', 'recursion', 'matrix operation']","import math

def solve():
    t = int(input())
    for _ in range(t):
        n = int(input())
        ans = 0
        for i in range(1, 10):
            ans += min(n, 10**i - 1) // 10**(i-1)
        print(ans)
",True,False,0,0.0
1766A,4,"['for loop', 'while loop', 'recursion', 'misc']","['for loop', 'if statement']","['for loop', 'misc', 'tuple', 'if statement', 'while loop', 'recursion', 'matrix operation']","import math

def solve():
    t = int(input())
    for _ in range(t):
        n = int(input())
        count = 0)
        for i in range(1, 10):
            count += min(n, 10**i - 1) // 10**(i-1)
        print(count)
",False,False,0,0.0
1766A,5,"['for loop', 'while loop', 'recursion', 'misc', 'if statement']",['for loop'],"['for loop', 'misc', 'tuple', 'if statement', 'while loop', 'recursion', 'matrix operation']","import math

def solve():
    t = int(input())
    for _ in range(t):
        n = int(input())
        print(math.floor(math.log10(n)) + 1)
",False,False,0,0.0
1765B,0,['this is the og problem'],"['for loop', 'if statement', 'break statement']","['if statement', 'for loop', 'matrix operation', 'break statement', 'set', 'misc', 'while loop', 'recursion']","import sys
import math

def solve():
    t = int(input())
    for _ in range(t):
        n = int(input())
        s = input()
        flag = True
        for i in range(n):
            if (i+1) % 2 == 0 and s[i]!= s[i-1]:
                flag = False
                break
        print(""YES"" if flag else ""NO"")
",False,True,0,0.0
1765B,1,['break statement'],"['for loop', 'if statement', 'break statement']","['if statement', 'for loop', 'matrix operation', 'break statement', 'set', 'misc', 'while loop', 'recursion']","import sys

def solve():
    t = int(input())
    for _ in range(t):
        n = int(input())
        s = input()
        flag = True
        cnt = 0
        for i in range(n):
            if (i+1) % 2 == 0:
                if s[i]!= s[i-1]:
                    flag = False
                    break
            else:
                cnt += 1
        if flag:
            print(""YES"")
        else:
            print(""NO"")

",False,False,0,0.0
1765B,2,"['break statement', 'if statement']","['for loop', 'if statement', 'break statement']","['if statement', 'for loop', 'matrix operation', 'break statement', 'set', 'misc', 'while loop', 'recursion']","import sys

def solve():
    t = int(input())
    for _ in range(t):
        n = int(input())
        s = input()
        res = True
        cnt = 0
        for i in range(n):
            if (i+1) % 2 == 0:
                if s[i]!= s[i-1]:
                    res = False
                    break
            else:
                cnt += 1
        print(""YES"" if res else ""NO"")

",False,False,0,0.0
1765B,3,"['break statement', 'if statement', 'while loop']","['for loop', 'if statement']","['if statement', 'for loop', 'matrix operation', 'break statement', 'set', 'misc', 'while loop', 'recursion']","import sys

def solve():
    t = int(input())
    for _ in range(t):
        n = int(input())
        s = input()
        res = """"
        cnt = 1
        for i in range(n):
            if cnt % 2 == 1:
                res += s[i]
            else:
                res += s[i] * 2
            cnt += 1
        print(""YES"" if res == s else ""NO"")

",False,False,0,0.0
1765B,4,"['break statement', 'if statement', 'while loop', 'hashmap']","['for loop', 'if statement']","['if statement', 'for loop', 'matrix operation', 'break statement', 'set', 'misc', 'while loop', 'recursion']","def solve():
    t = int(input())
    for _ in range(t):
        n = int(input())
        s = input()
        res = """"
        cnt = 0
        for c in s:
            if cnt % 2 == 0:
                res += c
            else:
                res += c * 2
            cnt += 1
        if res == s:
            print(""YES"")
        else:
            print(""NO"")
",False,False,0,0.0
1765B,5,"['break statement', 'if statement', 'while loop', 'hashmap', 'for loop']","['for loop', 'if statement', 'break statement']","['if statement', 'for loop', 'matrix operation', 'break statement', 'set', 'misc', 'while loop', 'recursion']","def solve():
    t = int(input())
    for _ in range(t):
        n = int(input())
        s = input()
        x = 0
        for i in range(n):
            if (i + 1) % 2 == 0:
                x += 1
            if s[i]!= s[x]:
                print(""NO"")
                break
            x += 1
        else:
            print(""YES"")
",False,False,0,0.0
1764A,0,['this is the og problem'],"['for loop', 'dictionary', 'if statement']","['for loop', 'tuple', 'misc', 'if statement', 'matrix operation', 'while loop']","import sys
from collections import defaultdict

def solve():
    t = int(input())
    for _ in range(t):
        n = int(input())
        a = list(map(int, input().split()))
        l, r = 1, n
        freq = defaultdict(int)
        for i in range(n):
            freq[a[i]] += 1
            if freq[a[i]] == 2:
                l = i + 1
        print(l, r)

",False,True,1,0.3333333333333333
1764A,1,['sliding window'],['for loop'],"['for loop', 'tuple', 'misc', 'if statement', 'matrix operation', 'while loop']","import sys
from collections import defaultdict

def solve():
    input = sys.stdin.readline
    t = int(input())
    for _ in range(t):
        n = int(input())
        a = list(map(int, input().split()))
        l, r = 1, n
        seen = set()
        for i in range(n - 1, -1, -1):
            seen.add(a[i])
            if a[i + 1] in seen:
                l = i + 2
        print(l, r)

",False,True,0,0.0
1764A,2,"['sliding window', 'for loop']","['for loop', 'if statement', 'set', 'break statement']","['for loop', 'tuple', 'misc', 'if statement', 'matrix operation', 'while loop']","import sys
from collections import defaultdict

def solve():
    t = int(input())
    for _ in range(t):
        n = int(input())
        a = list(map(int, input().split()))
        l, r = 1, n
        s = set()
        for i in range(n - 1, -1, -1):
            s.add(a[i])
            if len(s) == r - l:
                break
        print(l, r)
",False,False,2,0.5
1764A,3,"['sliding window', 'for loop', 'dictionary']",['for loop'],"['for loop', 'tuple', 'misc', 'if statement', 'matrix operation', 'while loop']","import sys
input = sys.stdin.readline

def solve():
    t = int(input())
    for _ in range(t):
        n = int(input())
        a = list(map(int, input().split()))
        l, r = 1, n
        for i in range(n):
            if a[i]!= a[i-1]:
                l = i+1
            if a[~i]!= a[~(i-1)]:
                r = i+1
        print(l, r)
        input()

",False,False,0,0.0
1763A,0,['this is the og problem'],['for loop'],"['while loop', 'if statement', 'for loop', 'matrix operation', 'hashmap', 'tuple', 'sorting']","import sys
input = sys.stdin.readline

def solve():
    n = int(input())
    a = list(map(int, input().split()))
    a.sort()
    res = 0
    for i in range(12):
        x = 1 << i
        c = sum(x & v for v in a)
        res = max(res, x * min(c, n - c))
    return res

",False,True,0,0.0
1763A,1,['if statement'],['for loop'],"['while loop', 'if statement', 'for loop', 'matrix operation', 'hashmap', 'tuple', 'sorting']","import sys
import math
from collections import defaultdict
from bisect import bisect

def solve():
    t = int(input())
    for _ in range(t):
        n = int(input())
        a = list(map(int, input().split()))
        a.sort()
        ans = 0
        for i in range(11, -1, -1):
            x = a[0] >> i & 1
            y = a[-1] >> i & 1
            if x!= y:
                ans += 1 << i
        print(ans)
        sys.stdout.flush()

",False,True,0,0.0
1763A,2,"['if statement', 'for loop']",['for loop'],"['while loop', 'if statement', 'for loop', 'matrix operation', 'hashmap', 'tuple', 'sorting']","import sys
import math
from collections import defaultdict
from functools import lru_cache
from itertools import accumulate, chain, combinations, combinations_with_replacement, compress, count, cycle, dropwhile, filterfalse, groupby, islice, permutations, product, repeat, starmap, takewhile, tee, zip_longest
from heapq import heappop, heappush, heappopify, nlargest, nsmaall, _heappop
from bisect import bisect, bisect_left, bisect_right

def solve():
    t = int(input())
    for _ in range(t):
        n = int(input())
        a = list(map(int, input().split()))
        a.sort()
        res = 0
        for i in range(11, -1, -1):
            x = a[0] >> i & 1
            y = a[-1] >> i & 1
            if x!= y:
                res += 1 << i
        print(res)
",False,False,0,0.0
1763A,3,"['if statement', 'for loop', 'set']","['while loop', 'break statement']","['while loop', 'if statement', 'for loop', 'matrix operation', 'hashmap', 'tuple', 'sorting']","import sys
import math
from collections import defaultdict
from collections import deque
from bisect import bisect
input = sys.stdin.readline

def solve():
    t = int(input())
    for _ in range(t):
        n = int(input())
        a = list(map(int, input().split()))
        a.sort()
        ans = 0
        for i in range(11, -1, -1):
            x = a[0]
            y = a[-1]
            x = (x >> i) << i
            y = y | (1 << i)
            ans = max(ans, y - x)
        print(ans)

",False,True,1,0.5
1763A,4,"['if statement', 'for loop', 'set', 'misc']",['for loop'],"['while loop', 'if statement', 'for loop', 'matrix operation', 'hashmap', 'tuple', 'sorting']","import sys
import math
from collections import defaultdict
from functools import lru_cache

def solve():
    t = int(input())
    for _ in range(t):
        n = int(input())
        a = list(map(int, input().split()))
        a.sort()
        ans = 0
        for i in range(11):
            x = a[0] & ((1 << i) - 1)
            y = a[-1] & ((1 << i) - 1)
            ans = max(ans, y - x)
        print(ans)
",False,False,0,0.0
1762A,0,['this is the og problem'],"['for loop', 'if statement', 'break statement']","['for loop', 'if statement', 'while loop', 'break statement', 'continue statement', 'minimax', 'hashmap', 'matrix operation', 'misc', 'queue', 'cin statement', 'cout statement', 'minimized operation', 'arithmetic operation', 'tuple', 'stack']","import sys
import math

def solve():
    input = sys.stdin.readline
    t = int(input())
    for _ in range(t):
        n = int(input())
        a = list(map(int, input().split()))
        s = sum(a)
        if s % 2 == 0:
            print(0)
        else:
            print(1)
            for i in range(n):
                if a[i] % 2!= 0:
                    print(1)
                    break
",False,True,0,0.0
1762A,1,['continue statement'],['for loop'],"['for loop', 'if statement', 'while loop', 'break statement', 'continue statement', 'minimax', 'hashmap', 'matrix operation', 'misc', 'queue', 'cin statement', 'cout statement', 'minimized operation', 'arithmetic operation', 'tuple', 'stack']","import sys
import math

def solve():
    input = sys.stdin.readline
    t = int(input())
    for _ in range(t):
        n = int(input())
        a = list(map(int, input().split()))
        ans = 0
        s = sum(a)
        if s % 2 == 0:
            print(ans)
            continue
        for i in a:
            if i % 2 == 1:
                ans += 1
                break
        if ans == 0:
            for i in a:
                if i > 1:
                    ans += math.ceil(math.log2(i))
                    break
        print(ans)
",False,True,0,0.0
1762A,2,"['continue statement', 'hashmap']","['for loop', 'if statement']","['for loop', 'if statement', 'while loop', 'break statement', 'continue statement', 'minimax', 'hashmap', 'matrix operation', 'misc', 'queue', 'cin statement', 'cout statement', 'minimized operation', 'arithmetic operation', 'tuple', 'stack']","import math

def solve():
    t = int(input())
    for _ in range(t):
        n = int(input())
        a = list(map(int, input().split()))
        ans = 0
        for i in a:
            if i % 2!= 0:
                ans += math.ceil(math.log2(i))
        print(ans)
",False,True,0,0.0
1762A,3,"['continue statement', 'hashmap', 'if statement']","['for loop', 'while loop', 'if statement', 'break statement', 'hashmap']","['for loop', 'if statement', 'while loop', 'break statement', 'continue statement', 'minimax', 'hashmap', 'matrix operation', 'misc', 'queue', 'cin statement', 'cout statement', 'minimized operation', 'arithmetic operation', 'tuple', 'stack']","import sys

def solve():
    t = int(input())
    for _ in range(t):
        n = int(input())
        a = list(map(int, input().split()))
        ans = 0
        while sum(a) % 2!= 0:
            for i in range(n):
                if a[i] % 2!= 0:
                    a[i] //= 2
                    ans += 1
                    break
        print(ans)

",False,False,0,0.0
1762A,4,"['continue statement', 'hashmap', 'if statement', 'while loop']","['for loop', 'if statement']","['for loop', 'if statement', 'while loop', 'break statement', 'continue statement', 'minimax', 'hashmap', 'matrix operation', 'misc', 'queue', 'cin statement', 'cout statement', 'minimized operation', 'arithmetic operation', 'tuple', 'stack']","import math
def solve():
    t = int(input())
    for _ in range(t):
        n = int(input())
        a = list(map(int, input().split()))
        ans = 0
        for i in a:
            ans += math.ceil(math.log2(i)) if i % 2 else 0
        print(ans)
",False,False,0,0.0
1762A,5,"['continue statement', 'hashmap', 'if statement', 'while loop', 'matrix operation']","['for loop', 'if statement', 'misc']","['for loop', 'if statement', 'while loop', 'break statement', 'continue statement', 'minimax', 'hashmap', 'matrix operation', 'misc', 'queue', 'cin statement', 'cout statement', 'minimized operation', 'arithmetic operation', 'tuple', 'stack']","import math

def solve():
    t = int(input())
    for _ in range(t):
        n = int(input())
        a = list(map(int, input().split()))
        ans = 0
        for i in a:
            ans += i % 2
        print(math.ceil(ans / 2) if sum(a) % 2 else 0)
",False,False,0,0.0
1761A,0,['this is the og problem'],"['if statement', 'for loop']","['for loop', 'if statement', 'while loop', 'tuple', 'misc']","import sys

def solve():
    t = int(input())
    for _ in range(t):
        n, a, b = map(int, input().split())
        if a + b + 2 > n:
            print(""No"")
        else:
            print(""Yes"")

",False,True,0,0.0
1761A,1,['for loop'],"['if statement', 'for loop']","['for loop', 'if statement', 'while loop', 'tuple', 'misc']","import sys
import math
from collections import defaultdict,deque
from bisect import bisect
input = sys.stdin.readline

def solve():
    t = int(input())
    for _ in range(t):
        n,a,b = map(int,input().split())
        if a+b+2 > n:
            print(""No"")
        else:
            print(""Yes"")
",False,False,0,0.0
1761A,2,"['for loop', 'if statement']","['if statement', 'for loop']","['for loop', 'if statement', 'while loop', 'tuple', 'misc']","import sys

def solve():
    t = int(input())
    for _ in range(t):
        n, a, b = map(int, input().split())
        if a + b + 2 <= n:
            print(""Yes"")
        else:
            print(""No"")

",False,False,0,0.0
1761A,3,"['for loop', 'if statement', 'tuple']","['if statement', 'for loop']","['for loop', 'if statement', 'while loop', 'tuple', 'misc']","import math

def solve():
    t = int(input())
    for _ in range(t):
        n, a, b = map(int, input().split())
        print(""Yes"" if n == a + b or (n >= a + b + 2) else ""No"")
",False,False,0,0.0
1760C,0,['this is the og problem'],"['if statement', 'for loop', 'sorting', 'if statement', 'for loop', 'sorting']","['for loop', 'if statement', 'sorting', 'tuple']","import sys

def solve():
    t = int(input())
    for _ in range(t):
        n = int(input())
        s = list(map(int, input().split()))
        s_max = max(s)
        for i in range(n):
            if s[i] == s_max:
                s_max = sorted(s, reverse=True)[1]
        print(*[x - s_max for x in s])
",False,True,0,0.0
1760C,1,['for loop'],"['for loop', 'if statement']","['for loop', 'if statement', 'sorting', 'tuple']","import sys

def solve():
    t = int(input())
    for _ in range(t):
        n = int(input())
        s = list(map(int, input().split()))
        s_max = max(s)
        for i in range(n):
            if s[i]!= s_max:
                s_max_i = s_max
            else:
                s_max_i = max(s[:i] + s[i+1:])
            s[i] -= s_max_i
        print(*s)
",False,False,0,0.0
1760C,2,"['for loop', 'while loop']","['for loop', 'if statement', 'set']","['for loop', 'if statement', 'sorting', 'tuple']","import sys

def solve():
    t = int(input())
    for _ in range(t):
        n = int(input())
        s = list(map(int, input().split()))
        s_max = max(s)
        for i in range(n):
            if s[i] == s_max:
                s_max = max(x for j, x in enumerate(s) if j!= i)
        print(*[x - s_max for x in s])
",False,False,1,0.3333333333333333
1760C,3,"['for loop', 'while loop', 'if statement']",['for loop'],"['for loop', 'if statement', 'sorting', 'tuple']","import sys
from itertools import chain, combinations, permutations
from collections import Counter, defaultdict, deque
from math import ceil, comb, factorial, gcd, inf, log, perm, prod
from heapq import heappop, heappush, heapify, nlargest, nsmallest
from bisect import bisect, bisect_left, bisect_right
from types import GeneratorType

def solve():
    t = int(input())
    for _ in range(t):
        n = int(input())
        a = list(map(int, input().split()))
        a_max = max(a)
        for i in range(n):
            if a[i] == a_max:
                a[i] = -inf
        a_max = max(a)
        print(*[x - a_max for x in a])
",False,False,0,0.0
1760C,4,"['for loop', 'while loop', 'if statement', 'tuple']",['for loop'],"['for loop', 'if statement', 'sorting', 'tuple']","import sys
import math

def solve():
    input = sys.stdin.readline
    t = int(input())
    for _ in range(t):
        n = int(input())
        s = list(map(int, input().split()))
        s_copy = s.copy()
        for i in range(n):
            s_copy[i] = None
            max_val = max(s_copy)
            if max_val is not None:
                s[i] -= max_val
        print(*s)
",False,False,0,0.0
1760C,5,"['for loop', 'while loop', 'if statement', 'tuple', 'set']","['for loop', 'if statement']","['for loop', 'if statement', 'sorting', 'tuple']","import sys

def solve():
    t = int(input())
    for _ in range(t):
        n = int(input())
        s = list(map(int, input().split()))
        s_max = max(s)
        for i in range(n):
            if s[i]!= s_max:
                s_max_i = s_max
            else:
                s_max_i = max([x for j, x in enumerate(s) if j!= i])
        print(*[s[i] - s_max_i for i in range(n)])
",False,False,0,0.0
1760B,0,['this is the og problem'],['for loop'],"['for loop', 'sorting', 'if statement', 'misc', 'while loop', 'tuple', 'hashmap', 'matrix operation', 'set']","import sys
import math
from collections import defaultdict,deque
from bisect import bisect
from heapq import heappop,heappush
from itertools import permutations,combinations
from typing import List,Tuple

def solve():
    t = int(input())
    for _ in range(t):
        n = int(input())
        s = input()
        print(len(set(s)))
",False,True,0,0.0
1760B,1,['if statement'],"['for loop', 'set']","['for loop', 'sorting', 'if statement', 'misc', 'while loop', 'tuple', 'hashmap', 'matrix operation', 'set']","import sys

def solve():
    t = int(input())
    for _ in range(t):
        n = int(input())
        s = input()
        print(len(set(s)))
        
",False,True,0,0.0
1760B,2,"['if statement', 'for loop']","['for loop', 'set']","['for loop', 'sorting', 'if statement', 'misc', 'while loop', 'tuple', 'hashmap', 'matrix operation', 'set']","import sys

def solve():
    t = int(input())
    for _ in range(t):
        n = int(input())
        s = input()
        print(len(set(s)))
        
",False,False,0,0.0
1760B,3,"['if statement', 'for loop', 'set']","['for loop', 'if statement', 'matrix operation', 'misc']","['for loop', 'sorting', 'if statement', 'misc', 'while loop', 'tuple', 'hashmap', 'matrix operation', 'set']","import sys
import math

def solve():
    t = int(input())
    for _ in range(t):
        n = int(input())
        s = input()
        ans = 0
        for i in s:
            ans = max(ans, ord(i) - 96)
        print(ans)
",True,False,0,0.0
1760B,4,"['if statement', 'for loop', 'set', 'hashmap']","['for loop', 'if statement']","['for loop', 'sorting', 'if statement', 'misc', 'while loop', 'tuple', 'hashmap', 'matrix operation', 'set']","import math

def solve():
    t = int(input())
    for _ in range(t):
        n = int(input())
        s = input()
        x = 0
        for c in s:
            x = max(x, ord(c) - ord('a') + 1)
        print(x)
",True,False,0,0.0
1760B,5,"['if statement', 'for loop', 'set', 'hashmap', 'recursion']","['for loop', 'set']","['for loop', 'sorting', 'if statement', 'misc', 'while loop', 'tuple', 'hashmap', 'matrix operation', 'set']","import sys

def solve():
    t = int(input())
    for _ in range(t):
        n = int(input())
        s = input().strip()
        print(len(set(s)))
",False,False,0,0.0
1760A,0,['this is the og problem'],"['for loop', 'tuple', 'sorting']","['for loop', 'sorting', 'tuple', 'misc']","import sys

def solve():
    input = sys.stdin.readline
    t = int(input())
    for _ in range(t):
        a, b, c = map(int, input().split())
        print(sorted([a, b, c])[1])
",False,True,0,0.0
1760A,1,['for loop'],"['for loop', 'tuple', 'sorting']","['for loop', 'sorting', 'tuple', 'misc']","import sys

def solve():
    input = sys.stdin.readline
    t = int(input())
    for _ in range(t):
        a, b, c = map(int, input().split())
        print(sorted([a, b, c])[1])
",False,False,0,0.0
1760A,2,"['for loop', 'while loop']","['for loop', 'tuple', 'matrix operation', 'misc']","['for loop', 'sorting', 'tuple', 'misc']","import sys

def solve():
    input = input()
    input = [line.strip() for line in input][1:]
    for line in input:
        a, b, c = map(int, line.split())
        print(sorted([a, b, c])[1])
",False,False,1,0.25
1760A,3,"['for loop', 'while loop', 'tuple']","['for loop', 'tuple', 'sorting']","['for loop', 'sorting', 'tuple', 'misc']","def solve():
    t = int(input())
    for _ in range(t):
        a, b, c = map(int, input().split())
        print(sorted([a, b, c])[1])
",True,False,0,0.0
1760A,4,"['for loop', 'while loop', 'tuple', 'recursion']","['for loop', 'sorting']","['for loop', 'sorting', 'tuple', 'misc']","import sys

def solve():
    input = input()
    input = [x.strip() for x in input]
    input = input[1:]
    for x in input:
        a, b, c = map(int, x.split())
        print(sorted([a, b, c])[1])
",False,False,0,0.0
1760A,5,"['for loop', 'while loop', 'tuple', 'recursion', 'if statement']","['for loop', 'tuple', 'sorting']","['for loop', 'sorting', 'tuple', 'misc']","import sys

def solve():
    input = sys.stdin.readline
    t = int(input())
    for _ in range(t):
        a, b, c = map(int, input().split())
        nums = sorted([a, b, c])
        print(nums[1])
",False,False,0,0.0
1759B,0,['this is the og problem'],"['for loop', 'set', 'if statement']","['while loop', 'if statement', 'for loop', 'break statement', 'set', 'misc', 'hashmap', 'dictionary', 'tuple', 'matrix operation', 'array']","import sys

def solve():
    input = sys.stdin.readline
    t = int(input.strip())
    for _ in range(t):
        m, s = map(int, input().split())
        b = list(map(int, input().split()))
        b_set = set(b)
        max_num = max(b)
        total_sum = sum(b)
        expected_sum = (max_num * (max_num + 1)) // 2
        if expected_sum - total_sum == s and len(b_set) == max_num:
            print(""YES"")
        else:
            print(""NO"")
",False,True,0,0.0
1759B,1,['if statement'],"['if statement', 'for loop', 'set', 'break statement']","['while loop', 'if statement', 'for loop', 'break statement', 'set', 'misc', 'hashmap', 'dictionary', 'tuple', 'matrix operation', 'array']","import sys

def solve():
    input = sys.stdin.readline
    t = int(input.strip())
    for _ in range(t):
        m, s = map(int, input().strip().split())
        b = list(map(int, input().strip().split()))
        b_set = set(b)
        max_num = max(b)
        total = sum(b)
        s += total
        for i in range(1, max_num + 1):
            if i not in b_set:
                total += i
                if total == s:
                    print(""YES"")
                    break
        else:
            print(""NO"")
",False,False,0,0.0
1759B,2,"['if statement', 'for loop']","['for loop', 'if statement', 'set', 'break statement']","['while loop', 'if statement', 'for loop', 'break statement', 'set', 'misc', 'hashmap', 'dictionary', 'tuple', 'matrix operation', 'array']","import sys
import math

def solve():
    input = sys.stdin.readline
    t = int(input())
    for _ in range(t):
        m, s = map(int, input().split())
        b = list(map(int, input().split()))
        b_set = set(b)
        b_max = max(b)
        s_max = max(b_max, s)
        total = sum(b)
        for i in range(1, s_max + 1):
            if i not in b_set:
                total += i
                if total == s + sum(b):
                    print(""YES"")
                    break
        else:
            print(""NO"")
",False,False,0,0.0
1759B,3,"['if statement', 'for loop', 'hashmap']","['if statement', 'for loop', 'set', 'hashmap']","['while loop', 'if statement', 'for loop', 'break statement', 'set', 'misc', 'hashmap', 'dictionary', 'tuple', 'matrix operation', 'array']","import sys
import math

def solve():
    input = sys.stdin.readline
    t = int(input())
    for _ in range(t):
        m, s = map(int, input().split())
        b = list(map(int, input().split()))
        b_set = set(b)
        b_max = max(b)
        s += sum(b)
        if s > b_max * (b_max + 1) // 2 or (s - b_max) % b_max!= 0:
            print(""NO"")
        else:
            print(""YES"")
",False,False,0,0.0
1759B,4,"['if statement', 'for loop', 'hashmap', 'matrix operation']","['for loop', 'if statement', 'break statement', 'set']","['while loop', 'if statement', 'for loop', 'break statement', 'set', 'misc', 'hashmap', 'dictionary', 'tuple', 'matrix operation', 'array']","import sys

def solve():
    input = sys.stdin.readline
    t = int(input.strip())
    for _ in range(t):
        m, s = map(int, input().split())
        b = list(map(int, input().split()))
        b_set = set(b)
        max_num = max(b)
        total = sum(b)
        s += total
        for i in range(1, max_num + 1):
            if i not in b_set:
                if s - i == 0:
                    print(""YES"")
                    break
                elif s - i > 0:
                    s -= i
        else:
            print(""NO"")
",False,False,0,0.0
1759B,5,"['if statement', 'for loop', 'hashmap', 'matrix operation', 'while loop']","['for loop', 'if statement', 'set', 'hashmap', 'if statement', 'for loop', 'set']","['while loop', 'if statement', 'for loop', 'break statement', 'set', 'misc', 'hashmap', 'dictionary', 'tuple', 'matrix operation', 'array']","import sys
import math

def solve():
    input = sys.stdin.readline
    t = int(input.strip())
    for _ in range(t):
        m,s = map(int,input().strip().split())
        b = list(map(int,input().strip().split()))
        b_set = set(b)
        max_num = max(b)
        total_sum = sum(b)
        total_sum += s
        if total_sum > (max_num * (max_num + 1)) // 2:
            print(""NO"")
        else:
            for i in range(1,max_num + 1):
                if i not in b_set:
                    total_sum -= i
                    if total_sum == s:
                        print(""YES"")
                        break
            else:
                print(""NO"")
",False,False,0,0.0
1759A,0,['this is the og problem'],"['if statement', 'for loop']","['for loop', 'if statement', 'stack']","import re

def solve():
    t = int(input())
    for _ in range(t):
        s = input()
        if re.fullmatch('Yes'+s+'Yes*', s):
            print(""YES"")
        else:
            print(""NO"")
",False,True,0,0.0
1759A,1,['for loop'],"['if statement', 'for loop']","['for loop', 'if statement', 'stack']","import re

def solve():
    t = int(input())
    for _ in range(t):
        s = input()
        if re.fullmatch(""(?:Yes)+"", s):
            print(""YES"")
        else:
            print(""NO"")
",False,False,0,0.0
1759A,2,"['for loop', 'recursion']","['for loop', 'if statement']","['for loop', 'if statement', 'stack']","import re

def solve():
    t = int(input())
    for _ in range(t):
        s = input()
        if re.fullmatch('Yes'+s+'Yes*', s):
            print('YES')
        else:
            print('NO')
",False,False,0,0.0
1759A,3,"['for loop', 'recursion', 'if statement']","['if statement', 'for loop']","['for loop', 'if statement', 'stack']","import re

def solve():
    t = int(input())
    for _ in range(t):
        s = input()
        if re.fullmatch('Yes'+s+'Yes*'):
            print('YES')
        else:
            print('NO')
",False,False,0,0.0
1758A,0,['this is the og problem'],['for loop'],"['for loop', 'while loop', 'misc', 'matrix operation', 'tuple']","import sys

def solve():
    t = int(input())
    for _ in range(t):
        s = input()
        n = len(s)
        print(s + s[::-1])
",False,True,0,0.0
1758A,1,['for loop'],['for loop'],"['for loop', 'while loop', 'misc', 'matrix operation', 'tuple']","import itertools

def solve():
    s = input()
    d = list(s) * 2
    for p in itertools.permutations(d):
        if p == p[::-1]:
            return ''.join(p)
",False,False,0,0.0
1758A,2,"['for loop', 'hashmap']",['for loop'],"['for loop', 'while loop', 'misc', 'matrix operation', 'tuple']","import re

def solve():
    t = int(input())
    for _ in range(t):
        s = input()
        print(re.sub(r'(.)(lambda m: m.group(0) + m.group(0)[::-1], s + s[::-1]))
",False,False,0,0.0
1758A,3,"['for loop', 'hashmap', 'if statement']",['misc'],"['for loop', 'while loop', 'misc', 'matrix operation', 'tuple']","def solve():
    s = input()
    n = len(s)
    ans = s + s[::-1]
    return ans[n // 2:] + ans[:n // 2]
",False,True,0,0.0
1758A,4,"['for loop', 'hashmap', 'if statement', 'sorting']",['for loop'],"['for loop', 'while loop', 'misc', 'matrix operation', 'tuple']","import re

def solve():
    s = input()
    return re.sub(r'(.)(.*\1', lambda m: m.group(1) + m.group(0)[::-1], s + s[::-1])
",False,False,0,0.0
1758A,5,"['for loop', 'hashmap', 'if statement', 'sorting', 'while loop']",['for loop'],"['for loop', 'while loop', 'misc', 'matrix operation', 'tuple']","def solve():
    t = int(input())
    for _ in range(t):
        s = input()
        n = len(s)
        print(s + s[::-1])
",False,False,0,0.0
1754B,0,['this is the og problem'],['for loop'],"['for loop', 'if statement', 'while loop', 'misc', 'tuple']","import math

def solve():
    t = int(input())
    for _ in range(t):
        n = int(input())
        a = list(range(1, n + 1))
        a[::2] = reversed(a[::2])
        print(*a)
",False,True,0,0.0
1754B,1,['for loop'],"['if statement', 'for loop', 'tuple']","['for loop', 'if statement', 'while loop', 'misc', 'tuple']","import math
def solve():
    t = int(input())
    for _ in range(t):
        n = int(input())
        a = list(range(1, n + 1))
        a[::2] = a[n // 2:: - 1: - 1]
        print(*a)
",False,False,0,0.0
1754B,2,"['for loop', 'recursion']",['for loop'],"['for loop', 'if statement', 'while loop', 'misc', 'tuple']","import math

def solve():
    t = int(input())
    for _ in range(t):
        n = int(input())
        a = list(range(1, n + 1))
        a[::2] = a[:: - 1]
        print(*a)
",False,False,0,0.0
1754B,3,"['for loop', 'recursion', 'while loop']",['for loop'],"['for loop', 'if statement', 'while loop', 'misc', 'tuple']","import math

def solve():
    t = int(input())
    for _ in range(t):
        n = int(input())
        a = list(range(1, n + 1))
        a[::2] = a[n // 2::n:2]
        print(*a)
",False,False,0,0.0
1754B,4,"['for loop', 'recursion', 'while loop', 'stack']",['for loop'],"['for loop', 'if statement', 'while loop', 'misc', 'tuple']","import itertools

def solve():
    t = int(input())
    for _ in range(t):
        n = int(input())
        print(*itertools.chain(range(1, n//2+1), range(n, n//2, -1, -1)))
",False,False,0,0.0
1754B,5,"['for loop', 'recursion', 'while loop', 'stack', 'if statement']",['for loop'],"['for loop', 'if statement', 'while loop', 'misc', 'tuple']","import itertools

def solve():
    t = int(input())
    for _ in range(t):
        n = int(input())
        print(*itertools.chain(range(1, n//2+1)[::2], range(n, n//2-1, -1, -1)[::-2]))
",False,False,0,0.0
1754A,0,['this is the og problem'],"['for loop', 'if statement', 'stack', 'break statement']","['for loop', 'if statement', 'while loop', 'misc', 'break statement']","def solve():
    t = int(input())
    for _ in range(t):
        n = int(input())
        s = input()
        stack = []
        for c in s:
            if c == 'Q':
                stack.append(c)
            elif c == 'A':
                if not stack:
                    print(""No"")
                    break
                else:
                    stack.pop()
        else:
            print(""Invalid input"")
            break
        else:
            print(""Yes"" if not stack else ""No"")
",False,True,1,0.25
1754A,1,['for loop'],"['for loop', 'if statement', 'stack', 'break statement']","['for loop', 'if statement', 'while loop', 'misc', 'break statement']","def solve():
    t = int(input())
    for _ in range(t):
        n = int(input())
        s = input()
        stack = []
        for c in s:
            if c == 'Q':
                stack.append(c)
            elif c == 'A':
                if not stack:
                    print(""No"")
                    break
                else:
                    stack.pop()
        else:
            print(""Invalid input"")
            break
        if stack:
            print(""No"")
        else:
            print(""Yes"")
",False,False,1,0.25
1754A,2,"['for loop', 'if statement']","['for loop', 'if statement']","['for loop', 'if statement', 'while loop', 'misc', 'break statement']","import re

def solve():
    t = int(input())
    for _ in range(t):
        n = int(input())
        s = input()
        print(""Yes"" if re.fullmatch(""Q(+A+Q)*A*"", s) else ""No"")
",False,False,0,0.0
1754A,3,"['for loop', 'if statement', 'misc']","['for loop', 'if statement', 'stack', 'break statement']","['for loop', 'if statement', 'while loop', 'misc', 'break statement']","def solve():
    t = int(input())
    for _ in range(t):
        n = int(input())
        s = input()
        stack = []
        for c in s:
            if c == 'Q':
                stack.append(c)
            elif c == 'A':
                if not stack:
                    print(""No"")
                    break
                else:
                    stack.pop()
        else:
            print(""Invalid input"")
            break
        else:
            print(""Yes"" if not stack else ""No"")
",False,False,1,0.25
1754A,4,"['for loop', 'if statement', 'misc', 'recursion']","['for loop', 'stack', 'if statement', 'break statement']","['for loop', 'if statement', 'while loop', 'misc', 'break statement']","def solve():
    t = int(input())
    for _ in range(t):
        n = int(input())
        s = input()
        stack = []
        for c in s:
            if c == 'Q':
                stack.append(c)
            elif c == 'A':
                if not stack:
                    print(""No"")
                    break
                else:
                    stack.pop()
        else:
            print(""Invalid input"")
            break
        if not stack:
            print(""Yes"")
        else:
            print(""No"")
",False,False,1,0.25
1750B,0,['this is the og problem'],"['for loop', 'if statement']","['for loop', 'if statement', 'greedy algorithm', 'misc', 'dictionary', 'tuple', 'hashmap', 'while loop', 'queue']","import sys
input = sys.stdin.readline

def solve():
    t = int(input())
    for _ in range(t):
        n = int(input())
        s = input().strip()
        max_cost = 0
        for i in range(n):
            x, y = 0, 0
            for j in range(i, n):
                if s[j] == '1':
                    y += 1
                else:
                    x += 1
                if x > 0 and y > 0:
                    max_cost = max(max_cost, x * y)
                elif x > 0:
                    max_cost = max(max_cost, x ** 2)
                elif y > 0:
                    max_cost = max(max_cost, y ** 2)
        print(max_cost)

",False,True,0,0.0
1750B,1,['if statement'],"['if statement', 'for loop']","['for loop', 'if statement', 'greedy algorithm', 'misc', 'dictionary', 'tuple', 'hashmap', 'while loop', 'queue']","import sys

def solve():
    input = sys.stdin.readline
    t = int(input())
    for _ in range(t):
        n = int(input())
        s = input().strip()
        ans = 0
        for i in range(n):
            x = s[i:].count('1')
            y = s[i:].count('0')
            ans = max(ans, x * y, x**2, y**2)
        print(ans)
",False,False,0,0.0
1750B,2,"['if statement', 'for loop']","['for loop', 'tuple', 'misc']","['for loop', 'if statement', 'greedy algorithm', 'misc', 'dictionary', 'tuple', 'hashmap', 'while loop', 'queue']","import re

def solve():
    t = int(input())
    for _ in range(t):
        n = int(input())
        s = input()
        x = len(re.findall('1+', s))
        y = len(re.findall('0+', s))
        print(max(x**2, y**2, x*y))
",False,False,0,0.0
1750B,3,"['if statement', 'for loop', 'break statement']","['for loop', 'if statement']","['for loop', 'if statement', 'greedy algorithm', 'misc', 'dictionary', 'tuple', 'hashmap', 'while loop', 'queue']","import sys
import math

def solve():
    input = sys.stdin.readline
    t = int(input())
    for _ in range(t):
        n = int(input())
        s = input().strip()
        max_cost = 0
        for i in range(n):
            x = 0
            y = 0
            for j in range(i, n):
                if s[j] == '1':
                    y += 1
                else:
                    x += 1
                if x > 0 and y > 0:
                    max_cost = max(max_cost, x * y)
                elif x > 0:
                    max_cost = max(max_cost, x ** 2)
                elif y >    0:
                    max_cost = max(max_cost, y **    2)
        print(max_cost)
",False,False,0,0.0
1750B,4,"['if statement', 'for loop', 'break statement', 'while loop']","['for loop', 'misc']","['for loop', 'if statement', 'greedy algorithm', 'misc', 'dictionary', 'tuple', 'hashmap', 'while loop', 'queue']","import re

def solve():
    t = int(input())
    for _ in range(t):
        n = int(input())
        s = input()
        matches = re.findall(r""1+0+|0+1+|1+|0+"", s)
        print(max(len(match) ** 2 for match in matches))
",False,False,0,0.0
1750A,0,['this is the og problem'],['for loop'],"['if statement', 'for loop', 'while loop', 'misc', 'sorting']","import sys

def solve():
    input = sys.stdin.readline
    t = int(input.strip())
    for _ in range(t):
        n = int(input().strip())
        a = list(map(int, input().strip().split()))
        if a == sorted(a):
            print(""Yes"")
            continue
        for i in range(n - 2):
            if a[i] > a[i + 2]:
                a[i] += a[i + 1]
            else:
                a[i + 1], a[i + 2] = a[i + 2], a[i + 1]
        if a == sorted(a):
            print(""Yes"")
        else:
            print(""No"")
",False,True,0,0.0
1750A,1,['for loop'],"['for loop', 'if statement', 'break statement', 'continue statement', 'queue', 'binary search', 'heap']","['if statement', 'for loop', 'while loop', 'misc', 'sorting']","import sys
import threading
from collections import deque
from queue import PriorityQueue
from math import inf
from bisect import bisect
from heapq import heappush, heappop

def solve():
    t = int(input())
    for _ in range(t):
        n = int(input())
        a = list(map(int, input().split()))
        if a[0] > a[-1]:
            print(""No"")
            continue
        for i in range(1, n - 1):
            if a[i] > a[i - 1]:
                print(""No"")
                break
        else:
            print(""Yes"")
",False,False,5,0.7142857142857143
1750A,2,"['for loop', 'if statement']","['if statement', 'for loop']","['if statement', 'for loop', 'while loop', 'misc', 'sorting']","import sys
import math

def solve():
    input = sys.stdin.readline
    t = int(input.strip())
    for _ in range(t):
        n = int(input().strip())
        a = list(map(int,input().strip().split()))
        if a[0] > a[-1]:
            print(""No"")
        else:
            print(""Yes"")
",False,False,0,0.0
1750A,3,"['for loop', 'if statement', 'recursion']","['queue', 'for loop', 'if statement', 'while loop']","['if statement', 'for loop', 'while loop', 'misc', 'sorting']","import sys
from collections import deque

def solve():
    input = sys.stdin.readline
    t = int(input)
    for _ in range(t):
        n = int(input())
        a = list(map(int,input().split()))
        q = deque(a)
        while len(q) > 1:
            if q[0] > q[-1]:
                q[0] += q[1]
            else:
                q[1], q[-1] = q[-1], q[1]
            if q[0] <= q[-1]:
                break
        print(""Yes"" if len(q) == 1 else ""No"")
",False,False,1,0.25
1750A,4,"['for loop', 'if statement', 'recursion', 'matrix operation']","['for loop', 'if statement', 'misc']","['if statement', 'for loop', 'while loop', 'misc', 'sorting']","import sys
import math

def solve():
    input = sys.stdin.readline
    t = int(input)
    for _ in range(t):
        n = int(input())
        a = list(map(int,input().split()))
        for i in range(n-2):
            if a[i] > a[i+2]:
                a[i] += a[i+1]
            else:
                a[i+1], a[i+2] = a[i+2], a[i+1]
        print(""Yes"" if a == sorted(a) else ""No"")
",False,False,0,0.0
1749A,0,['this is the og problem'],"['for loop', 'if statement']","['for loop', 'if statement', 'while loop', 'tuple', 'matrix operation']","import sys

def solve():
    t = int(input())
    for _ in range(t):
        n, m = map(int, input().split())
        x = []
        y = []
        for __ in range(m):
            x_i, y_i = map(int, input().split())
            x.append(x_i - 1)
            y.append(y_i - 1)
        for i in range(m):
            for j in range(i + 1, m):
                if x[i] == x[j] or y[i] == y[j]:
                    print(""NO"")
                    return
        print(""YES"")
",False,True,0,0.0
1749A,1,['set'],['for loop'],"['for loop', 'if statement', 'while loop', 'tuple', 'matrix operation']","import sys

def solve():
    t = int(input())
    for _ in range(t):
        n, m = map(int, input().split())
        x = []
        y = []
        for _ in range(m):
            a, b = map(int, input().split())
            x.append(a)
            y.append(b)
        for i in range(m):
            for j in range(1, n+1):
                if j!= x[i]:
                    if all(j!= x[k] and i+1!= y[k] for k in range(m)):
                        print(""YES"")
                        return
            for j in range(1, n+1):
                if j!= y[i]:
                    if all(j!= y[k] and i+1!= x[k] for k in range(m)):
                        print(""YES"")
                        return
        print(""NO"")

",False,True,0,0.0
1749A,2,"['set', 'matrix operation']",['for loop'],"['for loop', 'if statement', 'while loop', 'tuple', 'matrix operation']","import sys

def solve():
    t = int(input())
    for _ in range(t):
        n, m = map(int, input().split())
        rooks = [tuple(map(int, input().split())) for _ in range(m)]
        rows = [False] * n
        cols = [False] * n
        for x, y in rooks:
            rows[x - 1] = True
            cols[y - 1] = True
        for x, y in rooks:
            if not (any(rows[:x - 1] + rows[x:]) or any(cols[:y - 1] + cols[y:]):
                print(""YES"")
                break
        else:
            print(""NO"")

",False,True,0,0.0
1749A,3,"['set', 'matrix operation', 'for loop']","['for loop', 'if statement', 'break statement', 'tuple']","['for loop', 'if statement', 'while loop', 'tuple', 'matrix operation']","import sys

def solve():
    t = int(input())
    for _ in range(t):
        n, m = map(int, input().split())
        x = []
        y = []
        for _ in range(m):
            xi, yi = map(int, input().split())
            x.append(xi)
            y.append(yi)
        for i in range(m):
            for j in range(i + 1, m):
                if x[i] == x[j] or y[i] == y[j]:
                    print(""NO"")
                    return
        print(""YES"")

",False,False,1,0.25
1749A,4,"['set', 'matrix operation', 'for loop', 'while loop']","['for loop', 'if statement']","['for loop', 'if statement', 'while loop', 'tuple', 'matrix operation']","import sys

def solve():
    t = int(input())
    for _ in range(t):
        n, m = map(int, input().split())
        x = []
        y = []
        for _ in range(m):
            xi, yi = map(int, input().split())
            x.append(xi)
            y.append(yi)
        for i in range(m):
            for j in range(i + 1, m):
                if x[i] == x[j] or y[i] == y[j]:
                    print(""NO"")
                    return
        print(""YES"")

",False,False,0,0.0
1749A,5,"['set', 'matrix operation', 'for loop', 'while loop', 'if statement']","['for loop', 'if statement', 'break statement', 'continue statement']","['for loop', 'if statement', 'while loop', 'tuple', 'matrix operation']","import sys

def solve():
    t = int(input())
    for _ in range(t):
        n, m = map(int, input().split())
        x = []
        y = []
        for _ in range(m):
            xi, yi = map(int, input().split())
            x.append(xi)
            y.append(yi)
        for i in range(m):
            for j in range(m):
                if i!= j and x[i] == x[j] and y[i]!= y[j]:
                    break
                elif i!= j and x[i]!= x[j] and y[i] == y[j]:
                    break
            else:
                continue
            break
        else:
            print(""YES"")
            continue
        print(""NO"")

",False,False,2,0.5
1748A,0,['this is the og problem'],"['for loop', 'if statement']","['for loop', 'if statement', 'misc', 'matrix operation']","import math

def solve():
    t = int(input())
    for _ in range(t):
        n = int(input())
        ans = 0
        for i in range(1, n + 1):
            x = math.ceil(i / 2)
            if i <= x * ans:
                ans += 1
        print(ans - 1)
",False,True,0,0.0
1748A,1,['for loop'],['for loop'],"['for loop', 'if statement', 'misc', 'matrix operation']","import math

def solve():
    t = int(input())
    for _ in range(t):
        n = int(input())
        print(math.isqrt(n))
",False,False,0,0.0
1748A,2,"['for loop', 'recursion']",['for loop'],"['for loop', 'if statement', 'misc', 'matrix operation']","import math

def solve():
    n = int(input())
    ans = 0
    for i in range(n, 0, -1):
        x = n - i
        if x >= math.ceil((i + 1) / 2):
            ans = i + 1
            break
    print(ans)
",False,False,0,0.0
1748A,3,"['for loop', 'recursion', 'while loop']",['for loop'],"['for loop', 'if statement', 'misc', 'matrix operation']","import math

def solve():
    t = int(input())
    for _ in range(t):
        n = int(input())
        print(math.isqrt(n))
",False,False,0,0.0
1748A,4,"['for loop', 'recursion', 'while loop', 'if statement']",['for loop'],"['for loop', 'if statement', 'misc', 'matrix operation']","import math

def solve():
    t = int(input())
    for _ in range(t):
        n = int(input())
        print(math.isqrt(n))
",False,False,0,0.0
1747A,0,['this is the og problem'],"['for loop', 'sorting']","['for loop', 'sorting', 'tuple', 'if statement', 'matrix operation', 'misc']","import sys

def solve():
    input = sys.stdin.readline
    t = int(input.strip())
    for _ in range(t):
        n = int(input().strip())
        a = list(map(int, input().strip().split()))
        a.sort(reverse=True)
        s1 = sum(a[::2])
        s2 = sum(a[1::2])
        print(abs(s1 - s2))
",False,True,0,0.0
1747A,1,['for loop'],['for loop'],"['for loop', 'sorting', 'tuple', 'if statement', 'matrix operation', 'misc']","import sys
import math

def solve():
    t = int(input())
    for _ in range(t):
        n = int(input())
        a = list(map(int, input().split()))
        a.sort(reverse=True)
        sum1 = 0
        sum2 = 0
        for i in range(n):
            if i % 2 == 0:
                sum1 += a[i]
            else:
                sum2 += a[i]
        print(abs(sum1 - sum2))
",False,False,0,0.0
1747A,2,"['for loop', 'while loop']","['for loop', 'sorting', 'tuple', 'matrix operation']","['for loop', 'sorting', 'tuple', 'if statement', 'matrix operation', 'misc']","import sys
import math

def solve():
    input = sys.stdin.readline
    t = int(input())
    for _ in range(t):
        n = int(input())
        a = list(map(int, input().split()))
        a.sort(reverse=True)
        s1 = sum(a[::2])
        s2 = sum(a[1::2])
        print(abs(s1-s2))
",False,False,0,0.0
1747A,3,"['for loop', 'while loop', 'misc']",['for loop'],"['for loop', 'sorting', 'tuple', 'if statement', 'matrix operation', 'misc']","import sys
import math

def solve():
    input = sys.stdin.readline
    t = int(input())
    for _ in range(t):
        n = int(input())
        a = list(map(int,input().split()))
        a.sort(reverse=True)
        s1 = sum(a[::2])
        s2 = sum(a[1::2])
        print(abs(s1-s2))
",False,False,0,0.0
1747A,4,"['for loop', 'while loop', 'misc', 'if statement']","['for loop', 'sorting']","['for loop', 'sorting', 'tuple', 'if statement', 'matrix operation', 'misc']","import sys
input = sys.stdin.readline

def solve():
    t = int(input())
    for _ in range(t):
        n = int(input())
        a = list(map(int, input().split()))
        a.sort(reverse=True)
        s1, s2 =  0, 0
        for i in range(n):
            if i % 2 == 0:
                s1 += a[i]
            else:
                s2 += a[i]
        print(abs(s1 - s2))

",False,False,0,0.0
1747A,5,"['for loop', 'while loop', 'misc', 'if statement', 'tuple']","['for loop', 'if statement', 'break statement', 'sorting']","['for loop', 'sorting', 'tuple', 'if statement', 'matrix operation', 'misc']","import sys
import math

def solve():
    input = sys.stdin.readline
    t = int(input())
    for _ in range(t):
        n = int(input())
        a = list(map(int,input().split()))
        a.sort(reverse=True)
        sum1 = 0
        sum2 = sum(a)
        for i in range(n):
            if sum1 <= sum2:
                sum1 += a[i]
                sum2 -= a[i]
            else:
                break
        print(abs(sum1 - sum2))
",False,False,1,0.25
1746B,0,['this is the og problem'],['for loop'],"['for loop', 'hashmap', 'if statement', 'while loop', 'stack', 'tuple', 'matrix operation', 'sorting', 'recursion']","import sys
input = sys.stdin.readline

def solve():
    t = int(input())
    for _ in range(t):
        n = int(input())
        a = list(map(int, input().split()))
        cnt = 0
        for i in range(n - 1, -1, -1):
            if a[i] > a[i + 1]:
                cnt += a[i]
                a[i + 1] += a[i]
                a[i] = 0
        print(cnt)

",False,True,0,0.0
1746B,1,['for loop'],"['for loop', 'if statement']","['for loop', 'hashmap', 'if statement', 'while loop', 'stack', 'tuple', 'matrix operation', 'sorting', 'recursion']","import sys
input = sys.stdin.readline

def solve():
    t = int(input())
    for _ in range(t):
        n = int(input())
        a = list(map(int, input().split()))
        cnt = 0
        for i in range(n - 1, -1, -1):
            if a[i] > a[i + 1]:
                cnt += a[i]
                a[i + 1] += a[i]
                a[i] = 0
        print(cnt)

",False,False,0,0.0
1746B,2,"['for loop', 'break statement']",['for loop'],"['for loop', 'hashmap', 'if statement', 'while loop', 'stack', 'tuple', 'matrix operation', 'sorting', 'recursion']","import sys
input = sys.stdin.readline

def solve():
    t = int(input())
    for _ in range(t):
        n = int(input())
        a = list(map(int, input().split()))
        cnt = 0
        while len(a) > 1 and a[-1] == 0:
            a.pop()
        while len(a) > 1 and a[0] == 0:
            a.pop(0)
        for i in range(1, len(a)):
            if a[i] < a[i - 1]:
                cnt += a[i - 1] - a[i]
                a[i] = a[i - 1]
        print(cnt)
",False,False,0,0.0
1746B,3,"['for loop', 'break statement', 'if statement']","['if statement', 'while loop', 'for loop']","['for loop', 'hashmap', 'if statement', 'while loop', 'stack', 'tuple', 'matrix operation', 'sorting', 'recursion']","import sys
import math

def solve():
    input = sys.stdin.readline
    t = int(input())
    for _ in range(t):
        n = int(input())
        a = list(map(int, input().split()))
        cnt = 0
        while len(a) > 1 and a[0] == 0:
            a.pop(0)
            cnt += 1
        while len(a) > 1 and a[-1] == 0:
            a.pop()
            cnt += 1
        print(cnt)
",False,False,0,0.0
1746B,4,"['for loop', 'break statement', 'if statement', 'while loop']","['for loop', 'if statement']","['for loop', 'hashmap', 'if statement', 'while loop', 'stack', 'tuple', 'matrix operation', 'sorting', 'recursion']","import sys
input = sys.stdin.readline

def solve():
    t = int(input())
    for _ in range(t):
        n = int(input())
        a = list(map(int, input().split()))
        c = a.count(1)
        print(c - a.index(1) if c else 0)
",False,False,0,0.0
1746B,5,"['for loop', 'break statement', 'if statement', 'while loop', 'tuple']","['if statement', 'for loop']","['for loop', 'hashmap', 'if statement', 'while loop', 'stack', 'tuple', 'matrix operation', 'sorting', 'recursion']","import sys
import math

def solve():
    input = sys.stdin.readline
    t = int(input())
    for _ in range(t):
        n = int(input())
        a = list(map(int, input().split()))
        cnt = 0
        for i in range(n - 1, -1, -1):
            if a[i] > a[i + 1]:
                cnt += a[i]
                a[i + 1] += a[i]
                a[i] = 0
        print(cnt)
",False,False,0,0.0
1746A,0,['this is the og problem'],['for loop'],"['for loop', 'if statement', 'tuple', 'while loop', 'continue statement']","import sys
from collections import deque

def solve():
    input = sys.stdin.readline
    t = int(input().strip())
    for _ in range(t):
        n, k = map(int, input().split())
        a = deque(map(int, input().split()))
        while len(a) > 1:
            if a[0] == 0:
                a.popleft()
            elif a[-1] == 0:
                a.pop()
            elif len(a) >= k and all(a[i] == 1 for i in range(k)):
                a = deque([1])
            elif len(a) >= k and any(a[i] == 1 for i in range(k)):
                a = deque([1] + [0] * (len(a) - k)
            else:
                break
        print(""YES"" if len(a) == 1 and a[0] == 1 else ""NO"")
",False,True,0,0.0
1746A,1,['for loop'],"['if statement', 'for loop', 'continue statement']","['for loop', 'if statement', 'tuple', 'while loop', 'continue statement']","import sys
input = sys.stdin.readline

def solve():
    t = int(input())
    for _ in range(t):
        n, k = map(int, input().split())
        a = list(map(int, input().split()))
        if 0 not in a:
            print(""YES"")
            continue
        if k == 2 and a.count(0) == 1:
            print(""YES"")
            continue
        if k > 2 and a.count(1) >= k - 1:
            print(""YES"")
            continue
        print(""NO"")

",False,False,0,0.0
1746A,2,"['for loop', 'tuple']","['if statement', 'for loop', 'continue statement', 'if statement', 'for loop', 'continue statement']","['for loop', 'if statement', 'tuple', 'while loop', 'continue statement']","import sys
input = sys.stdin.readline

def solve():
    t = int(input())
    for _ in range(t):
        n, k = map(int, input().split())
        a = list(map(int, input().split()))
        if 0 not in a:
            print(""YES"")
            continue
        if k == 2 and a[0] == 0:
            print(""NO"")
            continue
        if k > 2 and a[0] == a[-1] == 0:
            print(""NO"")
            continue
        print(""YES"")

",False,False,0,0.0
1746A,3,"['for loop', 'tuple', 'while loop']","['for loop', 'if statement', 'continue statement', 'tuple', 'misc']","['for loop', 'if statement', 'tuple', 'while loop', 'continue statement']","import sys
input = sys.stdin.readline

def solve():
    t = int(input())
    for _ in range(t):
        n, k = map(int, input().split())
        a = list(map(int, input().split()))
        if 0 not in a:
            print(""YES"")
            continue
        if k == 2 and a[0] == 0:
            print(""NO"")
            continue
        if k > 2 and a[0] == a[-1] == 0:
            print(""NO"")
            continue
        print(""YES"")

",False,False,1,0.2
1746A,4,"['for loop', 'tuple', 'while loop', 'if statement']","['for loop', 'if statement', 'tuple']","['for loop', 'if statement', 'tuple', 'while loop', 'continue statement']","import sys
import math

def solve():
    input = sys.stdin.readline
    t = int(input().strip())
    for _ in range(t):
        n, k = map(int, input().split())
        a = list(map(int, input().split()))
        if 1 in a:
            print(""YES"")
        else:
            print(""NO"")
",False,False,0,0.0
1744B,0,['this is the og problem'],['for loop'],"['while loop', 'if statement', 'for loop', 'tuple', 'hashmap', 'misc', 'matrix operation']","import sys
input = sys.stdin.readline

def solve():
    t = int(input())
    for _ in range(t):
        n, q = map(int, input().split())
        a = list(map(int, input().split()))
        even, odd = 0, 0
        for x in a:
            if x % 2 == 0:
                even += x
            else:
                odd += x
        for _ in range(q):
            type_j, x_j = map(int, input().split())
            if type_j == 0:
                even += x_j * (n - (a.count(1) % 2)
            else:
                odd += x_j * (a.count(1) % 2)
            print(even + odd)

",False,True,0,0.0
1744B,1,['if statement'],"['for loop', 'if statement']","['while loop', 'if statement', 'for loop', 'tuple', 'hashmap', 'misc', 'matrix operation']","import sys
input = sys.stdin.readline

def solve():
    t = int(input())
    for _ in range(t):
        n, q = map(int, input().split())
        a = list(map(int, input().split()))
        even, odd = 0, 0
        for i in a:
            if i % 2 == 0:
                even += i
            else:
                odd += i
        for _ in range(q):
            type_j, x_j = map(int, input().split())
            if type_j == 0:
                even += x_j * (n - (odd % 2))
            else:
                odd += x_j * (odd % 2)
            print(even + odd)

",False,False,0,0.0
1744B,2,"['if statement', 'tuple']",['for loop'],"['while loop', 'if statement', 'for loop', 'tuple', 'hashmap', 'misc', 'matrix operation']","import sys
input = sys.stdin.readline

def solve():
    t = int(input())
    for _ in range(t):
        n, q = map(int, input().split())
        a = list(map(int, input().split()))
        even, odd = 0, 0
        for x in a:
            if x % 2 == 0:
                even += x
            else:
                odd += x
        for _ in range(q):
            type_j, x_j = map(int, input().split())
            if type_j == 0:
                even += x_j * (n - a.count(1) // 2)
            else:
                odd += x_j * (a.count(1) // 2)
            print(even + odd)

",False,True,0,0.0
1744B,3,"['if statement', 'tuple', 'for loop']",['for loop'],"['while loop', 'if statement', 'for loop', 'tuple', 'hashmap', 'misc', 'matrix operation']","import sys
import math

def solve():
    input = sys.stdin.readline
    t = int(input.strip())
    for _ in range(t):
        nq = input().strip().split()
        n = int(nq[0])
        q = int(nq[1])
        a = list(map(int, input().strip().split()))
        even = 0
        odd = 0
        for i in a:
            if i % 2 == 0:
                even += i
            else:
                odd += i
        for __ in range(q):
            type_x = input().strip().split()
            type = int(type_x[0])
            x = int(type_x[1])
            if type == 0:
                even += x
            else:
                odd += x
            print(even + odd)
",False,False,0,0.0
1744B,4,"['if statement', 'tuple', 'for loop', 'hashmap']",['for loop'],"['while loop', 'if statement', 'for loop', 'tuple', 'hashmap', 'misc', 'matrix operation']","def solve():
    t = int(input())
    for _ in range(t):
        n, q = map(int, input().split())
        a = list(map(int, input().split()))
        even, odd = 0, 0
        for i in a:
            if i % 2 == 0:
                even += i
            else:
                odd += i
        for _ in range(q):
            type_j, x_j = map(int, input().split())
            if type_j == 0:
                even += x_j * (n - a.count(0))
                odd += x_j * a.count(0)
            else:
                even += x_j * a.count(0)
                odd += x_j * (n - a.count(0))
            print(even + odd)
",False,False,0,0.0
1744A,0,['this is the og problem'],['for loop'],"['for loop', 'if statement', 'dictionary', 'break statement', 'matrix operation', 'while loop', 'hashmap', 'tuple', 'set', 'misc', 'list']","import sys
import random
from collections import Counter

def solve():
    t = int(input())
    for _ in range(t):
        n = int(input())
        a = list(map(int, input().split()))
        s = input()
        if len(set(a)) == 1:
            print(""YES"")
            continue
        cnt = Counter(a)
        flag = True
        for i in s:
            if cnt.get(ord(i) - 97, 0):
                cnt[ord(i) - 97] -= 1
            else:
                flag = False
                break
        print(""YES"" if flag else ""NO"")

",False,True,0,0.0
1744A,1,['if statement'],"['for loop', 'if statement', 'set']","['for loop', 'if statement', 'dictionary', 'break statement', 'matrix operation', 'while loop', 'hashmap', 'tuple', 'set', 'misc', 'list']","import sys
input = sys.stdin.readline

def solve():
    t = int(input())
    for _ in range(t):
        n = int(input())
        a = list(map(int, input().split()))
        s = input().strip()
        used = set()
        for i in range(n):
            if s[i] not in used:
                used.add(s[i])
                for j in range(n):
                    if a[j] == a[i]:
                        a[j] = s[i]
        if ''.join(map(str, a)) == s:
            print(""YES"")
        else:
            print(""NO"")

",False,False,0,0.0
1744A,2,"['if statement', 'for loop']","['for loop', 'if statement', 'misc']","['for loop', 'if statement', 'dictionary', 'break statement', 'matrix operation', 'while loop', 'hashmap', 'tuple', 'set', 'misc', 'list']","import sys
import re

def solve():
    t = int(input())
    for _ in range(t):
        n = int(input())
        a = list(map(int, input().split()))
        s = input().strip()
        if re.fullmatch(''.join(map(str, a))+'$', s):
            print('YES')
        else:
            print('NO')
",False,False,0,0.0
1744A,3,"['if statement', 'for loop', 'recursion']",['for loop'],"['for loop', 'if statement', 'dictionary', 'break statement', 'matrix operation', 'while loop', 'hashmap', 'tuple', 'set', 'misc', 'list']","import sys
import math
from collections import Counter

def solve():
    input = sys.stdin.readline
    t = int(input())
    for _ in range(t):
        input = sys.stdin.readline
        n = int(input())
        a = list(map(int,input().split()))
        s = input().strip()
        if len(set(a)) == 1:
            if len(set(s)) == 1:
                print(""YES"")
            else:
                print(""NO"")
        else:
            c = Counter(a)
            if max(c.values()) > 1:
                d = {}
                for i in range(n):
                    if a[i] not in d:
                        d[a[i]] = s[i]
                    else:
                        if d[a[i]]!= s[i]:
                            print(""NO"")
                            break
                else:
                    print(""YES"")
            else:
                print(""NO"")
",False,False,0,0.0
1743B,0,['this is the og problem'],"['if statement', 'for loop']","['for loop', 'while loop', 'tuple', 'if statement']","import itertools

def solve():
    t = int(input())
    for _ in range(t):
        n = int(input())
        perm = list(range(1, n + 1))
        perm[1::2] = perm[1::2][::-1]
        print(*perm)
",False,True,0,0.0
1743B,1,['for loop'],['for loop'],"['for loop', 'while loop', 'tuple', 'if statement']","import itertools

def solve():
    t = int(input())
    for _ in range(t):
        n = int(input())
        perm = [1] + list(range(3, n + 1, 2)) + [2]
        print(*perm)
",False,False,0,0.0
1743B,2,"['for loop', 'while loop']",['for loop'],"['for loop', 'while loop', 'tuple', 'if statement']","import itertools

def solve():
    t = int(input())
    for _ in range(t):
        n = int(input())
        perm = [1] + list(range(3, n + 1, 2)) + [2]
        print(*perm)
",False,False,0,0.0
1743B,3,"['for loop', 'while loop', 'tuple']","['for loop', 'if statement']","['for loop', 'while loop', 'tuple', 'if statement']","import sys

def solve():
    t = int(input())
    for _ in range(t):
        n = int(input())
        print(*[i for i in range(1, n+1) if i % 2 == 1 else n+1-i], sep="" "")
",False,False,0,0.0
1743B,4,"['for loop', 'while loop', 'tuple', 'misc']","['for loop', 'if statement']","['for loop', 'while loop', 'tuple', 'if statement']","import sys

def solve():
    t = int(input())
    for _ in range(t):
        n = int(input())
        print(*[i for i in range(1, n+1) if i % 2 == 1 or i == n], sep=' ')

",False,False,0,0.0
1743B,5,"['for loop', 'while loop', 'tuple', 'misc', 'recursion']",['for loop'],"['for loop', 'while loop', 'tuple', 'if statement']","import sys

def solve():
    t = int(input())
    for _ in range(t):
        n = int(input())
        print(*([i for i in range(1, n+1) if i!= 2 else n], sep="" "")
",False,False,0,0.0
1743A,0,['this is the og problem'],['for loop'],"['while loop', 'for loop', 'misc', 'if statement', 'matrix operation', 'tuple', 'hashmap']","import math

def solve():
    t = int(input())
    for _ in range(t):
        n = int(input())
        a = list(map(int, input().split()))
        res = math.comb(10 - n, 2) * math.factorial(4) // 2
        print(res)
",False,True,0,0.0
1743A,1,['for loop'],"['for loop', 'matrix operation']","['while loop', 'for loop', 'misc', 'if statement', 'matrix operation', 'tuple', 'hashmap']","import math

def solve():
    t = int(input())
    for _ in range(t):
        n = int(input())
        a = list(map(int, input().split()))
        print(math.comb(10-n, 2) * math.factorial(4) // 2)
",False,False,0,0.0
1743A,2,"['for loop', 'set']","['for loop', 'misc']","['while loop', 'for loop', 'misc', 'if statement', 'matrix operation', 'tuple', 'hashmap']","import math

def solve():
    t = int(input())
    for _ in range(t):
        n = int(input())
        a = list(map(int, input().split()))
        res = math.comb(10 - n, 2) * math.factorial(4) // 2
        print(res)
",False,False,0,0.0
1743A,3,"['for loop', 'set', 'while loop']",['for loop'],"['while loop', 'for loop', 'misc', 'if statement', 'matrix operation', 'tuple', 'hashmap']","import math

def solve():
    t = int(input())
    for _ in range(t):
        n = int(input())
        a = list(map(int, input().split()))
        print(math.comb(10 - n, 2) * math.factorial(4) // 2)
",False,False,0,0.0
1743A,4,"['for loop', 'set', 'while loop', 'tuple']",['for loop'],"['while loop', 'for loop', 'misc', 'if statement', 'matrix operation', 'tuple', 'hashmap']","import math

def solve():
    t = int(input())
    for _ in range(t):
        n = int(input())
        a = list(map(int, input().split()))
        print(math.comb(10 - n, 2) * math.factorial(4) // 2)
",False,False,0,0.0
1742B,0,['this is the og problem'],"['for loop', 'set', 'if statement', 'misc']","['for loop', 'set', 'if statement', 'sorting']","import sys

def solve():
    t = int(input())
    for _ in range(t):
        n = int(input())
        a = list(map(int, input().split()))
        print(""YES"" if len(set(a)) == len(a) else ""NO"")

",True,True,1,0.25
1742B,1,['if statement'],"['for loop', 'set', 'if statement']","['for loop', 'set', 'if statement', 'sorting']","import sys

def solve():
    t = int(input())
    for _ in range(t):
        n = int(input())
        a = list(map(int, input().split()))
        print(""YES"" if len(set(a)) == 1 else ""NO"")

",False,False,0,0.0
1742B,2,"['if statement', 'hashmap']","['for loop', 'if statement', 'sorting']","['for loop', 'set', 'if statement', 'sorting']","import sys

def solve():
    t = int(input())
    for _ in range(t):
        n = int(input())
        a = list(map(int, input().split()))
        a.sort()
        print(""YES"" if all(a[i] < a[i+1] for i in range(n-1)) else ""NO"")

",True,False,0,0.0
1742B,3,"['if statement', 'hashmap', 'for loop']","['for loop', 'if statement', 'sorting']","['for loop', 'set', 'if statement', 'sorting']","import sys

def solve():
    input_lines = input()
    test_cases = int(input_lines[0].strip())
    index = 1
    for _ in range(test_cases):
        n = int(input_lines[index].strip())
        index += 1
        a = list(map(int, input_lines[index].strip().split()))
        index += 1
        a.sort()
        print(""YES"" if all(a[i] < a[i+1] for i in range(n-1)) else ""NO"")

",False,False,0,0.0
1742B,4,"['if statement', 'hashmap', 'for loop', 'sorting']","['for loop', 'if statement']","['for loop', 'set', 'if statement', 'sorting']","import math

def solve():
    t = int(input())
    for _ in range(t):
        n = int(input())
        a = list(map(int, input().split()))
        print(""YES"" if all(a[i] < a[i+1] for i in range(n-1)) else ""NO"")
",False,False,0,0.0
1742B,5,"['if statement', 'hashmap', 'for loop', 'sorting', 'set']","['for loop', 'if statement', 'break statement']","['for loop', 'set', 'if statement', 'sorting']","import sys

def solve():
    input = sys.stdin.readline
    t = int(input())
    for _ in range(t):
        n = int(input())
        a = list(map(int, input().split()))
        prev = 0
        for i in a:
            if i <= prev:
                print(""NO"")
                break
            prev = i
        else:
            print(""YES"")
",False,False,1,0.3333333333333333
1742A,0,['this is the og problem'],"['for loop', 'if statement']","['for loop', 'if statement', 'misc', 'sorting', 'tuple', 'while loop']","import sys

def solve():
    t = int(input())
    for _ in range(t):
        a, b, c = map(int, input().split())
        if a + b == c or a + c == b or b + c == a:
            print(""YES"")
        else:
            print(""NO"")

",True,True,0,0.0
1742A,1,['for loop'],"['if statement', 'for loop']","['for loop', 'if statement', 'misc', 'sorting', 'tuple', 'while loop']","import sys

def solve():
    input = sys.stdin.readline
    t = int(input())
    for _ in range(t):
        a, b, c = map(int, input().split())
        if a + b == c or a + c == b or b + c == a:
            print(""YES"")
        else:
            print(""NO"")
",False,False,0,0.0
1742A,2,"['for loop', 'if statement']","['for loop', 'if statement']","['for loop', 'if statement', 'misc', 'sorting', 'tuple', 'while loop']","def solve():
    t = int(input())
    for _ in range(t):
        a, b, c = map(int, input().split())
        print(""YES"" if a + b == c or a + c == b or b + c == a else ""NO"")
",True,False,0,0.0
1742A,3,"['for loop', 'if statement', 'while loop']","['if statement', 'for loop']","['for loop', 'if statement', 'misc', 'sorting', 'tuple', 'while loop']","import sys

def solve():
    input = sys.stdin.readline
    t = int(input())
    for _ in range(t):
        a, b, c = map(int, input().split())
        print(""YES"" if a + b == c or a + c == b or b + c == a else ""NO"")
",False,False,0,0.0
1742A,4,"['for loop', 'if statement', 'while loop', 'recursion']","['if statement', 'for loop']","['for loop', 'if statement', 'misc', 'sorting', 'tuple', 'while loop']","import sys

def solve():
    t = int(input())
    for _ in range(t):
        a, b, c = map(int, input().split())
        if a + b == c or a + c == b or b + c == a:
            print(""YES"")
        else:
            print(""NO"")

",True,False,0,0.0
1741B,0,['this is the og problem'],"['if statement', 'for loop']","['for loop', 'if statement', 'tuple', 'while loop', 'continue statement', 'misc', 'break statement']","import sys
input = sys.stdin.readline

def solve():
    t = int(input())
    for _ in range(t):
        n = int(input())
        if n % 2 == 0:
            print(-1)
        else:
            p = list(range(1, n + 1))
            p[::2] = p[1::2][::-1]
            print(*p)
",False,True,0,0.0
1741B,1,['for loop'],"['for loop', 'if statement', 'tuple']","['for loop', 'if statement', 'tuple', 'while loop', 'continue statement', 'misc', 'break statement']","import sys
import math

def solve():
    t = int(input())
    for _ in range(t):
        n = int(input())
        if n % 2 == 0:
            print(-1)
        else:
            print(*[(n - i) if i % 2 == 0 else (n - i + 1) for i in range(n)])
",False,False,0,0.0
1741B,2,"['for loop', 'if statement']","['for loop', 'if statement']","['for loop', 'if statement', 'tuple', 'while loop', 'continue statement', 'misc', 'break statement']","import sys
import math

def solve():
    t = int(input())
    for _ in range(t):
        n = int(input())
        if n % 2 == 0:
            print(*range(n, 0, -1, -1), sep=' ')
        else:
            print(-1)
",False,False,0,0.0
1741B,3,"['for loop', 'if statement', 'misc']","['if statement', 'for loop']","['for loop', 'if statement', 'tuple', 'while loop', 'continue statement', 'misc', 'break statement']","import sys
import math

def solve():
    t = int(input())
    for _ in range(t):
        n = int(input())
        if n % 2 == 0:
            print(*range(n, 0, -1, -2), sep=' ')
        else:
            print(-1)
",False,False,0,0.0
1741B,4,"['for loop', 'if statement', 'misc', 'tuple']","['for loop', 'if statement']","['for loop', 'if statement', 'tuple', 'while loop', 'continue statement', 'misc', 'break statement']","import sys
import math

def solve():
    t = int(input())
    for _ in range(t):
        n = int(input())
        if n % 2 == 0:
            print(-1)
        else:
            print(*range(n, 0, -1))
",False,False,0,0.0
1741A,0,['this is the og problem'],"['if statement', 'for loop']","['for loop', 'dictionary', 'if statement', 'while loop', 'tuple', 'recursion', 'pass statement', 'misc', 'queue']","def solve():
    import sys
    input = sys.stdin.readline
    t = int(input.strip())
    for _ in range(t):
        a, b = input().strip().split()
        a = a.replace('M', '1').replace('S', '0').replace('L', '2')
        b = b.replace('M', '1').replace('S', '0').replace('L', '2')
        if a.count('X') > b.count('X'):
            if 'L' in b:
                print('>')
            elif 'M' in b:
                print('>')
            else:
                print('<')
        elif a.count('X') < b.count('X'):
            if 'L' in a:
                print('<')
            elif 'M' in a:
                print('<')
            else:
                print('>')
        else:
            if a[-1] == 'L' and b[-1]!= 'L':
                print('>')
            elif a[-1]!= 'L' and b[-1] == 'L':
                print('<')
            else:
                print('=')
",False,True,0,0.0
1741A,1,['for loop'],['hashmap'],"['for loop', 'dictionary', 'if statement', 'while loop', 'tuple', 'recursion', 'pass statement', 'misc', 'queue']","import re

def solve():
    sizes = {""S"": 0, ""M"": 1, ""L"": 2}
    patterns = {
        r""^[X]*S$"": lambda x: (len(x) - 1, 0),
        r""^[X]*M$"": lambda x: (len(x) - 1, 1),
        r""^[X]*L$"": lambda x: (len(x) - 1, 2)
    }

    def size(s):
        for pattern, func in patterns.items():
            match = re.match(pattern, s)
            if match:
                return func(match.group())

    t = int(input())
    for _ in range(t):
        a, b = input().split()
        size_a = size(a)
        size_b = size(b)

        if size_a < size_b:
            print(""<"")
        elif size_a > size_b:
            print("">"")
        else:
            print(""="")
",False,True,1,1.0
1741A,2,"['for loop', 'if statement']",['for loop'],"['for loop', 'dictionary', 'if statement', 'while loop', 'tuple', 'recursion', 'pass statement', 'misc', 'queue']","def solve():
    import sys
    input = input()
    lines = input.strip().split('\n')[1:]
    for a, b in zip(lines[::2], lines[1::2]):
        a = a.strip()
        b = b.strip()
        if a.count('S') > 0 and b.count('M') > 0 or a.count('S') > 0 and b.count('L') > 0:
            print('<')
        elif a.count('M') > 0 and b.count('L') > 0:
            print('<')
        elif a.count('X') < b.count('X') and a[-1] == b[-1]:
            print('<')
        elif a.count('X') > b.count('X') and a[-1] == b[-1]:
            print('>')
        elif a[-1] < b[-1]:
            print('<')
        elif a[-1] > b[-1]:
            print('>')
        else:
            print('=')
",False,False,0,0.0
1741A,3,"['for loop', 'if statement', 'while loop']",['for loop'],"['for loop', 'dictionary', 'if statement', 'while loop', 'tuple', 'recursion', 'pass statement', 'misc', 'queue']","def solve():
    import sys
    input = input().splitlines()[1:]
    for a, b in zip(input[::2], input[1::2]):
        a = a.strip()
        b = b.strip()
        if a.count('S') > b.count('S') or (a.count('S') == b.count('S') and a.count('X') < b.count('X'):
            print('<')
        elif a.count('L') > b.count('L') or (a.count('L') == b.count('L') and a.count('X') > b.count('X'):
            print('>')
        else:
            print('=')
",False,False,0,0.0
1741A,4,"['for loop', 'if statement', 'while loop', 'dictionary']","['if statement', 'for loop']","['for loop', 'dictionary', 'if statement', 'while loop', 'tuple', 'recursion', 'pass statement', 'misc', 'queue']","def solve():
    import sys
    t = int(input())
    for _ in range(t):
        a, b = input().split()
        a = a[0]
        b = b[0]
        if a.count('S') > b.count('S'):
            if a.count('S') > 0 and b.count('S') == 0:
                print('>')
            elif a.count('S') == b.count('S') and a.count('X') < b.count('X'):
                print('<')
            elif a.count('S') == b.count('S') and a.count('X') == b.count('X'):
                print('=')
        elif a.count('M') > b.count('M'):
            ifa.count('M') > 0 and b.count('M') == 0:
                print('>')
            elifa.count('M') == b.count('M') and a.count('X') < b.count('X'):
                print('<')
            elifa.count('M') == b.count('M') and a.count('X') == b.count('X'):
                print('=')
        elif a.count('L') > b.count('L'):
            ifa.count('L') > 0 and b.count('L') == 0:
                print('<')
            elifa.count('L') == b.count('L') and a.count('X') > b.count('X'):
                print('>')
            elifa.count('L') == b.count('L') and a.count('X') == b.count('X'):
                print('=')
",False,False,0,0.0
1740B,0,['this is the og problem'],['for loop'],"['for loop', 'if statement', 'while loop', 'misc', 'tuple', 'matrix operation', 'hashmap', 'recursion', 'heap', 'sorting']","import sys
from collections import defaultdict

def solve():
    input = sys.stdin.readline
    t = int(input())
    for _ in range(t):
        n = int(input())
        a = []
        b = []
        for __ in range(n):
            x, y = map(int, input().split())
            a.append(x)
            b.append(y)
        a.sort()
        b.sort()
        ans = 0
        for i in range(n):
            ans += 2 * (a[i] + b[i])
        ans -= max(a) + max(b)
        print(ans)
",False,True,0,0.0
1740B,1,['for loop'],"['for loop', 'sorting']","['for loop', 'if statement', 'while loop', 'misc', 'tuple', 'matrix operation', 'hashmap', 'recursion', 'heap', 'sorting']","import sys
import math

def solve():
    t = int(input())
    for _ in range(t):
        n = int(input())
        a = []
        b = []
        for __ in range(n):
            x, y = map(int, input().split())
            a.append(x)
            b.append(y)
        a.sort()
        b.sort()
        ans = 0
        for i in range(n):
            ans += 2 * (a[i] + b[i])
        ans -= max(a) + max(b)
        print(ans)
",False,False,0,0.0
1740B,2,"['for loop', 'sorting']",['for loop'],"['for loop', 'if statement', 'while loop', 'misc', 'tuple', 'matrix operation', 'hashmap', 'recursion', 'heap', 'sorting']","import sys
import math

def solve():
    t = int(input())
    for _ in range(t):
        n = int(input())
        a = []
        b = []
        for __ in range(n):
            x, y = map(int, input().split())
            a.append(x)
            b.append(y)
        ans = 0
        for i in range(n):
            ans += min(a[i], b[i]) * 2
        ans += max(a) + max(b) * 2
        print(ans)
",False,False,0,0.0
1740B,3,"['for loop', 'sorting', 'recursion']",['for loop'],"['for loop', 'if statement', 'while loop', 'misc', 'tuple', 'matrix operation', 'hashmap', 'recursion', 'heap', 'sorting']","import sys

def solve():
    t = int(input())
    allans = []
    for _ in range(t):
        n = int(input())
        a = []
        b = []
        for __ in range(n):
            x, y = map(int, input().split())
            a.append(x)
            b.append(y)
        a.sort()
        b.sort()
        ans = 0
        for i in range(n):
            ans += 2 * (a[i] + b[i])
        ans -= max(a) + max(b)
        allans.append(ans)
    print('\n'.join(map(str, allans)))

",False,False,0,0.0
1740B,4,"['for loop', 'sorting', 'recursion', 'if statement']","['for loop', 'if statement']","['for loop', 'if statement', 'while loop', 'misc', 'tuple', 'matrix operation', 'hashmap', 'recursion', 'heap', 'sorting']","import sys
import math

def solve():
    t = int(input())
    for _ in range(t):
        n = int(input())
        a = []
        b = []
        for __ in range(n):
            x, y = map(int, input().split())
            a.append(x)
            b.append(y)
        ans = 0
        for i in range(n):
            ans += min(a[i], b[i]) * 2
        ans += max(a) + max(b) * 2
        print(ans)
",False,False,0,0.0
1740B,5,"['for loop', 'sorting', 'recursion', 'if statement', 'tuple']","['for loop', 'if statement', 'tuple']","['for loop', 'if statement', 'while loop', 'misc', 'tuple', 'matrix operation', 'hashmap', 'recursion', 'heap', 'sorting']","import sys
import math

def solve():
    input = sys.stdin.readline
    t = int(input())
    for _ in range(t):
        n = int(input())
        a = []
        b = []
        for __ in range(n):
            x, y = map(int, input().split())
            a.append(x)
            b.append(y)
        ans = 0
        for i in range(n):
            ans += min(a[i], b[i]) * 2
        print(ans + max(a) * 2 + max(b) * 2)
",False,False,0,0.0
1740A,0,['this is the og problem'],"['if statement', 'for loop', 'while loop', 'recursion']","['misc', 'for loop', 'if statement', 'while loop']","import math

def is_prime(n):
    if n <= 1:
        return False
    if n == 2:
        return True
    if n % 2 == 0:
        return False
    sqrt_n = math.isqrt(n)
    for i in range(3, int(sqrt_n) + 1, 2):
        if n % i == 0:
            return False
    return True

def solve():
    n = int(input())
    m = 2
    while is_prime(n + m):
        m += 1
    return m
",False,True,1,0.25
1740A,1,['if statement'],"['if statement', 'for loop', 'while loop', 'recursion']","['misc', 'for loop', 'if statement', 'while loop']","import math

def is_prime(n):
    if n <= 1:
        return False
    if n == 2:
        return True
    if n % 2 == 0:
        return False
    sqrt_n = math.isqrt(n)
    for i in range(3, int(sqrt_n) + 1, 2):
        if n % i == 0:
            return False
    return True

def solve():
    n = int(input())
    m = 2
    while is_prime(n + m):
        m += 1
    return m
",False,False,1,0.25
1740A,2,"['if statement', 'for loop']","['if statement', 'for loop', 'while loop', 'recursion']","['misc', 'for loop', 'if statement', 'while loop']","import math

def is_prime(n):
    if n <= 1:
        return False
    if n == 2:
        return True
    if n % 2 == 0:
        return False
    sqrt_n = math.isqrt(n)
    for i in range(3, int(sqrt_n) + 1, 2):
        if n % i == 0:
            return False
    return True

def solve():
    n = int(input())
    m = n
    while is_prime(n + m):
        m += 1
    return m
",False,False,1,0.25
1740A,3,"['if statement', 'for loop', 'misc']","['if statement', 'for loop', 'while loop', 'recursion']","['misc', 'for loop', 'if statement', 'while loop']","import math

def is_prime(n):
    if n <= 1:
        return False
    if n == 2:
        return True
    if n % 2 == 0:
        return False
    sqrt_n = math.isqrt(n)
    for i in range(3, int(sqrt_n) + 1, 2):
        if n % i == 0:
            return False
    return True

def solve():
    n = int(input())
    m = 2
    while is_prime(n + m):
        m += 1
    return m
",False,False,1,0.25
1740A,4,"['if statement', 'for loop', 'misc', 'recursion']","['if statement', 'for loop', 'while loop', 'recursion']","['misc', 'for loop', 'if statement', 'while loop']","import math

def is_prime(n):
    if n <= 1:
        return False
    if n == 2:
        return True
    if n % 2 == 0:
        return False
    sqrt_n = math.isqrt(n)
    for i in range(3, int(sqrt_n) + 1, 2):
        if n % i == 0:
            return False
    return True

def solve():
    n = int(input())
    m = 2
    while is_prime(n + m):
        m += 1
    return m
",False,False,1,0.25
1739A,0,['this is the og problem'],"['if statement', 'for loop']","['for loop', 'tuple', 'matrix operation', 'if statement', 'misc', 'while loop']","import sys

def solve():
    t = int(input())
    for _ in range(t):
        n, m = map(int, input().split())
        if n == 1 and m == 7:
            print(1, 7)
        elif n == 8 and m == 8:
            print(7, 2)
        else:
            print(2, 2)
",True,True,0,0.0
1739A,1,['if statement'],"['if statement', 'for loop']","['for loop', 'tuple', 'matrix operation', 'if statement', 'misc', 'while loop']","import math

def solve():
    t = int(input())
    for _ in range(t):
        n, m = map(int, input().split())
        if n == 1 or m == 1:
            print(1, 1)
        else:
            print(n//2+1, m//2+1)
",False,False,0,0.0
1739A,2,"['if statement', 'for loop']","['if statement', 'for loop']","['for loop', 'tuple', 'matrix operation', 'if statement', 'misc', 'while loop']","import math

def solve():
    t = int(input())
    for _ in range(t):
        n, m = map(int, input().split())
        if n == 1 or m == 1:
            print(1, 1)
        else:
            print(2, 2)
",False,False,0,0.0
1739A,3,"['if statement', 'for loop', 'tuple']",['if statement'],"['for loop', 'tuple', 'matrix operation', 'if statement', 'misc', 'while loop']","import math

def solve():
    n, m = map(int, input().split())
    if n == 1 and m == 7:
        return f""1 {7}""
    elif n == 8 and m == 8:
        return f""{7} {2}""
    elif n == 3 and m == 3:
        return f""{2} {2}""
    else:
        return f""{1} {1}""
",True,False,0,0.0
1739A,4,"['if statement', 'for loop', 'tuple', 'hashmap']",['if statement'],"['for loop', 'tuple', 'matrix operation', 'if statement', 'misc', 'while loop']","import math

def solve():
    n, m = map(int, input().split())
    if n == 1 and m == 7 or n == 7 and m == 1:
        return f""1 {n}""
    elif n == 3 and m == 3:
        return f""2 {n}""
    else:
        return f""1 {n}""
",False,False,0,0.0
1739A,5,"['if statement', 'for loop', 'tuple', 'hashmap', 'while loop']",['if statement'],"['for loop', 'tuple', 'matrix operation', 'if statement', 'misc', 'while loop']","def solve():
    n, m = map(int, input().split())
    if n == 1 and m == 7 or n == 7 and m == 1:
        return f""1 {m}""
    elif n == 8 and m == 8:
        return f""7 2""
    else:
        return f""2	2""
",False,False,0,0.0
1738A,0,['this is the og problem'],['for loop'],"['for loop', 'if statement', 'while loop', 'sorting', 'tuple', 'continue statement', 'pass statement', 'match statement', 'recursion', 'stack', 'queue', 'set', 'dictionary']","import sys
from collections import deque

def solve():
    input = sys.stdin.readline
    t = int(input())
    for _ in range(t):
        n = int(input())
        a = list(map(int, input().split()))
        b = list(map(int, input().split()))
        skills = deque(sorted(zip(a, b)), reverse = True
        total_damage = 0
        while skills:
            ai, bi = skills.pop()
            if skills and ai!= skills[-1][0]:
                bi *= 2
            total_damage += bi
            if reverse:
                skills.appendleft(ai, bi))
                skills.append(ai, bi))
            reverse = not reverse
        print(total_damage)

",False,True,0,0.0
1738A,1,['hashmap'],['for loop'],"['for loop', 'if statement', 'while loop', 'sorting', 'tuple', 'continue statement', 'pass statement', 'match statement', 'recursion', 'stack', 'queue', 'set', 'dictionary']","import sys
input = sys.stdin.readline

def solve():
    t = int(input())
    for _ in range(t):
        n = int(input())
        a = list(map(int, input().split()))
        b = list(map(int, input().split()))
        dp = [[[0, 0] for _ in range(n + 1)]
        for i in range(1, n + 1):
            for j in range(2):
                dp[i][j] = max(dp[i - 1][0] + (b[i - 1] * (2 - (a[i - 1] == j), dp[i - 1][1] + (b[i - 1] * (2 - (a[i - 1]!= j))
        print(max(dp[n][0], max(dp[n][1]))

",False,True,0,0.0
1738A,2,"['hashmap', 'for loop']","['if statement', 'for loop', 'tuple', 'sorting']","['for loop', 'if statement', 'while loop', 'sorting', 'tuple', 'continue statement', 'pass statement', 'match statement', 'recursion', 'stack', 'queue', 'set', 'dictionary']","import sys
import itertools

def solve():
    t = int(input())
    for _ in range(t):
        n = int(input())
        a = list(map(int, input().split()))
        b = list(map(int, input().split()))
        skills = list(zip(a, b))
        skills.sort(key=lambda x: x[0])
        ans = 0
        for i in range(n):
            if i == 0 or skills[i][0]!= skills[i-1][0]:
                ans += 2 * skills[i][1]
            else:
                ans += skills[i][1]
        print(ans)
",False,False,0,0.0
1738A,3,"['hashmap', 'for loop', 'if statement']",['for loop'],"['for loop', 'if statement', 'while loop', 'sorting', 'tuple', 'continue statement', 'pass statement', 'match statement', 'recursion', 'stack', 'queue', 'set', 'dictionary']","import sys
import math

def solve():
    input = sys.stdin.readline
    t = int(input())
    for _ in range(t):
        n = int(input())
        a = list(map(int,input().split()))
        b = list(map(int,input().split()))
        dp = [[[0,0] for _ in range(n+1)] for _ in range(2)]
        for i in range(1,n+1):
            for j in range(2):
                for k in range(2):
                    dp[i][j][k] = max(dp[i-1][l][k] + (b[i-1] if a[i-1] == j else 2 * b[i-1]) if k == j or i == 1 else max(dp[i-1][j][l] + (b[i-1] if a[i-1] == j else 2 * b[i-1]) for l in range(2))
        print(max(dp[n][0][1], max(dp[n][1][0]))
",False,False,0,0.0
1738A,4,"['hashmap', 'for loop', 'if statement', 'recursion']",['for loop'],"['for loop', 'if statement', 'while loop', 'sorting', 'tuple', 'continue statement', 'pass statement', 'match statement', 'recursion', 'stack', 'queue', 'set', 'dictionary']","import sys
import math
from collections import deque
from functools import lru_cache

def solve():
    input = sys.stdin.readline
    t = int(input())
    for _ in range(t):
        n = int(input())
        a = list(map(int, input().split()))
        b = list(map(int, input().split()))
        a.append(0)
        b.append(0)
        fire = deque()
        frost = deque()
        for i in range(n + 1):
            if a[i] == 0:
                fire.append(b[i])
            else:
                frost.append(b[i])
        fire = sorted(fire, reverse = True)
        frost = sorted(frost, reverse = True)
        ans = 0
        while fire and frost:
            if fire[0] >= frost[0]:
                ans += fire.popleft() * 2
            else:
                ans += frost.popleft() * 2
        while fire:
            ans += fire.popleft()
        while frost:
            ans += frost.popleft()
        print(ans)

",False,False,0,0.0
1738A,5,"['hashmap', 'for loop', 'if statement', 'recursion', 'tuple']",['for loop'],"['for loop', 'if statement', 'while loop', 'sorting', 'tuple', 'continue statement', 'pass statement', 'match statement', 'recursion', 'stack', 'queue', 'set', 'dictionary']","import sys
import math

def solve():
    input = sys.stdin.readline
    t = int(input())
    for _ in range(t):
        n = int(input())
        a = list(map(int,input().split()))
        b = list(map(int,input().split()))
        dp = [[0,0] for _ in range(n+1)]
        for i in range(1,n+1):
            for j in range(2):
                dp[i][j] = max(dp[i-1][0] + (b[i-1] if a[i-1] == j else 2 * b[i-1]), dp[i-1][1] + (b[i-1] if a[i-1]!= j else 2 * b[i-1]))
        print(max(dp[n][0], max(dp[n][1]))
",False,False,0,0.0
1736A,0,['this is the og problem'],['for loop'],"['for loop', 'if statement', 'misc', 'tuple', 'matrix operation', 'continue statement', 'while loop']","import sys
input = sys.stdin.readline

def solve():
    t = int(input())
    for _ in range(t):
        n = int(input())
        a = list(map(int, input().split()))
        b = list(map(int, input().split()))
        ans = 0
        for i in range(n):
            if a[i]!= b[i]:
                ans += 1
                a[i] ^= 1
        a.sort()
        for i in range(n):
            if a[i]!= b[i]:
                ans += 1
        print(ans)

",False,True,0,0.0
1736A,1,['hashmap'],"['if statement', 'for loop']","['for loop', 'if statement', 'misc', 'tuple', 'matrix operation', 'continue statement', 'while loop']","import sys

def solve():
    input = sys.stdin.readline
    t = int(input())
    for _ in range(t):
        n = int(input())
        a = list(map(int, input().split()))
        b = list(map(int, input().split()))
        res = 0
        for i in range(n):
            if a[i]!= b[i]:
                if i > 0 and a[i-1] == b[i]:
                    a[i-1] = 1 - a[i-1]
                    res += 1
                a[i] = 1 - a[i]
                res += 1
        print(res)
",False,True,0,0.0
1736A,2,"['hashmap', 'if statement']","['while loop', 'if statement', 'queue', 'misc']","['for loop', 'if statement', 'misc', 'tuple', 'matrix operation', 'continue statement', 'while loop']","import sys
from collections import deque

def solve():
    input = sys.stdin.readline
    t = int(input())
    for _ in range(t):
        n = int(input())
        a = list(map(int, input().split()))
        b = list(map(int, input().split()))
        a = deque(a)
        b = deque(b)
        ans = 0
        while a!= b:
            if a[0]!= b[0]:
                a[0] ^= 1
                ans += 1
            a.appendleft(a.pop())
            ans += 1
        print(ans)
",False,False,1,0.25
1736A,3,"['hashmap', 'if statement', 'for loop']","['queue', 'for loop', 'while loop', 'if statement', 'matrix operation']","['for loop', 'if statement', 'misc', 'tuple', 'matrix operation', 'continue statement', 'while loop']","import sys
from collections import deque

def solve():
    input = sys.stdin.readline
    t = int(input())
    for _ in range(t):
        n = int(input())
        a = list(map(int, input().split()))
        b = list(map(int, input().split()))
        a = deque(a)
        b = deque(b)
        ans = 0
        while a:
            if a[0]!= b[0]:
                if a[-1]!= b[-1]:
                    a.appendleft(a.pop())
                    ans += 1
                else:
                    a[0] ^= 1
                    ans += 1
            else:
                a.popleft()
                b.popleft()
        print(ans)
",False,False,1,0.2
1736A,4,"['hashmap', 'if statement', 'for loop', 'while loop']","['while loop', 'queue', 'if statement']","['for loop', 'if statement', 'misc', 'tuple', 'matrix operation', 'continue statement', 'while loop']","import sys
from collections import deque

def solve():
    input = sys.stdin.readline
    t = int(input())
    for _ in range(t):
        n = int(input())
        a = deque(map(int, input().split()))
        b = deque(map(int, input().split()))
        ans = 0
        while a!= b:
            if a[0]!= b[0]:
                a[0] ^= 1
                ans += 1
            a.appendleft(a.pop())
        print(ans)
",False,False,1,0.3333333333333333
1736A,5,"['hashmap', 'if statement', 'for loop', 'while loop', 'recursion']","['for loop', 'if statement']","['for loop', 'if statement', 'misc', 'tuple', 'matrix operation', 'continue statement', 'while loop']","import sys

def solve():
    t = int(input())
    for _ in range(t):
        n = int(input())
        a = list(map(int, input().split()))
        b = list(map(int, input().split()))
        res = 0
        for i in range(n):
            if a[i]!= b[i]:
                res += 1
                a[i:] = [x ^ 1 for x in a[i:]]
        print(res)
",False,False,0,0.0
1735A,0,['this is the og problem'],"['if statement', 'for loop']","['for loop', 'if statement', 'queue', 'while loop']","import math

def solve():
    t = int(input())
    for _ in range(t):
        n = int(input())
        if n % 3) == 0):
            print(n // 3) - 1)
        else:
            print(math.floor(n / 3))
",False,True,0,0.0
1735A,1,['for loop'],['for loop'],"['for loop', 'if statement', 'queue', 'while loop']","import math

def solve():
    t = int(input())
    for _ in range(t):
        n = int(input())
        print(math.floor((n-3)/3))
",False,False,0,0.0
1735A,2,"['for loop', 'recursion']",['for loop'],"['for loop', 'if statement', 'queue', 'while loop']","import math

def solve():
    t = int(input())
    for _ in range(t):
        n = int(input())
        print(math.floor((n - 3) / 3) - 1)
",True,False,0,0.0
1735A,3,"['for loop', 'recursion', 'while loop']",['if statement'],"['for loop', 'if statement', 'queue', 'while loop']","import math

def solve():
    n = int(input())
    if n % 3) == 0):
        return n // 3) - 1)
    else:
        return math.floor(n / 3) - 1)
",False,True,0,0.0
1735A,4,"['for loop', 'recursion', 'while loop', 'if statement']",['if statement'],"['for loop', 'if statement', 'queue', 'while loop']","import math

def solve():
    n = int(input())
    if n % 3 == 0:
        return n // 3 - 1
    elif n % 3 == 1:
        return (n - 4) // 3
    else:
        return (n - 5) // 3
",True,False,0,0.0
1735A,5,"['for loop', 'recursion', 'while loop', 'if statement', 'dictionary']",['if statement'],"['for loop', 'if statement', 'queue', 'while loop']","import math

def solve():
    n = int(input())
    if n % 3 == 0:
        return n // 3 - 1
    elif n % 3 == 1:
        return (n - 4) // 3
    else:
        return (n - 5) // 3
",True,False,0,0.0
1734B,0,['this is the og problem'],"['matrix operation', 'for loop', 'if statement']","['while loop', 'for loop', 'if statement', 'tuple', 'matrix operation', 'continue statement', 'recursion']","import sys
input = sys.stdin.readline

def solve():
    n = int(input())
    ans = [[0 for _ in range(i+1)] for i in range(n)]
    for i in range(n):
        ans[i][0] = 1
        if i > 0:
            ans[i][i] = 1
    for row in ans:
        print(*row)

",False,True,0,0.0
1734B,1,['if statement'],"['matrix operation', 'for loop', 'if statement']","['while loop', 'for loop', 'if statement', 'tuple', 'matrix operation', 'continue statement', 'recursion']","import sys
input = sys.stdin.readline

def solve():
    n = int(input())
    res = [[0]*n
    for i in range(n):
        res[i] = [1]*(i+1)
        if i > 0:
            res[i][1] = 0
    return res

",False,False,0,0.0
1734B,2,"['if statement', 'matrix operation']","['matrix operation', 'for loop', 'if statement']","['while loop', 'for loop', 'if statement', 'tuple', 'matrix operation', 'continue statement', 'recursion']","import sys
input = sys.stdin.readline

def solve():
    n = int(input())
    res = [[0 for _ in range(i+1)] for i in range(n)]
    for i in range(n):
        res[i][0] = 1
        if i > 0:
            res[i][i] = 1
    for row in res:
        print(*row)

",False,False,0,0.0
1734B,3,"['if statement', 'matrix operation', 'for loop']",['matrix operation'],"['while loop', 'for loop', 'if statement', 'tuple', 'matrix operation', 'continue statement', 'recursion']","import sys
input = sys.stdin.readline

def solve():
    n = int(input())
    res = [[0]*n
    for i in range(n):
        res[i][0] = 1
        if i > 0:
            res[i][i] = 1
    return res

",False,False,0,0.0
1734B,4,"['if statement', 'matrix operation', 'for loop', 'while loop']","['matrix operation', 'for loop', 'if statement']","['while loop', 'for loop', 'if statement', 'tuple', 'matrix operation', 'continue statement', 'recursion']","import sys
input = sys.stdin.readline

def solve():
    n = int(input())
    res = [[0]*n
    for i in range(n):
        res[i][0] = 1
        if i > 0:
            res[i][i] = 1
    return res

",False,False,0,0.0
1734A,0,['this is the og problem'],"['for loop', 'if statement', 'dictionary', 'hashmap', 'sorting']","['for loop', 'sorting', 'if statement', 'misc', 'while loop', 'tuple', 'matrix operation', 'hashmap', 'two pointers']","import sys
from collections import Counter

def solve():
    t = int(input())
    for _ in range(t):
        n = int(input())
        a = list(map(int, input().split()))
        a.sort()
        c = Counter(a)
        ans = float('inf')
        for x in c:
            if c[x] >= 3:
                ans = min(ans, 0)
            elif c[x] == 2:
                if c[x + 1] >= 1:
                    ans = min(ans, 1)
                elif c[x + 2] >= 1:
                    ans = min(ans, 2)
                else:
                    for y in c:
                        if y > x + 2:
                            ans = min(ans, y - x)
                            break
            else:
                for y in c:
                    if y > x:
                        ans = min(ans, y - x)
                        break
        print(ans)
",False,True,1,0.2
1734A,1,['dictionary'],"['for loop', 'if statement', 'sorting', 'tuple', 'hashmap']","['for loop', 'sorting', 'if statement', 'misc', 'while loop', 'tuple', 'matrix operation', 'hashmap', 'two pointers']","import sys

def solve():
    t = int(input())
    for _ in range(t):
        n = int(input())
        a = list(map(int, input().split()))
        a.sort()
        ans = sys.maxsize
        for i in range(n - 2):
            ans = min(ans, abs(a[i] - a[i + 2]) + abs(a[i + 1] - a[i + 2]))
        print(ans)
",False,True,0,0.0
1734A,2,"['dictionary', 'matrix operation']",['for loop'],"['for loop', 'sorting', 'if statement', 'misc', 'while loop', 'tuple', 'matrix operation', 'hashmap', 'two pointers']","import sys
import math

def solve():
    t = int(input())
    for _ in range(t):
        n = int(input())
        a = list(map(int, input().split()))
        a.sort()
        ans = sys.maxsize
        for i in range(n - 2):
            x, y, z = a[i], a[i + 1], a[i + 2]
            ans = min(ans, max(abs(x - y), abs(y - z), abs(z - x)))
        print(ans)
",True,True,0,0.0
1734A,3,"['dictionary', 'matrix operation', 'if statement']",['for loop'],"['for loop', 'sorting', 'if statement', 'misc', 'while loop', 'tuple', 'matrix operation', 'hashmap', 'two pointers']","import sys

def solve():
    t = int(input())
    for _ in range(t):
        n = int(input())
        a = list(map(int, input().split()))
        a.sort()
        ans = sys.maxsize
        for i in range(n - 2):
            ans = min(ans, a[i + 2] - a[i] + a[i + 1] - a[i])
        print(ans)
",False,True,0,0.0
1734A,4,"['dictionary', 'matrix operation', 'if statement', 'for loop']","['for loop', 'sorting', 'if statement', 'tuple', 'matrix operation']","['for loop', 'sorting', 'if statement', 'misc', 'while loop', 'tuple', 'matrix operation', 'hashmap', 'two pointers']","import sys
import math

def solve():
    t = int(input())
    for _ in range(t):
        n = int(input())
        a = list(map(int, input().split()))
        a.sort()
        ans = sys.maxsize
        for i in range(n - 2):
            x, y, z = a[i], a[i + 1], a[i + 2]
            d = max(x, y, z) - min(x, y, z)
            ans = min(ans, d)
        print(ans)
",True,False,0,0.0
1733A,0,['this is the og problem'],"['for loop', 'if statement', 'sorting']","['for loop', 'tuple', 'matrix operation', 'while loop', 'if statement', 'vector', 'misc', 'hashmap', 'dictionary', 'sorting']","import sys
input = sys.stdin.readline

def solve():
    t = int(input())
    for _ in range(t):
        n, k = map(int, input().split())
        a = list(map(int, input().split()))
        a.sort(reverse=True)
        print(sum(a[:k]))
",False,True,0,0.0
1733A,1,['misc'],"['for loop', 'sorting']","['for loop', 'tuple', 'matrix operation', 'while loop', 'if statement', 'vector', 'misc', 'hashmap', 'dictionary', 'sorting']","import sys
input = sys.stdin.readline

def solve():
    t = int(input())
    for _ in range(t):
        n, k = map(int, input().split())
        a = list(map(int, input().split()))
        a.sort(reverse=True)
        print(sum(a[:k]))

",False,True,0,0.0
1733A,2,"['misc', 'for loop']","['for loop', 'sorting']","['for loop', 'tuple', 'matrix operation', 'while loop', 'if statement', 'vector', 'misc', 'hashmap', 'dictionary', 'sorting']","import sys
import math

def solve():
    t = int(input())
    for _ in range(t):
        n, k = map(int, input().split())
        a = list(map(int, input().split()))
        a.sort(reverse=True)
        ans = sum(a[:k])
        print(ans)
",False,False,0,0.0
1733A,3,"['misc', 'for loop', 'if statement']","['for loop', 'sorting', 'if statement']","['for loop', 'tuple', 'matrix operation', 'while loop', 'if statement', 'vector', 'misc', 'hashmap', 'dictionary', 'sorting']","import sys

def solve():
    t = int(input())
    for _ in range(t):
        n, k = map(int, input().split())
        a = list(map(int, input().split()))
        a.sort(reverse=True)
        print(sum(a[:k]))
",False,False,0,0.0
1733A,4,"['misc', 'for loop', 'if statement', 'recursion']","['if statement', 'for loop', 'sorting']","['for loop', 'tuple', 'matrix operation', 'while loop', 'if statement', 'vector', 'misc', 'hashmap', 'dictionary', 'sorting']","import sys

def solve():
    t = int(input())
    for _ in range(t):
        n, k = map(int, input().split())
        a = list(map(int, input().split()))
        a.sort(reverse=True)
        print(sum(a[:k]))

",False,False,0,0.0
1733A,5,"['misc', 'for loop', 'if statement', 'recursion', 'queue']",['for loop'],"['for loop', 'tuple', 'matrix operation', 'while loop', 'if statement', 'vector', 'misc', 'hashmap', 'dictionary', 'sorting']","import sys

def solve():
    input = sys.stdin.readline
    t = int(input.strip())
    for _ in range(t):
        n, k = map(int, input().strip().split())
        a = list(map(int, input().strip().split()))
        a.sort(reverse=True)
        print(sum(a[:k]))
",False,False,0,0.0
1731A,0,['this is the og problem'],['for loop'],"['for loop', 'tuple', 'hashmap', 'dictionary', 'pass statement', 'if statement', 'list', 'multiplication operation', 'addition operation', 'while loop', 'matrix operation', 'misc']","import sys
import math
from collections import defaultdict
from functools import lru_cache
from itertools import accumulate
from heapq import heappush, heappop
from bisect import bisect_left, bisect_right
input = sys.stdin.readline

def solve():
    t = int(input())
    for _ in range(t):
        n = int(input())
        a = list(map(int, input().split()))
        a.sort(reverse=True)
        ans = a[0]
        for i in range(1, n):
            ans += a[i] // a[0]
        print(ans * 2022)

",False,True,0,0.0
1731A,1,['for loop'],['for loop'],"['for loop', 'tuple', 'hashmap', 'dictionary', 'pass statement', 'if statement', 'list', 'multiplication operation', 'addition operation', 'while loop', 'matrix operation', 'misc']","import math
import sys
input = sys.stdin.readline

def solve():
    t = int(input())
    for _ in range(t):
        n = int(input())
        a = list(map(int, input().split()))
        a.sort(reverse=True)
        ans = 2022 * (a[0] + sum(a[1:]))
        for i in range(1, n):
            ans = max(ans, 2022 * (a[0] // a[i] + sum(a[:i] + a[i+1:]))
        print(ans)

",False,False,0,0.0
1731A,2,"['for loop', 'recursion']",['for loop'],"['for loop', 'tuple', 'hashmap', 'dictionary', 'pass statement', 'if statement', 'list', 'multiplication operation', 'addition operation', 'while loop', 'matrix operation', 'misc']","import math
import sys
input = sys.stdin.readline

def solve():
    t = int(input())
    for _ in range(t):
        n = int(input())
        a = list(map(int, input().split()))
        a.sort(reverse=True)
        ans = 2022 * (a[0] + sum(a[1:]))
        for i in range(1, n):
            ans = max(ans, 2022 * (a[0] // a[i] + sum(a[:i] + a[i+1:] + [a[i]]))
        print(ans)

",False,False,0,0.0
1731A,3,"['for loop', 'recursion', 'dictionary']","['for loop', 'sorting', 'matrix operation']","['for loop', 'tuple', 'hashmap', 'dictionary', 'pass statement', 'if statement', 'list', 'multiplication operation', 'addition operation', 'while loop', 'matrix operation', 'misc']","import sys
import math

def solve():
    input = sys.stdin.readline
    t = int(input())
    for _ in range(t):
        n = int(input())
        a = list(map(int,input().split()))
        a.sort(reverse=True)
        ans = 1
        for i in range(1,n):
            ans *= a[i]
            ans = math.sqrt(ans)
        print(ans*2022)
",False,False,1,0.3333333333333333
1731A,4,"['for loop', 'recursion', 'dictionary', 'while loop']","['for loop', 'sorting']","['for loop', 'tuple', 'hashmap', 'dictionary', 'pass statement', 'if statement', 'list', 'multiplication operation', 'addition operation', 'while loop', 'matrix operation', 'misc']","import math
import sys
input = sys.stdin.readline

def solve():
    t = int(input())
    for _ in range(t):
        n = int(input())
        a = list(map(int, input().split()))
        a.sort(reverse=True)
        ans = a[0]
        for i in range(1, n):
            ans += math.ceil(a[i] / a[0])
        print(ans * 2022)

",False,False,1,0.5
1731A,5,"['for loop', 'recursion', 'dictionary', 'while loop', 'hashmap']",['for loop'],"['for loop', 'tuple', 'hashmap', 'dictionary', 'pass statement', 'if statement', 'list', 'multiplication operation', 'addition operation', 'while loop', 'matrix operation', 'misc']","import math

def solve():
    t = int(input())
    for _ in range(t):
        n = int(input())
        a = list(map(int, input().split()))
        ans = 2022 * max(a)
        for i in range(n):
            for j in range(i + 1, n):
                x = math.gcd(a[i], a[j])
                y = a[i] * a[j] // x
                if x * y == a[i] * a[j]:
                    ans = max(ans, 2022 * (x + y + sum(a[:i] + a[i + 1:j] + a[j + 1:]))
        print(ans)
",False,False,0,0.0
1730A,0,['this is the og problem'],"['for loop', 'dictionary', 'hashmap']","['while loop', 'tuple', 'hashmap', 'for loop', 'set', 'dictionary', 'matrix operation', 'if statement', 'break statement', 'sorting']","import sys
from collections import Counter

def solve():
    input = sys.stdin.readline
    t = int(input())
    for _ in range(t):
        n, c = map(int, input().split())
        a = list(map(int, input().split()))
        cnt = Counter(a)
        ans = 0
        for v in cnt.values():
            ans += min(v, c)
        print(ans)
",False,True,0,0.0
1730A,1,['hashmap'],"['for loop', 'dictionary', 'if statement']","['while loop', 'tuple', 'hashmap', 'for loop', 'set', 'dictionary', 'matrix operation', 'if statement', 'break statement', 'sorting']","import sys
import math

def solve():
    t = int(input())
    for _ in range(t):
        n, c = map(int, input().split())
        a = list(map(int, input().split()))
        cnt = {}
        for i in a:
            if i in cnt:
                cnt[i] += 1
            else:
                cnt[i] = 1
        ans = 0
        for i in cnt:
            ans += min(cnt[i], c)
        print(ans)
",True,True,0,0.0
1730A,2,"['hashmap', 'sorting']","['for loop', 'if statement']","['while loop', 'tuple', 'hashmap', 'for loop', 'set', 'dictionary', 'matrix operation', 'if statement', 'break statement', 'sorting']","import sys
import math

def solve():
    input = sys.stdin.readline
    t = int(input())
    for _ in range(t):
        n, c = map(int, input().split())
        a = list(map(int, input().split()))
        cnt = [0] * 101
        for i in a:
            cnt[i] += 1
        ans = 0
        for i in range(1, 101):
            if cnt[i] > 0:
                ans += min(cnt[i], c)
        print(ans)
",False,True,0,0.0
1730A,3,"['hashmap', 'sorting', 'matrix operation']","['if statement', 'for loop']","['while loop', 'tuple', 'hashmap', 'for loop', 'set', 'dictionary', 'matrix operation', 'if statement', 'break statement', 'sorting']","import sys
import math

def solve():
    t = int(input())
    for _ in range(t):
        n, c = map(int, input().split())
        a = list(map(int, input().split()))
        cnt = [0] * 101
        for i in a:
            cnt[i] += 1
        ans = 0
        for i in range(1, 101):
            if cnt[i] > 0:
                ans += min(cnt[i], c)
        print(ans)
",True,True,0,0.0
1730A,4,"['hashmap', 'sorting', 'matrix operation', 'for loop']","['if statement', 'for loop']","['while loop', 'tuple', 'hashmap', 'for loop', 'set', 'dictionary', 'matrix operation', 'if statement', 'break statement', 'sorting']","import sys
import math

def solve():
    t = int(input())
    for _ in range(t):
        n, c = map(int, input().split())
        a = list(map(int, input().split()))
        cnt = [0] * 101
        for i in a:
            cnt[i] += 1
        ans = 0
        for i in range(1, 101):
            if cnt[i] > 0:
                ans += min(cnt[i], c)
        print(ans)
",True,False,0,0.0
1730A,5,"['hashmap', 'sorting', 'matrix operation', 'for loop', 'while loop']","['while loop', 'break statement', 'continue statement']","['while loop', 'tuple', 'hashmap', 'for loop', 'set', 'dictionary', 'matrix operation', 'if statement', 'break statement', 'sorting']","import sys
import math

def solve():
    input = sys.stdin.readline
    t = int(input())
    for _ in range(t):
        n, c = map(int, input().split())
        a = list(map(int, input().split()))
        cnt = [0] * 101
        for i in a:
            cnt[i] += 1
        ans = 0
        for i in range(1, 101):
            if cnt[i] > 0:
                ans += min(cnt[i], c)
        print(ans)
",False,False,1,0.3333333333333333
1729B,0,['this is the og problem'],"['while loop', 'if statement']","['recursion', 'depth first search', 'stack', 'for loop', 'while loop', 'if statement', 'misc', 'matrix operation', 'tuple']","import re

def solve():
    s = input()
    res = []
    while s:
        if s[0] == '0':
            res.append(chr(int(s[1:3]) +   ord('a') - 1))
            s = s[3:]
        else:
            res.append(chr(int(s[0]) + ord('a') - 1))
            s = s[1:]
    return ''.join(res)
",False,True,0,0.0
1729B,1,['while loop'],['for loop'],"['recursion', 'depth first search', 'stack', 'for loop', 'while loop', 'if statement', 'misc', 'matrix operation', 'tuple']","import re

def solve():
    t = input()
    result = []
    while t:
        if re.match(r'^\d{2}', t):
            result.append(chr(int(t[:2] + 96))
            t = t[2:]
        elif re.match(r'^\d{3}0$', t):
            result.append(chr(int(t[:3] + 96))
            t = t[3:]
        else:
            result.append(chr(int(t[0]) + 96))
            t = t[1:]
    return ''.join(result)
",False,True,0,0.0
1729B,2,"['while loop', 'pass statement']","['while loop', 'if statement', 'hashmap']","['recursion', 'depth first search', 'stack', 'for loop', 'while loop', 'if statement', 'misc', 'matrix operation', 'tuple']","import re

def solve():
    t = input()
    res = ''
    while t:
        if re.match(r'^\d\d$', t):
            res += chr(int(t[0]) + t[1]
            t = t[2:]
        else:
            res += chr(int(t[0:2]) + t[2]
            t = t[3:]
    print(res)
",False,False,1,0.3333333333333333
1729B,3,"['while loop', 'pass statement', 'if statement']","['while loop', 'if statement']","['recursion', 'depth first search', 'stack', 'for loop', 'while loop', 'if statement', 'misc', 'matrix operation', 'tuple']","import re

def solve():
    s = input()
    res = []
    while s:
        if len(s) > 2 and s[1] == '0':
            res.append(chr(int(s[:2] + 96))
            s = s[2:]
        else:
            res.append(chr(int(s[0]) + 96))
            s = s[1:]
    return ''.join(res)
",False,False,0,0.0
1729B,4,"['while loop', 'pass statement', 'if statement', 'matrix operation']","['while loop', 'if statement', 'hashmap']","['recursion', 'depth first search', 'stack', 'for loop', 'while loop', 'if statement', 'misc', 'matrix operation', 'tuple']","import re

def solve():
    t = input()
    result = []
    while t:
        match = re.match(r'(\d{2})(0)?|(\d)', t)
        if match:
            result.append(chr(int(match.group() + 96)))
            t = t[match.end():]
        else:
            result.append(chr(int(t[0]) + 96))
            t = t[1:]
    return ''.join(result)
",False,False,1,0.3333333333333333
1729B,5,"['while loop', 'pass statement', 'if statement', 'matrix operation', 'for loop']",['for loop'],"['recursion', 'depth first search', 'stack', 'for loop', 'while loop', 'if statement', 'misc', 'matrix operation', 'tuple']","import re

def solve():
    t = input()
    res = []
    while t:
        if t[-1] == '0':
            res.append(chr(int(t[-4:-1] + 96))
            t = t[:-4]
        else:
            res.append(chr(int(t[-1] + 96))
            t = t[:-1]
    return ''.join(res[::-1])
",False,False,0,0.0
1729A,0,['this is the og problem'],"['if statement', 'tuple']","['for loop', 'if statement', 'tuple', 'misc', 'while loop', 'matrix operation', 'hashmap']","import math

def solve():
    a, b, c = map(int, input().split())
    first_elevator_time = abs(a - 1)
    second_elevator_time = abs(b - c) + abs(c - 1)
    if first_elevator_time < second_elevator_time:
        return 1
    elif first_elevator_time > second_elevator_time:
        return 2
    else:
        return 3
",True,True,0,0.0
1729A,1,['misc'],"['for loop', 'if statement', 'tuple']","['for loop', 'if statement', 'tuple', 'misc', 'while loop', 'matrix operation', 'hashmap']","def solve():
    t = int(input())
    for _ in range(t):
        a, b, c = map(int, input().split())
        if abs(b - c) + (c - 1) > a - 1:
            print(1)
        elif abs(b - c) + (c - 1) < a - 1:
            print(2)
        else:
            print(3)
",True,True,0,0.0
1729A,2,"['misc', 'for loop']","['if statement', 'tuple']","['for loop', 'if statement', 'tuple', 'misc', 'while loop', 'matrix operation', 'hashmap']","import math

def solve():
    a, b, c = map(int, input().split())
    first_elevator_time = abs(1 - a)
    second_elevator_time = abs(c - b) + abs(c - 1)
    if first_elevator_time < second_elevator_time:
        return 1
    elif first_elevator_time > second_elevator_time:
        return 2
    else:
        return 3
",True,True,0,0.0
1729A,3,"['misc', 'for loop', 'tuple']","['if statement', 'tuple', 'misc']","['for loop', 'if statement', 'tuple', 'misc', 'while loop', 'matrix operation', 'hashmap']","import math

def solve():
    a, b, c = map(int, input().split())
    first_elevator_time = abs(1 - a)
    second_elevator_time = abs(c - b) + abs(c - 1)
    if first_elevator_time < second_elevator_time:
        return 1
    elif first_elevator_time > second_elevator_time:
        return 2
    else:
        return 3
",True,False,0,0.0
1729A,4,"['misc', 'for loop', 'tuple', 'if statement']","['for loop', 'if statement', 'tuple', 'misc']","['for loop', 'if statement', 'tuple', 'misc', 'while loop', 'matrix operation', 'hashmap']","def solve():
    t = int(input())
    for _ in range(t):
        a, b, c = map(int, input().split())
        if abs(b - c) + (c - 1) > a - 1:
            print(1)
        elif abs(b - c) + (c - 1) < a - 1:
            print(2)
        else:
            print(3)
",True,False,0,0.0
1728B,0,['this is the og problem'],['for loop'],"['if statement', 'for loop', 'while loop', 'misc', 'matrix operation', 'tuple', 'continue statement']","import sys
input = sys.stdin.readline

def solve():
    t = int(input())
    for _ in range(t):
        n = int(input())
        if n % 2 == 0:
            print(*([n-2, n-3, 1, n-1, n]+list(range(2, n-2)))
        else:
            print(*([n-2, n-1, 1]+list(range(2, n-1)))

",False,True,0,0.0
1728B,1,['if statement'],"['for loop', 'if statement', 'tuple']","['if statement', 'for loop', 'while loop', 'misc', 'matrix operation', 'tuple', 'continue statement']","import sys
input = sys.stdin.readline

def solve():
    t = int(input())
    for _ in range(t):
        n = int(input())
        if n % 2 == 0:
            print(*([n-2*i for i in range(1, n//2+1)], *([n-i for i in range(1, n//2)])
        else:
            print(*([n-2*i for i in range(1, n//2+1)], n, *([n-i for i in range(1, n//2)]) )

",False,False,0,0.0
1728B,2,"['if statement', 'tuple']","['for loop', 'tuple', 'if statement']","['if statement', 'for loop', 'while loop', 'misc', 'matrix operation', 'tuple', 'continue statement']","import math

def solve():
    t = int(input())
    for _ in range(t):
        n = int(input())
        print(*([n-2-i if i%2==0 else i+1 for i in range(n-2, -1, -1)], 1,n-1)
",False,False,0,0.0
1728B,3,"['if statement', 'tuple', 'for loop']","['for loop', 'if statement']","['if statement', 'for loop', 'while loop', 'misc', 'matrix operation', 'tuple', 'continue statement']","import sys

def solve():
    t = int(input())
    for _ in range(t):
        n = int(input())
        print(*([n-2,n-1,*range(1,n-2),n]) if n > 3 else [1,2,3,4])
",False,False,0,0.0
1728B,4,"['if statement', 'tuple', 'for loop', 'matrix operation']","['for loop', 'if statement']","['if statement', 'for loop', 'while loop', 'misc', 'matrix operation', 'tuple', 'continue statement']","import math

def solve():
    t = int(input())
    for _ in range(t):
        n = int(input())
        print(*[n-2-i if i%2==0 else i+1 for i in range(n)])
",False,False,0,0.0
1728A,0,['this is the og problem'],"['for loop', 'if statement', 'break statement']","['for loop', 'if statement', 'matrix operation', 'tuple', 'dictionary', 'hashmap', 'while loop', 'break statement']","import sys

def solve():
    t = int(input())
    for _ in range(t):
        n = int(input())
        cnt = list(map(int, input().split()))
        for i in range(n):
            if cnt[i] % 2 == 1:
                print(i + 1)
                break
        else:
            print(1)
",False,True,0,0.0
1728A,1,['for loop'],"['for loop', 'if statement']","['for loop', 'if statement', 'matrix operation', 'tuple', 'dictionary', 'hashmap', 'while loop', 'break statement']","import sys

def solve():
    t = int(input())
    for _ in range(t):
        n = int(input())
        cnt = list(map(int, input().split()))
        for i in range(n):
            if cnt[i] % 2 ==  1:
                print(i + 1)
                return

",False,False,0,0.0
1728A,2,"['for loop', 'recursion']","['for loop', 'if statement', 'break statement']","['for loop', 'if statement', 'matrix operation', 'tuple', 'dictionary', 'hashmap', 'while loop', 'break statement']","import sys

def solve():
    t = int(input())
    for _ in range(t):
        n = int(input())
        cnt = list(map(int, input().split()))
        for i in range(n):
            if cnt[i] % 2:
                print(i + 1)
                break

",False,False,0,0.0
1725A,0,['this is the og problem'],"['for loop', 'if statement']","['if statement', 'tuple', 'matrix operation', 'misc', 'for loop']","import sys

def solve():
    N, M = map(int, input().split())
    ans = 0
    for i in range(1, N):
        for j in range(1, M):
            if j   1:
                ans += 1
            if i\>\= N:
                ans += 1
    print(ans)

",False,True,0,0.0
1725A,1,['tuple'],"['for loop', 'if statement']","['if statement', 'tuple', 'matrix operation', 'misc', 'for loop']","import math

def solve():
    n, m = map(int, input().split())
    ans = 0
    for i in range(1, n):
        for j in range(1, m):
            if j   1:
                ans += 1
            if i\> 1:
                ans += 1
    return ans
",False,True,0,0.0
1725A,2,"['tuple', 'for loop']","['for loop', 'if statement']","['if statement', 'tuple', 'matrix operation', 'misc', 'for loop']","import math

def solve():
    n, m = map(int, input().split())
    ans = 0
    for i in range(1, n+1):
        for j in range(1, m):
            if j  m and i+n-m+1 = n:
                ans += 1
            if i+n-m+1 = n and j+1 = m:
                ans += 1
            if i+n-m+1 = n and j+1 = m and i+1 = n:
                ans += 1
    return ans
",False,False,0,0.0
1725A,3,"['tuple', 'for loop', 'matrix operation']",['misc'],"['if statement', 'tuple', 'matrix operation', 'misc', 'for loop']","import math

def solve():
    n, m = map(int, input().split())
    return (m - 1) * n + (m - 1) * (n - 1)
",False,True,0,0.0
1725A,4,"['tuple', 'for loop', 'matrix operation', 'if statement']",['tuple'],"['if statement', 'tuple', 'matrix operation', 'misc', 'for loop']","def solve():
    N, M = map(int, input().split())
    return (N-1)*M + (M-1)*N
",False,False,0,0.0
1722C,0,['this is the og problem'],"['for loop', 'dictionary']","['if statement', 'for loop', 'dictionary', 'continue statement', 'misc', 'set', 'while loop', 'hashmap', 'tuple', 'matrix operation']","import sys
from collections import Counter

def solve():
    t = int(input())
    for _ in range(t):
        n = int(input())
        words = [input().split() for _ in range(3)]
        c = Counter(word for line in words for word in line)
        print(*[sum(3 - c[word] for line in words for word in line if c[word] < 3)])
",False,True,0,0.0
1722C,1,['set'],['for loop'],"['if statement', 'for loop', 'dictionary', 'continue statement', 'misc', 'set', 'while loop', 'hashmap', 'tuple', 'matrix operation']","import sys

def solve():
    t = int(input())
    for _ in range(t):
        n = int(input())
        words = [input().split() for _ in range(3)]
        points = [0, 0, 0]
        for i in range(3):
            for word in words[i]:
                count = sum(1 for j in range(3) if word in words[j])
                if count == 1:
                    points[i] += 3
                elif count == 2:
                    for j in range(3):
                        if word in words[j]:
                            points[j] += 1
        print(*points)

",False,True,0,0.0
1722C,2,"['set', 'if statement']","['for loop', 'if statement', 'hashmap', 'matrix operation']","['if statement', 'for loop', 'dictionary', 'continue statement', 'misc', 'set', 'while loop', 'hashmap', 'tuple', 'matrix operation']","from collections import Counter

def solve():
    t = int(input())
    for _ in range(t):
        n = int(input())
        words = [input().split() for _ in range(3)]
        counter = Counter(word for row in words for word in row)
        scores = [sum(counter[word] == 1 for row in words for word in row]
        print(*[3 if score else 1 for score in scores])
",False,False,0,0.0
1722C,3,"['set', 'if statement', 'for loop']","['for loop', 'if statement', 'matrix operation', 'tuple']","['if statement', 'for loop', 'dictionary', 'continue statement', 'misc', 'set', 'while loop', 'hashmap', 'tuple', 'matrix operation']","import sys

def solve():
    words = [input().split() for _ in range(3)]
    points = [0, 0, 0]
    for i in range(3):
        for word in words[i]:
            count = sum(1 for j in range(3) if word in words[j])
            if count == 1:
                points[i] += 3
            elif count == 2:
                points[i] +=\ 1
    print(*points)
",False,False,0,0.0
1722C,4,"['set', 'if statement', 'for loop', 'matrix operation']",['for loop'],"['if statement', 'for loop', 'dictionary', 'continue statement', 'misc', 'set', 'while loop', 'hashmap', 'tuple', 'matrix operation']","from collections import Counter

def solve():
    t = int(input())
    for _ in range(t):
        n = int(input())
        words = [input().split() for _ in range(3)]
        c = Counter(word for row in words for word in row)
        print(*[sum(c[word] // 2 if c[word] < 3 else 0 for row in words for word in row])
",False,False,0,0.0
1722B,0,['this is the og problem'],"['if statement', 'for loop']","['for loop', 'if statement', 'tuple', 'while loop', 'misc']","import sys

def solve():
    t = int(input())
    for _ in range(t):
        n = int(input())
        a = input()
        b = input()
        a = a.replace('G', 'B')
        b = b.replace('G', 'B')
        if a == b:
            print(""YES"")
        else:
            print(""NO"")

",True,True,0,0.0
1722B,1,['for loop'],"['for loop', 'if statement']","['for loop', 'if statement', 'tuple', 'while loop', 'misc']","import sys

def solve():
    t = int(input())
    for _ in range(t):
        n = int(input())
        a = input()
        b = input()
        a = a.replace('G', 'B')
        b = b.replace('G', 'B')
        if a == b:
            print(""YES"")
        else:
            print(""NO"")
",True,False,0,0.0
1722B,2,"['for loop', 'while loop']","['for loop', 'if statement']","['for loop', 'if statement', 'tuple', 'while loop', 'misc']","import sys

def solve():
    t = int(input())
    for _ in range(t):
        n = int(input())
        a = input()
        b = input()
        print(""YES"" if all(x == y or (x in ""GB"" and y in ""GB"") for x, y in zip(a, b)) else ""NO"")
",True,False,0,0.0
1722B,3,"['for loop', 'while loop', 'set']","['if statement', 'for loop', 'tuple']","['for loop', 'if statement', 'tuple', 'while loop', 'misc']","import sys

def solve():
    t = int(input())
    for _ in range(t):
        n = int(input())
        a = input()
        b = input()
        print(""YES"" if all(x == y or (x in ""GB"" and y in ""GB"") for x, y in zip(a, b)) else ""NO"")
",True,False,0,0.0
1722B,4,"['for loop', 'while loop', 'set', 'if statement']",['for loop'],"['for loop', 'if statement', 'tuple', 'while loop', 'misc']","import sys

def solve():
    t = int(input())
    for _ in range(t):
        n = int(input())
        a = input()
        b = input()
        print(""YES"" if all(x == y or (x in ""GB"" and y in ""GB"") for x, y in zip(a, b) else ""NO"")
",False,False,0,0.0
1722A,0,['this is the og problem'],"['for loop', 'if statement', 'hashmap']","['for loop', 'if statement', 'sorting', 'set', 'misc']","from collections import Counter

def solve():
    t = int(input())
    for _ in range(t):
        n = int(input())
        s = input()
        name = ""Timur""
        counter_name = Counter(name)
        counter_s = Counter(s)
        if counter_name == counter_s:
            print(""YES"")
        else:
            print(""NO"")
",True,True,1,0.3333333333333333
1722A,1,['for loop'],"['for loop', 'if statement', 'set']","['for loop', 'if statement', 'sorting', 'set', 'misc']","from collections import Counter
from itertools import permutations

def solve():
    name = ""Timur""
    name_permutations = [''.join(p) for p in permutations(name)]
    t = int(input())
    for _ in range(t):
        n = int(input())
        s = input()
        if s in name_permutations:
            print(""YES"")
        else:
            print(""NO"")
",True,False,0,0.0
1722A,2,"['for loop', 'while loop']","['for loop', 'if statement', 'misc']","['for loop', 'if statement', 'sorting', 'set', 'misc']","import itertools

def solve():
    t = ""Timur""
    test_cases = int(input())
    for _ in range(test_cases):
        n = int(input())
        s = input()
        perms = [''.join(p) for p in itertools.permutations(t)]
        print(""YES"" if s in perms else ""NO"")
",True,False,0,0.0
1722A,3,"['for loop', 'while loop', 'tuple']","['for loop', 'if statement', 'matrix operation', 'misc']","['for loop', 'if statement', 'sorting', 'set', 'misc']","import itertools

def solve():
    t = int(input())
    for _ in range(t):
        n = int(input())
        s = input()
        name = ""Timur""
        perms = [''.join(p) for p in itertools.permutations(name)]
        print(""YES"" if s in perms else ""NO"")
",True,False,1,0.25
1722A,4,"['for loop', 'while loop', 'tuple', 'if statement']",['for loop'],"['for loop', 'if statement', 'sorting', 'set', 'misc']","from itertools import permutations

def solve():
    name = ""Timur""
    name_set = set("""".join(permutations(name)))
    t = int(input())
    for _ in range(t):
        n = int(input())
        s = input()
        print(""YES"" if s in name_set else ""NO"")
",False,False,0,0.0
1722A,5,"['for loop', 'while loop', 'tuple', 'if statement', 'recursion']","['for loop', 'if statement', 'sorting']","['for loop', 'if statement', 'sorting', 'set', 'misc']","import itertools

def solve():
    t = ""Timur""
    t = sorted(t)
    for _ in range(int(input())):
        n = int(input())
        s = input()
        s = sorted(s)
        if s == t:
            print(""YES"")
        else:
            print(""NO"")
",True,False,0,0.0
1721A,0,['this is the og problem'],"['for loop', 'tuple']","['for loop', 'set', 'if statement', 'misc', 'dictionary', 'while loop', 'tuple']","from collections import Counter

def solve():
    s = [input() for _ in range(2)]
    counter = Counter(s[0] + s[1])
    return max(0, 2 - max(counter.values()))
",True,True,0,0.0
1721A,1,['if statement'],"['for loop', 'dictionary', 'hashmap', 'misc']","['for loop', 'set', 'if statement', 'misc', 'dictionary', 'while loop', 'tuple']","from collections import Counter

def solve():
    s = [input() for _ in range(2)]
    counter = Counter(s[0] + s[1])
    return max(0, 2 - max(counter.values()))
",True,True,1,0.25
1721A,2,"['if statement', 'tuple']",['for loop'],"['for loop', 'set', 'if statement', 'misc', 'dictionary', 'while loop', 'tuple']","from collections import Counter

def solve():
    s = [input() for _ in range(2)]
    c = Counter(s[0] + s[1])
    return max(0, 2 - max(c.values()))
",True,True,0,0.0
1721A,3,"['if statement', 'tuple', 'for loop']","['for loop', 'dictionary']","['for loop', 'set', 'if statement', 'misc', 'dictionary', 'while loop', 'tuple']","from collections import Counter

def solve():
    s = [input() for _ in range(2)]
    c = Counter(s[0] + s[1])
    return max(0, 2 - max(c.values()))
",True,False,0,0.0
1721A,4,"['if statement', 'tuple', 'for loop', 'break statement']","['if statement', 'set', 'matrix operation', 'misc']","['for loop', 'set', 'if statement', 'misc', 'dictionary', 'while loop', 'tuple']","import math

def solve():
    s = [input() for _ in range(2)]
    s = [list(row) for row in s]
    colors = set(s[0] + s[1])
    if len(colors) == 1:
        return 0
    elif len(colors) == 2:
        if s[0][0] == s[1][1] or s[0][1] == s[1][0]:
            return 1
        else:
            return 2
    else:
        return math.ceil(len(colors) / 2)
",False,False,1,0.25
1720B,0,['this is the og problem'],['for loop'],"['for loop', 'sorting', 'while loop', 'if statement', 'misc', 'tuple']","import sys
input = sys.stdin.readline

def solve():
    t = int(input())
    for _ in range(t):
        n = int(input())
        a = list(map(int, input().split()))
        ans = 0
        for i in range(1, n - 1):
            ans = max(ans, max(a[i - 1:i + 2]) - min(a[i - 1:i + 2]) + max(a[i:i + 2]) - min(a[i:i + 2]))
        print(ans)
        input()

",False,True,0,0.0
1720B,1,['for loop'],"['for loop', 'if statement']","['for loop', 'sorting', 'while loop', 'if statement', 'misc', 'tuple']","import sys
input = sys.stdin.readline

def solve():
    t = int(input())
    for _ in range(t):
        n = int(input())
        a = list(map(int, input().split()))
        ans = 0
        for i in range(1, n - 1):
            ans = max(ans, max(a[:i] + a[i + 1:]) - min(a[:i] + a[i + 1:]))
        print(ans)
",False,False,0,0.0
1720B,2,"['for loop', 'tuple']","['for loop', 'if statement', 'matrix operation']","['for loop', 'sorting', 'while loop', 'if statement', 'misc', 'tuple']","import sys
import math

def solve():
    t = int(input())
    for _ in range(t):
        n = int(input())
        a = list(map(int, input().split()))
        ans = -sys.maxsize
        for l in range(n - 1):
            for r in range(l + 1, n):
                left = max(a[:l] + a[r + 1:])
                right = min(a[:l] + a[r + 1:])
                cur = max(a[l:r + 1]) - min(a[l:r + 1]) + max(a[l:r + 1]) - min(a[l:r + 1])
                ans = max(ans, cur)
        print(ans)
",False,False,1,0.3333333333333333
1719B,0,['this is the og problem'],['for loop'],"['if statement', 'while loop', 'for loop', 'continue statement', 'tuple', 'misc']","import sys
input = sys.stdin.readline

def solve():
    t = int(input())
    for _ in range(t):
        n, k = map(int, input().split())
        if k % 2 == 0:
            print(""YES"")
            for i in range(1, n + 1, 2):
                print(i, n + 1 - i)
        else:
            if n % 4 == 0:
                print(""YES"")
                for i in range(1, n +\n%4, 2):
                    print(i, n +\n%4 +\1 - i)
                for i in range(n -\n%4 +\1, n +\1,\2):
                    print(i, n +\1 - i)
            else:
                print(""NO"")

",False,True,0,0.0
1719B,1,['if statement'],"['if statement', 'for loop', 'tuple', 'matrix operation']","['if statement', 'while loop', 'for loop', 'continue statement', 'tuple', 'misc']","import sys
import math

def solve():
    t = int(input())
    for _ in range(t):
        n, k = map(int, input().split())
        if k % 2 == 0:
            print(""YES"")
            for i in range(1, n + 1, 2):
                print(i, n - i + 1)
        elif n % 4 == 0:
            print(""YES"")
            for i in range(1, n + 1,\ 2):
                if i % 2 ==\0:
                    print(i, n - i + (k % 2))
                else:
                    print(i, n - i + (1 - (k %\2))
        else:
            print(""NO"")
",False,False,1,0.25
1719B,2,"['if statement', 'tuple']","['if statement', 'for loop', 'tuple']","['if statement', 'while loop', 'for loop', 'continue statement', 'tuple', 'misc']","import sys
import math

def solve():
    input = sys.stdin.readline
    t = int(input.strip())
    for _ in range(t):
        n, k = map(int, input().split())
        if k % 2 == 0:
            print(""YES"")
            for i in range(1, n + 1, 2):
                print(i, n - i + 1)
        else:
            print(""NO"")
",False,False,0,0.0
1719B,3,"['if statement', 'tuple', 'matrix operation']","['if statement', 'for loop']","['if statement', 'while loop', 'for loop', 'continue statement', 'tuple', 'misc']","import sys
import math

def solve():
    t = int(input())
    for _ in range(t):
        n, k = map(int, input().split())
        if k % 2 == 0:
            print(""YES"")
            for i in range(1, n + 1, 2):
                print(i, n - i + 1)
        elif n % 4 == 0:
            print(""YES"")
            for i in range(1, n + 1, 4):
                print(i, n - i + 1)
        else:
            print(""NO"")
",False,False,0,0.0
1719B,4,"['if statement', 'tuple', 'matrix operation', 'for loop']","['if statement', 'for loop']","['if statement', 'while loop', 'for loop', 'continue statement', 'tuple', 'misc']","import sys
import math

def solve():
    t = int(input())
    for _ in range(t):
        n, k = map(int, input().split())
        if k % 2 == 0:
            print(""YES"")
            for i in range(1, n + 1, 2):
                print(i, n - i + 1)
        else:
            print(""NO"")
",False,False,0,0.0
1719B,5,"['if statement', 'tuple', 'matrix operation', 'for loop', 'recursion']","['for loop', 'if statement', 'tuple']","['if statement', 'while loop', 'for loop', 'continue statement', 'tuple', 'misc']","import math

def solve():
    t = int(input())
    for _ in range(t):
        n, k = map(int, input().split())
        if k % 2 == 0:
            print(""YES"")
            for i in range(1, n + 1, 2):
                print(i, n - i + 1)
        else:
            print(""NO"")
",False,False,0,0.0
1719A,0,['this is the og problem'],"['for loop', 'if statement']","['for loop', 'if statement', 'misc', 'tuple', 'while loop']","import sys

def solve():
    t = int(input())
    for _ in range(t):
        n, m = map(int, input().split())
        print(""Tonya"" if (n + m) % 2 == 0 else ""Burenka"")

",True,True,0,0.0
1719A,1,['if statement'],"['if statement', 'for loop']","['for loop', 'if statement', 'misc', 'tuple', 'while loop']","import sys

def solve():
    t = int(input())
    for _ in range(t):
        n, m = map(int, input().split())
        print(""Tonya"" if (n + m) % 2 == 0 else ""Burenka"")
",True,False,0,0.0
1719A,2,"['if statement', 'for loop']","['for loop', 'if statement']","['for loop', 'if statement', 'misc', 'tuple', 'while loop']","import sys

def solve():
    t = int(input())
    for _ in range(t):
        n, m = map(int, input().split())
        print(""Tonya"" if (n + m) % 2 == 0 else ""Burenka"")

",True,False,0,0.0
1719A,3,"['if statement', 'for loop', 'tuple']","['for loop', 'if statement']","['for loop', 'if statement', 'misc', 'tuple', 'while loop']","import math

def solve():
    t = int(input())
    for _ in range(t):
        n, m = map(int, input().split())
        print(""Tonya"" if (n + m) % 2 == 0 else ""Burenka"")
",True,False,0,0.0
1719A,4,"['if statement', 'for loop', 'tuple', 'recursion']","['for loop', 'if statement']","['for loop', 'if statement', 'misc', 'tuple', 'while loop']","import math

def solve():
    t = int(input())
    for _ in range(t):
        n, m = map(int, input().split())
        print(""Tonya"" if (n + m) % 2 == 0 else ""Burenka"")
",True,False,0,0.0
1719A,5,"['if statement', 'for loop', 'tuple', 'recursion', 'hashmap']","['for loop', 'if statement']","['for loop', 'if statement', 'misc', 'tuple', 'while loop']","def solve():
    t = int(input())
    for _ in range(t):
        n, m = map(int, input().split())
        print(""Tonya"" if (n + m) % 2 == 0 else ""Burenka"")
",True,False,0,0.0
1717A,0,['this is the og problem'],"['for loop', 'if statement']","['for loop', 'misc', 'if statement', 'while loop']","from math import gcd
from functools import reduce

def lcm(a, b):
    return a * b // gcd(a, b)

def solve():
    n = int(input())
    count = 0
    for a in range(1, n + 1):
        for b in range(a, n + 1):
            if lcm(a, b) // gcd(a, b) <= 3:
                count += 1
    return count
",False,True,0,0.0
1717A,1,['for loop'],"['for loop', 'if statement', 'misc']","['for loop', 'misc', 'if statement', 'while loop']","import math

def solve():
    n = int(input())
    ans = 0
    for i in range(1, n+1):
        for j in range(1, n+1):
            if math.gcd(i, j)!= 0 and math.lcm(i, j) / math.gcd(i, j) <= 3:
                ans += 1
    print(ans)
",False,False,0,0.0
1717A,2,"['for loop', 'if statement']",['for loop'],"['for loop', 'misc', 'if statement', 'while loop']","from math import gcd
from functools import reduce

def lcm(a, b):
    return a * b // gcd(a, b)

def solve():
    n = int(input())
    return sum(1 for a in range(1, n+1) for b in range(a, n+1) if reduce(lcm, [a, b]) // gcd(a, b) <= 3)
",False,False,0,0.0
1717A,3,"['for loop', 'if statement', 'recursion']",['for loop'],"['for loop', 'misc', 'if statement', 'while loop']","import math

def solve():
    t = int(input())
    for _ in range(t):
        n = int(input())
        print(n + (n // 2) + (n // 3) - (n // 6))
",False,False,0,0.0
1717A,4,"['for loop', 'if statement', 'recursion', 'hashmap']",['for loop'],"['for loop', 'misc', 'if statement', 'while loop']","import math

def solve():
    t = int(input())
    for _ in range(t):
        n = int(input())
        print(n + (n // 2) * 2 + (n // 3) * 2 - n // 6 * 2)
",False,False,0,0.0
1717A,5,"['for loop', 'if statement', 'recursion', 'hashmap', 'while loop']","['for loop', 'if statement']","['for loop', 'misc', 'if statement', 'while loop']","import math

def solve():
    t = int(input())
    for _ in range(t):
        n = int(input())
        print(n + (n // 2) * 2 + (n // 3) * 2 - n // 6 * 2)
",False,False,0,0.0
1716B,0,['this is the og problem'],"['if statement', 'for loop']","['for loop', 'tuple', 'sorting', 'while loop', 'if statement', 'matrix operation', 'misc', 'two pointers']","import sys
input = sys.stdin.readline

def solve():
    n = int(input())
    a = list(range(1, n + 1))
    print(n)
    print(*a)
    for i in range(1, n):
        a[i], a[i - 1] = a[i - 1], a[i]
        print(*a)

",False,True,0,0.0
1716B,1,['for loop'],"['for loop', 'tuple', 'matrix operation']","['for loop', 'tuple', 'sorting', 'while loop', 'if statement', 'matrix operation', 'misc', 'two pointers']","import sys
import itertools

def solve():
    t = int(input())
    for _ in range(t):
        n = int(input())
        a = list(range(1, n + 1))
        print(n)
        for i in range(n):
            print(*a)
            for j in range(i):
                a[j], a[n - i + j] = a[n - i + j], a[j]

",False,False,0,0.0
1716B,2,"['for loop', 'if statement']","['for loop', 'tuple']","['for loop', 'tuple', 'sorting', 'while loop', 'if statement', 'matrix operation', 'misc', 'two pointers']","import sys
import itertools

def solve():
    t = int(input())
    for _ in range(t):
        n = int(input())
        a = list(range(1, n + 1))
        print(n)
        print(*a)
        for i in range(n - 1):
            for j in range(i + 1, n):
                a[i], a[j] = a[j], a[i]
                print(*a)
                if i == n - 2:
                    break

",False,False,0,0.0
1716B,3,"['for loop', 'if statement', 'recursion']","['for loop', 'tuple']","['for loop', 'tuple', 'sorting', 'while loop', 'if statement', 'matrix operation', 'misc', 'two pointers']","import sys
import itertools

def solve():
    n = int(input())
    a = list(range(1, n + 1))
    print(n)
    print(*a)
    for i in range(1, n):
        a[i], a[i - 1] = a[i - 1], a[i]
        print(*a)

",False,False,0,0.0
1716B,4,"['for loop', 'if statement', 'recursion', 'tuple']","['for loop', 'if statement']","['for loop', 'tuple', 'sorting', 'while loop', 'if statement', 'matrix operation', 'misc', 'two pointers']","import sys
import itertools

def solve():
    t = int(input())
    for _ in range(t):
        n = int(input())
        a = list(range(1, n + 1))
        print(n)
        for i in range(n):
            print(*a)
            if i!= n - 1:
                a[i], a[i + 1] = a[i + 1], a[i]
        print()

",False,False,0,0.0
1716A,0,['this is the og problem'],"['if statement', 'for loop']","['for loop', 'if statement', 'while loop', 'continue statement', 'misc']","import math

def solve():
    t = int(input())
    for _ in range(t):
        n = int(input())
        if n == 1:
            print(2)
        else:
            print(math.ceil(n / 3))
",True,True,0,0.0
1716A,1,['misc'],"['if statement', 'for loop']","['for loop', 'if statement', 'while loop', 'continue statement', 'misc']","import math

def solve():
    t = int(input())
    for _ in range(t):
        n = int(input())
        if n == 1:
            print(2)
        else:
            print(math.ceil(n / 3))
",True,True,0,0.0
1716A,2,"['misc', 'for loop']",['if statement'],"['for loop', 'if statement', 'while loop', 'continue statement', 'misc']","import math

def solve():
    n = int(input())
    if n == 1:
        return 1
    elif n % 3 == 0:
        return n // 3
    elif n % 3 == 1:
        return (n - 4) // 3 + 2
    else:
        return (n - 2) // 3 + 1
",True,True,0,0.0
1716A,3,"['misc', 'for loop', 'recursion']","['if statement', 'misc']","['for loop', 'if statement', 'while loop', 'continue statement', 'misc']","import math

def solve():
    n = int(input())
    if n == 1:
        return 1
    elif n % 3 == 0:
        return n // 3
    elif n % 3 == 1:
        return (n - 4) // 3 + 2
    else:
        return (n - 2) // 3 +\1
",False,False,0,0.0
1715A,0,['this is the og problem'],['for loop'],"['for loop', 'if statement', 'tuple', 'continue statement', 'while loop', 'misc', 'matrix operation', 'sorting']","import sys
import math

def solve():
    input = sys.stdin.readline
    t = int(input.strip())
    for _ in range(t):
        n, m = map(int, input().strip().split())
        print(n + m - 2 + min(n, m))
",False,True,0,0.0
1715A,1,['for loop'],['for loop'],"['for loop', 'if statement', 'tuple', 'continue statement', 'while loop', 'misc', 'matrix operation', 'sorting']","import sys
import math

def solve():
    t = int(input())
    for _ in range(t):
        n, m = map(int, input().split())
        print(n + m - 2 + max(n - 2, m - 2))
",False,False,0,0.0
1715A,2,"['for loop', 'recursion']",['tuple'],"['for loop', 'if statement', 'tuple', 'continue statement', 'while loop', 'misc', 'matrix operation', 'sorting']","import math

def solve():
    n, m = map(int, input().split())
    return n + m - 2 + 2 * math.ceil(min(n, m) / 2)
",False,True,0,0.0
1715A,3,"['for loop', 'recursion', 'while loop']",['for loop'],"['for loop', 'if statement', 'tuple', 'continue statement', 'while loop', 'misc', 'matrix operation', 'sorting']","import math

def solve():
    n, m = map(int, input().split())
    return n + m - 2 + 2 * math.ceil(min(n, m) / 2)
",False,False,0,0.0
1715A,4,"['for loop', 'recursion', 'while loop', 'if statement']",['for loop'],"['for loop', 'if statement', 'tuple', 'continue statement', 'while loop', 'misc', 'matrix operation', 'sorting']","import math

def solve():
    t = int(input())
    for _ in range(t):
        n, m = map(int, input().split())
        print(n + m - 2 + math.ceil((n - 1) / 2) + math.ceil((m - 1) / 2))
",False,False,0,0.0
1715A,5,"['for loop', 'recursion', 'while loop', 'if statement', 'tuple']","['tuple', 'tuple']","['for loop', 'if statement', 'tuple', 'continue statement', 'while loop', 'misc', 'matrix operation', 'sorting']","import math

def solve():
    n, m = map(int, input().split())
    return 2 * (n + m - 2) + (n > 1 or m > 1)
",False,False,0,0.0
1714C,0,['this is the og problem'],['for loop'],"['for loop', 'if statement', 'matrix operation', 'while loop', 'misc', 'recursion', 'set', 'break statement', 'sorting']","import itertools

def solve():
    t = int(input())
    for _ in range(t):
        s = int(input())
        for p in itertools.combinations('9876543210', s):
            if sum(int(x) for x in p) == s:
                print(''.join(p))
                break
",True,True,0,0.0
1714C,1,['if statement'],"['if statement', 'for loop', 'break statement', 'continue statement', 'tuple']","['for loop', 'if statement', 'matrix operation', 'while loop', 'misc', 'recursion', 'set', 'break statement', 'sorting']","import itertools

def solve():
    digits = [str(i) for i in range(1, 10)]
    for t in range(int(input())):
        s = int(input())
        for r in range(1, 10):
            for combination in itertools.combinations(digits, r):
                if sum(int(digit) for digit in combination) == s:
                    print(''.join(combination))
                    break
            else:
                continue
            break
        else:
            continue
        break
",True,False,2,0.4
1714C,2,"['if statement', 'misc']","['for loop', 'if statement', 'break statement', 'continue statement']","['for loop', 'if statement', 'matrix operation', 'while loop', 'misc', 'recursion', 'set', 'break statement', 'sorting']","import itertools

def solve():
    digits = [str(i) for i in range(1, 10)]
    for t in range(int(input())):
        s = int(input())
        for r in range(1, 10):
            for perm in itertools.permutations(digits, r):
                if sum(int(digit) for digit in perm) == s:
                    print(int(''.join(perm)))
                    break
            else:
                continue
            break
        else:
            continue
        break
",True,False,1,0.25
1714C,3,"['if statement', 'misc', 'for loop']","['for loop', 'tuple']","['for loop', 'if statement', 'matrix operation', 'while loop', 'misc', 'recursion', 'set', 'break statement', 'sorting']","import itertools

def solve():
    digits = [str(i) for i in range(1, 10)]
    for s in map(int, input().split()):
        for p in itertools.permutations(digits, s):
            if sum(map(int, p)) == s:
                print(''.join(p))
                break
",True,False,1,0.5
1714C,4,"['if statement', 'misc', 'for loop', 'recursion']",['for loop'],"['for loop', 'if statement', 'matrix operation', 'while loop', 'misc', 'recursion', 'set', 'break statement', 'sorting']","import itertools

def solve():
    digits = [str(i) for i in range(1, 10)]
    for s in map(int, input().split()):
        for p in itertools.permutations(digits, s):
            if sum(map(int, p)) == s:
                print(''.join(p))
                break
",True,False,0,0.0
1714C,5,"['if statement', 'misc', 'for loop', 'recursion', 'while loop']","['for loop', 'tuple', 'recursion', 'misc']","['for loop', 'if statement', 'matrix operation', 'while loop', 'misc', 'recursion', 'set', 'break statement', 'sorting']","import itertools

def solve():
    digits = [str(i) for i in range(1, 10)]
    for s in map(int, input().split()):
        for p in itertools.permutations(digits, s):
            if sum(map(int, p)) == s:
                return int(''.join(p))
",True,False,1,0.25
1714B,0,['this is the og problem'],"['for loop', 'dictionary', 'if statement', 'break statement']","['for loop', 'break statement', 'dictionary', 'set', 'if statement', 'while loop', 'hashmap', 'continue statement']","from collections import OrderedDict

def solve():
    t = int(input())
    for _ in range(t):
        n = int(input())
        a = list(map(int, input().split()))
        seen = OrderedDict()
        for i, x in enumerate(a):
            if x in seen:
                print(i - len(seen))
                break
            seen[x] = i
        else:
            print(0)
",False,True,0,0.0
1714B,1,['if statement'],"['for loop', 'dictionary', 'if statement', 'break statement']","['for loop', 'break statement', 'dictionary', 'set', 'if statement', 'while loop', 'hashmap', 'continue statement']","from collections import OrderedDict

def solve():
    t = int(input())
    for _ in range(t):
        n = int(input())
        a = list(map(int, input().split()))
        seen = OrderedDict()
        for i, x in enumerate(a):
            if x in seen:
                print(i - len(seen))
                break
            seen[x] = i
        else:
            print(0)
            return None
",False,False,0,0.0
1714B,2,"['if statement', 'hashmap']","['for loop', 'dictionary']","['for loop', 'break statement', 'dictionary', 'set', 'if statement', 'while loop', 'hashmap', 'continue statement']","from collections import OrderedDict

def solve():
    n = int(input())
    a = list(map(int, input().split()))
    seen = OrderedDict()
    for i, x in enumerate(a):
        if x in seen:
            return i
        seen[x] = i
    return 0
",False,True,0,0.0
1714B,3,"['if statement', 'hashmap', 'for loop']","['for loop', 'queue', 'set', 'while loop']","['for loop', 'break statement', 'dictionary', 'set', 'if statement', 'while loop', 'hashmap', 'continue statement']","from collections import deque

def solve():
    t = int(input())
    for _ in range(t):
        n = int(input())
        a = deque(map(int, input().split()))
        s = set()
        while a and a[0] in s:
            s.add(a.popleft())
        print(len(s))
",False,False,1,0.25
1714B,4,"['if statement', 'hashmap', 'for loop', 'misc']","['for loop', 'dictionary', 'if statement']","['for loop', 'break statement', 'dictionary', 'set', 'if statement', 'while loop', 'hashmap', 'continue statement']","from collections import OrderedDict

def solve():
    n = int(input())
    a = list(map(int, input().split()))
    seen = OrderedDict()
    for i, x in enumerate(a):
        if x in seen:
            return i
        seen[x] = True
    return 0
",False,False,0,0.0
1714B,5,"['if statement', 'hashmap', 'for loop', 'misc', 'while loop']","['queue', 'for loop', 'while loop', 'set', 'if statement']","['for loop', 'break statement', 'dictionary', 'set', 'if statement', 'while loop', 'hashmap', 'continue statement']","from collections import deque

def solve():
    t = int(input())
    for _ in range(t):
        n = int(input())
        a = deque(map(int, input().split()))
        seen = set()
        while a and a[0] in seen:
            seen.add(a.popleft())
        print(len(seen))
",False,False,1,0.2
1713A,0,['this is the og problem'],"['for loop', 'tuple']","['while loop', 'if statement', 'misc', 'hashmap', 'for loop', 'sorting', 'tuple', 'matrix operation']","import sys
import math

def solve():
    t = int(input())
    for _ in range(t):
        n = int(input())
        ans = 0
        for __ in range(n):
            x, y = map(int, input().split())
            ans += abs(x) + abs(y)
        print(ans)
",False,True,0,0.0
1713A,1,['if statement'],['for loop'],"['while loop', 'if statement', 'misc', 'hashmap', 'for loop', 'sorting', 'tuple', 'matrix operation']","import sys
import math

def solve():
    t = int(input())
    for _ in range(t):
        n = int(input())
        ans = 0
        for __ in range(n):
            x, y = map(int, input().split())
            ans += abs(x) + abs(y)
        print(ans)
",False,True,0,0.0
1713A,2,"['if statement', 'for loop']","['for loop', 'if statement']","['while loop', 'if statement', 'misc', 'hashmap', 'for loop', 'sorting', 'tuple', 'matrix operation']","import sys
import math

def solve():
    t = int(input())
    for _ in range(t):
        n = int(input())
        ans = 0
        for __ in range(n):
            x, y = map(int, input().split())
            if x!= 0:
                ans += abs(x)
            if y!= 0:
                ans += abs(y)
        print(ans)
",False,False,0,0.0
1713A,3,"['if statement', 'for loop', 'while loop']","['for loop', 'tuple', 'matrix operation']","['while loop', 'if statement', 'misc', 'hashmap', 'for loop', 'sorting', 'tuple', 'matrix operation']","import sys
import math

def solve():
    t = int(input())
    for _ in range(t):
        n = int(input())
        ans = 0
        for __ in range(n):
            x, y = map(int, input().split())
            ans += abs(x) + abs(y)
        print(ans)
",False,False,0,0.0
1713A,4,"['if statement', 'for loop', 'while loop', 'sorting']","['for loop', 'tuple', 'matrix operation']","['while loop', 'if statement', 'misc', 'hashmap', 'for loop', 'sorting', 'tuple', 'matrix operation']","import sys
import math

def solve():
    t = int(input())
    for _ in range(t):
        n = int(input())
        ans = 0
        for __ in range(n):
            x, y = map(int, input().split())
            ans += abs(x) + abs(y)
        print(ans)
",False,False,0,0.0
1713A,5,"['if statement', 'for loop', 'while loop', 'sorting', 'recursion']","['if statement', 'for loop', 'if statement', 'for loop']","['while loop', 'if statement', 'misc', 'hashmap', 'for loop', 'sorting', 'tuple', 'matrix operation']","import sys
import math

def solve():
    lines = input()
    tc = int(lines[0])
    line = 1
    for _ in range(tc):
        n = int(lines[line])
        line += 1
        ans = 0
        for __ in range(n):
            x, y = map(int, lines[line].split())
            line += 1
            if x!= 0:
                ans += abs(x)
            if y!= 0:
                ans += abs(y)
        print(ans)
",False,False,0,0.0
1712B,0,['this is the og problem'],['for loop'],"['for loop', 'while loop', 'if statement', 'tuple', 'misc', 'break statement', 'matrix operation', 'sorting']","import math

def solve():
    t = int(input())
    for _ in range(t):
        n = int(input())
        print(*[i for i in range(n, 0, -1)])
",False,True,0,0.0
1712B,1,['for loop'],['for loop'],"['for loop', 'while loop', 'if statement', 'tuple', 'misc', 'break statement', 'matrix operation', 'sorting']","import math

def solve():
    t = int(input())
    for _ in range(t):
        n = int(input())
        print(*range(n, 0, -1, -1))
",False,False,0,0.0
1712B,2,"['for loop', 'while loop']",['for loop'],"['for loop', 'while loop', 'if statement', 'tuple', 'misc', 'break statement', 'matrix operation', 'sorting']","import math

def solve():
    t = int(input())
    for _ in range(t):
        n = int(input())
        print(*range(n, 0, -1))
",False,False,0,0.0
1712B,3,"['for loop', 'while loop', 'tuple']",['for loop'],"['for loop', 'while loop', 'if statement', 'tuple', 'misc', 'break statement', 'matrix operation', 'sorting']","import math

def solve():
    t = int(input())
    for _ in range(t):
        n = int(input())
        print(*range(n, 1, -1, -1))
",False,False,0,0.0
1712B,4,"['for loop', 'while loop', 'tuple', 'recursion']",['for loop'],"['for loop', 'while loop', 'if statement', 'tuple', 'misc', 'break statement', 'matrix operation', 'sorting']","import math

def solve():
    t = int(input())
    for _ in range(t):
        n = int(input())
        print(*range(n, 0, -1, -1))
",False,False,0,0.0
1712A,0,['this is the og problem'],"['for loop', 'if statement', 'tuple']","['if statement', 'for loop', 'tuple', 'matrix operation', 'while loop', 'set', 'sorting', 'misc', 'dictionary', 'dynamic programming']","import sys
input = sys.stdin.readline

def solve():
    t = int(input())
    for _ in range(t):
        n, k = map(int, input().split())
        p = list(map(int, input().split()))
        p = [0] + p
        ans = 0
        for i in range(1, k + 1):
            if p[i]!= i:
                ans += 1
                p[p.index(i)], p[i] = p[i], p[p.index(i)]
        print(ans)
        input()
",False,True,0,0.0
1712A,1,['sorting'],['for loop'],"['if statement', 'for loop', 'tuple', 'matrix operation', 'while loop', 'set', 'sorting', 'misc', 'dictionary', 'dynamic programming']","import sys
input = sys.stdin.readline

def solve():
    t = int(input())
    for _ in range(t):
        n, k = map(int, input().split())
        p = list(map(int, input().split()))
        p = [x - 1 for x in p]
        ans = 0
        for i in range(k):
            if p[i]!= i:
                ans += 1
                p[p.index(i)], p[i] = p[i], p[p.index(i)]
        print(ans)
",False,True,0,0.0
1712A,2,"['sorting', 'if statement']","['for loop', 'sorting']","['if statement', 'for loop', 'tuple', 'matrix operation', 'while loop', 'set', 'sorting', 'misc', 'dictionary', 'dynamic programming']","import sys
input = sys.stdin.readline

def solve():
    t = int(input())
    for _ in range(t):
        n, k = map(int, input().split())
        p = list(map(int, input().split()))
        p = p[:k]
        p.sort()
        print(sum(p) - sum(range(1, k+1)))

",False,False,0,0.0
1712A,3,"['sorting', 'if statement', 'recursion']",['for loop'],"['if statement', 'for loop', 'tuple', 'matrix operation', 'while loop', 'set', 'sorting', 'misc', 'dictionary', 'dynamic programming']","import sys

def solve():
    input = sys.stdin.readline
    t = int(input.strip())
    for _ in range(t):
        n, k = map(int, input().strip().split())
        p = list(map(int, input().strip().split()))
        p = p[:k]
        p.sort()
        print(sum(range(1, k+1)) - sum(p))

",False,True,0,0.0
1712A,4,"['sorting', 'if statement', 'recursion', 'dictionary']",['for loop'],"['if statement', 'for loop', 'tuple', 'matrix operation', 'while loop', 'set', 'sorting', 'misc', 'dictionary', 'dynamic programming']","import sys

def solve():
    input = sys.stdin.readline
    t = int(input())
    for _ in range(t):
        n, k = map(int, input().split())
        p = list(map(int, input().split()))
        p = p[:k]
        p = [x - 1 for x in p]
        p.sort()
        print(sum(p) // 2)

",False,True,0,0.0
1712A,5,"['sorting', 'if statement', 'recursion', 'dictionary', 'matrix operation']",['for loop'],"['if statement', 'for loop', 'tuple', 'matrix operation', 'while loop', 'set', 'sorting', 'misc', 'dictionary', 'dynamic programming']","def solve():
    t = int(input())
    for _ in range(t):
        n, k = map(int, input().split())
        p = list(map(int, input().split()))
        p[:k] = p[:k][::-1]
        print(sum(p[:k] - sum(range(1, k+1)))
",False,True,0,0.0
1711A,0,['this is the og problem'],['for loop'],"['for loop', 'tuple', 'while loop', 'misc', 'if statement', 'matrix operation']","import sys

def solve():
    t = int(input())
    for _ in range(t):
        n = int(input())
        print(*range(1, n+1))

",False,True,0,0.0
1711A,1,['for loop'],"['if statement', 'for loop']","['for loop', 'tuple', 'while loop', 'misc', 'if statement', 'matrix operation']","import math

def solve():
    t = int(input())
    for _ in range(t):
        n = int(input())
        if n == 1:
            print(1)
        else:
            ans = []
            for i in range(2, n + 1):
                ans.append(i)
            ans.append(1)
            print(*ans)
",False,False,0,0.0
1711A,2,"['for loop', 'while loop']",['for loop'],"['for loop', 'tuple', 'while loop', 'misc', 'if statement', 'matrix operation']","import sys

def solve():
    t = int(input())
    for _ in range(t):
        n = int(input())
        print(*range(n, 1, -1))

",False,False,0,0.0
1711A,3,"['for loop', 'while loop', 'recursion']","['for loop', 'if statement']","['for loop', 'tuple', 'while loop', 'misc', 'if statement', 'matrix operation']","from itertools import permutations

def solve():
    n = int(input())
    min_weight = n
    min_perm = None
    for p in permutations(range(1, n + 1)):
        weight = 0
        for i in range(n):
            if (p[i] % (i + 1) == 0):
                weight += 1
        if weight < min_weight:
            min_weight = weight
            min_perm = p
    print(*min_perm)
",False,False,0,0.0
1711A,4,"['for loop', 'while loop', 'recursion', 'if statement']","['if statement', 'for loop', 'misc']","['for loop', 'tuple', 'while loop', 'misc', 'if statement', 'matrix operation']","import math

def solve():
    n = int(input())
    result = [1]
    for i in range(2, n + 1):
        if math.gcd(i, n) == 1:
            result.append(i)
        else:
            result.append(n)
    result[1:] = result[1:][::-1]
    print(*result)
",False,False,0,0.0
1709A,0,['this is the og problem'],"['for loop', 'if statement']","['for loop', 'if statement', 'pass statement', 'misc', 'while loop', 'tuple', 'matrix operation']","import sys

def solve():
    t = int(input())
    for _ in range(t):
        x = int(input())
        a, b, c = map(int, input().split())
        if x in (a, b, c) and (a and b and c):
            print(""YES"")
        else:
            print(""NO"")

",False,True,0,0.0
1709A,1,['for loop'],"['if statement', 'for loop', 'tuple']","['for loop', 'if statement', 'pass statement', 'misc', 'while loop', 'tuple', 'matrix operation']","import sys

def solve():
    t = int(input())
    for _ in range(t):
        x = int(input())
        a, b, c = map(int, input().split())
        if x == 1:
            if a == 2 and b == 3 or b == 2 and c == 3:
                print(""YES"")
            else:
                print(""NO"")
        elif x == 2:
            if a == 1 and c == 3 or b == 1 and c == 3:
                print(""YES"")
            else:
                print(""NO"")
        else:
            if a == 1 and b ==\ 2 or b ==\ 1 and c ==\ 2:
                print(""YES"")
            else:
                print(""NO"")

",False,False,0,0.0
1709A,2,"['for loop', 'if statement']","['if statement', 'for loop', 'while loop', 'tuple']","['for loop', 'if statement', 'pass statement', 'misc', 'while loop', 'tuple', 'matrix operation']","def solve():
    t = int(input())
    for _ in range(t):
        x = int(input())
        a, b, c = map(int, input().split())
        doors = [0, a, b, c]
        while 0 in doors:
            if doors[x]!= 0:
                x = doors[x]
            else:
                return ""NO""
        return ""YES""
",False,False,0,0.0
1709A,3,"['for loop', 'if statement', 'dictionary']",['for loop'],"['for loop', 'if statement', 'pass statement', 'misc', 'while loop', 'tuple', 'matrix operation']","import sys

def solve():
    t = int(input())
    for _ in range(t):
        x = int(input())
        a, b, c = map(int, input().split())
        print(""YES"" if (x in (a, b, c) and (a and b and c) else ""NO"")

",False,False,0,0.0
1709A,4,"['for loop', 'if statement', 'dictionary', 'hashmap']","['if statement', 'for loop']","['for loop', 'if statement', 'pass statement', 'misc', 'while loop', 'tuple', 'matrix operation']","import sys

def solve():
    t = int(input())
    for _ in range(t):
        x = int(input())
        a, b, c = map(int, input().split())
        if x == a or x == b or x == c:
            print(""YES"")
        else:
            print(""NO"")

",False,False,0,0.0
1709A,5,"['for loop', 'if statement', 'dictionary', 'hashmap', 'matrix operation']","['for loop', 'if statement']","['for loop', 'if statement', 'pass statement', 'misc', 'while loop', 'tuple', 'matrix operation']","def solve():
    t = int(input())
    for _ in range(t):
        x = int(input())
        a, b, c = map(int, input().split())
        if x in (a, b, c) and (a and b and c):
            print(""YES"")
        else:
            print(""NO"")
",False,False,0,0.0
1708A,0,['this is the og problem'],"['for loop', 'if statement', 'break statement']","['if statement', 'for loop', 'break statement', 'misc', 'continue statement', 'while loop', 'set']","import math

def solve():
    t = int(input())
    for _ in range(t):
        n = int(input())
        a = list(map(int, input().split()))
        for i in range(1, n):
            if a[i] % a[0]!= 0:
                print(""NO"")
                break
        else:
            print(""YES"")
",True,True,0,0.0
1708A,1,['break statement'],"['for loop', 'if statement', 'break statement', 'two pointers']","['if statement', 'for loop', 'break statement', 'misc', 'continue statement', 'while loop', 'set']","import sys
input = sys.stdin.readline

def solve():
    t = int(input())
    for _ in range(t):
        n = int(input())
        a = list(map(int, input().split()))
        for i in range(1, n):
            if a[i] % a[0]!= 0:
                print(""NO"")
                break
        else:
            print(""YES"")
",False,False,1,0.25
1708A,2,"['break statement', 'for loop']","['for loop', 'if statement', 'break statement']","['if statement', 'for loop', 'break statement', 'misc', 'continue statement', 'while loop', 'set']","import sys
input = sys.stdin.readline

def solve():
    t = int(input())
    for _ in range(t):
        n = int(input())
        a = list(map(int, input().split()))
        for i in range(1, n):
            if a[i] % a[0]!= 0:
                print(""NO"")
                break
        else:
            print(""YES"")
",False,False,0,0.0
1708A,3,"['break statement', 'for loop', 'while loop']","['for loop', 'if statement', 'break statement']","['if statement', 'for loop', 'break statement', 'misc', 'continue statement', 'while loop', 'set']","import sys
import math

def solve():
    input = sys.stdin.readline
    t = int(input())
    for _ in range(t):
        n = int(input())
        a = list(map(int,input().split()))
        for i in range(1,n):
            if a[i] % a[0]!= 0:
                print(""NO"")
                break
        else:
            print(""YES"")
",False,False,0,0.0
1708A,4,"['break statement', 'for loop', 'while loop', 'if statement']","['for loop', 'if statement']","['if statement', 'for loop', 'break statement', 'misc', 'continue statement', 'while loop', 'set']","import sys

def solve():
    input = sys.stdin.readline
    t = int(input())
    for _ in range(t):
        n = int(input())
        a = list(map(int, input().split()))
        print(""YES"" if all(x % a[0] == 0 for x in a[1:]) else ""NO"")
",False,False,0,0.0
1706A,0,['this is the og problem'],"['for loop', 'if statement']","['while loop', 'for loop', 'if statement', 'matrix operation', 'tuple', 'continue statement', 'misc', 'sorting', 'greedy algorithm', 'hashmap']","import sys
input = sys.stdin.readline

def solve():
    t = int(input())
    for _ in range(t):
        n, m = map(int, input().split())
        a = list(map(int, input().split()))
        s = ['B'] * m
        for i in range(n):
            if a[i] <= m // 2:
                s[a[i] - 1] = 'A'
            else:
                s[m - a[i]] = 'A'
        print(''.join(s))

",False,True,0,0.0
1706A,1,['for loop'],"['if statement', 'for loop']","['while loop', 'for loop', 'if statement', 'matrix operation', 'tuple', 'continue statement', 'misc', 'sorting', 'greedy algorithm', 'hashmap']","import sys
input = sys.stdin.readline

def solve():
    t = int(input())
    for _ in range(t):
        n, m = map(int, input().split())
        a = list(map(int, input().split()))
        s = ['B'] * m
        for i in range(n):
            if a[i] <= m // 2:
                s[a[i] - 1] = 'A'
            else:
                s[m - a[i]] = 'A'
        print(''.join(s))

",False,False,0,0.0
1706A,2,"['for loop', 'while loop']","['for loop', 'if statement']","['while loop', 'for loop', 'if statement', 'matrix operation', 'tuple', 'continue statement', 'misc', 'sorting', 'greedy algorithm', 'hashmap']","import sys
input = sys.stdin.readline

def solve():
    t = int(input())
    for _ in range(t):
        n, m = map(int, input().split())
        a = list(map(int, input().split()))
        s = ['B'] * m
        for i in a:
            if i - 1 < m and s[i - 1] == 'B':
                s[i - 1] = 'A'
            elif m + 1 - i - 1 < m and s[m + 1 - i - 1] == 'B':
                s[m + 1 - i - 1] = 'A'
        print(''.join(s))

",False,False,0,0.0
1706A,3,"['for loop', 'while loop', 'if statement']","['if statement', 'for loop']","['while loop', 'for loop', 'if statement', 'matrix operation', 'tuple', 'continue statement', 'misc', 'sorting', 'greedy algorithm', 'hashmap']","import sys
input = sys.stdin.readline

def solve():
    t = int(input())
    for _ in range(t):
        n, m = map(int, input().split())
        a = list(map(int, input().split()))
        s = ['B'] * m
        for i in range(n):
            if a[i] <= m // 2:
                s[a[i] - 1] = 'A'
            else:
                s[m - a[i]] = 'A'
        print(''.join(s))
",False,False,0,0.0
1706A,4,"['for loop', 'while loop', 'if statement', 'matrix operation']","['for loop', 'if statement']","['while loop', 'for loop', 'if statement', 'matrix operation', 'tuple', 'continue statement', 'misc', 'sorting', 'greedy algorithm', 'hashmap']","import sys
input = sys.stdin.readline

def solve():
    t = int(input())
    for _ in range(t):
        n, m = map(int, input().split())
        a = list(map(int, input().split()))
        s = ['B'] * m
        for i in range(n):
            if a[i] <= m // 2:
                s[a[i] - 1] = 'A'
            else:
                s[m - a[i]] = 'A'
        print(''.join(s))
",False,False,0,0.0
1705A,0,['this is the og problem'],['for loop'],"['for loop', 'if statement', 'break statement', 'sorting', 'tuple', 'while loop', 'continue statement']","import sys

def solve():
    input = sys.stdin.readline
    t = int(input.strip())
    for _ in range(t):
        n, x = map(int, input().strip().split())
        h = list(map(int, input().strip().split()))
        h.sort()
        front_row = h[:n]
        back_row = h[n:]
        if all(back_row[i] - front_row[i] >= x for i in range(n)):
            print(""YES"")
        else:
            print(""NO"")

",False,True,0,0.0
1705A,1,['if statement'],"['for loop', 'if statement', 'break statement', 'sorting']","['for loop', 'if statement', 'break statement', 'sorting', 'tuple', 'while loop', 'continue statement']","import sys

def solve():
    input_lines = input()
    test_case_num = int(input_lines[0].strip())
    line_index = 1
    for _ in range(test_case_num):
        n, x = map(int, input_lines[line_index].split())
        line_index += 1
        heights = list(map(int, input_lines[line_index].split()))
        line_index += 1
        heights.sort()
        front_row = heights[:n]
        back_row = heights[n:]
        for i in range(n):
            if back_row[i] - front_row[i] < x:
                print(""NO"")
                break
        else:
            print(""YES"")
",False,False,0,0.0
1705A,2,"['if statement', 'for loop']",['for loop'],"['for loop', 'if statement', 'break statement', 'sorting', 'tuple', 'while loop', 'continue statement']","import sys

def solve():
    input_lines = input()
    input_lines = [line.strip() for line in input_lines]
    t = int(input_lines[0])
    index = 1
    for _ in range(t):
        n, x = map(int, input_lines[index].split())
        index += 1
        h = list(map(int, input_lines[index].split()))
        index += 1
        h.sort()
        front_row = h[:n]
        back_row = h[n:]
        if all(back_row[i] - front_row[i] >= x for i in range(n)):
            print(""YES"")
        else:
            print(""NO"")

",False,False,0,0.0
1705A,3,"['if statement', 'for loop', 'tuple']",['for loop'],"['for loop', 'if statement', 'break statement', 'sorting', 'tuple', 'while loop', 'continue statement']","import sys

def solve():
    input_lines = input()
    input_lines = [line.strip() for line in input_lines]
    t = int(input_lines[0])
    index = 1
    for _ in range(t):
        n, x = map(int, input_lines[index].split())
        index += 1
        h = list(map(int, input_lines[index].split()))
        index += 1
        h.sort()
        front_row = h[:n]
        back_row = h[n:]
        back_row.reverse()
        front_row.reverse()
        for i in range(n):
            if back_row[i] - front_row[i] < x:
                print(""NO"")
                break
        else:
            print(""YES"")
",False,False,0,0.0
1705A,4,"['if statement', 'for loop', 'tuple', 'sorting']","['for loop', 'if statement', 'sorting']","['for loop', 'if statement', 'break statement', 'sorting', 'tuple', 'while loop', 'continue statement']","import sys

def solve():
    input_lines = input()
    test_case_num = int(input_lines[0].strip())
    line_index = 1
    for _ in range(test_case_num):
        n, x = map(int, input_lines[line_index].split())
        line_index += 1
        h = list(map(int, input_lines[line_index].split()))
        line_index += 1
        h.sort()
        if h[n-1] - h[0] >= x:
            print(""YES"")
        else:
            print(""NO"")

",False,False,0,0.0
1705A,5,"['if statement', 'for loop', 'tuple', 'sorting', 'matrix operation']","['for loop', 'if statement', 'break statement', 'sorting']","['for loop', 'if statement', 'break statement', 'sorting', 'tuple', 'while loop', 'continue statement']","def solve():
    t = int(input())
    for _ in range(t):
        n, x = map(int, input().split())
        h = list(map(int, input().split()))
        h.sort()
        front = h[:n]
        back = h[n:]
        for i in range(n):
            if back[i] - front[i] < x:
                print(""NO"")
                break
        else:
            print(""YES"")
",True,False,0,0.0
1704A,0,['this is the og problem'],"['for loop', 'while loop', 'if statement', 'queue']","['for loop', 'if statement', 'while loop', 'tuple', 'continue statement', 'break statement', 'hashmap', 'pass statement']","import sys
from collections import deque

def solve():
    input = sys.stdin.readline
    t = int(input().strip())
    for _ in range(t):
        n, m = map(int, input().split())
        a = deque(input().strip())
        b = input().strip()
        while len(a) > m:
            if a[0] == b[0]:
                a.popleft()
            elif a[0] < b[0]:
                a[1] = min(a[0], a[1])
                a.popleft()
            else:
                a[1] = max(a[0], a[1])
                a.popleft()
        if ''.join(a) == b:
            print(""YES"")
        else:
            print(""NO"")
",False,True,1,0.25
1704A,1,['break statement'],"['for loop', 'if statement', 'break statement']","['for loop', 'if statement', 'while loop', 'tuple', 'continue statement', 'break statement', 'hashmap', 'pass statement']","import sys

def solve():
    input = sys.stdin.readline
    t = int(input())
    for _ in range(t):
        n, m = map(int, input().split())
        a = input()
        b = input()
        if a[0] == b[0]:
            if a[1:] == b[1:]:
                print(""YES"")
            else:
                print(""NO"")
        else:
            if a[0] == '0':
                if '1' in a[1:]:
                    print(""NO"")
                else:
                    print(""YES"")
            else:
                if '0' in a[1:]:
                    print(""NO"")
                else:
                    print(""YES"")
",False,False,0,0.0
1704A,2,"['break statement', 'for loop']","['for loop', 'if statement', 'queue', 'while loop']","['for loop', 'if statement', 'while loop', 'tuple', 'continue statement', 'break statement', 'hashmap', 'pass statement']","import sys
from collections import deque

def solve():
    input = sys.stdin.readline
    t = int(input())
    for _ in range(t):
        n, m = map(int, input().split())
        a = deque(input().strip())
        b = input().strip()
        while len(a) > len(b):
            if a[0] == b[0]:
                a.popleft()
            elif a[0] < b[0]:
                a[1] = min(a[0], a[1])
                a.popleft()
            else:
                a[1] = max(a[0], a[1])
                a.popleft()
        if a == deque(b):
            print(""YES"")
        else:
            print(""NO"")
",False,False,1,0.25
1704A,3,"['break statement', 'for loop', 'while loop']",['for loop'],"['for loop', 'if statement', 'while loop', 'tuple', 'continue statement', 'break statement', 'hashmap', 'pass statement']","import sys
input = sys.stdin.readline

def solve():
    t = int(input())
    for _ in range(t):
        n, m = map(int, input().split())
        a = input().strip()
        b = input().strip()
        if m == 1:
            print(""YES"" if a[-1] == b[-1] else ""NO"")
            continue
        if a[-m:] == b:
            print(""YES"")
            continue
        if a[-1] == b[-1]:
            print(""YES"")
            continue
        if a[-1]!= b[-1]:
            print(""NO"")
            continue
        a = a[:-1]
        while len(a) >= m:
            if a[-1] == b[-1]:
                a = a[:-1]
            elif a[-1] < b[-1]:
                a = a[:-1]
            else:
                a = a[:-2]
                a = a[:-1] + str(min(int(a[-2], int(a[-1])) + a[-1:]
        print(""YES"" if a == b[:-1] else ""NO"")

",False,False,0,0.0
1704A,4,"['break statement', 'for loop', 'while loop', 'recursion']","['if statement', 'for loop', 'continue statement', 'misc']","['for loop', 'if statement', 'while loop', 'tuple', 'continue statement', 'break statement', 'hashmap', 'pass statement']","import sys

def solve():
    input = sys.stdin.readline
    t = int(input.strip())
    for _ in range(t):
        n, m = map(int, input().strip().split())
        a = input().strip()
        b = input().strip()
        if m > len(b):
            print(""NO"")
            continue
        a = a[-m:]
        if a == b:
            print(""YES"")
            continue
        if a[0]!= b[0]:
            print(""NO"")
            continue
        if a[1:] == b[1:]:
            print(""YES"")
            continue
        if a[1] == '1':
            print(""NO"")
            continue
        print(""YES"")
",False,False,1,0.25
1704A,5,"['break statement', 'for loop', 'while loop', 'recursion', 'queue']","['if statement', 'for loop', 'misc']","['for loop', 'if statement', 'while loop', 'tuple', 'continue statement', 'break statement', 'hashmap', 'pass statement']","import sys

def solve():
    input = sys.stdin.readline
    t = int(input.strip())
    for _ in range(t):
        n, m = map(int, input().strip().split())
        a = input().strip()
        b = input().strip()
        if a[0] == b[0]:
            print(""YES"")
        else:
            print(""NO"")
",False,False,1,0.3333333333333333
1703C,0,['this is the og problem'],"['for loop', 'queue', 'tuple', 'matrix operation']","['for loop', 'if statement', 'tuple', 'matrix operation', 'misc', 'hashmap']","import sys
from collections import deque

def solve():
    t = int(input())
    for _ in range(t):
        n = int(input())
        a = list(map(int, input().split()))
        res = deque()
        for i in range(n):
            b, moves = input().split()
            b = int(b[0])
            u = moves[1].count('U')
            d = b - u
            x = (a[i] - d) % 10
            res.append(x)
        print(*res)
",False,True,1,0.25
1703C,1,['for loop'],['for loop'],"['for loop', 'if statement', 'tuple', 'matrix operation', 'misc', 'hashmap']","import sys
from collections import deque

def solve():
    t = int(input())
    for _ in range(t):
        n = int(input())
        a = list(map(int, input().split()))
        b = []
        for i in range(n):
            b.append(input())
        res = []
        for i in range(n):
            cnt = 0
            for j in b[i]:
                if j == 'U':
                    cnt += 1
                else:
                    cnt -= 1
            res.append((a[i] - cnt) % 10)
        print(*res)

",False,False,0,0.0
1703C,2,"['for loop', 'recursion']","['for loop', 'tuple', 'dictionary', 'hashmap']","['for loop', 'if statement', 'tuple', 'matrix operation', 'misc', 'hashmap']","import sys
from collections import Counter

def solve():
    t = int(input())
    for _ in range(t):
        n = int(input())
        a = list(map(int, input().split()))
        res = []
        for i in range(n):
            b, moves = input().split()
            b = int(b[0])
            cnt = Counter(moves[1:])
            res.append((a[i] - cnt['U'] + cnt['D']) % 10)
        print(*res)
",False,False,1,0.25
1703C,3,"['for loop', 'recursion', 'while loop']","['for loop', 'tuple']","['for loop', 'if statement', 'tuple', 'matrix operation', 'misc', 'hashmap']","import sys
from collections import deque

def solve():
    input_lines = input()
    test_case_num = int(input_lines[0])
    index = 1
    for _ in range(test_case_num):
        wheel_num = int(input_lines[index])
        index += 1
        a = list(map(int, input_lines[index].split()))
        index += 1
        moves = []
        for __ in range(wheel_num):
            moves.append(input_lines[index].strip())
            index += 1
        result = []
        for i in range(wheel_num):
            move = moves[i]
            count = move.count('U')
            result.append((a[i] - count) % 10)
        print(*result)
",False,False,0,0.0
1703C,4,"['for loop', 'recursion', 'while loop', 'if statement']",['for loop'],"['for loop', 'if statement', 'tuple', 'matrix operation', 'misc', 'hashmap']","def solve():
    t = int(input())
    for _ in range(t):
        n = int(input())
        a = list(map(int, input().split()))
        b = [input() for _ in range(n)]
        res = []
        for i in range(n):
            cnt = b[i].count('U')
            res.append((a[i] - cnt) % 10)
        print(*res)
",False,False,0,0.0
1703B,0,['this is the og problem'],"['for loop', 'set', 'if statement']","['for loop', 'set', 'while loop', 'misc', 'tuple', 'matrix operation', 'hashmap']","from collections import defaultdict

def solve():
    t = int(input())
    for _ in range(t):
        n = int(input())
        s = input()
        first = set()
        ans = 0
        for i in s:
            if i not in first:
                ans += 2
                first.add(i)
            else:
                ans += 1
        print(ans)
",True,True,1,0.3333333333333333
1703B,1,['if statement'],"['for loop', 'dictionary', 'if statement']","['for loop', 'set', 'while loop', 'misc', 'tuple', 'matrix operation', 'hashmap']","from collections import defaultdict

def solve():
    t = int(input())
    for _ in range(t):
        n = int(input())
        s = input()
        mp = defaultdict(int)
        ans = 0
        for i in s:
            if mp[i] == 0:
                ans += 2
            else:
                ans += 1
            mp[i] += 1
        print(ans)
",True,False,2,0.6666666666666666
1703B,2,"['if statement', 'for loop']","['for loop', 'set', 'dictionary', 'misc']","['for loop', 'set', 'while loop', 'misc', 'tuple', 'matrix operation', 'hashmap']","from collections import Counter

def solve():
    t = int(input())
    for _ in range(t):
        n = int(input())
        s = input()
        counter = Counter(s)
        first_solved = set(s)
        total = 0
        for i in first_solved:
            total += 2
        total += (len(counter) - len(first_solved)
        print(total)
",False,False,1,0.25
1703B,3,"['if statement', 'for loop', 'set']","['for loop', 'if statement', 'dictionary']","['for loop', 'set', 'while loop', 'misc', 'tuple', 'matrix operation', 'hashmap']","def solve():
    t = int(input())
    for _ in range(t):
        n = int(input())
        s = input()
        d = {}
        total = 0
        for i in s:
            if i not in d:
                total += 2
                d[i] = 1
            else:
                total += 1
        print(total)
",True,False,2,0.6666666666666666
1703B,4,"['if statement', 'for loop', 'set', 'while loop']","['for loop', 'dictionary', 'if statement']","['for loop', 'set', 'while loop', 'misc', 'tuple', 'matrix operation', 'hashmap']","from collections import OrderedDict

def solve():
    t = int(input())
    for _ in range(t):
        n = int(input())
        s = input()
        d = OrderedDict()
        ans = 0
        for i in s:
            if i not in d:
                d[i] = 1
                ans += 2
            else:
                ans += 1
        print(ans)
",True,False,2,0.6666666666666666
1703A,0,['this is the og problem'],"['if statement', 'for loop']","['for loop', 'if statement']","import sys

def solve():
    t = int(input())
    for _ in range(t):
        s = input().lower()
        if s == ""yes"":
            print(""YES"")
        else:
            print(""NO"")

",True,True,0,0.0
1703A,1,['for loop'],"['if statement', 'for loop']","['for loop', 'if statement']","import sys

def solve():
    t = int(input())
    for _ in range(t):
        s = input().strip().lower()
        if s == ""yes"":
            print(""YES"")
        else:
            print(""NO"")
",True,False,0,0.0
1703A,2,"['for loop', 'if statement']","['if statement', 'for loop']","['for loop', 'if statement']","def solve():
    t = int(input())
    for _ in range(t):
        s = input().lower()
        print(""YES"" if s == ""yes"" else ""NO"")
",True,False,0,0.0
1703A,3,"['for loop', 'if statement', 'recursion']","['if statement', 'for loop']","['for loop', 'if statement']","import sys

def solve():
    t = int(input())
    for _ in range(t):
        s = input().strip().lower()
        print(""YES"" if s == ""yes"" else ""NO"")
",True,False,0,0.0
1702B,0,['this is the og problem'],['for loop'],"['for loop', 'if statement', 'set', 'misc', 'continue statement', 'dictionary', 'while loop', 'break statement']","import math

def solve():
    t = int(input())
    for _ in range(t):
        s = input()
        n = len(s)
        k = 3
        print(math.ceil(n/k))
",False,True,0,0.0
1702B,1,['if statement'],"['for loop', 'dictionary', 'if statement']","['for loop', 'if statement', 'set', 'misc', 'continue statement', 'dictionary', 'while loop', 'break statement']","from collections import defaultdict

def solve():
    s = input()
    n = len(s)
    cnt = defaultdict(int)
    for c in s:
        cnt[c] += 1
    ans = 0
    for v in cnt.values():
        ans = max(ans, (v + 2) // 3)
    print(ans)
",False,False,0,0.0
1702B,2,"['if statement', 'set']",['for loop'],"['for loop', 'if statement', 'set', 'misc', 'continue statement', 'dictionary', 'while loop', 'break statement']","import math

def solve():
    t = int(input())
    for _ in range(t):
        s = input()
        n = len(s)
        print(math.ceil(n / 3))
",False,True,0,0.0
1702B,3,"['if statement', 'set', 'for loop']",['for loop'],"['for loop', 'if statement', 'set', 'misc', 'continue statement', 'dictionary', 'while loop', 'break statement']","import math

def solve():
    s = input()
    n = len(s)
    ans = math.ceil(n / 3)
    return ans
",False,False,0,0.0
1702B,4,"['if statement', 'set', 'for loop', 'matrix operation']","['if statement', 'misc']","['for loop', 'if statement', 'set', 'misc', 'continue statement', 'dictionary', 'while loop', 'break statement']","import math

def solve():
    s = input()
    n = len(s)
    ans = math.ceil(n / 3)
    print(ans)
",False,False,0,0.0
1702A,0,['this is the og problem'],"['for loop', 'if statement']","['for loop', 'while loop', 'matrix operation', 'misc', 'if statement']","import math

def solve():
    t = int(input())
    for _ in range(t):
        m = int(input())
        k = int(math.log10(m))
        d = m - 10**k
        print(d)
",True,True,0,0.0
1702A,1,['if statement'],['for loop'],"['for loop', 'while loop', 'matrix operation', 'misc', 'if statement']","import math

def solve():
    t = int(input())
    for _ in range(t):
        m = int(input())
        k = int(math.log10(m))
        d = m - 10**k
        print(d)
",True,True,0,0.0
1702A,2,"['if statement', 'for loop']",['for loop'],"['for loop', 'while loop', 'matrix operation', 'misc', 'if statement']","import math

def solve():
    t = int(input())
    for _ in range(t):
        m = int(input())
        k = int(math.log10(m))
        d = m - 10**k
        print(d)
",True,False,0,0.0
1702A,3,"['if statement', 'for loop', 'while loop']",['if statement'],"['for loop', 'while loop', 'matrix operation', 'misc', 'if statement']","import math

def solve():
    m = int(input())
    k = int(math.log10(m))
    return m - 10**k
",False,False,0,0.0
1701B,0,['this is the og problem'],['for loop'],"['while loop', 'for loop', 'if statement', 'matrix operation', 'misc', 'set', 'continue statement']","import math
import sys

def solve():
    n = int(input())
    d = n - 1
    print(d)
    print(*range(1, n, 2), 1, *range(n // 2 + 1, n))
",False,True,0,0.0
1701B,1,['for loop'],['for loop'],"['while loop', 'for loop', 'if statement', 'matrix operation', 'misc', 'set', 'continue statement']","import math

def solve():
    t = int(input())
    for _ in range(t):
        n = int(input())
        d = n - 1
        print(d)
        print(*range(1, n, 2), 1)
",False,False,0,0.0
1701B,2,"['for loop', 'if statement']",['for loop'],"['while loop', 'for loop', 'if statement', 'matrix operation', 'misc', 'set', 'continue statement']","import math

def solve():
    t = int(input())
    for _ in range(t):
        n = int(input())
        d = n - 1
        print(d)
        print(*range(1, n, 2), 1)
",False,False,0,0.0
1701B,3,"['for loop', 'if statement', 'tuple']","['for loop', 'tuple']","['while loop', 'for loop', 'if statement', 'matrix operation', 'misc', 'set', 'continue statement']","import math

def solve():
    t = int(input())
    for _ in range(t):
        n = int(input())
        d = n - 1
        print(d)
        print(*range(1, n, 2), 1, n, 2))
",False,False,1,0.5
1701B,4,"['for loop', 'if statement', 'tuple', 'misc']",['for loop'],"['while loop', 'for loop', 'if statement', 'matrix operation', 'misc', 'set', 'continue statement']","import math

def solve():
    t = int(input())
    for _ in range(t):
        n = int(input())
        d = n - 1
        print(d)
        print(*range(1, n, 2), 1)
",False,False,0,0.0
1701A,0,['this is the og problem'],"['for loop', 'if statement', 'matrix operation']","['for loop', 'tuple', 'misc', 'if statement', 'while loop']","import sys

def solve():
    t = int(input())
    for _ in range(t):
        a = [list(map(int, input().split())) for _ in range(2)]
        if sum(sum(row) for row in a) == 0:
            print(0)
        elif sum(sum(row) for row in a) == 2:
            print(1)
        else:
            print(2)
",True,True,1,0.3333333333333333
1701A,1,['for loop'],"['if statement', 'for loop']","['for loop', 'tuple', 'misc', 'if statement', 'while loop']","import sys

def solve():
    t = int(input())
    for _ in range(t):
        a = [list(map(int, input().split())) for _ in range(2)]
        if sum(sum(row) for row in a) == 0:
            print(0)
        elif sum(sum(row) for row in a) == 2:
            print(1)
        else:
            print(2)
",True,False,0,0.0
1701A,2,"['for loop', 'while loop']","['for loop', 'matrix operation', 'if statement', 'misc']","['for loop', 'tuple', 'misc', 'if statement', 'while loop']","import sys

def solve():
    t = int(input())
    for _ in range(t):
        a = [list(map(int, input().split())) for _ in range(2)]
        print(min(sum(x) + sum(y) - min(x[0] + y[0], sum(x) + sum(y) - min(x[1] + y[1])))

",False,False,1,0.25
1701A,3,"['for loop', 'while loop', 'recursion']","['if statement', 'for loop', 'matrix operation']","['for loop', 'tuple', 'misc', 'if statement', 'while loop']","import sys

def solve():
    t = int(input())
    for _ in range(t):
        a = [list(map(int, input().split()) for _ in range(2)]
        if sum(sum(row) for row in a) == 0:
            print(0)
        elif sum(sum(row) for row in a) == 2:
            print(1)
        else:
            print(2)
",False,False,1,0.3333333333333333
1701A,4,"['for loop', 'while loop', 'recursion', 'if statement']","['for loop', 'matrix operation', 'misc']","['for loop', 'tuple', 'misc', 'if statement', 'while loop']","import math

def solve():
    t = int(input())
    for _ in range(t):
        a = [list(map(int, input().split())) for _ in range(2)]
        r1, r2 = a[0][0], a[1][0]
        c1, c2 = a[0][1], a[1][1]
        print(math.ceil((r1 + r2 + c1 + c2) / 2))
",True,False,1,0.3333333333333333
1700A,0,['this is the og problem'],"['for loop', 'misc']","['for loop', 'tuple', 'matrix operation', 'while loop']","import sys
import math

def solve():
    t = int(input())
    for _ in range(t):
        n, m = map(int, input().split())
        print((n * m * (n + m + 1)) // 2)
",False,True,1,0.5
1700A,1,['matrix operation'],"['tuple', 'matrix operation']","['for loop', 'tuple', 'matrix operation', 'while loop']","import sys
input = sys.stdin.readline

def solve():
    n, m = map(int, input().split())
    return (n * m * (n + m + 2) // 2 - 1

",False,False,0,0.0
1700A,2,"['matrix operation', 'for loop']",['for loop'],"['for loop', 'tuple', 'matrix operation', 'while loop']","import sys
import math
from collections import deque
from heapq import heappop, heappush, heapify

def solve():
    t = int(input())
    for _ in range(t):
        n, m = map(int, input().split())
        a = [[(i - 1) * m + j + 1 for j in range(1, m + 1)] for i in range(1, n + 1)]
        dist = [[math.inf] * m for _ in range(n)]
        dist[0][0] = a[0][0]
        queue = [(a[0][0], 0, 0]
        while queue:
            d, x, y = heappop(queue)
            for dx, dy in [(-1, 0), (1, 0), (0, -1), (0, 1)]:
                nx, ny = x + dx, y + dy
                if 0 <= nx < n and 0 <= ny < m:
                    if dist[nx][ny] > d + a[nx][ny]:
                        dist[nx][ny] = d + a[nx][ny]
                        heappush(queue, (dist[nx][ny], nx, ny)
        print(dist[n - 1][m - 1])

",False,False,0,0.0
1700A,3,"['matrix operation', 'for loop', 'tuple']",['for loop'],"['for loop', 'tuple', 'matrix operation', 'while loop']","import sys
input = sys.stdin.readline

def solve():
    t = int(input())
    for _ in range(t):
        n, m = map(int, input().split())
        print((n * m * (n + m) - (n + m)) // 2)

",False,False,0,0.0
1700A,4,"['matrix operation', 'for loop', 'tuple', 'while loop']","['for loop', 'tuple']","['for loop', 'tuple', 'matrix operation', 'while loop']","import sys
import math

def solve():
    t = int(input())
    for _ in range(t):
        n, m = map(int, input().split())
        print((n - 1) * m + (n * m + m + 1) // 2)
",False,False,0,0.0
1700A,5,"['matrix operation', 'for loop', 'tuple', 'while loop', 'if statement']","['for loop', 'tuple', 'for loop', 'tuple']","['for loop', 'tuple', 'matrix operation', 'while loop']","import sys
input = sys.stdin.readline

def solve():
    t = int(input())
    for _ in range(t):
        n, m = map(int, input().split())
        print((n * m * (m + 1)) // 2)

",False,False,0,0.0
