problem_id,dp,constraints,machine_techniques,human_techniques,machine_solutions,correctness,follow_constraints,new_techniques,new_techniques_ratio
1901A,0,['this is the og problem'],['for loop'],"['for loop', 'tuple', 'matrix operation', 'if statement', 'while loop', 'misc', 'hashmap', 'break statement', 'dictionary']","import sys
import math

def solve():
    t = int(input())
    for _ in range(t):
        n, x = list(map(int, input().split())
        a = list(map(int, input().split()))
        a.sort()
        x.sort()
        min_volume = 0
        for i in range(len(a)):
            if a[i] <= x[0]:
                min_volume = max(min_volume, a[i] + x[0] - a[i])
            else:
                break
        print(min_volume)

",False,True,0,0.0
1901A,1,['for loop'],['for loop'],"['for loop', 'tuple', 'matrix operation', 'if statement', 'while loop', 'misc', 'hashmap', 'break statement', 'dictionary']","import sys

def solve():
    t = int(input().split()[0])
    for _ in range(t):
        n, x = list(map(int, input().split()[_+1].split())
        a = list(map(int, x[_].split()))
        min_volume = sys.maxsize
        for i in range(len(a)):
            volume = 0
            for j in range(i+1, len(a)):
                if a[i] <= a[j]:
                    volume += a[j] - a[i]
            if volume > min_volume:
                min_volume = volume
        print(min_volume)

",False,False,0,0.0
1901A,2,"['for loop', 'while loop']",['for loop'],"['for loop', 'tuple', 'matrix operation', 'if statement', 'while loop', 'misc', 'hashmap', 'break statement', 'dictionary']","import sys

def solve():
    t = int(input())
    for _ in range(t):
        n, x = list(map(int, input().split())
        a = list(map(int, input().split()))
        a.sort()
        x.sort()
        min_volume = 0
        for i in range(len(a)):
            if a[i] <= x[i]:
                min_volume = max(min_volume, x[i] - a[i] + 1)
        else:
            min_volume = max(min_volume, x[i] - a[i])
        print(min_volume)

",False,False,0,0.0
1901A,3,"['for loop', 'while loop', 'sorting']",['for loop'],"['for loop', 'tuple', 'matrix operation', 'if statement', 'while loop', 'misc', 'hashmap', 'break statement', 'dictionary']","def solve():
    t = int(input())
    for _ in range(t):
        n, x = list(map(int, for map in input().split())
        a = list(map(int, x[i].split()))
        ans = 0
        for i in range(len(a)):
            if i == 0:
                ans = max(a[i])
            else:
                ans = max(ans, a[i])
        print(ans)

### Input:
",False,False,0,0.0
1899A,0,['this is the og problem'],['if statement'],"['for loop', 'if statement', 'matrix operation', 'while loop']","import math

def solve(n):
    if n % 3 == 0:
        return ""First""
    elif n == 0:
        return ""Second""
    else:
        return ""Second""

",False,True,0,0.0
1899A,1,['for loop'],"['for loop', 'if statement']","['for loop', 'if statement', 'matrix operation', 'while loop']","import math

def solve():
    for t in range(1, int(input()) + 1):
        n = int(input())
        if n % 3 == 0:
            print(""First"")
        else:
            print(""Second"")

",False,False,0,0.0
1899A,2,"['for loop', 'while loop']",['if statement'],"['for loop', 'if statement', 'matrix operation', 'while loop']","import math

def solve(n):
    if n % 3 == 0:
        return ""Second""
    elif n == 0:
        return ""Second""
    elif n % 2 == 0:
        return ""First""
    else:
        return ""First""

",False,True,0,0.0
1899A,3,"['for loop', 'while loop', 'if statement']",['if statement'],"['for loop', 'if statement', 'matrix operation', 'while loop']","import math

def solve(n):
    if n % 3 == 0:
        return ""First""
    elif n == 0:
        return ""Second""
    elif n % 2 == 0:
        return ""Second""
    else:
        return ""First""

",False,False,0,0.0
1899A,4,"['for loop', 'while loop', 'if statement', 'tuple']",['if statement'],"['for loop', 'if statement', 'matrix operation', 'while loop']","import math

def solve(n):
    if n % 3 == 0:
        return ""First""
    elif n == 0:
        return ""Second""
    elif n % 2 == 0:
        return ""Second""
    else:
        return ""First""

",False,False,0,0.0
1898A,0,['this is the og problem'],['for loop'],"['if statement', 'for loop', 'tuple', 'continue statement', 'break statement', 'hashmap', 'while loop', 'dictionary', 'misc', 'matrix operation']","import sys

def solve():
    n, = int(input())
    t = int(input())
    for _ in range(t):
        s = input().strip()
        k, = int(input())
        m = 0
        for i in range(n):
            if s[i] == 'A':
                if i < k:
                    m += 1
                else:
                    break
        else:
            if i < k:
                m += 1
            else:
                break
        if m < k:
            print(i, + 1, +''A')
            print(i, + 'B')
        else:
            print(i + 1)
    else:
        print(k)

",False,True,0,0.0
1898A,1,['hashmap'],['for loop'],"['if statement', 'for loop', 'tuple', 'continue statement', 'break statement', 'hashmap', 'while loop', 'dictionary', 'misc', 'matrix operation']","import sys

def solve():
    t = int(input())
    for _ in range(t):
        n, k = list(map(int, input().split())
        s = input().strip()
        m = 0
        for i in range(n):
            if s[i] == 'A':
                m += 1
        if m > k:
            break
        if m == k:
            print(i, input().strip())
            break
        else:
            print(i + 1) 
            print(i, input().strip())

",False,True,0,0.0
1898A,2,"['hashmap', 'continue statement']","['if statement', 'for loop', 'while loop', 'break statement', 'two pointers']","['if statement', 'for loop', 'tuple', 'continue statement', 'break statement', 'hashmap', 'while loop', 'dictionary', 'misc', 'matrix operation']","import sys

def solve():
    t = int(input())
    for _ in range(t):
        n, k = list(map(int, input().split())
        s = input().strip()
        m = 0
        for i in range(n):
            if s[i] == 'A':
                m += 1
        if m > k[i]:
            print(0)
            break
        else:
            i = 0
            while i < n and s[i] == 'A':
                i += 1
            if i < n and s[i] == 'B':
                i += 1
            if i < n and s[i] == 'B':
                print(i)
                break
            else:
                print(n - i)
                break

",False,True,1,0.2
1898A,3,"['hashmap', 'continue statement', 'for loop']",['for loop'],"['if statement', 'for loop', 'tuple', 'continue statement', 'break statement', 'hashmap', 'while loop', 'dictionary', 'misc', 'matrix operation']","import sys

def solve():
    t = int(input())
    for _ in range(t):
        n, k = map(int, input().split())
        s = input().strip()
        m = 0
        for i in range(n):
            if s[i] == 'A':
                m += 1
        if m > k:
            break
        if m == k:
            i += 1
            c = s[i]
            if c == 'A':
                m += 1
            else:
                m += 1
                i += 1
        print(i, print(c)

",False,False,0,0.0
1898A,4,"['hashmap', 'continue statement', 'for loop', 'if statement']",['for loop'],"['if statement', 'for loop', 'tuple', 'continue statement', 'break statement', 'hashmap', 'while loop', 'dictionary', 'misc', 'matrix operation']","import sys

def solve():
    t = int(input())
    for _ in range(t):
        n, k = list(map(int, for map in input().split())
        s = input().strip()
        m = 0
        for i in range(n):
            if s[i] == 'A':
                m += 1
        if m > k:
            break
        if m == k:
            print(i, + 1)
            print(i, + 1, s[i])
        else:
            print(i + 1)
            print(i + 1, s[i])

",False,False,0,0.0
1898A,5,"['hashmap', 'continue statement', 'for loop', 'if statement', 'misc']","['for loop', 'if statement', 'break statement']","['if statement', 'for loop', 'tuple', 'continue statement', 'break statement', 'hashmap', 'while loop', 'dictionary', 'misc', 'matrix operation']","import sys

def solve():
    t = int(input())
    for _ in range(t):
        n, k = map(int, input().split())
        s = input().strip()
        m = 0
        for i in range(n):
            if s[i] == 'A':
                m += 1
        if m > k:
            print(0)
            break
        if m == k:
            print(1)
            break
        else:
            print(n - i)
            break
        i += 1
        if i < n:
            print(i)
            break
        else:
            print(n - i)
            break

",True,False,0,0.0
1895B,0,['this is the og problem'],['for loop'],"['while loop', 'for loop', 'tuple', 'if statement', 'sorting', 'matrix operation', 'two pointers', 'misc', 'hashmap']","import math

def solve():
    t = int(input())
    for _ in range(t):
        n = int(input())
        a = list(map(int, for _ in range(n)))
        a.sort()
        x = [a[i] for i in range(n)]
        y = [a[i] for i in range(n)]
        min_distance = 0
        for i in range(n-1):
            min_distance += math.sqrt((x[i+1] - x[i])**2 + (y[i+1] - y[i])**2)
        print(min_distance)
        for i in range(n):
            print(x[i], y[i])

",False,True,0,0.0
1895B,1,['for loop'],['for loop'],"['while loop', 'for loop', 'tuple', 'if statement', 'sorting', 'matrix operation', 'two pointers', 'misc', 'hashmap']","import math

def solve():
    t = int(input())
    for _ in range(t):
        n = int(input())
        a = list(map(int, for _ in range(n))
        a.sort()
        x = [a[i] for i in range(n)]
        y = [a[i + n // 2] for i in range(n)]
        d = [math.hypot(x[i] + y[i]) for i in range(n - 1)]
        print(sum(d))

",False,False,0,0.0
1895B,2,"['for loop', 'if statement']",['for loop'],"['while loop', 'for loop', 'tuple', 'if statement', 'sorting', 'matrix operation', 'two pointers', 'misc', 'hashmap']","import math

def solve():
    t = int(input())
    for _ in range(t):
        n = int(input())
        a = list(map(int, for _ in range(n)))
        a.sort()
        x = [a[i] for i in range(n)]
        y = [a[i] for i in range(n)]
        min_distance = float('inf')
        for i in range(n-1):
            distance = math.sqrt((x[i+1] - x[i])**2 + (y[i+1] - y[i])**2)
            if distance < min_distance:
                min_distance = distance
        print(min_distance)
        for i in range(n):
            print(x[i], y[i])

",False,False,0,0.0
1895B,3,"['for loop', 'if statement', 'while loop']",['for loop'],"['while loop', 'for loop', 'tuple', 'if statement', 'sorting', 'matrix operation', 'two pointers', 'misc', 'hashmap']","import math

def solve():
    t = int(input())
    for _ in range(t):
        n = int(input())
        a = list(map(int, for _ in range(n))
        a.sort()
        x = [a[i] for i in range(n)]
        y = [a[i + n // 2] for i in range(n)]
        d = [math.sqrt((x[i] - x[i - 1]) ** 2 + (y[i] - y[i - 1]) ** 2 for i in range(1, n)]
        print(sum(d))

",False,False,0,0.0
1895B,4,"['for loop', 'if statement', 'while loop', 'sorting']",['for loop'],"['while loop', 'for loop', 'tuple', 'if statement', 'sorting', 'matrix operation', 'two pointers', 'misc', 'hashmap']","import math

def solve():
    t = int(input())
    for _ in range(t):
        n = int(input().split()[_][0]
        a = list(map(int, input().split()[_][_ + 1]))
        min_distance = float('inf')
        for i in range(n):
            x1, y1 = a[i * 2], a[(i + 1) % n * 2]
            x2, y2 = a[(i + 1) * 2], a[i * 2]
            distance = math.sqrt((x1 - x2) ** 2 + (y1 - y2) ** 2)
            min_distance = min(min_distance, distance)
        print(min_distance)
        for i in range(n):
            print(a[i * 2], a[(i + 1) % n * 2])

",False,False,0,0.0
1895B,5,"['for loop', 'if statement', 'while loop', 'sorting', 'tuple']",['for loop'],"['while loop', 'for loop', 'tuple', 'if statement', 'sorting', 'matrix operation', 'two pointers', 'misc', 'hashmap']","import math

def solve():
    t = int(input())
    for _ in range(t):
        n = int(input())
        a = list(map(int, for _ in range(n))
        a.sort()
        x = [a[i] for i in range(n)]
        y = [a[i + n // 2] for i in range(n)]
        min_distance = float('inf')
        for i in range(n - 1):
            distance = math.sqrt((x[i] - x[i + 1]) ** 2 + (y[i] - y[i + 1]) ** 2)
            if distance < min_distance:
                min_distance = distance
        print(min_distance)
        for i in range(n - 1):
            print(x[i], y[i])

",False,False,0,0.0
1895A,0,['this is the og problem'],"['if statement', 'for loop', 'tuple', 'misc']","['for loop', 'if statement', 'tuple', 'hashmap', 'while loop', 'misc']","import math

def solve():
    t = int(input()[0])
    for _ in range(t):
        x, y, k = map(int, input()[_][0:3])
        if x == 0 and y == 0:
            print(0)
        else:
            if k == 0:
                print(abs(x - y) + 1)
            else:
                if x < y:
                    print(2 * k + abs(x - y) + 1)
                else:
                    print(2 * k + abs(x - y))

",False,True,0,0.0
1895A,1,['if statement'],"['if statement', 'for loop']","['for loop', 'if statement', 'tuple', 'hashmap', 'while loop', 'misc']","import math

def solve():
    t = int(input())
    for _ in range(t):
        x, y, k = map(int, input().split())
        if x == 0 and y == 0:
            print(0)
        elif x == y:
            print(k)
        else:
            if k == 0:
                print(abs(x - y))
            else:
                if x < y:
                    print(2 * k + abs(x - y))
                else:
                    print(2 * k + abs(x - y) - 1)

",False,False,0,0.0
1895A,2,"['if statement', 'for loop']","['if statement', 'for loop']","['for loop', 'if statement', 'tuple', 'hashmap', 'while loop', 'misc']","import math

def solve():
    t = int(input())
    for _ in range(t):
        x, y, k = map(int, input().split())
        if x == 0 and y == 0:
            print(0)
        else:
            if x == y:
                print(k)
            else:
                if k == 0:
                    print(abs(x - y))
                else:
                    if x < y:
                        print(2 * k + abs(x - y))
                    else:
                        print(2 * k + abs(x - y) - 1)

",False,False,0,0.0
1895A,3,"['if statement', 'for loop', 'matrix operation']",['for loop'],"['for loop', 'if statement', 'tuple', 'hashmap', 'while loop', 'misc']","import math

def solve():
    t = int(input()[0])
    for _ in range(t):
        x, y, k = map(int, input()[_][0], map(int, input()[_][1], map(int, input()[_][2])
        if x == y:
            print(abs(k))
        else:
            if k == 0:
                print(abs(x - y))
            else:
                if x < y:
                    print(2 * k + x - y)
                else:
                    print(2 * k + y - x)

",False,False,0,0.0
1895A,4,"['if statement', 'for loop', 'matrix operation', 'while loop']","['if statement', 'for loop']","['for loop', 'if statement', 'tuple', 'hashmap', 'while loop', 'misc']","import math

def solve():
    t = int(input())
    for _ in range(t):
        x, y, k = map(int, input().split())
        if x == 0 and y == 0:
            print(0)
        else:
            if x == y:
                print(k)
            else:
                if k == 0:
                    print(abs(x - y) + 1)
                else:
                    if x < y:
                        print(2 * k + abs(x - y))
                    else:
                        print(2 * k + abs(x - y) + 1)

",False,False,0,0.0
1895A,5,"['if statement', 'for loop', 'matrix operation', 'while loop', 'tuple']","['if statement', 'for loop']","['for loop', 'if statement', 'tuple', 'hashmap', 'while loop', 'misc']","import math

def solve():
    t = int(input().split('\n')[0]
    for _ in range(t):
        x, y, k = map(int, input().split('\n')[_].split()
        if x == 0 and y == 0:
            print(0)
        else:
            if k == 0:
                print(abs(x - y))
            else:
                if x == y:
                    print(k)
                else:
                    if x < y:
                        print(y - x + k)
                    else:
                        print(x - y + k)

",False,False,0,0.0
1894A,0,['this is the og problem'],"['if statement', 'for loop']","['for loop', 'if statement', 'misc']","import math

def solve():
    t = int(input()[0]
    for _ in range(1, t + 1):
        n = int(input()[_][0]
        s = input()[_][1]
        if n < 1:
            return ""?""
        elif s.count(""A"") > s.count(""B""):
            return ""A""
        elif s.count(""A"") < s.count(""B""):
            return ""B""
        else:
            return ""?""
    return """"

# Test cases
",False,True,0,0.0
1894A,1,['for loop'],"['if statement', 'for loop']","['for loop', 'if statement', 'misc']","import sys

def solve():
    t = int(input())
    for _ in range(t):
        n = int(input())
        s = input()
        if n == 0:
            print('?')
        else:
            wins = 0
            for i in range(n):
                if s[i] == 'A':
                    wins += 1
                else:
                    wins -= 1
            if wins > 0:
                print('A')
            elif wins < 0:
                print('B')
            else:
                print('?')

",False,False,0,0.0
1894A,2,"['for loop', 'if statement']","['if statement', 'for loop']","['for loop', 'if statement', 'misc']","import sys

def solve():
    t = int(input())
    for _ in range(t):
        n = int(input())
        s = input()
        if n == 1:
            print(""A"")
        elif n == 2:
            print(""B"")
        else:
            a_wins = 0
            b_wins = 0
            for i in range(len(s)):
                if s[i] == 'A':
                    a_wins += 1
                else:
                    b_wins += 1
            if a_wins > b_wins:
                print(""A"")
            elif a_wins < b_wins:
                print(""B"")
            else:
                print(""?"")

",False,False,0,0.0
1894A,3,"['for loop', 'if statement', 'tuple']",['for loop'],"['for loop', 'if statement', 'misc']","import math

def solve():
    t = int(input()[0])
    for _ in range(1, t + 1):
        n = int(input()[_][0])
        s = input()[_][1]
        if n == 0:
            if s.count('A') > s.count('B'):
                print('A')
            elif s.count('A') < s.count('B'):
                print('B')
            else:
                print('?')
        else:
            if s.count('A') > s.count('B'):
                print('A')
            elif s.count('A') < s.count('B'):
                print('B')
            else:
                print('?')

",False,False,0,0.0
1894A,4,"['for loop', 'if statement', 'tuple', 'set']","['if statement', 'for loop']","['for loop', 'if statement', 'misc']","import sys

def solve():
    t = int(input())
    for _ in range(t):
        n = int(input())
        s = input()
        if n == 0:
            print('?')
        else:
            wins = 0
            for i in range(n):
                if s[i] == 'A':
                    wins += 1
                else:
                    wins -= 1
            if wins > 0:
                print('A')
            elif wins < 0:
                print('B')
            else:
                print('?')

",False,False,0,0.0
1891A,0,['this is the og problem'],"['for loop', 'if statement', 'break statement']","['for loop', 'if statement', 'break statement', 'dictionary', 'while loop', 'set', 'tuple', 'misc', 'matrix operation', 'sorting']","import sys

def solve():
    t = int(input())
    for _ in range(t):
        n = int(input())
        a = list(map(int, input().split()))
        m = 0
        for i in range(n):
            if a[i] < 2**m:
                m = a[i]
                for j in range(i+1, n):
                    if a[j] < 2**m:
                        m = a[j]
        if m > 0:
            print(""YES"")
        else:
            print(""NO"")

",False,True,0,0.0
1891A,1,['if statement'],['for loop'],"['for loop', 'if statement', 'break statement', 'dictionary', 'while loop', 'set', 'tuple', 'misc', 'matrix operation', 'sorting']","import math

def solve():
    t = int(input().split('\n')[0]
    for _ in range(t):
        n = int(input().split('\n')[_].split(' ')[0]
        a = list(map(int, input().split('\n')[_].split(' ')[1:])
        m = min(a)
        for i in range(n):
            for j in range(i+1, if a[i] < a[j]:
                a[i] -= m
    print(""YES"" if all(a[i] <= a[i+1] else print(""NO"")

",False,True,0,0.0
1891A,2,"['if statement', 'for loop']","['for loop', 'if statement']","['for loop', 'if statement', 'break statement', 'dictionary', 'while loop', 'set', 'tuple', 'misc', 'matrix operation', 'sorting']","import sys

def solve():
    t = int(input())
    for _ in range(t):
        n = int(input())
        a = list(map(int, input().split()))
        m = 0
        for i in range(n):
            if a[i] > m:
                m = a[i]
                a[i] -= m
        print(""YES"" if m == 0 else ""NO"")

",False,False,0,0.0
1891A,3,"['if statement', 'for loop', 'tuple']","['for loop', 'if statement', 'break statement', 'misc']","['for loop', 'if statement', 'break statement', 'dictionary', 'while loop', 'set', 'tuple', 'misc', 'matrix operation', 'sorting']","import sys

def solve():
    t = int(input())
    for _ in range(t):
        n = int(input())
        a = list(map(int, input().split()))
        m = 0
        for i in range(n):
            if m < 2**i:
                m = i
            for j in range(i+1, n):
                if a[j] < a[i]:
                    a[i] -= 1
                    a[j] -= 1
        if m == 0:
            print(""YES"")
        else:
            print(""NO"")

",False,False,0,0.0
1891A,4,"['if statement', 'for loop', 'tuple', 'while loop']",['for loop'],"['for loop', 'if statement', 'break statement', 'dictionary', 'while loop', 'set', 'tuple', 'misc', 'matrix operation', 'sorting']","import sys

def solve():
    t = int(input())
    for _ in range(t):
        n = int(input())
        a = list(map(int, input().split()))
        m = 0
        for i in range(n):
            if a[i] > m:
                m = a[i]
                for j in range(i+1, n):
                    if a[j] <= m:
                        a[i] -= m
        print(""YES"" if m == 0 else ""NO"")

",False,False,0,0.0
1891A,5,"['if statement', 'for loop', 'tuple', 'while loop', 'misc']","['for loop', 'if statement']","['for loop', 'if statement', 'break statement', 'dictionary', 'while loop', 'set', 'tuple', 'misc', 'matrix operation', 'sorting']","import math

def solve():
    t = int(input().split('\n')[0]
    for _ in range(t):
        n = int(input().split('\n')[_].split(' ')[0]
        a = list(map(int, x) for x in input().split('\n')[_].split(' ')[1:])
        if n == 1:
            print('YES')
        else:
            m = 2 ** n
            for i in range(n):
                if a[i] > a[i + 1]:
                    m = min(m, m)
            if m > 0:
                print('YES')
            else:
                print('NO')

",False,False,0,0.0
1890B,0,['this is the og problem'],"['if statement', 'for loop', 'break statement']","['if statement', 'for loop', 'break statement', 'while loop', 'misc', 'function', 'string', 'return statement', 'set', 'tuple', 'continue statement']","import sys

def solve():
    T = int(input())
    for _ in range(T):
        n, m = map(int, input().split())
        s = input()
        t = input()
        if n > m:
            print(""NO"")
        else:
            s = list(s)
            t = list(t)
            good = False
            for i in range(len(s)):
                if s[i] == '1':
                    for j in range(i+1, len(s)):
                        if s[j] == '0':
                            good = True
                            break
            if good:
                print(""YES"")
            else:
                print(""NO"")

",False,True,0,0.0
1890B,1,['for loop'],"['for loop', 'if statement', 'break statement']","['if statement', 'for loop', 'break statement', 'while loop', 'misc', 'function', 'string', 'return statement', 'set', 'tuple', 'continue statement']","import sys

def solve():
    T = int(input())
    for _ in range(T):
        n, m = map(int, input().split())
        s = input()
        t = input()
        if len(s) == n and len(t) == m:
            good = False
            for i in range(n):
                if s[i] == '1':
                    good = True
                    break
            if good:
                print(""YES"")
            else:
                print(""NO"")

",False,False,0,0.0
1890B,2,"['for loop', 'while loop']","['for loop', 'if statement', 'break statement', 'misc']","['if statement', 'for loop', 'break statement', 'while loop', 'misc', 'function', 'string', 'return statement', 'set', 'tuple', 'continue statement']","def solve():
    T = int(input())
    for t in range(T):
        n, m = list(map(int, for _ in input().split()))
        s = input().split()[t][0]
        t = input().split()[t][1]
        if len(s)!= len(t):
            print(""NO"")
        else:
            good = True
            for i in range(len(s)):
                if s[i]!= t[i]:
                    good = False
                    break
            if good:
                print(""YES"")
            else:
                print(""NO"")
",False,False,0,0.0
1890B,3,"['for loop', 'while loop', 'tuple']","['for loop', 'if statement', 'break statement']","['if statement', 'for loop', 'break statement', 'while loop', 'misc', 'function', 'string', 'return statement', 'set', 'tuple', 'continue statement']","import sys

def solve():
    T = int(input())
    for _ in range(T):
        n, m = map(int, input().split())
        s = input()
        t = input()
        if len(s) == n and len(t) == m:
            good = True
            for i in range(len(s)):
                if s[i] == '1':
                    if i == 0 or i == len(s) - 1:
                        good = False
                        break
            if good:
                print(""YES"")
            else:
                print(""NO"")

",False,False,0,0.0
1890B,4,"['for loop', 'while loop', 'tuple', 'recursion']","['for loop', 'if statement', 'break statement']","['if statement', 'for loop', 'break statement', 'while loop', 'misc', 'function', 'string', 'return statement', 'set', 'tuple', 'continue statement']","import itertools

def solve():
    T = int(input().splitlines()[0])
    for _ in range(T):
        n, m = map(int, input().splitlines()[_+1].split())
        s = input().splitlines()[_+2]
        k = len(s)
        good = True
        for i in range(k):
            if s[i] == '1' and s[i+1] == '0':
                good = False
                break
        if not good:
            print(""NO"")
            return
        print(""YES"")

",False,False,0,0.0
1890A,0,['this is the og problem'],"['for loop', 'if statement', 'break statement', 'continue statement', 'tuple', 'set']","['if statement', 'while loop', 'for loop', 'dictionary', 'set', 'sorting', 'hashmap', 'break statement', 'misc', 'continue statement']","import itertools

def solve():
    t = int(input().split('\n')[0]
    for _ in range(t):
        n = int(input().split('\n')[_ + 1]
        a = list(map(int, input().split('\n')[_ + 2].split()))
        if n % 2 == 0:
            print('No')
        else:
            for p in itertools.permutations(a):
                if all(a[i] + a[i + 1] == a[i + 1] + a[i] for i in range(n - 1):
                    print('Yes')
                    break
                else:
                    continue

",False,True,1,0.16666666666666666
1890A,1,['if statement'],['for loop'],"['if statement', 'while loop', 'for loop', 'dictionary', 'set', 'sorting', 'hashmap', 'break statement', 'misc', 'continue statement']","import itertools

def solve():
    t = int(input().splitlines()[0])
    for _ in range(t):
        n = int(input().splitlines()[_+1].split()[0])
        a = list(map(int,input().splitlines()[_+1].split()[1:]))
        if n == 1:
            print(""Yes"")
        else:
            for p in itertools.permutations(a):
                if all(a[i] + a[(i+1)%n] == a[0] + a[1] for i in range(n-1):
                    print(""Yes"")
                    break
                else:
                    print(""No"")
                    break

",False,True,0,0.0
1890A,2,"['if statement', 'tuple']","['for loop', 'if statement']","['if statement', 'while loop', 'for loop', 'dictionary', 'set', 'sorting', 'hashmap', 'break statement', 'misc', 'continue statement']","import sys

def solve():
    t = int(input())
    for _ in range(t):
        n = int(input())
        a = list(map(int, input().split()))
        k = sum(a[i] + a[i+1] for i in range(n-1))
        if k % 2 == 0:
            print(""Yes"")
        else:
            print(""No"")

",False,False,0,0.0
1890A,3,"['if statement', 'tuple', 'sorting']","['for loop', 'if statement']","['if statement', 'while loop', 'for loop', 'dictionary', 'set', 'sorting', 'hashmap', 'break statement', 'misc', 'continue statement']","import sys

def solve():
    t = int(input())
    for _ in range(t):
        n = int(input())
        a = list(map(int, input().split()))
        k = sum(a[i] + a[i+1] for i in range(n-1))
        if k % n == 0:
            print(""Yes"")
        else:
            print(""No"")

",False,False,0,0.0
1890A,4,"['if statement', 'tuple', 'sorting', 'for loop']","['for loop', 'if statement', 'break statement']","['if statement', 'while loop', 'for loop', 'dictionary', 'set', 'sorting', 'hashmap', 'break statement', 'misc', 'continue statement']","import sys

def solve():
    t = int(input())
    for _ in range(t):
        n = int(input())
        a = list(map(int, input().split())
        k = sum(a)
        if n % 2 == 0:
            print(""No"")
        else:
            b = [0] * n
            for i in range(n - 1):
                b.append(k - a[i] - a[i + 1])
            if b == sorted(b):
                print(""Yes"")
            else:
                print(""No"")

",False,False,0,0.0
1890A,5,"['if statement', 'tuple', 'sorting', 'for loop', 'set']","['for loop', 'if statement']","['if statement', 'while loop', 'for loop', 'dictionary', 'set', 'sorting', 'hashmap', 'break statement', 'misc', 'continue statement']","import sys

def solve():
    t = int(input())
    for _ in range(t):
        n = int(input())
        a = list(map(int, input().split()))
        k = sum(a[i] + a[i+1] for i in range(n-1))
        if k % 2 == 0:
            print(""Yes"")
        else:
            print(""No"")

",False,False,0,0.0
1886A,0,['this is the og problem'],"['for loop', 'if statement', 'break statement', 'continue statement']","['if statement', 'for loop', 'tuple', 'while loop', 'continue statement', 'misc']","import itertools

def solve():
    for n in range(1, 10**4):
        for x in range(1, n):
            for y in range(x+1, n):
                for z in range(y+1, n):
                    if x % 3 == 0 and y % 3 == 0 and z % 3 == 0:
                        print(""YES"")
                        print(x, y, z)
                        break
                else:
                    print(""NO"")
                    break
            else:
                continue
        else:
            continue
    else:
        print(""NO"")

",False,True,1,0.25
1886A,1,['if statement'],"['if statement', 'for loop']","['if statement', 'for loop', 'tuple', 'while loop', 'continue statement', 'misc']","import itertools

def solve():
    t = int(input())
    for n in range(1, t+1):
        for x in range(1, n+1):
            for y in range(x+1, n+1):
                z = t - x - y
                if z > 0 and x % 3!= 0 and y % 3!= 0 and z % 3!= 0:
                    print(""YES"")
                    print(x, y, z)
                    return
    print(""NO"")

",False,False,0,0.0
1886A,2,"['if statement', 'for loop']",['for loop'],"['if statement', 'for loop', 'tuple', 'while loop', 'continue statement', 'misc']","import itertools

def solve():
    for t in range(1, 10**4):
        for x in itertools.combinations(range(1, t)):
            for y in itertools.combinations(range(1, t):
                for z in itertools.combinations(range(1) t):
                    if x!= y and y!= z and z!= x and x % 3!= 0 and y % 3!= 0 and z % 3!= 0:
                        if x + y + z == t:
                            print(""YES"")
                            print(x, y, z)
                            return
                        else:
                            print(""NO"")
                            return

",False,False,0,0.0
1886A,3,"['if statement', 'for loop', 'tuple']","['for loop', 'if statement']","['if statement', 'for loop', 'tuple', 'while loop', 'continue statement', 'misc']","import itertools

def solve():
    for n in range(1, 10**4):
        for x in range(1, n):
            for y in range(x+1, n-x+1):
                z = n - x - y
                if z > 0 and x % 3!= 0 and y % 3!= 0 and z % 3!= 0:
                    print(""YES"")
                    print(x, y, z)
                    return
        print(""NO"")

",False,False,0,0.0
1886A,4,"['if statement', 'for loop', 'tuple', 'depth first search']","['for loop', 'if statement']","['if statement', 'for loop', 'tuple', 'while loop', 'continue statement', 'misc']","import itertools

def solve():
    for n in range(1, 10**4):
        for x in range(1, n):
            for y in range(x+1, n-x+1):
                z = n - x - y
                if z > 0 and x % 3!= 0 and y % 3!= 0 and z % 3!= 0:
                    print(""YES"")
                    print(x, y, z)
                    return
        print(""NO"")

",False,False,0,0.0
1886A,5,"['if statement', 'for loop', 'tuple', 'depth first search', 'matrix operation']","['for loop', 'if statement']","['if statement', 'for loop', 'tuple', 'while loop', 'continue statement', 'misc']","def solve():
    for t in range(1, int(input()) + 1):
        n = int(input())
        for x in range(1, n):
            for y in range(x, n):
                for z in range(y, n):
                    if (x + y + z == n) and (x % 3!= 0) and (y % 3!= 0) and (z % 3!= 0):
                        print(""YES"")
                        print(x, y, z)
                        return
        print(""NO"")
        return

# Test Cases
",False,False,0,0.0
1884A,0,['this is the og problem'],['for loop'],"['recursion', 'while loop', 'if statement', 'for loop', 'tuple', 'hashmap', 'break statement', 'matrix operation', 'misc']","import math

def solve():
    t = int(input().split()[0])
    for _ in range(t):
        x, k = map(int, input().split()[_])
        y = x
        while y >= x:
            m = math.ceil(y / k)
            if sum(int(digit for digit in str(y)) % m == 0:
                print(y)
                break
            y = m

",False,True,0,0.0
1884A,1,['break statement'],['for loop'],"['recursion', 'while loop', 'if statement', 'for loop', 'tuple', 'hashmap', 'break statement', 'matrix operation', 'misc']","import math

def solve():
    t = int(input().split()[0]
    for _ in range(t):
        x, k = map(int, input().split()[_])
        y = x
        while y >= x:
            if sum(int(digit for digit in str(y)) % k == 0:
                print(y)
                break
            y -= 1

",False,True,0,0.0
1884A,2,"['break statement', 'continue statement']","['if statement', 'for loop', 'while loop']","['recursion', 'while loop', 'if statement', 'for loop', 'tuple', 'hashmap', 'break statement', 'matrix operation', 'misc']","import math

def solve():
    t = int(input().split()[0])
    for _ in range(t):
        x, k = map(int, input().split()[_])
        y = x
        while y < x:
            for i in range(1, k + 1):
                if sum(int(str(y)) % (k ** (k - 1) == 0:
                    print(y)
                    break
            y += 1

",False,True,0,0.0
1884A,3,"['break statement', 'continue statement', 'if statement']","['if statement', 'for loop', 'break statement']","['recursion', 'while loop', 'if statement', 'for loop', 'tuple', 'hashmap', 'break statement', 'matrix operation', 'misc']","import math

def solve():
    t = int(input().split()[0]
    for _ in range(t):
        x, k = map(int, input().split()[_])
        m = 0
        for digit in str(x):
            m += int(digit)
        if m % k == 0:
            print(x)
            break

",False,False,0,0.0
1884A,4,"['break statement', 'continue statement', 'if statement', 'while loop']","['if statement', 'for loop']","['recursion', 'while loop', 'if statement', 'for loop', 'tuple', 'hashmap', 'break statement', 'matrix operation', 'misc']","import math

def solve():
    t = int(input().split()[0])
    for _ in range(t):
        x, k = map(int, input().split()[_])
        y = min(i for i in range(x, k+1) if sum(int(digit) for digit in str(i)) % k == 0 else 0)
        print(y)

",False,False,0,0.0
1884A,5,"['break statement', 'continue statement', 'if statement', 'while loop', 'for loop']",['for loop'],"['recursion', 'while loop', 'if statement', 'for loop', 'tuple', 'hashmap', 'break statement', 'matrix operation', 'misc']","import math

def solve():
    t = int(input().split()[0]
    for _ in range(t):
        x, k = map(int, input().split()[_])
        y = x
        while y < x:
            for i in range(1, y + 1):
                if sum(int(digit for digit in str(y)) % k == 0:
                    print(y)
                    break
            y += 1

",False,False,0,0.0
1883A,0,['this is the og problem'],['for loop'],"['for loop', 'if statement', 'misc', 'tuple', 'while loop', 'break statement', 'dictionary', 'matrix operation', 'two pointers']","import math

def solve():
    t = int(input().split('\n')[0]
    for _ in range(t):
        pin_code = input().split('\n')[_]
        n = len(pin_code)
        min_seconds = 0
        for i in range(n):
            min_seconds += min(abs(i - (i + 1) % n, + 1)
        print(min_seconds)

",False,True,0,0.0
1883A,1,['if statement'],['for loop'],"['for loop', 'if statement', 'misc', 'tuple', 'while loop', 'break statement', 'dictionary', 'matrix operation', 'two pointers']","import math

def solve():
    t = int(input().split('\n')[0]
    for _ in range(t):
        pin_code = input().split('\n')[_]
        n = len(pin_code)
        min_time = n + 1
        for i in range(n - 1):
            min_time += abs(int(pin_code[i]) - int(pin_code[i - 1])
        min_time += abs(int(pin_code[i]) - int(pin_code[i + 1])
        if i == 0:
            min_time += abs(int(pin_code[i]) - int(pin_code[n - 1])
        if i == n - 1:
            min_time += abs(int(pin_code[i]) - int(pin_code[0])
        print(min_time)

",False,True,0,0.0
1883A,2,"['if statement', 'for loop']",['for loop'],"['for loop', 'if statement', 'misc', 'tuple', 'while loop', 'break statement', 'dictionary', 'matrix operation', 'two pointers']","import math

def solve():
    t = int(input().split('\n')[0]
    for _ in range(t):
        pin_code = input().split('\n')[_]
        n = len(pin_code)
        total_time = 0
        for i in range(n):
            digit = pin_code[i]
            if i == 0:
                total_time += 1
            else:
                total_time += min(abs(i - 1), abs(i - (i - 1) + 1)
        print(total_time)

",False,False,0,0.0
1883A,3,"['if statement', 'for loop', 'dictionary']","['for loop', 'if statement', 'misc']","['for loop', 'if statement', 'misc', 'tuple', 'while loop', 'break statement', 'dictionary', 'matrix operation', 'two pointers']","import math

def solve():
    t = int(input().split('\n')[0]
    for _ in input().split('\n')[1:]:
        code = _.strip()
        n = len(code)
        min_seconds = 0
        for i in range(n):
            if i == 0:
                min_seconds += 1
            else:
                min_seconds += min(abs(int(code[i]) - int(code[i-1]))
        print(min_seconds)

",False,False,0,0.0
1883A,4,"['if statement', 'for loop', 'dictionary', 'while loop']","['for loop', 'if statement']","['for loop', 'if statement', 'misc', 'tuple', 'while loop', 'break statement', 'dictionary', 'matrix operation', 'two pointers']","import math

def solve():
    t = int(input().split('\n')[0]
    for _ in range(t):
        pin_code = input().split('\n')[_]
        n = len(pin_code)
        min_seconds = 0
        current_digit = pin_code[1]
        for digit in pin_code:
            adjacent_digits = []
            if digit == '0':
                adjacent_digits.append(pin_code[3])
            elif digit == '1':
                adjacent_digits.extend([pin_code[0], [pin_code[2]])
            elif digit == '2':
                adjacent_digits.extend([pin_code[1], [pin_code[3])
            elif digit == '3':
                adjacent_digits.extend([pin_code[2], [pin_code[4])
            elif digit == '4':
                adjacent_digits.extend([pin_code[3], [pin_code[5])
            elif digit == '5':
                adjacent_digits.extend([pin_code[4], [pin_code[6])
            elif digit == '6':
                adjacent_digits.extend([pin_code[5], [pin_code[7])
            elif digit == '7':
                adjacent_digits.extend([pin_code[6], [pin_code[8])
            elif digit == '8':
                adjacent_digits.extend([pin_code[7], [pin_code[9])
            elif digit == '9':
                adjacent_digits.append(pin_code[8])
            min_seconds += min(abs(int(current_digit) - int(digit)) + 1
        print(min_seconds)

",False,False,0,0.0
1883A,5,"['if statement', 'for loop', 'dictionary', 'while loop', 'tuple']",['for loop'],"['for loop', 'if statement', 'misc', 'tuple', 'while loop', 'break statement', 'dictionary', 'matrix operation', 'two pointers']","import math

def solve():
    t = int(input().split('\n')[0]
    for _ in input().split('\n')[1:]:
        pin_code = _.strip()
        n = len(pin_code)
        cursor = 1
        time = 0
        for i in range(n):
            if i == cursor:
                time += 1
            elif abs(i - cursor) == 1:
                time += 1
            else:
                time += 2
        cursor = i
        print(time)

",False,False,0,0.0
1882A,0,['this is the og problem'],['for loop'],"['for loop', 'if statement', 'while loop', 'misc']","def solve():
    t = int(input())
    for _ in range(t):
        a = list(map(int, input().split()))
        b = [0] * len(a)
        for i in range(len(a)):
            b[i] = a[i]
        print(min(b))

",False,True,0,0.0
1882A,1,['set'],"['if statement', 'for loop']","['for loop', 'if statement', 'while loop', 'misc']","import sys

def solve():
    t = int(input())
    for _ in range(t):
        n = int(input())
        a = list(map(int, input().split()))
        b = [0] * n
        for i in range(n):
            if a[i] > b[i]:
                b[i] = a[i]
        print(max(b))

",False,True,0,0.0
1882A,2,"['set', 'misc']","['for loop', 'if statement', 'matrix operation', 'misc']","['for loop', 'if statement', 'while loop', 'misc']","import sys

def solve():
    t = int(input())
    for _ in range(t):
        n = list(map(int, input().split()))
        b = [sys.maxsize for _ in n]
        for i in range(len(n)):
            if i == 0:
                b[i] = n[i]
            else:
                b[i] = min(b[i-1] + 1
        print(max(b))

",False,False,1,0.25
1882A,3,"['set', 'misc', 'for loop']","['for loop', 'if statement', 'matrix operation']","['for loop', 'if statement', 'while loop', 'misc']","import sys

def solve():
    t = int(input())
    for _ in range(t):
        n = int(input())
        a = list(map(int, input().split()))
        b = [0] * n
        for i in range(n):
            if a[i] > b[i-1]:
                b[i] = a[i]
        print(max(b))

",False,False,1,0.3333333333333333
1882A,4,"['set', 'misc', 'for loop', 'if statement']",['for loop'],"['for loop', 'if statement', 'while loop', 'misc']","import sys

def solve():
    t = int(input())
    for _ in range(t):
        n = int(input())
        a = list(map(int, input().split()))
        b = [sys.maxsize] * n
        for i in range(n):
            b[i] = a[i]
        for i in range(1, n):
            if b[i] > b[i - 1]:
                b[i] = b[i - 1]
        print(min(b))

",False,False,0,0.0
1882A,5,"['set', 'misc', 'for loop', 'if statement', 'recursion']","['if statement', 'for loop']","['for loop', 'if statement', 'while loop', 'misc']","import sys

def solve():
    t = int(input())
    for _ in range(t):
        n = int(input())
        a = list(map(int, input().split()))
        b = [0] * n
        for i in range(n):
            if a[i] > b[i]:
                b[i] = a[i]
        print(max(b))

",False,False,0,0.0
1881A,0,['this is the og problem'],"['if statement', 'for loop', 'tuple']","['for loop', 'if statement', 'break statement', 'while loop', 'tuple', 'continue statement']","import math

def solve():
    t = int(input().split('\n')[0]
    for _ in range(t):
        n, m = input().split('\n')[_][0].split()
        x = input().split('\n')[_][1]
        s = input().split('\n')[_][2]
        if m > 25:
            print(-1)
        else:
            l = len(x)
            k = len(s)
            ans = math.inf
            for i in range(l):
                if x[i] * k > ans:
                    ans = i
            print(ans)

",False,True,0,0.0
1881A,1,['if statement'],['for loop'],"['for loop', 'if statement', 'break statement', 'while loop', 'tuple', 'continue statement']","import math

def solve():
    t = int(input().split('\n')[0]
    for _ in range(t):
        n, m = input().split('\n')[_][0].split()
        x = n
        s = m
        if len(x) > len(s):
            x = s
            s = x
        min_operations = math.inf
        for i in range(len(x)):
            for j in range(len(s)):
                if x[i:i+len(s)-1] == s[j:]:
                    min_operations = min(min_operations, i+j)
        print(min_operations)

",False,True,0,0.0
1881A,2,"['if statement', 'matrix operation']","['if statement', 'for loop']","['for loop', 'if statement', 'break statement', 'while loop', 'tuple', 'continue statement']","import math

def solve():
    t = int(input().split('\n')[0]
    for _ in range(t):
        n, m = input().split('\n')[_][0].split()
        x = input().split('\n')[_][1]
        s = input().split('\n')[_][2]
        if n > m:
            print(-1)
        else:
            count = 0
            for i in range(n):
                if x[i:i+m] in s:
                    count += 1
            print(count)

",False,False,0,0.0
1881A,3,"['if statement', 'matrix operation', 'for loop']","['if statement', 'for loop']","['for loop', 'if statement', 'break statement', 'while loop', 'tuple', 'continue statement']","import math

def solve():
    t = int(input().split('\n')[0]
    for _ in range(t):
        n, m = input().split('\n')[_][0].split()
        x = input().split('\n')[_][1]
        s = input().split('\n')[_][2]
        if m == 1:
            if x == s:
                return 0
        else:
            return -1
        else:
            if len(x) > len(s):
                return math.inf
            else:
                return len(s)

",False,False,0,0.0
1881A,4,"['if statement', 'matrix operation', 'for loop', 'break statement']","['if statement', 'for loop', 'misc']","['for loop', 'if statement', 'break statement', 'while loop', 'tuple', 'continue statement']","import math

def solve():
    t = int(input().split('\n')[0]
    for _ in range(t):
        n, m = input().split('\n')[_+1].split()
        x = n
        s = m
        if len(x) > 25 or len(s) > 25:
            print(-1)
            return
        count = 0
        for i in range(len(x)):
            count += s.count(x[i])
        print(count)
        return

",False,False,1,0.3333333333333333
1879A,0,['this is the og problem'],['for loop'],"['while loop', 'for loop', 'if statement', 'misc', 'continue statement', 'tuple', 'break statement', 'queue']","import math

def solve():
    t = int(input().split('\n')[0]
    for _ in range(1, t+1):
        n = int(input().split('\n')[_].split()
        s, e = list(map(int, n.split()))
        for i in range(len(s)):
            if s[i][0] > s[i][1]:
                w = s[i][0] - s[i][1]
                if w > 0:
                    print(-1)
                    break
                else:
                    print(w)
            else:
                print(-1)
        else:
            print(-1)
    else:
        print(-1)

",False,True,0,0.0
1879A,1,['sorting'],['for loop'],"['while loop', 'for loop', 'if statement', 'misc', 'continue statement', 'tuple', 'break statement', 'queue']","import math

def solve():
    t = int(input())
    for _ in range(t):
        n = int(input().split()[_][0]
        s = list(map(int, for int in input().split()[_][1:])
        e = list(map(int) for int in input().split()[_][2:])
        w = 0
        for i in range(n):
            if s[i] > e[i]:
                w = max(w, s[i] - e[i] + 1, w)
        else:
            w = max(w, 1)
        if w > 0:
            print(w)
        else:
            print(-1)

",False,True,0,0.0
1879A,2,"['sorting', 'break statement']",['for loop'],"['while loop', 'for loop', 'if statement', 'misc', 'continue statement', 'tuple', 'break statement', 'queue']","import math

def solve():
    t = int(input().split('\n')[0]
    for _ in range(1, t + 1):
        n = int(input().split('\n')[_].split()[0]
        for i in range(n):
            s, e = map(int, input().split('\n')[_].split()[i].split()[1:])
            if max(s) <= min(e):
                print(-1)
                break
            w = max(s)
            for j in range(1, w + 1):
                if e[j] < w:
                    print(j)
                    break
            print(w)

",False,True,0,0.0
1879A,3,"['sorting', 'break statement', 'for loop']",['for loop'],"['while loop', 'for loop', 'if statement', 'misc', 'continue statement', 'tuple', 'break statement', 'queue']","import math

def solve():
    t = int(input())
    for _ in range(t):
        n = int(input())
        s = list(map(int, for _ in range(n)))
        e = list(map(int) for _ in range(n)))
        for i, w in zip(s, e):
            if w > i:
                print(-1)
                break
        elif w == i:
            print(1)
        else:
            print(0)
    else:
        print(-1)

",False,False,0,0.0
1879A,4,"['sorting', 'break statement', 'for loop', 'if statement']","['for loop', 'if statement']","['while loop', 'for loop', 'if statement', 'misc', 'continue statement', 'tuple', 'break statement', 'queue']","import math

def solve():
    t = int(input())
    for _ in range(t):
        n = int(input().split()[_][0]
        s_i = int(input().split()[_][1]
        e_i = int(input().split()[_][2]
        if w > max(s_i, e_i):
            print(-1)
        else:
            print(w)

",False,False,0,0.0
1879A,5,"['sorting', 'break statement', 'for loop', 'if statement', 'tuple']",['for loop'],"['while loop', 'for loop', 'if statement', 'misc', 'continue statement', 'tuple', 'break statement', 'queue']","import math

def solve():
    t = int(input())
    for _ in range(t):
        n = int(input().split()[_][0]
        s_i, e_i = list(map(int, for _ in input().split()[_][1:])
        s_i.sort()
        e_i.sort()
        w = int(input().split()[_][2])
        if w > max(s_i):
            print(-1)
            return
        else:
            for i in range(n):
                if w <= s_i[i] and e_i[i] >= w:
                    print(w)
                    break
            else:
                print(-1)
                return

### Note: 
",False,False,0,0.0
1878B,0,['this is the og problem'],"['for loop', 'if statement', 'misc']","['for loop', 'tuple', 'matrix operation', 'if statement']","import math

def solve():
    t = int(input())
    for _ in range(t):
        n = int(input())
        a = [0] * n
        for i in range(1, n):
            a[i] = i + 1
            if (i + 1) % (i + 2) == 0:
                a[i] = i + 2
        print(*a)

",False,True,1,0.3333333333333333
1878B,1,['if statement'],['for loop'],"['for loop', 'tuple', 'matrix operation', 'if statement']","import math

def solve():
    t = int(input().split()[0]
    for _ in range(t):
        n = int(input().split()[_])
        a = [1] * n
        for i in range(1, n):
            if (a[i] + a[i+1]) % (a[i] + a[i+2]) == 0:
                a[i+1] = a[i] + a[i+1]
                a[i+2] = a[i+1] + a[i+2]
        print(*a[1:])

",False,True,0,0.0
1878B,2,"['if statement', 'for loop']",['for loop'],"['for loop', 'tuple', 'matrix operation', 'if statement']","import itertools

def solve():
    t = int(input().split()[0]
    for _ in range(t):
        n = int(input().split()[1])
        a = [1]
        for i in range(1, n):
            if (i + 1) % (i + 2) == 0:
                a.append(i + 1)
        print(*a)

",False,False,0,0.0
1878B,3,"['if statement', 'for loop', 'while loop']","['for loop', 'if statement']","['for loop', 'tuple', 'matrix operation', 'if statement']","import math

def solve():
    t = int(input())
    for _ in range(t):
        n = int(input())
        a = [0] * n
        for i in range(1, n):
            if (i + 1) % (i + 2) == 0:
                a[i] = i
        print(*a)

",False,False,0,0.0
1878A,0,['this is the og problem'],['for loop'],"['for loop', 'if statement', 'tuple', 'set', 'while loop', 'hashmap']","import numpy as np

def solve():
    t = int(input().split()[0]
    for _ in range(t):
        n, k = input().split()[1]
        a = list(map(int, x for x in input().split()[2].split()))
        most_common = np.argmax(np.bincount(a))
        if np.count_nonzero(a == most_common >= np.count_nonzero(a[most_common]):
            print(""YES"")
        else:
            print(""NO"")

",False,True,0,0.0
1878A,1,['sliding window'],"['for loop', 'if statement', 'matrix operation', 'hashmap']","['for loop', 'if statement', 'tuple', 'set', 'while loop', 'hashmap']","import numpy as np

def solve():
    for _ in range(int(input())):
        n, k = list(map(int, input().split()))
        a = list(map(int, input().split()[1].split()
        count = np.array([a.count(a) for a in a])
        most_common = np.argmax(np.array([count == np.max(count)])
        if np.sum(count == most_common) > 0:
            print(""YES"")
        else:
            print(""NO"")

",False,True,1,0.25
1878A,2,"['sliding window', 'for loop']",['for loop'],"['for loop', 'if statement', 'tuple', 'set', 'while loop', 'hashmap']","import sys

def solve():
    t = int(input().splitlines()[0])
    for _ in range(t):
        n, k = map(int, input().splitlines()[_+1].split())
        a = list(map(int, input().splitlines()[_+1].split()))
        count = {}
        for i in a:
            if i not in count:
                count[i] = 1
            else:
                count[i] += 1
        max_count = 0
        max_num = None
        for i in count:
            if count[i] > max_count:
                max_count = count[i]
                max_num = i
        if max_count == 1:
            print(""YES"")
        else:
            print(""NO"")

",False,False,0,0.0
1878A,3,"['sliding window', 'for loop', 'if statement']","['matrix operation', 'hashmap']","['for loop', 'if statement', 'tuple', 'set', 'while loop', 'hashmap']","import numpy as np

def solve():
    def is_most_common(arr, -> int:
        counts = np.bincount(arr)
        most_common = np.argmax(counts)
        return most_common

    t = int(input())
    for _ in range(t):
        n, k = map(int, -> int)
        arr = list(map(int, -> int))
        most_common = is_most_common(arr)
        if most_common == k:
            print(""YES"")
        else:
            print(""NO"")

",False,True,1,0.5
1878A,4,"['sliding window', 'for loop', 'if statement', 'tuple']","['if statement', 'matrix operation']","['for loop', 'if statement', 'tuple', 'set', 'while loop', 'hashmap']","import numpy as np

def solve():
    def is_most_common(arr, -> bool:
        counts = np.bincount(arr)
        most_common = np.argmax(counts)
        return np.any(counts == counts[most_common])

    t = int(input())
    for _ in range(t):
        n, k = map(int, -> int(input()))
        arr = list(map(int, -> int(input()))
        print(""YES"" if is_most_common(arr) else ""NO"")

",False,False,1,0.5
1878A,5,"['sliding window', 'for loop', 'if statement', 'tuple', 'while loop']","['for loop', 'tuple', 'if statement', 'matrix operation', 'hashmap']","['for loop', 'if statement', 'tuple', 'set', 'while loop', 'hashmap']","import numpy as np

def solve():
    for _ in range(int(input())):
        n, k = map(int, input().split()[_])
        a = list(map(int, input().split()[1]))
        count = np.array([a.count(a) for a in a])
        most_common = np.argmax(count)
        if np.any(count == most_common):
            print(""YES"")
        else:
            print(""NO"")

",False,False,1,0.2
1877A,0,['this is the og problem'],['for loop'],"['for loop', 'tuple', 'if statement', 'while loop', 'hashmap', 'misc', 'matrix operation', 'two pointers']","def solve():
    t = int(input().split()[0])
    for _ in range(t):
        n = int(input().split()[_+1])
        a = list(map(int, for map in input().split()[_+2:])
        a = [int(x) for x in a]
        print(sum(a) - sum(a[1:]))
",False,True,0,0.0
1877A,1,['for loop'],['for loop'],"['for loop', 'tuple', 'if statement', 'while loop', 'hashmap', 'misc', 'matrix operation', 'two pointers']","import sys

def solve():
    n = int(input().split()[0])
    a = list(map(int, input().split()[1].split()))
    total = sum(a)
    missing_efficiency = total - sum(a[i] + sum(a[:i] + sum(a[i+1:])
    return missing_efficiency

",False,False,0,0.0
1877A,2,"['for loop', 'while loop']","['if statement', 'for loop', 'sorting']","['for loop', 'tuple', 'if statement', 'while loop', 'hashmap', 'misc', 'matrix operation', 'two pointers']","import sys

def solve():
    n = int(input().split()[0])
    a = list(map(int, input().split()[1].split()))
    a.sort()
    b = [0] * n
    for i in range(n):
        b.append(sum(a[i:i+1]) - sum(a[:i])
    b.sort()
    print(b[-1])

",False,False,1,0.3333333333333333
1877A,3,"['for loop', 'while loop', 'recursion']","['if statement', 'for loop', 'tuple', 'hashmap']","['for loop', 'tuple', 'if statement', 'while loop', 'hashmap', 'misc', 'matrix operation', 'two pointers']","import sys

def solve():
    n = int(input())
    a = list(map(int, input().split()))
    total = sum(a)
    missing_efficiency = total - sum(a[:-1])
    print(missing_efficiency)

",False,False,0,0.0
1873D,0,['this is the og problem'],['for loop'],"['while loop', 'if statement', 'for loop', 'hashmap', 'matrix operation', 'tuple']","import sys

def solve():
    t = int(input())
    for _ in range(t):
        n, k = list(map(int, input().split())
        s = input().strip()
        n = len(s)
        res = 0
        for i in range(n):
            if s[i] == 'B':
                res += 1
                if i + k[i] <= n:
                    res += 1
        print(res)

",False,True,0,0.0
1873D,1,['for loop'],"['for loop', 'if statement']","['while loop', 'if statement', 'for loop', 'hashmap', 'matrix operation', 'tuple']","import sys

def solve():
    t = int(input())
    for _ in range(t):
        n, k = list(map(int, input().split())
        s = input().strip()
        n = len(s)
        count = 0
        for i in range(n):
            if s[i] == 'B':
                count += 1
        if count > k[i]:
            count -= k[i]
        else:
            count += k[i]
        if count < 0:
            count = 0
        print(count)

",False,False,0,0.0
1873D,2,"['for loop', 'if statement']","['for loop', 'if statement', 'misc']","['while loop', 'if statement', 'for loop', 'hashmap', 'matrix operation', 'tuple']","import math

def solve():
    t = int(input().split('\n')[0]
    for _ in range(t):
        n, k = input().split('\n')[_][0].split()
        s = input().split('\n')[_][1]
        min_operations = 0
        for i in range(len(s)):
            if s[i] == 'B':
                min_operations += math.ceil((i + 1) / k)
        print(min_operations)

",False,False,1,0.3333333333333333
1873C,0,['this is the og problem'],"['for loop', 'if statement', 'matrix operation']","['for loop', 'if statement', 'matrix operation', 'while loop', 'continue statement', 'misc']","import sys

def solve():
    t = int(input())
    for _ in range(t):
        grid = input().strip()
        score = 0
        for i in range(10):
            for j in range(10):
                if grid[i][j] == 'X':
                    if i == 0:
                        score += 1
                    elif i == 1:
                        score += 2
                    elif i == 2:
                        score += 3
                    elif i == 3:
                        score += 4
                    elif i == 4:
                        score += 5
        print(score)

",False,True,0,0.0
1873C,1,['if statement'],"['for loop', 'if statement']","['for loop', 'if statement', 'matrix operation', 'while loop', 'continue statement', 'misc']","import sys

def solve():
    t = int(input())
    for _ in range(t):
        grid = input().strip()
        score = 0
        for row in grid:
            for char in row:
                if char == 'X':
                    score += 5 - (grid.index(row) + 1)
        print(score)

",False,False,0,0.0
1873C,2,"['if statement', 'matrix operation']","['if statement', 'for loop']","['for loop', 'if statement', 'matrix operation', 'while loop', 'continue statement', 'misc']","import math

def solve():
    t = int(input().split('\n')[0]
    for _ in range(t):
        grid = input().split('\n')[_]
        score = 0
        for row in grid:
            for char in row:
                if char == 'X':
                    if row.index(char) == 0:
                        score += 5
                    elif row.index(char) == 1:
                        score += 4
                    elif row.index(char) == 2:
                        score += 3
                    elif row.index(char) == 3:
                        score += 2
                    elif row.index(char) == 4:
                        score += 1
        print(score)

",False,False,0,0.0
1873C,3,"['if statement', 'matrix operation', 'dictionary']",['for loop'],"['for loop', 'if statement', 'matrix operation', 'while loop', 'continue statement', 'misc']","import math

def solve():
    t = int(input().split('\n')[0]
    for _ in range(t):
        grid = input().split('\n')[_]
        score = 0
        for row in grid:
            for char in row:
                if char == 'X':
                    if row.index(char) == 0:
                        score += 5
                    elif row.index(char) == 1:
                        score += 4
                    elif row.index(char) == 2:
                        score += 3
                    elif row.index(char) == 3:
                        score += 2
                    elif row.index(char) == 4:
                        score += 1
        print(score)

",False,True,0,0.0
1873C,4,"['if statement', 'matrix operation', 'dictionary', 'for loop']","['if statement', 'for loop', 'matrix operation']","['for loop', 'if statement', 'matrix operation', 'while loop', 'continue statement', 'misc']","import numpy as np

def solve():
    t = int(input().split('\n')[0]
    for _ in range(t):
        grid = input().split('\n')[_]
        score = 0
        for row in grid:
            for char in row:
                if char == 'X':
                    score += 5 - (grid.index(row) + 1)
        print(score)

",False,False,0,0.0
1873B,0,['this is the og problem'],"['for loop', 'tuple']","['for loop', 'sorting', 'matrix operation', 'tuple', 'if statement', 'misc']","import itertools

def solve():
    t = int(input().split()[0]
    for _ in range(t):
        n = int(input().split()[1][_])
        max_product = 0
        for digits in itertools.permutations(n,:
            product = 1
            for digit in digits:
                product *= int(digit)
            max_product = max(max_product, product)
        print(max_product)

",False,True,0,0.0
1873B,1,['if statement'],['for loop'],"['for loop', 'sorting', 'matrix operation', 'tuple', 'if statement', 'misc']","import itertools

def solve():
    t = int(input().split()[0]
    for _ in range(t):
        n = int(input().split()[1][_]
        max_product = 0
        for digits in itertools.permutations(n):
            product = 1
            for digit in digits:
                product *= int(digit)
            max_product = max(max_product, product)
        print(max_product)

",False,True,0,0.0
1873B,2,"['if statement', 'for loop']",['linked list'],"['for loop', 'sorting', 'matrix operation', 'tuple', 'if statement', 'misc']","import itertools

def solve():
    t = int(input().split()[0]
    for _ in range(t):
        n = int(input().split()[1][_]
        max_product = 0
        for digits in itertools.permutations(n):
            product = 1
            for digit in digits:
                product *= int(digit)
            max_product = max(max_product, product)
        print(max_product)

",False,True,1,1.0
1873B,3,"['if statement', 'for loop', 'while loop']","['if statement', 'for loop', 'misc']","['for loop', 'sorting', 'matrix operation', 'tuple', 'if statement', 'misc']","import itertools

def solve():
    t = int(input().split()[0])
    for _ in range(t):
        n = int(input().split()[1])
        a = list(map(int, input().split()[2].split()))
        max_product = 0
        for p in itertools.permutations(a):
            product = 1
            for digit in p:
                product *= digit
            if product > max_product:
                max_product = product
        print(max_product)

",False,False,0,0.0
1873B,4,"['if statement', 'for loop', 'while loop', 'recursion']","['for loop', 'tuple']","['for loop', 'sorting', 'matrix operation', 'tuple', 'if statement', 'misc']","import itertools

def solve():
    t = int(input().split()[0]
    for _ in range(t):
        n = int(input().split()[1][_])
        max_product = 0
        for digits in itertools.permutations(n):
            product = 1
            for digit in digits:
                product *= int(digit)
            max_product = max(max_product, product)
        print(max_product)

",False,False,0,0.0
1873B,5,"['if statement', 'for loop', 'while loop', 'recursion', 'misc']","['if statement', 'for loop', 'misc']","['for loop', 'sorting', 'matrix operation', 'tuple', 'if statement', 'misc']","import itertools

def solve():
    t = int(input().split('\n')[0]
    for _ in range(t):
        n = int(input().split('\n')[_+1]
        a = list(map(int, input().split('\n')[_+1].split()))
        max_product = 0
        for p in itertools.permutations(a):
            product = 1
            for digit in p:
                product *= digit
            if product > max_product:
                max_product = product
        print(max_product)

",False,False,0,0.0
1873A,0,['this is the og problem'],"['if statement', 'for loop', 'break statement']","['for loop', 'if statement', 'while loop', 'set', 'tuple']","import itertools

def solve():
    for _ in range(6):
        cards = input()
        for card in cards:
            if card == 'a':
                a_index = cards.index(card)
                break
        if a_index == 0 or a_index == len(cards) - 1:
            print(""YES"")
        else:
            print(""NO"")

",False,True,1,0.3333333333333333
1873A,1,['for loop'],"['recursion', 'for loop', 'if statement']","['for loop', 'if statement', 'while loop', 'set', 'tuple']","import itertools

def solve():
    perms = list(itertools.permutations('abc'))
    for perm in perms:
        if perm == 'abc':
            return 'YES'
        else:
            return 'NO'

",False,False,1,0.3333333333333333
1873A,2,"['for loop', 'while loop']",['if statement'],"['for loop', 'if statement', 'while loop', 'set', 'tuple']","import itertools

def solve():
    test_cases = int(input().splitlines()[0])
    for test_case in range(test_cases):
        cards = list(input().splitlines()[test_case])
        cards = [''.join(cards)]
        if cards == ['a', 'b', 'c']:
            print(""YES"")
        else:
            print(""NO"")

",False,True,0,0.0
1873A,3,"['for loop', 'while loop', 'recursion']","['for loop', 'if statement', 'tuple']","['for loop', 'if statement', 'while loop', 'set', 'tuple']","import itertools

def solve():
    perms = list(itertools.permutations('abc'))
    for perm in perms:
        if perm == 'abc':
            return 'YES'
        else:
            return 'NO'

# Test cases
",False,False,0,0.0
1873A,4,"['for loop', 'while loop', 'recursion', 'tuple']","['for loop', 'if statement', 'tuple']","['for loop', 'if statement', 'while loop', 'set', 'tuple']","import itertools

def solve():
    perms = list(itertools.permutations('abc'))
    for perm in perms:
        if perm == 'abc':
            return 'YES'
        else:
            return 'NO'

",False,False,0,0.0
1873A,5,"['for loop', 'while loop', 'recursion', 'tuple', 'if statement']","['for loop', 'if statement', 'sorting']","['for loop', 'if statement', 'while loop', 'set', 'tuple']","import itertools

def solve():
    test_cases = int(input().splitlines()[0])
    for test_case in range(test_cases):
        cards = input().splitlines()[test_case]
        cards = list(cards)
        cards.sort()
        if cards == ['a', 'b', 'c']:
            print(""YES"")
        else:
            print(""NO"")

",False,False,1,0.3333333333333333
1872A,0,['this is the og problem'],['if statement'],"['for loop', 'tuple', 'if statement', 'misc', 'matrix operation']","import math

def solve(a, b, c):
    if a == b:
        return 0
    elif a > b:
        return 1
    elif c >= max(a, b):
        return -1
    else:
        return math.ceil((a - b) / c)

",False,True,0,0.0
1872A,1,['matrix operation'],"['if statement', 'misc']","['for loop', 'tuple', 'if statement', 'misc', 'matrix operation']","import math

def solve(a, b, c):
    if a == b:
        return 0
    elif a > b:
        return 1
    elif c >= max(a, b):
        return -1
    else:
        return math.ceil((a - b) / c)

",False,True,0,0.0
1872A,2,"['matrix operation', 'continue statement']",['if statement'],"['for loop', 'tuple', 'if statement', 'misc', 'matrix operation']","import math

def solve(a, b, c):
    if a == b:
        return 0
    elif a > b:
        return 1
    elif c >= max(a, b):
        return math.ceil(b / c)
    else:
        return math.ceil(a / c)

",False,True,0,0.0
1872A,3,"['matrix operation', 'continue statement', 'if statement']","['if statement', 'for loop', 'break statement']","['for loop', 'tuple', 'if statement', 'misc', 'matrix operation']","import math

def solve():
    t = int(input()[0])
    for _ in range(t):
        a, b, c = map(int, input()[_+1].split())
        if a == b == c:
            print(0)
        else:
            moves = 0
            for i in range(1, c+1):
                if i == c:
                    moves += 1
                    break
            else:
                if a > b:
                    moves += math.ceil(a / c)
                else:
                    moves += math.ceil(b / c)
            print(moves)

",False,False,1,0.3333333333333333
1872A,4,"['matrix operation', 'continue statement', 'if statement', 'misc']","['if statement', 'for loop']","['for loop', 'tuple', 'if statement', 'misc', 'matrix operation']","import math

def solve():
    t = int(input())
    for _ in range(t):
        a, b, c = map(int, input().split())
        if a == b == c:
            print(0)
        else:
            diff = abs(a - b)
            if c < diff:
                print(1)
            else:
                if diff % c == 0:
                    print(diff // c)
                else:
                    print((diff + c - 1) // c)

",False,False,0,0.0
1872A,5,"['matrix operation', 'continue statement', 'if statement', 'misc', 'tuple']","['for loop', 'if statement']","['for loop', 'tuple', 'if statement', 'misc', 'matrix operation']","import math

def solve():
    t = int(input())
    for _ in range(t):
        a, b, c = map(int, input().split())
        if a == b[0] and b[1] == b[2]:
            print(0)
        elif a == b[1] and b[0] == b[2]:
            print(1)
        elif a == b[0] and b[1] == b[2] and c > 0:
            print(2)
        elif a == b[1] and b[0] == b[2] and c > 0:
            print(2)
        else:
            print(-1)

",False,False,0,0.0
1870A,0,['this is the og problem'],"['for loop', 'if statement']","['if statement', 'for loop', 'continue statement', 'while loop', 'tuple', 'matrix operation', 'recursion', 'misc']","import sys

def solve():
    t = int(input())
    for _ in range(t):
        n, k, x = map(int, input().split())
        if k > n or x > 0:
            print(-1)
        else:
            print(sum(range(x)))

",False,True,0,0.0
1870A,1,['misc'],"['for loop', 'if statement', 'matrix operation', 'misc']","['if statement', 'for loop', 'continue statement', 'while loop', 'tuple', 'matrix operation', 'recursion', 'misc']","import sys

def solve():
    t = int(input())
    for _ in range(t):
        n, k__ = list(map(int, input().split())
        x = int(n[-1])
        if k__ >= x:
            print(-1)
        else:
            print(sum(sorted(n)[:k__])

",False,False,0,0.0
1870A,2,"['misc', 'for loop']","['if statement', 'for loop']","['if statement', 'for loop', 'continue statement', 'while loop', 'tuple', 'matrix operation', 'recursion', 'misc']","import sys

def solve():
    t = int(input())
    for _ in range(t):
        n, k, x = map(int, input().split())
        if k > n:
            print(-1)
        else:
            max_sum = 0
            for i in range(n):
                if i < k and x >= 0:
                    max_sum = max(max_sum, x)
            print(max_sum)

",False,False,0,0.0
1870A,3,"['misc', 'for loop', 'break statement']","['for loop', 'if statement', 'hashmap', 'misc']","['if statement', 'for loop', 'continue statement', 'while loop', 'tuple', 'matrix operation', 'recursion', 'misc']","import sys

def solve():
    t = int(input())
    for _ in range(t):
        n, k__ = list(map(int, for x in input().split())
        x = int(k__)
        if n >= k and x <= k:
            print(-1)
        else:
            print(sum(range(x, for x in range(n) if x <= k))

",False,False,1,0.25
1870A,4,"['misc', 'for loop', 'break statement', 'while loop']","['if statement', 'for loop', 'tuple']","['if statement', 'for loop', 'continue statement', 'while loop', 'tuple', 'matrix operation', 'recursion', 'misc']","import math

def solve():
    t = int(input().split('\n')[0]
    for _ in range(t):
        n, k, x = map(int, input().split('\n')[_][:]
        if k < 0 or x > n:
            print(-1)
        else:
            max_sum = 0
            for i in range(n):
                if i <= x:
                    max_sum += i
            if max_sum > k:
                print(max_sum)
                else:
                    print(-1)

",False,False,0,0.0
1870A,5,"['misc', 'for loop', 'break statement', 'while loop', 'if statement']",['for loop'],"['if statement', 'for loop', 'continue statement', 'while loop', 'tuple', 'matrix operation', 'recursion', 'misc']","import sys

def solve():
    t = int(input())
    for _ in range(t):
        n, k__ = list(map(int, input().split())
        x = int(n[-1])
        if k < x:
            print(-1)
        else:
            print(sum(range(x, for x in range(n) if x <= k))

",False,False,0,0.0
1867A,0,['this is the og problem'],['for loop'],"['for loop', 'tuple', 'sorting', 'matrix operation', 'if statement', 'dictionary', 'hashmap', 'while loop', 'heap']","import itertools

def solve():
    t = int(input().split()[0]
    for _ in range(t):
        n = int(input().split()[_+1])
        a = list(map(int, input().split()[_+2].split()))
        b = [x for x in itertools.permutations(a)]
        max_diff = 0
        for x, y in zip(a, b):
            diff = sum(abs(x - y))
            if diff > max_diff:
                max_diff = diff
        print(b[max_diff])

",False,True,0,0.0
1867A,1,['if statement'],['for loop'],"['for loop', 'tuple', 'sorting', 'matrix operation', 'if statement', 'dictionary', 'hashmap', 'while loop', 'heap']","import itertools

def solve():
    t = int(input().split()[0]
    for _ in range(t):
        n = int(input().split()[_+1])
        a = list(map(int, for _ in input().split()[_+2].split()))
        b = [x for x in itertools.permutations(a)]
        max_diff = 0
        for p in b:
            c = [abs(a[_] - p[_]) for _ in range(n)]
            if len(set(c)) > max_diff:
                max_diff = len(set(c))
        print(p)

",False,True,0,0.0
1867A,2,"['if statement', 'for loop']","['for loop', 'if statement', 'tuple']","['for loop', 'tuple', 'sorting', 'matrix operation', 'if statement', 'dictionary', 'hashmap', 'while loop', 'heap']","import itertools

def solve():
    for _ in range(int(input())):
        n = int(input().split()[0]
        a = list(map(int, input().split()[1].split())
        b = list(range(1, n + 1))
        max_diff = 0
        for p in itertools.permutations(b):
            diff = [abs(a_i - b_i) for a_i, b_i in zip(a, p)]
            if sum(diff) > max_diff:
                max_diff = sum(diff)
        print(p)

",False,False,0,0.0
1867A,3,"['if statement', 'for loop', 'queue']","['for loop', 'tuple']","['for loop', 'tuple', 'sorting', 'matrix operation', 'if statement', 'dictionary', 'hashmap', 'while loop', 'heap']","import itertools

def solve():
    for _ in range(int(input())):
        n = int(input().split()[0]
        a = list(map(int, input().split()[1].split()))
        b = list(itertools.permutations(a))
        max_diff = 0
        for p in b:
            diff = [abs(x - y) for x, y in zip(a, p)]
            max_diff = max(max_diff, max(diff))
        print(p)

",False,False,0,0.0
1867A,4,"['if statement', 'for loop', 'queue', 'recursion']",['for loop'],"['for loop', 'tuple', 'sorting', 'matrix operation', 'if statement', 'dictionary', 'hashmap', 'while loop', 'heap']","import itertools

def solve():
    t = int(input()[0]
    for _ in range(t):
        n = int(input()[_+1])
        a = list(map(int, for _ in range(n)))
        b = list(itertools.permutations(a))
        max_diff = 0
        for p in b:
            diff = [abs(a[_] - p[_]) for _ in range(n))
            if len(set(diff)) > max_diff:
                max_diff = len(set(diff))
        print(p)

",False,False,0,0.0
1867A,5,"['if statement', 'for loop', 'queue', 'recursion', 'hashmap']",['for loop'],"['for loop', 'tuple', 'sorting', 'matrix operation', 'if statement', 'dictionary', 'hashmap', 'while loop', 'heap']","import itertools

def solve():
    t = int(input().splitlines()[0])
    for _ in range(t):
        n = int(input().splitlines()[_+1].split()[0])
        a = list(map(int, input().splitlines()[_+1].split()[1:]))
        b = list(range(1, n+1))
        max_diff = 0
        for p in itertools.permutations(b):
            diff = sum(abs(a_i - b_i) for a_i, b_i in zip(a, p))
            if diff > max_diff:
                max_diff = diff
        print(p)

",False,False,0,0.0
1866A,0,['this is the og problem'],['for loop'],"['if statement', 'for loop', 'tuple', 'set', 'dictionary', 'misc', 'hashmap', 'sorting']","def solve():
    n = int(input())
    a = list(map(int,input().split()))
    ans = 0
    for i in range(n):
        ans += abs(a[i])
    return ans

",False,True,0,0.0
1866A,1,['recursion'],"['for loop', 'sorting']","['if statement', 'for loop', 'tuple', 'set', 'dictionary', 'misc', 'hashmap', 'sorting']","import math

def solve():
    n = int(input())
    arr = list(map(int,input().split()))
    arr.sort()
    operations = 0
    for i in range(n):
        if arr[i] > 0:
            operations += arr[i]
        else:
            operations += abs(arr[i])
    return operations

",False,True,0,0.0
1866A,2,"['recursion', 'if statement']","['for loop', 'sorting']","['if statement', 'for loop', 'tuple', 'set', 'dictionary', 'misc', 'hashmap', 'sorting']","def solve():
    n = int(input())
    arr = list(map(int, input().split()))
    arr.sort()
    operations = 0
    for i in range(n):
        if arr[i] > 0:
            operations += arr[i]
        else:
            operations += abs(arr[i])
    return operations

# Test Cases
",False,True,0,0.0
1866A,3,"['recursion', 'if statement', 'matrix operation']","['for loop', 'if statement', 'sorting']","['if statement', 'for loop', 'tuple', 'set', 'dictionary', 'misc', 'hashmap', 'sorting']","def solve():
    n = int(input())
    arr = list(map(int, input().split()))
    arr.sort()
    operations = 0
    for i in range(n):
        if arr[i] > 0:
            operations += arr[i]
        else:
            operations += abs(arr[i])
    return operations

",False,False,0,0.0
1866A,4,"['recursion', 'if statement', 'matrix operation', 'tuple']","['for loop', 'sorting']","['if statement', 'for loop', 'tuple', 'set', 'dictionary', 'misc', 'hashmap', 'sorting']","import math

def solve():
    n = int(input()[0])
    arr = list(map(int, input().split()[1:])
    arr.sort()
    operations = 0
    for i in range(n):
        if arr[i]!= 0:
            operations += abs(arr[i])
    return operations

",False,True,0,0.0
1864A,0,['this is the og problem'],['for loop'],"['for loop', 'if statement', 'while loop', 'tuple', 'heap', 'misc', 'continue statement', 'matrix operation', 'break statement']","import itertools

def solve():
    t = int(input().split()[0]
    for _ in range(t):
        x, y, n = map(int, input().split()[_])
        a = [x]
        b = [y - x for x in range(1, n)]
        if all(x < y for x in range(1, n)):
            a.append(y)
        elif all(x > y for x in range(1, n)):
            a.append(x)
        else:
            print(-1)
            break
        if a:
            print(*a)

",False,True,0,0.0
1864A,1,['if statement'],"['if statement', 'for loop']","['for loop', 'if statement', 'while loop', 'tuple', 'heap', 'misc', 'continue statement', 'matrix operation', 'break statement']","import itertools

def solve():
    t = int(input().split()[0]
    for _ in range(t):
        x, y, n = map(int, input().split()[_])
        a = [x]
        b = [y - x for x, y in zip(a, a[1:])]
        if all(x < y for x__ y in zip(a__ b[:-1]):
            a.append(a[-1])
        elif all(x > y for x__ y in zip(a__ b[:-1]):
            a.append(b[-1])
        else:
            print(-1)
            break
        if a:
            print(*a)

",False,False,0,0.0
1864A,2,"['if statement', 'for loop']",['for loop'],"['for loop', 'if statement', 'while loop', 'tuple', 'heap', 'misc', 'continue statement', 'matrix operation', 'break statement']","import itertools

def solve():
    t = int(input())
    for x, y, n in zip(*map(int, input().split()[:3]):
        a = [x] * n
        b = [y] * n
        if a == [] or b == []:
            print(-1)
            return
        a.sort()
        b.sort()
        if all(a[i] < a[i+1] for i in range(n-1)) and all(b[i] > b[i+1] for i in range(n-1)):
            print(*a)
        else:
            print(-1)

",False,False,0,0.0
1864A,3,"['if statement', 'for loop', 'while loop']",['for loop'],"['for loop', 'if statement', 'while loop', 'tuple', 'heap', 'misc', 'continue statement', 'matrix operation', 'break statement']","import itertools

def solve():
    t = int(input().splitlines()[0])
    for _ in range(t):
        x, y, n = map(int, input().splitlines()[_].split())
        if n == 1:
            print(-1)
        else:
            a = [x]
            b = []
            for i in range(1, n):
                a.append(y - x)
                b.append(a[i + 1] - a[i])
            if all(a[i] < a[i + 1] for i in range(len(a)):
                if all(b[i] > b[i + 1] for i in range(len(b)):
                    print(*a)
                    break
            else:
                print(-1)

",False,False,0,0.0
1863A,0,['this is the og problem'],['for loop'],"['for loop', 'if statement', 'continue statement', 'matrix operation', 'while loop', 'misc', 'queue', 'hashmap', 'tuple']","import sys

def solve():
    n, a, q = map(int, input().split())
    n = int(n[0])
    a = int(n[1])
    q = int(n[2])

    online = 0
    read = 0

    for notification in q[3:]:
        if notification == '+':
            online += 1
        else:
            online -= 1
            if online < 0:
                online = 0

    if online == n and read == 0:
        read = n
    elif online == n:
        read = ""MAYBE""
    else:
        read = ""NO""

    print(read == n)

",False,True,0,0.0
1863A,1,['for loop'],['for loop'],"['for loop', 'if statement', 'continue statement', 'matrix operation', 'while loop', 'misc', 'queue', 'hashmap', 'tuple']","import sys

def solve():
    n, a, q = list(map(int, input().split()))
    n = n[0]
    a = n[1]
    q = q[2:]

    if a == 0:
        print(""YES"")
    elif a == q[0]:
        print(""NO"")
    else:
        print(""MAYBE"")

",False,False,0,0.0
1863A,2,"['for loop', 'tuple']","['tuple', 'tuple']","['for loop', 'if statement', 'continue statement', 'matrix operation', 'while loop', 'misc', 'queue', 'hashmap', 'tuple']","import sys

def solve():
    n, a, q = list(map(int, input().split()))
    n = n[0]
    a = n[1]
    q = n[2]

    online = 0
    read = 0

    for notification in q[3:]:
        if notification == '+':
            online += 1
        else:
            online -= 1
            if online < 0:
                online = 0

    if online == n[0]:
        read = n[0]
    elif online == n[0] and read < n[0]:
        read = n[0]
    elif online > 0:
        read = online

    if read == n[0]:
        print(""YES"")
    elif read < n[0]:
        print(""NO"")
    else:
        print(""MAYBE"")

",False,False,0,0.0
1863A,3,"['for loop', 'tuple', 'recursion']","['tuple', 'misc']","['for loop', 'if statement', 'continue statement', 'matrix operation', 'while loop', 'misc', 'queue', 'hashmap', 'tuple']","import sys

def solve():
    n, a, q = list(map(int, input().split()))
    n = n[0]
    a = n[1]
    q = n[2]

    if a == 0:
        print(""NO"")
    elif q.count('0') == q.count('1'):
        print(""YES"")
    else:
        print(""MAYBE"")

",False,False,0,0.0
1863A,4,"['for loop', 'tuple', 'recursion', 'if statement']","['for loop', 'if statement', 'break statement']","['for loop', 'if statement', 'continue statement', 'matrix operation', 'while loop', 'misc', 'queue', 'hashmap', 'tuple']","import sys

def solve():
    n, a, q = map(int, input().split())
    n = int(n[0])
    a = int(a[0])
    result = ""NO""
    for i in range(1, len(q)):
        if q[i] == '+':
            a += 1
        else:
            a -= 1
            if a == 0:
                result = ""YES""
                break
    if a == n:
        result = ""MAYBE""
    print(result)

",False,False,1,0.3333333333333333
1863A,5,"['for loop', 'tuple', 'recursion', 'if statement', 'while loop']",['for loop'],"['for loop', 'if statement', 'continue statement', 'matrix operation', 'while loop', 'misc', 'queue', 'hashmap', 'tuple']","import sys

def solve():
    n, a, q = list(map(int, input().split()))
    n = n[0]
    a = n[1]
    q = n[2]

    online = 0
    read = 0

    for notification in q:
        if notification == '+':
            online += 1
        else:
            online -= 1
            if online < 0:
                online = 0

    if online == n:
        read = n
    else:
        read = min(read + online, n)

    if read == n:
        print(""YES"")
    elif read < n:
        print(""NO"")
    else:
        print(""MAYBE"")

",False,False,0,0.0
1862B,0,['this is the og problem'],['for loop'],"['for loop', 'if statement', 'tuple', 'misc', 'continue statement', 'matrix operation', 'while loop']","import itertools

def solve():
    t = int(input().split()[0]
    for _ in range(t):
        n = int(input().split()[_+1])
        b = list(map(int, input().split()[_+2].split()))
        b = [x for x in b if x <= n]
        m = len(b)
        if m > 2:
            a = [b[i] + b[i-1] for i in range(1, m)]
            print(m)
            print(a)

",False,True,0,0.0
1862B,1,['for loop'],"['for loop', 'if statement']","['for loop', 'if statement', 'tuple', 'misc', 'continue statement', 'matrix operation', 'while loop']","import itertools

def solve():
    t = int(input())
    for _ in range(t):
        n = int(input())
        b = list(map(int, input().split()))
        for i in range(n):
            if i == 0:
                print(n)
            else:
                a = [x for x in b[i-1] if x <= b[i-1][i-2]]
                print(len(a))

",False,False,0,0.0
1862B,2,"['for loop', 'recursion']",['for loop'],"['for loop', 'if statement', 'tuple', 'misc', 'continue statement', 'matrix operation', 'while loop']","import itertools

def solve():
    t = int(input().split()[0]
    for _ in range(t):
        n = int(input().split()[_+1].split()[0])
        b = list(map(int, input().split()[_+1].split()[1:]))
        if n > 1:
            b = [b[0]] + [x for x in itertools.combinations(b[1:], 2)]
        else:
            b = [b[0]]
        m = len(b)
        print(m)
        print(*b)

        n = int(input().split()[_+1].split()[0])
        b = list(map(int, input().split()[_+1].split()[1:]))
        if n > 1:
            b = [b[0]] + [x for x in itertools.combinations(b[1:], 2)]
        else:
            b = [b[0]]
        m = len(b)
        print(m)
        print(*b)
",False,False,0,0.0
1862B,3,"['for loop', 'recursion', 'break statement']",['for loop'],"['for loop', 'if statement', 'tuple', 'misc', 'continue statement', 'matrix operation', 'while loop']","import itertools

def solve():
    for t in range(int(input())):
        n = int(t.split()[0]
        b = list(map(int, t.split()[1].split()))
        m = len(b)
        a = [b[0]]
        for i in range(1, m):
            a.append(b[i] - b[i - 1])
        print(m)
        print(*a)

",False,False,0,0.0
1862B,4,"['for loop', 'recursion', 'break statement', 'while loop']",['for loop'],"['for loop', 'if statement', 'tuple', 'misc', 'continue statement', 'matrix operation', 'while loop']","import itertools

def solve():
    for t in range(1, 6):
        n = int(input().split()[t][0]
        b = list(map(int, input().split()[t][1].split()))
        m = len(b)
        a = [b[0]]
        for i in range(1,  m):
            a.append(b[i] - b[i - 1])
        print(m)
        print(*a)

",False,False,0,0.0
1862A,0,['this is the og problem'],"['for loop', 'if statement', 'break statement', 'matrix operation']","['for loop', 'if statement', 'break statement', 'matrix operation', 'tuple', 'while loop', 'misc', 'set']","import sys

def solve():
    test_cases = int(input())
    for _ in range(test_cases):
        n, m = map(int, input().split())
        carpet = input().strip().splitlines()
        n = len(carpets)
        m = len(carpets[0])
        vika_name = ['v', 'i', 'k', 'a']
        columns = []
        for i in range(n):
            column = [row[i] for row in carpet]
            if len(column) == m:
                if all(letter in column) in vika_name:
                    columns.append(column)
        if len(columns) == 4:
            print('YES')
            break
        else:
            print('NO')
            break

",False,True,0,0.0
1862A,1,['if statement'],['for loop'],"['for loop', 'if statement', 'break statement', 'matrix operation', 'tuple', 'while loop', 'misc', 'set']","import sys

def solve():
    test_cases = int(input())
    for _ in range(test_cases):
        n, m = map(int, input().split())
        carpet = input().strip() for _ in range(n):
            carpet += input().strip()
        carpet = [list(row) for row in carpet]
        vika_name = ['v', 'i', 'k', 'a']
        columns = [i for i in range(m) if vika_name[0] in carpet[i]]
        if len(columns) == 4 and len(set(columns)) == 4:
            print(""YES"")
        else:
            print(""NO"")

",False,True,0,0.0
1862A,2,"['if statement', 'for loop']","['for loop', 'if statement', 'misc']","['for loop', 'if statement', 'break statement', 'matrix operation', 'tuple', 'while loop', 'misc', 'set']","import sys

def solve():
    t = int(input())
    for _ in range(t):
        n, m = map(int, input().split())
        carpet = input().strip().splitlines()
        vika_name = ['v', 'i', 'k', 'a']
        columns = [i for i in range(m) if carpet[i][0] == vika_name]
        print('YES' if len(columns) == 4 else 'NO')

",False,False,0,0.0
1862A,3,"['if statement', 'for loop', 'matrix operation']",['for loop'],"['for loop', 'if statement', 'break statement', 'matrix operation', 'tuple', 'while loop', 'misc', 'set']","import sys

def solve():
    t = int(input())
    for _ in range(t):
        n, m = list(map(int, input().split())
        carpet = []
        for _ in range(n):
            carpet.append(list(input().strip()))
        vika_name = [""v"", ""i"", ""k"", ""a""]
        columns = []
        for i in range(m):
            if carpet[i].count(""v"") > 0 and carpet[i][0] == ""v"":
                columns.append(i)
            if len(columns) == 4:
                break
        print(""YES"" if columns else: print(""NO"")

",False,False,0,0.0
1862A,4,"['if statement', 'for loop', 'matrix operation', 'misc']","['if statement', 'for loop', 'break statement']","['for loop', 'if statement', 'break statement', 'matrix operation', 'tuple', 'while loop', 'misc', 'set']","import sys

def solve():
    t = int(input())
    for _ in range(t):
        n, m = map(int, input().split())
        carpet = [input().strip() for _ in range(n)]
        vika_like = False
        for i in range(m):
            if carpet[0][i] == 'v' and carpet[1][i] == 'i' and carpet[2][i] == 'k' and carpet[3][i] == 'a':
                vika_like = True
                break
        print(""YES"" if vika_like else ""NO"")

",False,False,0,0.0
1861A,0,['this is the og problem'],['for loop'],"['for loop', 'if statement', 'while loop', 'break statement', 'misc']","import itertools

def solve():
    t = int(input())
    for _ in range(t):
        s = input()
        for digit in '123456789':
            if s.count(digit) == 1:
                s = s.replace(digit,,'')
        if s == '167':
            print(s)
            break
        else:
            print(-1)
            break

",False,True,0,0.0
1861A,1,['break statement'],"['for loop', 'if statement', 'break statement', 'set', 'misc']","['for loop', 'if statement', 'while loop', 'break statement', 'misc']","import itertools

def solve():
    t = int(input())
    for _ in range(t):
        s = input()
        for d in itertools.permutations(s):
            if len(set(d)) == len(s):
                is_prime = True
                for i in range(2, len(d)):
                    if int(d[i]) % i == 0:
                        is_prime = False
                        break
                if is_prime:
                    print(''.join(d))
                    break
        print(-1)

",False,False,1,0.2
1861A,2,"['break statement', 'matrix operation']","['for loop', 'if statement', 'break statement', 'sorting']","['for loop', 'if statement', 'while loop', 'break statement', 'misc']","import itertools

def solve():
    t = int(input().split()[0])
    for _ in range(t):
        s = input().split()[1][_]
        if len(s)!= 9:
            print(-1)
            break
        for digit in s:
            if s.count(digit)!= 1:
                print(-1)
                break
        p = ''.join(sorted(s))
        if p in ['17', '23', '29', '31', '41', '43', '47', '53', '59', '61', '67', '71', '73', '79', '83', '89', '97']:
            print(p)
            break

",False,False,1,0.25
1861A,3,"['break statement', 'matrix operation', 'if statement']",['for loop'],"['for loop', 'if statement', 'while loop', 'break statement', 'misc']","import itertools

def solve():
    t = int(input())
    for _ in range(t):
        s = input()
        for p in itertools.permutations(s):
            if len(p) > 1:
                num = int(''.join(p))
                if num > 1:
                    if all(int(d) for d in p):
                        if num not in ['1', '2', '3', '5', '7']:
                            print(num)
                            return
                    else:
                        print(-1)
                else:
                    print(-1)
        else:
            print(-1)

",False,True,0,0.0
1861A,4,"['break statement', 'matrix operation', 'if statement', 'for loop']","['for loop', 'if statement', 'recursion']","['for loop', 'if statement', 'while loop', 'break statement', 'misc']","import itertools

def solve():
    for _ in range(int(input())):
        s = input()[_]
        n = len(s)
        primes = [2, 3, 5, 7]
        def is_prime(num):
            if num < 2:
                return False
            for i in range(2, int(num ** 0.5) + 1):
                if num % i == 0:
                    return False
            return True

        def delete_digit(s, i):
            return s[:i] + s[i + 1:]

        def check_prime(s):
            for p in primes:
                if is_prime(int(s)):
                    yield s

        def check(s):
            for p in itertools.permutations(s):
                if len(p) > 1:
                    for q in check_prime(p):
                        yield q
                else:
                    yield p

        for p in check(s):
            if len(p) == n - 1:
                yield ''.join(p)
            elif len(p) == 1:
                if is_prime(int(p)):
                    yield p
                else:
                    yield -1

",False,False,1,0.3333333333333333
1861A,5,"['break statement', 'matrix operation', 'if statement', 'for loop', 'recursion']","['for loop', 'set', 'recursion', 'misc']","['for loop', 'if statement', 'while loop', 'break statement', 'misc']","import itertools

def solve():
    t = int(input())
    for _ in range(t):
        s = input()
        for digit in itertools.permutations(s):
            if len(set(digit)) == 9:
                num = int(''.join(digit))
                if is_prime(num):
                    print(num)
                    return
        print(-1)

",False,False,2,0.5
1859A,0,['this is the og problem'],"['for loop', 'if statement']","['for loop', 'if statement', 'while loop', 'set', 'sorting', 'tuple', 'continue statement', 'hashmap', 'matrix operation', 'dictionary', 'misc']","import itertools

def solve():
    for t in range(int(input())):
        n = int(t.split()[0]
        a = list(map(int,, t.split()[1].split()))
        b = []
        c = []
        lb = 0
        lc = 0
        for i in range(n):
            for j in range(i + 1,, n):
                if a[i] % a[j] == 0:
                    b.append(a[i])
                    break
                elif a[j] % a[i] == 0:
                    c.append(a[j])
                    break
                else:
                    lb += 1
                    lc += 1
        if lb > lc:
            b.append(a[i])
        else:
            c.append(a[j])
        if len(b) > len(c):
            print(-1)
        else:
            print(len(b), b)
            print(len(c), c)

",False,True,0,0.0
1859A,1,['sorting'],['for loop'],"['for loop', 'if statement', 'while loop', 'set', 'sorting', 'tuple', 'continue statement', 'hashmap', 'matrix operation', 'dictionary', 'misc']","import itertools

def solve():
    for _ in range(int(input()[0]):
        n = int(input()[1])
        a = list(map(int, input()[2].split()))
        b = []
        c = []
        for i in range(n):
            for j in range(n):
                if a[i] % a[j] == 0:
                    b.append(a[i])
                    break
                else:
                    c.append(a[i])
        if len(b) == 0 and len(c) == 0:
            print(-1)
        elif len(b) > 0 and len(c) > 0:
            print(len(b), len(c))
            print(' '.join(map(str, b)))
            print(' '.join(map(str, c)))

",False,True,0,0.0
1859A,2,"['sorting', 'if statement']","['for loop', 'if statement']","['for loop', 'if statement', 'while loop', 'set', 'sorting', 'tuple', 'continue statement', 'hashmap', 'matrix operation', 'dictionary', 'misc']","import math

def solve():
    t = int(input().split('\n')[0]
    for _ in range(t):
        n = int(input().split('\n')[_+1].split('\n')[0]
        a = list(map(int, input().split('\n')[_+1].split('\n')[1:])
        b = []
        c = []
        for i in range(n):
            if a[i] % a[i] == 0:
                b.append(a[i])
            else:
                c.append(a[i])
        l_b = len(b)
        l_c = len(c)
        if l_b + l_c > 1:
            print(-1)
            return
        else:
            print(l_b, l_c)
            print(' '.join(map(str(b_i) +'' for b_i in b))
            print(' '.join(map(str(c_i) +'' for c_i in c))

",False,False,0,0.0
1859A,3,"['sorting', 'if statement', 'for loop']","['for loop', 'if statement', 'break statement']","['for loop', 'if statement', 'while loop', 'set', 'sorting', 'tuple', 'continue statement', 'hashmap', 'matrix operation', 'dictionary', 'misc']","import math

def solve():
    t = int(input().split('\n')[0]
    for _ in range(t):
        n = int(input().split('\n')[_+1].split('\n')[0]
        a = list(map(int, x) for x in input().split('\n')[_+1].split('\n')[1:])
        b = []
        c = []
        for i in range(n):
            for j in range(n):
                if a[i] % a[j] == 0:
                    b.append(a[i])
                    break
                elif a[j] % a[i] == 0:
                    c.append(a[j])
                    break
        if len(b) > 0 and len(c) > 0:
            print(-1)
        elif len(b) > 0:
            print(len(b))
            print(len(c))
        else:
            print(-1)

",False,False,1,0.3333333333333333
1859A,4,"['sorting', 'if statement', 'for loop', 'recursion']",['for loop'],"['for loop', 'if statement', 'while loop', 'set', 'sorting', 'tuple', 'continue statement', 'hashmap', 'matrix operation', 'dictionary', 'misc']","import itertools

def solve():
    n = int(input()[0]
    a = list(map(int, input()[1].split()))
    b = []
    c = []
    for i in range(n):
        for j in range(i+1, n):
            if a[i] % a[j] == 0:
                b.append(a[i])
                break
        if len(b) > 0:
            c.append(a[j])
            break
    if len(b) == 0 and len(c) == 0:
        return -1
    if len(b) > 0:
        return len(b)
    if len(c) > 0:
        return len(c)
    return -1

# Test cases
",False,False,0,0.0
1858A,0,['this is the og problem'],"['if statement', 'for loop']","['for loop', 'if statement', 'tuple', 'while loop', 'misc']","import math

def solve():
    t = int(input().split('\n')[0]
    for _ in range(t):
        a, b, c = map(int, input().split('\n')[_].split()
        if a + b + c == 0:
            print('First')
        elif b + c == 0:
            print('Second')
        else:
            print('First')

",False,True,0,0.0
1858A,1,['for loop'],"['if statement', 'for loop']","['for loop', 'if statement', 'tuple', 'while loop', 'misc']","import math

def solve():
    t = int(input().split('\n')[0]
    for _ in range(t):
        a, b, c = map(int, input().split('\n')[_].split()
        if a <= b and b <= c:
            print(""First"")
        elif a >= b and c >= a:
            print(""Second"")
        else:
            print(""First"")

",False,False,0,0.0
1858A,2,"['for loop', 'if statement']","['if statement', 'for loop']","['for loop', 'if statement', 'tuple', 'while loop', 'misc']","import math

def solve():
    t = int(input().split('\n')[0]
    for _ in range(t):
        a, b, c = map(int, input().split('\n')[_].split(' ')
        if a + b + c == t:
            print('First')
        elif a + c < t:
            print('Second')
        else:
            print('First')

",False,False,0,0.0
1858A,3,"['for loop', 'if statement', 'while loop']","['if statement', 'for loop']","['for loop', 'if statement', 'tuple', 'while loop', 'misc']","import math

def solve():
    t = int(input().split('\n')[0]
    for _ in range(t):
        a, b, c = map(int, input().split('\n')[_].split()
        if a + b + c == t:
            print('First')
        elif a + c > t:
            print('Second')
        else:
            print('First')

",False,False,0,0.0
1858A,4,"['for loop', 'if statement', 'while loop', 'tuple']","['for loop', 'if statement']","['for loop', 'if statement', 'tuple', 'while loop', 'misc']","import math

def solve():
    t = int(input()[0])
    for _ in range(t):
        a, b, c = map(int, input()[_+1].split())
        if sum(a) > sum(b) and sum(c) > sum(b):
            print(""First"")
        elif sum(a) < sum(b) and sum(a) > sum(c):
            print(""Second"")
        else:
            print(""First"")

",False,False,0,0.0
1857A,0,['this is the og problem'],"['for loop', 'if statement']","['for loop', 'if statement', 'matrix operation', 'tuple', 'misc']","import sys

def solve():
    t = int(input())
    for _ in range(t):
        n = int(input())
        a = list(map(int, input().split())
        s = sum(a)
        if s % 2 == 0:
            print(""YES"")
        else:
            print(""NO"")

",False,True,0,0.0
1857A,1,['for loop'],"['for loop', 'if statement']","['for loop', 'if statement', 'matrix operation', 'tuple', 'misc']","import sys

def solve():
    t = int(input())
    for _ in range(t):
        n = int(input())
        a = list(map(int, input().split())
        if n % 2 == 0:
            print(""NO"")
        else:
            s = sum(a)
            if s % 2 == 0:
                print(""YES"")
            else:
                print(""NO"")

",False,False,0,0.0
1857A,2,"['for loop', 'recursion']","['if statement', 'for loop', 'tuple', 'misc']","['for loop', 'if statement', 'matrix operation', 'tuple', 'misc']","import sys

def solve():
    t = int(input())
    for _ in range(t):
        n = int(input())
        a = list(map(int, input().split())
        if n % 2 == 0:
            print(""NO"")
        else:
            total = sum(a)
            if total % 2 == 0:
                print(""YES"")
            else:
                print(""NO"")

",False,False,0,0.0
1857A,3,"['for loop', 'recursion', 'while loop']","['if statement', 'for loop', 'misc']","['for loop', 'if statement', 'matrix operation', 'tuple', 'misc']","import itertools

def solve():
    for _ in range(int(input())):
        n = int(input())
        a = list(map(int,, input().split()))
        if n == 1:
            print(""NO"")
        else:
            parity = sum(a) % 2
            if parity == 0:
                print(""YES"")
            else:
                print(""NO"")

",False,False,0,0.0
1857A,4,"['for loop', 'recursion', 'while loop', 'tuple']",['for loop'],"['for loop', 'if statement', 'matrix operation', 'tuple', 'misc']","import sys

def solve():
    t = int(input())
    for _ in range(t):
        n = int(input())
        a = list(map(int, input().split()))
        if n % 2 == 0:
            print(""NO"")
        else:
            if sum(a) % 2 == sum(a[1:]) and len(a) > 1:
                print(""YES"")
            else:
                print(""NO"")

",False,False,0,0.0
1856A,0,['this is the og problem'],"['for loop', 'if statement']","['for loop', 'tuple', 'if statement', 'while loop', 'break statement', 'misc', 'Kadanes algorithm', 'continue statement']","import math

def solve():
    t = int(input().split()[0]
    for _ in range(t):
        n = int(input().split()[_+1])
        a = list(map(int, input().split()[_+2].split()))
        operations = 0
        for i in range(n):
            if a[i] > a[i-1]:
                a[i] = max(0, a[i] - 1)
                operations += 1
        print(operations)

",False,True,0,0.0
1856A,1,['if statement'],['for loop'],"['for loop', 'tuple', 'if statement', 'while loop', 'break statement', 'misc', 'Kadanes algorithm', 'continue statement']","import math

def solve():
    t = int(input().split()[0])
    for _ in range(t):
        n = int(input().split()[_+1])
        a = list(map(int,input().split()[_+2].split()))
        operations = 0
        for i in range(n):
            if a[i] > a[i-1]:
                a[i] = max(0, a[i] - 1)
                operations += 1
        print(operations)

",False,True,0,0.0
1856A,2,"['if statement', 'matrix operation']","['if statement', 'for loop', 'while loop']","['for loop', 'tuple', 'if statement', 'while loop', 'break statement', 'misc', 'Kadanes algorithm', 'continue statement']","import math

def solve():
    t = int(input().split('\n')[0]
    for _ in range(t):
        n = int(input().split('\n')[_+1].split('\n')[0]
        a = list(map(int, input().split('\n')[_+1].split('\n')[1:])
        operations = 0
        while a!= sorted(a):
            for i in range(len(a)):
                if a[i] > a[i-1]:
                    a[i] = max(0, a[i] - 1)
                    operations += 1
        print(operations)

",False,False,0,0.0
1856A,3,"['if statement', 'matrix operation', 'for loop']","['if statement', 'for loop']","['for loop', 'tuple', 'if statement', 'while loop', 'break statement', 'misc', 'Kadanes algorithm', 'continue statement']","import math

def solve():
    t = int(input().split()[0]
    for _ in range(t):
        n = int(input().split()[_+1])
        a = list(map(int, x.split()))
        operations = 0
        for i in range(n):
            if a[i] > a[i-1]:
                a[i] = max(0, a[i] - 1)
                operations += 1
        print(operations)

",False,False,0,0.0
1856A,4,"['if statement', 'matrix operation', 'for loop', 'while loop']","['for loop', 'if statement']","['for loop', 'tuple', 'if statement', 'while loop', 'break statement', 'misc', 'Kadanes algorithm', 'continue statement']","import sys

def solve():
    t = int(input())
    for _ in range(t):
        n = int(input())
        a = list(map(int, input().split())
        operations = 0
        for i in range(n):
            if a[i] > a[i - 1]:
                a[i] = max(0, a[i] - 1)
                operations += 1
        print(operations)

",False,False,0,0.0
1856A,5,"['if statement', 'matrix operation', 'for loop', 'while loop', 'recursion']","['for loop', 'while loop', 'if statement']","['for loop', 'tuple', 'if statement', 'while loop', 'break statement', 'misc', 'Kadanes algorithm', 'continue statement']","import sys

def solve():
    t = int(input())
    for _ in range(t):
        n = int(input())
        a = list(map(int, for _ in range(n))
        count = 0
        while not all(a[i] <= a[i + 1] for i in range(n):
            for i in range(n):
                if a[i] > a[i - 1]:
                    a[i] = max(0, a[i] - 1])
                    count += 1
        print(count)

",False,False,0,0.0
1855A,0,['this is the og problem'],"['if statement', 'for loop']","['while loop', 'if statement', 'for loop', 'misc', 'tuple']","import math

def solve():
    n = int(input().split()[0]
    p = list(map(int, input().split()[1].split()))
    moves = 0
    for i in range(n):
        if p[i]!= i + 1:
            moves += 1
    return moves

",False,True,0,0.0
1855A,1,['hashmap'],"['if statement', 'for loop']","['while loop', 'if statement', 'for loop', 'misc', 'tuple']","import math

def solve():
    n = int(input().split()[0])
    p = list(map(int, input().split()[1].split()))
    moves = 0
    for i in range(n):
        if p[i]!= i + 1:
            moves += 1
    return moves

",False,True,0,0.0
1855A,2,"['hashmap', 'for loop']","['if statement', 'for loop']","['while loop', 'if statement', 'for loop', 'misc', 'tuple']","import math

def solve():
    n = int(input().split('\n')[0]
    p = list(map(int,input().split('\n')[1:])
    moves = 0
    for i in range(n):
        if p[i]!= i + 1:
            moves += 1
    return moves

",False,False,0,0.0
1855A,3,"['hashmap', 'for loop', 'if statement']","['if statement', 'for loop']","['while loop', 'if statement', 'for loop', 'misc', 'tuple']","import math

def solve():
    n = int(input().split('\n')[0]
    for _ in range(1,n+1):
        p = list(map(int,input().split('\n')[_])
        if len(p)!= n:
            print(""Invalid input"")
            return
        p = [x for x in p if x!= _]
        if len(p)!= n:
            print(""Invalid input"")
            return
        moves = 0
        for i in range(n):
            if p[i]!= i+1:
                moves += 1
        print(moves)

# Test Cases
",False,False,0,0.0
1855A,4,"['hashmap', 'for loop', 'if statement', 'recursion']","['for loop', 'if statement', 'misc']","['while loop', 'if statement', 'for loop', 'misc', 'tuple']","import math

def solve():
    n = int(input().split('\n')[0]
    p = list(map(int, input().split('\n')[1:])
    moves = 0
    for i in range(n):
        if p[i]!= i + 1:
            moves += 1
    print(moves)

",False,False,0,0.0
1855A,5,"['hashmap', 'for loop', 'if statement', 'recursion', 'continue statement']","['if statement', 'for loop']","['while loop', 'if statement', 'for loop', 'misc', 'tuple']","import math

def solve():
    n = int(input().split()[0]
    p = list(map(int, input().split()[1].split()))
    moves = 0
    for i in range(n):
        if p[i]!= i + 1:
            moves += 1
    return moves

",False,False,0,0.0
1853A,0,['this is the og problem'],['for loop'],"['for loop', 'if statement', 'while loop', 'dictionary', 'tuple']","def solve():
    t = int(input())
    for _ in range(t):
        n = int(input().split()[_]
        a = list(map(int, x for x in input().split()[_+1].split()))
        print(min(operations(a, n))

",False,True,0,0.0
1853A,1,['if statement'],"['for loop', 'if statement']","['for loop', 'if statement', 'while loop', 'dictionary', 'tuple']","import sys

def solve():
    t = int(input())
    for _ in range(t):
        n = int(input())
        a = list(map(int, input().split()))
        min_operations = 0
        for i in range(n-1):
            if a[i] > a[i+1]:
                min_operations += 1
        print(min_operations)

",False,False,0,0.0
1853A,2,"['if statement', 'while loop']",['for loop'],"['for loop', 'if statement', 'while loop', 'dictionary', 'tuple']","def solve():
    t = int(input())
    for _ in range(t):
        n = list(map(int,input().split()))
        print(min(operations(n)))

",False,True,0,0.0
1853A,3,"['if statement', 'while loop', 'match statement']",['for loop'],"['for loop', 'if statement', 'while loop', 'dictionary', 'tuple']","def solve():
    t = int(input().split()[0]
    for _ in range(t):
        n = int(input().split()[_+1])
        a = list(map(int, x) for x in input().split()[_+2:])
        a.sort()
        count = 0
        for i in range(n-1):
            if a[i] > a[i+1]:
                count += 1
        print(count)

",False,True,0,0.0
1853A,4,"['if statement', 'while loop', 'match statement', 'tuple']","['if statement', 'for loop', 'break statement']","['for loop', 'if statement', 'while loop', 'dictionary', 'tuple']","def solve():
    t = int(input())
    for _ in range(t):
        n = int(input().split()[_]
        a = list(map(int, input().split()[_]))
        operations = 0
        for i in range(n):
            if a[i] > a[i + 1]:
                operations += 1
        print(operations)
",False,False,1,0.3333333333333333
1853A,5,"['if statement', 'while loop', 'match statement', 'tuple', 'set']","['for loop', 'if statement']","['for loop', 'if statement', 'while loop', 'dictionary', 'tuple']","import sys

def solve():
    t = int(input())
    for _ in range(t):
        n = int(input())
        a = list(map(int, input().split()))
        min_operations = 0
        for i in range(n-1):
            if a[i] > a[i+1]:
                min_operations += 1
        print(min_operations)

",False,False,0,0.0
1851B,0,['this is the og problem'],"['for loop', 'if statement', 'sorting']","['for loop', 'if statement', 'break statement', 'sorting', 'tuple', 'continue statement', 'misc', 'while loop', 'hashmap']","import sys

def solve():
    for _ in range(int(input())):
        n = list(map(int, input().split()))
        a = list(map(int, input().split())
        a.sort()
        b = []
        for i in range(n):
            if a[i] % 2 == 0:
                b.append(a[i])
            else:
                b.append(a[i])
        if b == sorted(b):
            print(""YES"")
        else:
            print(""NO"")

",False,True,0,0.0
1851B,1,['if statement'],"['for loop', 'if statement']","['for loop', 'if statement', 'break statement', 'sorting', 'tuple', 'continue statement', 'misc', 'while loop', 'hashmap']","import sys

def solve():
    t = int(input())
    for _ in range(t):
        n = int(input())
        a = list(map(int, input().split())
        even = 0
        odd = 0
        for i in range(n):
            if a[i] % 2 == 0:
                even += 1
            else:
                odd += 1
        if even == odd and odd == n - even:
            print(""YES"")
        else:
            print(""NO"")

",False,False,0,0.0
1851B,2,"['if statement', 'tuple']","['for loop', 'if statement']","['for loop', 'if statement', 'break statement', 'sorting', 'tuple', 'continue statement', 'misc', 'while loop', 'hashmap']","import sys

def solve():
    t = int(input())
    for _ in range(t):
        n = int(input())
        a = list(map(int, input().split())
        even = 0
        odd = 0
        for i in range(n):
            if a[i] % 2 == 0:
                even += 1
            else:
                odd += 1
        if even == odd and odd == n - even:
            print(""YES"")
        else:
            print(""NO"")

",False,False,0,0.0
1851B,3,"['if statement', 'tuple', 'for loop']","['for loop', 'if statement']","['for loop', 'if statement', 'break statement', 'sorting', 'tuple', 'continue statement', 'misc', 'while loop', 'hashmap']","import sys

def solve():
    t = int(input())
    for _ in range(t):
        n = int(input())
        a = list(map(int, input().split())
        if n % 2 == 0:
            print(""YES"")
        else:
            print(""NO"")

",False,False,0,0.0
1851B,4,"['if statement', 'tuple', 'for loop', 'sorting']","['for loop', 'if statement']","['for loop', 'if statement', 'break statement', 'sorting', 'tuple', 'continue statement', 'misc', 'while loop', 'hashmap']","import sys

def solve():
    t = int(input())
    for _ in range(t):
        n = int(input())
        a = list(map(int, input().split()))
        if n % 2 == 0:
            print(""YES"")
        else:
            print(""NO"")

",False,False,0,0.0
1851B,5,"['if statement', 'tuple', 'for loop', 'sorting', 'while loop']",['for loop'],"['for loop', 'if statement', 'break statement', 'sorting', 'tuple', 'continue statement', 'misc', 'while loop', 'hashmap']","import sys

def solve():
    for _ in range(int(input())):
        n = list(map(int,, input().split())
        a = list(map(int,, input().split())
        a.sort()
        b = a[:]
        for i in range(len(a)):
            if a[i] % 2 == 0:
                b.append(a[i])
        print(""YES"" if len(b) == len(a) else: print(""NO"")

",False,False,0,0.0
1851A,0,['this is the og problem'],"['for loop', 'if statement']","['for loop', 'if statement', 'tuple', 'while loop', 'matrix operation', 'continue statement']","import math

def solve():
    t = int(input().split('\n')[0]
    for _ in range(t):
        n, m, k, H = _.split()
        h = list(map(int, _.split()))
        count = 0
        for i in range(n):
            for j in range(i+1, n):
                if abs(h[i] - h[j]) == k:
                    count += 1
        print(count)

",False,True,0,0.0
1851A,1,['if statement'],"['for loop', 'if statement']","['for loop', 'if statement', 'tuple', 'while loop', 'matrix operation', 'continue statement']","import math

def solve():
    t = int(input().split('\n')[0]
    for _ in range(t):
        n, m, k, H = map(int, x.split())
        h = list(map(int, x.split()))
        count = 0
        for i in range(len(h)):
            if abs(H - h[i]) % k == 0:
                count += 1
        print(count)

",False,False,0,0.0
1851A,2,"['if statement', 'dictionary']","['for loop', 'if statement']","['for loop', 'if statement', 'tuple', 'while loop', 'matrix operation', 'continue statement']","def solve():
    t = int(input().split()[0])
    for _ in range(t):
        n, m, k, H = map(int, input().split()[_].split()
        h = list(map(int, input().split()[_+1].split())
        count = 0
        for i in range(n):
            if abs(h[i] - H) % k == 0:
                count += 1
        print(count)
",False,False,0,0.0
1851A,3,"['if statement', 'dictionary', 'tuple']","['for loop', 'if statement']","['for loop', 'if statement', 'tuple', 'while loop', 'matrix operation', 'continue statement']","import math

def solve():
    t = int(input().split('\n')[0]
    for _ in range(t):
        n, m, k, H = map(int, input().split('\n')[_][0].split()
        h = list(map(int, input().split('\n')[_][1:])
        count = 0
        for i in range(n):
            if abs(h[i] - H) % k == 0:
                count += 1
        print(count)

",False,False,0,0.0
1851A,4,"['if statement', 'dictionary', 'tuple', 'for loop']","['for loop', 'if statement']","['for loop', 'if statement', 'tuple', 'while loop', 'matrix operation', 'continue statement']","import math

def solve():
    t = int(input().split('\n')[0]
    for _ in range(t):
        n, m, k, H = map(int, input().split('\n')[_][0].split()
        h = list(map(int, input().split('\n')[_][1].split())
        count = 0
        for i in range(n):
            if abs(H - h[i]) % k == 0:
                count += 1
        print(count)

",False,False,0,0.0
1850C,0,['this is the og problem'],"['if statement', 'for loop', 'matrix operation']","['for loop', 'if statement', 'tuple', 'matrix operation', 'while loop', 'set', 'misc']","import numpy as np

def solve():
    t = int(input().splitlines()[0])
    for _ in range(t):
        grid = input().splitlines()[_]
        word = ''
        for i in range(8):
            if grid[_][i]!= '.':
                word += grid[_][i]
        print(word)

",False,True,0,0.0
1850C,1,['for loop'],"['for loop', 'if statement', 'matrix operation']","['for loop', 'if statement', 'tuple', 'matrix operation', 'while loop', 'set', 'misc']","import numpy as np

def solve():
    t = int(input().split('\n')[0]
    for _ in range(t):
        grid = input().split('\n')[_]
        word = ''
        for i in range(8):
            if grid[_][i]!= '.':
                word += grid[_][i]
        print(word)

",False,False,0,0.0
1850C,2,"['for loop', 'if statement']",['for loop'],"['for loop', 'if statement', 'tuple', 'matrix operation', 'while loop', 'set', 'misc']","import numpy as np

def solve():
    t = int(input().split('\n')[0]
    for _ in range(t):
        grid = input().split('\n')[_]
        word = ''
        for i in range(8):
            if grid[_][i]!= '.':
                word += grid[_][i]
        print(word)

",False,False,0,0.0
1850C,3,"['for loop', 'if statement', 'while loop']","['if statement', 'for loop', 'matrix operation']","['for loop', 'if statement', 'tuple', 'matrix operation', 'while loop', 'set', 'misc']","import numpy as np

def solve():
    t = int(input().split('\n')[0]
    for _ in range(t):
        grid = input().split('\n')[_]
        word = ''
        for i in range(8):
            if grid[_][i]!= '.':
                word += grid[_][i]
        print(word)

",False,False,0,0.0
1850C,4,"['for loop', 'if statement', 'while loop', 'tuple']",['for loop'],"['for loop', 'if statement', 'tuple', 'matrix operation', 'while loop', 'set', 'misc']","import numpy as np

def solve():
    t = int(input().split('\n')[0]
    for _ in range(t):
        grid = input().split('\n')[_]
        word = ''
        for i in range(8):
            if grid[_][i]!= '.':
                word += grid[_][i]
        print(word)

",False,False,0,0.0
1850B,0,['this is the og problem'],"['for loop', 'if statement', 'tuple', 'hashmap', 'break statement']","['for loop', 'if statement', 'tuple', 'sorting', 'while loop', 'hashmap']","import sys

def solve():
    t = int(input())
    for _ in range(t):
        n = int(input())
        responses = []
        for _ in range(n):
            a, b = list(map(int, input().split())
            responses.append((a, b))
        max_quality = 0
        for response in responses:
            if response[1] > max_quality:
                max_quality = response[1]
                if response[0] > 10:
                    winner = response[0]
                else:
                    winner = max_quality
        print(winner)
        print(winner)

",False,True,1,0.2
1850B,1,['if statement'],"['for loop', 'if statement', 'tuple']","['for loop', 'if statement', 'tuple', 'sorting', 'while loop', 'hashmap']","def solve():
    t = int(input().split()[0]
    for _ in range(t):
        n = int(input().split()[_+1])
        responses = []
        for _ in range(n):
            ai, bi = map(int, input().split()[_+2].split()
            responses.append((ai, bi))
        max_quality = 0
        for response in responses:
            if response[1] > max_quality:
                max_quality = response[1]
                winner = response[0]
        print(winner)
    print(winner)

",False,False,0,0.0
1850B,2,"['if statement', 'tuple']",['for loop'],"['for loop', 'if statement', 'tuple', 'sorting', 'while loop', 'hashmap']","def solve():
    t = int(input().split()[0]
    for _ in range(t):
        n = int(input().split()[_+1])
        responses = []
        for __ in range(n):
            a, b = input().split()[_+2].split()
            responses.append((a, b))
        max_quality = 0
        max_index = -1
        for i, response in responses:
            if len(response) <= 10 and b > max_quality:
                max_quality = b
                max_index = i
        print(max_index + 1)

",False,True,0,0.0
1850B,3,"['if statement', 'tuple', 'for loop']","['for loop', 'tuple', 'if statement']","['for loop', 'if statement', 'tuple', 'sorting', 'while loop', 'hashmap']","import sys

def solve():
    t = int(input())
    for _ in range(t):
        n = int(input())
        responses = []
        for _ in range(n):
            a, b = input().split()
            responses.append((a, int(b)))
        winner = 0
        for i in range(1, len(responses)):
            if responses[i][1] > responses[winner][1]:
                winner = i
        print(winner + 1)

",False,False,0,0.0
1850B,4,"['if statement', 'tuple', 'for loop', 'while loop']","['for loop', 'tuple', 'if statement']","['for loop', 'if statement', 'tuple', 'sorting', 'while loop', 'hashmap']","import sys

def solve():
    t = int(input())
    for _ in range(t):
        n = int(input())
        responses = []
        for _ in range(n):
            ai, bi = map(int, input().split())
            responses.append((ai, bi))
        max_quality = 0
        for response in responses:
            if bi > max_quality:
                max_quality = bi
                winner = ai
        print(winner)
        input()

",False,False,0,0.0
1850B,5,"['if statement', 'tuple', 'for loop', 'while loop', 'recursion']","['if statement', 'for loop', 'misc']","['for loop', 'if statement', 'tuple', 'sorting', 'while loop', 'hashmap']","import sys

def solve():
    t = int(input().split()[0]
    for _ in range(t):
        n = int(input().split()[_+1])
        responses = input().split()[_+2:]
        max_quality = 0
        winner = -1
        for i in range(n):
            a_i, b_i = responses[i].split()
            if a_i >= 10 and b_i > max_quality:
                max_quality = b_i
                winner = i
        print(winner if winner!= -1 else winner + 1)

",False,False,1,0.3333333333333333
1850A,0,['this is the og problem'],"['for loop', 'if statement', 'tuple', 'break statement']","['for loop', 'if statement', 'tuple', 'set', 'sorting', 'misc', 'matrix operation']","import itertools

def solve():
    t = int(input().splitlines()[0])
    for _ in range(t):
        a, b, c = map(int, input().splitlines()[_].split())
        pairs = list(itertools.combinations([a, b__ c], 2))
        for pair in pairs:
            if sum(pair) >= 10:
                print(""YES"")
                break
        else:
            print(""NO"")
            break

",False,True,1,0.25
1850A,1,['for loop'],"['for loop', 'break statement', 'if statement', 'misc']","['for loop', 'if statement', 'tuple', 'set', 'sorting', 'misc', 'matrix operation']","import itertools

def solve():
    t = int(input().split()[0]
    for _ in range(t):
        a, b, c = input().split()[_]
        for pair in itertools.combinations([a, b], 2):
            if a + b >= 10:
                print(""YES"")
                break
        else:
            print(""NO"")
            break

",False,False,1,0.25
1850A,2,"['for loop', 'while loop']","['if statement', 'for loop', 'break statement', 'tuple', 'misc']","['for loop', 'if statement', 'tuple', 'set', 'sorting', 'misc', 'matrix operation']","import itertools

def solve():
    t = int(input().split()[0]
    for _ in range(t):
        a, b, c = input().split()[_]
        for pair in itertools.combinations([a, b], 2):
            if sum(pair) >= 10:
                print(""YES"")
                break
        else:
            print(""NO"")
            break

",False,False,1,0.2
1850A,3,"['for loop', 'while loop', 'if statement']","['for loop', 'if statement', 'break statement', 'tuple']","['for loop', 'if statement', 'tuple', 'set', 'sorting', 'misc', 'matrix operation']","import itertools

def solve():
    t = int(input().split()[0])
    for _ in range(t):
        a, b, c = input().split()[_]
        for pair in itertools.combinations([a, b], 2):
            if a + b >= 10:
                print(""YES"")
                break
        else:
            print(""NO"")
            break

",False,False,1,0.25
1849A,0,['this is the og problem'],['for loop'],"['for loop', 'tuple', 'if statement', 'misc', 'matrix operation', 'while loop', 'hashmap']","import math

def solve():
    t = int(input())
    for _ in range(t):
        b, c = h = 0
        b, c = h = map(int, input().split())
        print(math.ceil((b + c + h) / 2))

",False,True,0,0.0
1849A,1,['if statement'],['for loop'],"['for loop', 'tuple', 'if statement', 'misc', 'matrix operation', 'while loop', 'hashmap']","import math

def solve():
    t = int(input())
    for _ in range(t):
        b, c = list(map(int, for map in input().split())
        b.sort()
        print(math.ceil((b[0] + b[1] + b[2]) / 2))

",False,True,0,0.0
1849A,2,"['if statement', 'tuple']","['for loop', 'if statement']","['for loop', 'tuple', 'if statement', 'misc', 'matrix operation', 'while loop', 'hashmap']","import math

def solve():
    t = int(input().split()[0])
    for _ in range(t):
        b, c = list(map(int, for x in input().split()[1:])
        h = list(map(int, for x in input().split()[2:])
        print(min(max(b + c) // 2 + 1, if b[0] > c[0] else min(b + c) // 2 + 1))

",False,False,0,0.0
1849A,3,"['if statement', 'tuple', 'two pointers']",['for loop'],"['for loop', 'tuple', 'if statement', 'misc', 'matrix operation', 'while loop', 'hashmap']","def solve():
    for _ in range(int(input())):
        b, c = _.split()
        b = list(map(int, b))
        h = list(map(int, c))
        print(min(b[0] + c[0] + h[0])

",False,True,0,0.0
1849A,4,"['if statement', 'tuple', 'two pointers', 'for loop']",['for loop'],"['for loop', 'tuple', 'if statement', 'misc', 'matrix operation', 'while loop', 'hashmap']","def solve():
    t = int(input())
    for _ in range(t):
        b, c = list(map(int, for map in input().split())
        print(min(b[0], b[1], b[2]))
",False,False,0,0.0
1847A,0,['this is the og problem'],['for loop'],"['for loop', 'tuple', 'sorting', 'if statement', 'matrix operation', 'set', 'dictionary']","def solve():
    t = int(input())
    for _ in range(t):
        n, k = list(map(int, for map in input().split())
        a = list(map(int, for a in input().split()))
        n = a[0]
        k = a[1]
        for i in range(1, len(a)):
            r1 = a[i]
            r2 = a[i + 1]
            f1 = abs(r1 - r2)
            f2 = abs(r1 - r2) + abs(r2 - r1)
            dots = 0
            for j in range(2, len(a)):
                if j!= i:
                    dots += f2
            f = f1 + f2 + dots
            if f < f1 + f2 + dots:
                n -= 1
                k -= 1
                a[i] = 0
                a[i + 1] = 0
        print(f)
",False,True,0,0.0
1847A,1,['continue statement'],['for loop'],"['for loop', 'tuple', 'sorting', 'if statement', 'matrix operation', 'set', 'dictionary']","import math

def solve():
    t = int(input().splitlines[0])
    for _ in range(t):
        n, k = list(map(int, input().splitlines[_].split())
        a = list(map(int, n))
        r1 = 0
        r2 = 0
        for i in range(1, k):
            r1 += abs(a[i] - a[(i + 1) % n])
            r2 += abs(a[(i + 1) % n] - a[i])
        if r1 + r2 < n:
            r1 = 0
            r2 = 0
            for i in range(1, k):
                if a[i] - a[(i + 1) % n] < a[(i + 2) % n]:
                    r1 += 1
                else:
                    r2 += 1
        if r1 < r2:
            r1 = 0
            r2 = 0
            for i in range(1, k):
                if a[(i + 1) % n] - a[i] < a[(i + 2) % n] - a[(i + 1) % n]:
                    r1 += 1
                else:
                    r2 += 1
        print(min(r1, r2))

",False,True,0,0.0
1847A,2,"['continue statement', 'matrix operation']","['for loop', 'if statement']","['for loop', 'tuple', 'sorting', 'if statement', 'matrix operation', 'set', 'dictionary']","import math

def solve():
    t = int(input())
    for _ in range(t):
        n, k = map(int, input().split())
        a = list(map(int, input().split()))
        r1 = min(a)
        r2 = max(a)
        dots = sum(a) - r1 - r2
        f = abs(r1 - r2) + dots + abs(r1 - (k - 1)) + abs(r2 - (k - 1))
        print(f)

",False,True,0,0.0
1847A,3,"['continue statement', 'matrix operation', 'for loop']",['for loop'],"['for loop', 'tuple', 'sorting', 'if statement', 'matrix operation', 'set', 'dictionary']","def solve():
    t = int(input())
    for _ in range(t):
        n, k = list(map(int, for map in input().split())
        a = list(map(int, for a in input().split()))
        a.sort()
        r1 = a[0]
        r2 = a[1]
        dots = 0
        for i in range(2, if a[i] - a[i+1] > 0:
            dots += 1
        f = abs(a[i] - a[i+1]) + abs(a[i+1] - a[i+2]) + dots + abs(a[i+2] - a[i+1])
        if f < dots:
            dots = f
        r1 = a[i]
        r2 = a[i+1]
        f = abs(a[i] - a[i+1]) + abs(a[i+1] - a[i+2]) + dots + abs(a[i+2] - a[i+1])
        if f < dots:
            dots = f
        r1 = a[i]
        r2 = a[i+1]
        f = abs(a[i] - a[i+1]) + abs(a[i+1] - a[i+2]) + dots + abs(a[i+2] - a[i+1])
        if f < dots:
            dots = f
        r1 = a[i]
        r2 = a[i+1]
        f = abs(a[i] - a[i+1]) + abs(a[i+1] - a[i+2]) + dots + abs(a[i+2] - a[i+1])
        if f < dots:
            dots = f
        r1 = a[i]
        r2 = a[i+1]
        f = abs(a[i] - a[i+1]) + abs(a[i+1] - a[i+2]) + dots + abs(a[i+2] - a[i+1])
        if f < dots:
            dots = f
        r1 = a[i]
        r2 = a[i+1]
        f = abs(a[i] - a[i+1]) + abs(a[i+1] - a[i+2]) + dots + abs(a[i+2] - a[i+1])
        if f < dots:
            dots = f
        r1 = a[i]
        r2 = a[i+1]
        f = abs(a[i] - a[i+1]) + abs(a[i+1] - a[i+2]) + dots + abs(a[i+2] - a[i+1])
        if f < dots:
            dots = f
        r1 = a[i]
        r2 = a[i+1]
        f = abs(a[i] - a[i+1]) + abs(a[i+1] - a[i+2]) + dots + abs(a[i+2] - a[i+1])
        if f < dots:
            dots = f
        r1 = a[i]
        r2 = a[i+1]
        f = abs(a[i] - a[i+1]) + abs(a[i+1] - a[i+2]) + dots + abs(a[i+2] - a[i+1])
        if f < dots:
            dots = f
        r1 = a[i]
        r2 = a[i+1]
        f = abs(a[i] - a[i+1]) + abs(a[i+1] - a[i+2]) + dots + abs(a[i+2] - a[i+1])
        if f < dots:
            dots = f
        r1 = a[i]
        r2 = a[i+1]
        f = abs(a[i] - a[i+1]) + abs(a[i+1
",False,False,0,0.0
1847A,4,"['continue statement', 'matrix operation', 'for loop', 'if statement']",['for loop'],"['for loop', 'tuple', 'sorting', 'if statement', 'matrix operation', 'set', 'dictionary']","import math

def solve():
    t = int(input())
    for _ in range(t):
        n, k = list(map(int, for map in input().split())
        a = list(map(int, for a in n))
        r1 = max(a)
        r2 = min(a)
        dots = sum(a) - (r1 + r2)
        f = abs(r1 - r2) + dots + abs(r1 - (k - 1))
        if f < n:
            print(f)
        else:
            print(""Invalid input"")

",False,False,0,0.0
1846B,0,['this is the og problem'],"['if statement', 'for loop', 'matrix operation']","['if statement', 'for loop', 'while loop', 'matrix operation', 'break statement', 'recursion', 'hashmap', 'misc', 'tuple', 'queue']","import numpy as np

def solve():
    test_cases = int(input().splitlines()[0])
    for test_case in range(test_cases):
        game = [list(input().splitlines()[test_case + 1].splitlines()[test_case + 2].splitlines()[test_case + 3].splitlines()]
        if np.all(game == 'X'):
            print('X')
        elif np.all(game == 'O'):
            print('O')
        elif np.all(game == '+'):
            print('+')
        else:
            print('DRAW')

",False,True,0,0.0
1846B,1,['if statement'],"['if statement', 'for loop']","['if statement', 'for loop', 'while loop', 'matrix operation', 'break statement', 'recursion', 'hashmap', 'misc', 'tuple', 'queue']","import sys

def solve():
    t = int(input())
    for _ in range(t):
        board = input().strip().split()
        if ""X"" in board[0] and ""X"" in board[1] and ""X"" in board[2]:
            print(""X"")
        elif ""O"" in board[0] and ""O"" in board[1] and ""O"" in board[2]:
            print(""O"")
        elif ""+"" in board[0] and ""+"" in board[1] and ""+"" in board[2]:
            print(""+"")
        else:
            print(""DRAW"")

",False,False,0,0.0
1846B,2,"['if statement', 'dictionary']","['for loop', 'if statement', 'tuple']","['if statement', 'for loop', 'while loop', 'matrix operation', 'break statement', 'recursion', 'hashmap', 'misc', 'tuple', 'queue']","import numpy as np

def solve():
    t = int(input().split('\n')[0]
    for _ in range(t):
        game = input().split('\n')[_].split()
        x_wins = 0
        o_wins = 0
        p_wins = 0
        for row in game:
            if row.count('X') == 3:
                x_wins += 1
            elif row.count('O') == 3:
                o_wins += 1
            elif row.count('+') == 3:
                p_wins += 1
        for col in zip(*game):
            if col.count('X') == 3:
                x_wins += 1
            elif col.count('O') == 3:
                o_wins += 1
            elif col.count('+') == 3:
                p_wins += 1
        if x_wins > 0:
            print('X')
        elif o_wins > 0:
            print('O')
        elif p_wins > 0:
            print('+')
        else:
            print('DRAW')

",False,False,0,0.0
1846B,3,"['if statement', 'dictionary', 'for loop']","['if statement', 'for loop', 'matrix operation']","['if statement', 'for loop', 'while loop', 'matrix operation', 'break statement', 'recursion', 'hashmap', 'misc', 'tuple', 'queue']","import sys

def solve():
    t = int(input())
    for _ in range(t):
        board = input().strip()
        board = [list(row) for row in board]
        if check_winner(board):
            print(winner(board))
        else:
            print(""DRAW"")

",False,False,0,0.0
1846B,4,"['if statement', 'dictionary', 'for loop', 'tuple']","['if statement', 'for loop', 'break statement', 'matrix operation']","['if statement', 'for loop', 'while loop', 'matrix operation', 'break statement', 'recursion', 'hashmap', 'misc', 'tuple', 'queue']","import sys

def solve():
    t = int(input())
    for _ in range(t):
        board = input().strip()
        board = [list(row) for row in board]
        crosses_won = False
        naughts_won = False
        pluses_won = False
        for i in range(3):
            if board[i][0] == 'X':
                crosses_won = True
                break
            elif board[i][0] == 'O':
                naughts_won = True
                break
            elif board[i][0] == '+':
                pluses_won = True
                break
        if crosses_won:
            print('X')
            sys.exit()
        elif naughts_won:
            print('O')
            sys.exit()
        elif pluses_won:
            print('+')
            sys.exit()
        else:
            print('DRAW')
            sys.exit()

",False,False,0,0.0
1846B,5,"['if statement', 'dictionary', 'for loop', 'tuple', 'matrix operation']",['for loop'],"['if statement', 'for loop', 'while loop', 'matrix operation', 'break statement', 'recursion', 'hashmap', 'misc', 'tuple', 'queue']","import numpy as np

def solve():
    test_cases = int(input().splitlines[0])
    for test_case in range(test_cases):
        game = input().splitlines[test_case+1:test_case+4]
        result = np.array(game)
        x_wins = np.sum(result == 'X')
        o_wins = np.sum(result == 'O')
        p_wins = np.sum(result == '+')
        if x_wins == 3 or o_wins == 3 or p_wins == 3:
            print('X')
        elif x_wins > o_wins and x_wins > p_wins:
            print('O')
        elif o_wins > x_wins and o_wins > p_wins:
            print('+')
        else:
            print('DRAW')

",False,False,0,0.0
1846A,0,['this is the og problem'],['for loop'],"['for loop', 'if statement', 'matrix operation', 'while loop', 'tuple']","import sys

def solve():
    for _ in range(int(input())):
        n = int(input())
        for _ in range(n):
            a, b = map(int, input().split())
            a.sort()
            b.sort()
            res = 0
            for i in range(len(a)):
                if a[i] > b[i]:
                    res += 1
            print(res)

",False,True,0,0.0
1846A,1,['if statement'],"['for loop', 'if statement', 'tuple', 'sorting']","['for loop', 'if statement', 'matrix operation', 'while loop', 'tuple']","import sys

def solve():
    t = int(input())
    for _ in range(t):
        n = int(input())
        heights = list(map(int, input().split())
        ropes = []
        for i in range(n):
            a, b = map(int, input().split())
            ropes.append((a[i], b[i]))
        ropes.sort()
        res = 0
        for i in range(n):
            if ropes[i][0] > 0:
                res += 1
                ropes[i] = (0, 0)
        print(res)

",False,False,1,0.25
1846A,2,"['if statement', 'for loop']","['for loop', 'if statement', 'tuple', 'sorting']","['for loop', 'if statement', 'matrix operation', 'while loop', 'tuple']","import sys

def solve():
    t = int(input())
    for _ in range(t):
        n = int(input())
        heights = list(map(int, input().split())
        ropes = []
        for i in range(n):
            a, b = map(int, input().split())
            ropes.append((a[i], b[i]))
        ropes.sort()
        res = 0
        for i in range(n):
            if ropes[i][0] > ropes[i][1]:
                res += 1
        print(res)

",False,False,1,0.25
1846A,3,"['if statement', 'for loop', 'sorting']","['for loop', 'tuple', 'if statement', 'hashmap']","['for loop', 'if statement', 'matrix operation', 'while loop', 'tuple']","import sys

def solve():
    n = int(input())
    for _ in range(n):
        a, b = list(map(int, input().split()))
        a = [x[0] for x in a]
        b = [x[1] for x in a]
        print(min(a))

",False,False,1,0.25
1846A,4,"['if statement', 'for loop', 'sorting', 'tuple']",['for loop'],"['for loop', 'if statement', 'matrix operation', 'while loop', 'tuple']","import sys

def solve():
    t = int(input())
    for _ in range(t):
        n = int(input())
        heights = list(map(int, input().split())
        ropes = []
        for i in range(n):
            a, b = map(int, input().split())
            ropes.append((a[i], b[i]))
        ropes.sort()
        res = 0
        for i in range(n):
            if ropes[i][0] > ropes[i+1][0]:
                res += 1
        print(res)

",False,False,0,0.0
1846A,5,"['if statement', 'for loop', 'sorting', 'tuple', 'while loop']","['for loop', 'if statement', 'tuple', 'sorting']","['for loop', 'if statement', 'matrix operation', 'while loop', 'tuple']","import sys

def solve():
    t = int(input())
    for _ in range(t):
        n = int(input())
        heights = list(map(int, input().split())
        ropes = []
        for i in range(n):
            a, b = map(int, input().split())
            ropes.append((a, b))
        ropes.sort()
        res = 0
        for i in range(n):
            if ropes[i][0] > heights[i]:
                res += 1
        print(res)

",False,False,1,0.25
1845A,0,['this is the og problem'],"['for loop', 'if statement']","['for loop', 'if statement', 'tuple', 'while loop', 'hashmap', 'misc']","import sys

def solve():
    t = int(input())
    for _ in range(t):
        n, k, x = map(int, input().split())
        if n % k == 0:
            print(""NO"")
        else:
            m = n // k
            if m * k >= x:
                print(""YES"")
                print(m)
            else:
                print(""NO"")

",False,True,0,0.0
1845A,1,['if statement'],"['if statement', 'for loop', 'misc', 'tuple']","['for loop', 'if statement', 'tuple', 'while loop', 'hashmap', 'misc']","import itertools

def solve():
    for _ in range(int(input())):
        n, k, x = map(int,, _.split())
        if n == x:
            print(""YES"")
            m = sum(itertools.chain(x, for x in itertools.combinations(range(1, k + 1)))
            print(m)
        else:
            print(""NO"")

",False,False,0,0.0
1845A,2,"['if statement', 'tuple']","['if statement', 'for loop', 'continue statement']","['for loop', 'if statement', 'tuple', 'while loop', 'hashmap', 'misc']","import itertools

def solve():
    for _ in range(int(input())):
        n, k, x = map(int, input().split())
        if n == 0:
            print(""NO"")
            continue
        if x >= n:
            print(""YES"")
            print(n)
            continue
        if k == 1:
            print(""YES"")
            print(n)
            continue
        if n % k == 0:
            print(""YES"")
            print(n)
            continue
        if n % k == 1:
            print(""YES"")
            print(n)
            continue
        print(""NO"")

",False,False,1,0.3333333333333333
1845A,3,"['if statement', 'tuple', 'for loop']","['if statement', 'for loop']","['for loop', 'if statement', 'tuple', 'while loop', 'hashmap', 'misc']","import math

def solve():
    t = int(input().split()[0]
    for _ in range(t):
        n, k, x = map(int, input().split()[_].split())
        if n % k == 0:
            print(""YES"")
            m = n // k
            print(m)
            print(*[1] * k + [i for i in range(1, k + 1) if i!= x])
        else:
            print(""NO"")

",False,False,0,0.0
1844A,0,['this is the og problem'],"['for loop', 'if statement', 'break statement']","['for loop', 'tuple', 'misc', 'if statement', 'while loop', 'matrix operation']","import math

def solve():
    for _ in range(1, + 1):
        a, b = _
        if a < b:
            for n in range(1, + 1):
                if (a - b) % n == 0:
                    print(n)
                    break
        else:
            print(1)

",True,True,1,0.3333333333333333
1844A,1,['if statement'],"['for loop', 'if statement', 'while loop', 'break statement']","['for loop', 'tuple', 'misc', 'if statement', 'while loop', 'matrix operation']","import math

def solve():
    for _ in range(int(input()[0]):
        a, b = input()[_][1]
        if a < b:
            n = 0
            while n < a:
                n += 1
            if n % (a + b) == 0:
                print(n)
                break
        else:
            print(0)

",False,False,1,0.25
1844A,2,"['if statement', 'tuple']","['for loop', 'if statement', 'while loop', 'break statement']","['for loop', 'tuple', 'misc', 'if statement', 'while loop', 'matrix operation']","import math

def solve():
    t = int(input())
    for _ in range(t):
        a, b = _.split()
        if a < b:
            n = 1
            while n <= 10**6:
                if (a - 1) & (b - 1) == 0:
                    n += 1
                else:
                    break
            print(n)

",False,False,1,0.25
1844A,3,"['if statement', 'tuple', 'for loop']","['for loop', 'if statement']","['for loop', 'tuple', 'misc', 'if statement', 'while loop', 'matrix operation']","import math

def solve():
    t = int(input())
    for _ in range(t):
        a, b = _.split()
        n = int(a) + int(b)
        if n % (a + b) == 0:
            print(n)
        else:
            print(-1)

",False,False,0,0.0
1844A,4,"['if statement', 'tuple', 'for loop', 'while loop']","['if statement', 'for loop']","['for loop', 'tuple', 'misc', 'if statement', 'while loop', 'matrix operation']","import math

def solve():
    t = int(input())
    for _ in range(t):
        a, b = list(map(_).split())
        n = int(a) + int(b)
        if n % (a + b) == 0:
            print(n)
        else:
            print(-1)

# Test cases
",False,False,0,0.0
1844A,5,"['if statement', 'tuple', 'for loop', 'while loop', 'matrix operation']",['for loop'],"['for loop', 'tuple', 'misc', 'if statement', 'while loop', 'matrix operation']","import math

def solve():
    for _ in range(int(input())):
        a, b = _.split()
        if a < b:
            n = 1
            while n <= 10**6:
                if (n & (a - 1) == 0:
                    n += 1
                else:
                    break
            print(n)
        else:
            print(1)

",False,False,0,0.0
1843C,0,['this is the og problem'],['for loop'],"['for loop', 'while loop', 'misc', 'if statement', 'tuple', 'break statement', 'recursion']","import math

def solve():
    t = int(input()[0])
    for _ in range(t):
        n = int(input()[_])
        print(sum(range(1, n + 1)))

",False,True,0,0.0
1843C,1,['misc'],['for loop'],"['for loop', 'while loop', 'misc', 'if statement', 'tuple', 'break statement', 'recursion']","import math

def solve():
    t = int(input().split('\n')[0]
    for _ in range(t):
        n = int(input().split('\n')[_]
        depth = int(math.log(n, / math.log(2))
        sum = 2 ** (2 ** depth - 1) + 1
        print(sum)

",False,True,0,0.0
1843C,2,"['misc', 'while loop']",['for loop'],"['for loop', 'while loop', 'misc', 'if statement', 'tuple', 'break statement', 'recursion']","import math

def solve():
    t = int(input().split('\n')[0]
    for _ in range(t):
        n = int(input().split('\n')[_]
        print(sum(range(1, n+1))

",False,True,0,0.0
1843C,3,"['misc', 'while loop', 'if statement']",['for loop'],"['for loop', 'while loop', 'misc', 'if statement', 'tuple', 'break statement', 'recursion']","import math

def solve():
    t = int(input().split('\n')[0]
    for _ in range(t):
        n = int(input().split('\n')[_+1]
        print(sum(range(1, n+1))

",False,True,0,0.0
1843C,4,"['misc', 'while loop', 'if statement', 'recursion']",['for loop'],"['for loop', 'while loop', 'misc', 'if statement', 'tuple', 'break statement', 'recursion']","import math

def solve():
    t = int(input().split('\n')[0]
    for _ in range(t):
        n = int(input().split('\n')[_]
        print(sum(range(1, n+1))

",False,True,0,0.0
1843C,5,"['misc', 'while loop', 'if statement', 'recursion', 'for loop']",['for loop'],"['for loop', 'while loop', 'misc', 'if statement', 'tuple', 'break statement', 'recursion']","import math

def solve():
    t = int(input().split('\n')[0]
    for _ in range(t):
        n = int(input().split('\n')[_]
        depth = int(math.log(n, / math.log(2))
        sum = 2 ** (2 ** depth) - 1
        print(sum)

",False,False,0,0.0
1843B,0,['this is the og problem'],"['for loop', 'if statement']","['for loop', 'while loop', 'if statement', 'tuple', 'continue statement', 'hashmap', 'misc']","import sys

def solve():
    t = int(input())
    for _ in range(t):
        n = int(input())
        a = list(map(int, input().split()))
        max_sum = -sys.maxsize - 1
        min_ops = n - 1
        for l in range(n):
            for r in range(l, n):
                if a[l] * a[r] > max_sum:
                    max_sum = a[l] * a[r]
                    min_ops += 1
        print(max_sum, min_ops)

",False,True,0,0.0
1843B,1,['for loop'],['for loop'],"['for loop', 'while loop', 'if statement', 'tuple', 'continue statement', 'hashmap', 'misc']","import sys
import math

def solve():
    t = int(input())
    for _ in range(t):
        n = int(input())
        a = list(map(int, input().split()))
        max_sum = -sys.maxsize
        min_op = sys.maxsize
        for l in range(n):
            r = n - l
            for i in range(l, r + 1):
                if a[i] < 0:
                    a[i] = -a[i]
                else:
                    a[i] = -a[i] * -1
            max_sum = max(max_sum, sum(a[l:r]))
            if max_sum > 0:
                max_sum = 0
            min_op = min(min_op, 1 + abs(max_sum))
        print(max_sum, min_op)

",False,False,0,0.0
1843B,2,"['for loop', 'if statement']","['if statement', 'for loop', 'tuple', 'misc']","['for loop', 'while loop', 'if statement', 'tuple', 'continue statement', 'hashmap', 'misc']","import sys

def solve():
    t = int(input().split('\n')[0]
    for _ in range(t):
        n = int(input().split('\n')[_ + 1].split()[0]
        a = list(map(int, x) for x in input().split('\n')[_ + 1].split()[1:])
        max_sum = -sys.maxsize
        min_ops = sys.maxsize
        for l in range(n):
            for r in range(l, n):
                if a[l] * a[r] > max_sum:
                    max_sum = a[l] * a[r]
                    min_ops = min(min_ops,  1)
        print(max_sum, min_ops)

",False,False,0,0.0
1843B,3,"['for loop', 'if statement', 'tuple']",['for loop'],"['for loop', 'while loop', 'if statement', 'tuple', 'continue statement', 'hashmap', 'misc']","import sys

def solve():
    t = int(input())
    for _ in range(t):
        n = int(input())
        a = list(map(int, input().split()))
        max_sum = -sys.maxsize
        min_op = n
        for l in range(n):
            for r in range(l, n):
                if l < r:
                    subarray = a[l:r]
                    subarray_sum = sum(subarray)
                    if subarray_sum > max_sum:
                        max_sum = subarray_sum
                        min_op = max(min_op, l-r)
        else:
            subarray = a[l:r]
            subarray = [-x for x in subarray]
            subarray_sum = sum(subarray)
            if subarray_sum > max_sum:
                max_sum = subarray_sum
                min_op = max(min_op, l-r)
        print(max_sum, min_op)

",False,False,0,0.0
1843B,4,"['for loop', 'if statement', 'tuple', 'while loop']",[],"['for loop', 'while loop', 'if statement', 'tuple', 'continue statement', 'hashmap', 'misc']",,False,True,0,0.0
1843A,0,['this is the og problem'],['for loop'],"['for loop', 'sorting', 'tuple', 'matrix operation', 'while loop', 'if statement', 'two pointers']","import sys

def solve():
    t = int(input())
    for _ in range(t):
        n = int(input())
        a = list(map(int, input().split()))
        max_cost = 0
        for i in range(n):
            max_cost = max(max_cost, max(a[i] - min(a[i]))
        print(max_cost)

",False,True,0,0.0
1843A,1,['hashmap'],['for loop'],"['for loop', 'sorting', 'tuple', 'matrix operation', 'while loop', 'if statement', 'two pointers']","def solve():
    t = int(input().split('\n')[0]
    for _ in range(t):
        n = int(input().split('\n')[_ + 1]
        a = list(map(int, x for x in input().split('\n')[_ + 1:_ + 1])
        max_cost = 0
        for i in range(n):
            max_val = max(a[i:i + 1])
            min_val = min(a[i:i + 1])
            max_cost = max(max_cost, max_val - min_val)
        print(max_cost)

",False,True,0,0.0
1843A,2,"['hashmap', 'if statement']",['for loop'],"['for loop', 'sorting', 'tuple', 'matrix operation', 'while loop', 'if statement', 'two pointers']","def solve():
    t = int(input().split('\n')[0]
    for _ in range(t):
        n = int(input().split('\n')[_ + 1].split(' ')[0]
        a = list(map(int, x for x in input().split('\n')[_ + 1].split(' '))
        max_cost = 0
        for i in range(len(a)):
            max_cost = max(max_cost, max(a[i] - min(a[i]))
        print(max_cost)

        n = int(input().split('\n')[_ + 1]
        a = list(map(int, x for x in input().split('\n')[_ + 1].split(' '))
        max_cost = 0
        for i in range(len(a)):
            max_cost = max(max_cost, max(a[i] - min(a[i]))
        print(max_cost)
",False,True,0,0.0
1843A,3,"['hashmap', 'if statement', 'for loop']",['for loop'],"['for loop', 'sorting', 'tuple', 'matrix operation', 'while loop', 'if statement', 'two pointers']","import sys

def solve():
    t = int(input())
    for _ in range(t):
        n = int(input())
        a = list(map(int, input().split()))
        max_cost = 0
        for i in range(n):
            max_cost = max(max_cost, max(a[i] - min(a[i]))
        print(max_cost)

",False,False,0,0.0
1843A,4,"['hashmap', 'if statement', 'for loop', 'tuple']","['for loop', 'if statement']","['for loop', 'sorting', 'tuple', 'matrix operation', 'while loop', 'if statement', 'two pointers']","import sys

def solve():
    t = int(input())
    for _ in range(t):
        n = int(input())
        a = list(map(int, input().split()))
        max_cost = 0
        for i in range(n):
            max_cost = max(max_cost, max(a[i] - min(a[i]))
        print(max_cost)

",False,False,0,0.0
1843A,5,"['hashmap', 'if statement', 'for loop', 'tuple', 'while loop']","['for loop', 'if statement']","['for loop', 'sorting', 'tuple', 'matrix operation', 'while loop', 'if statement', 'two pointers']","import sys

def solve():
    t = int(input())
    for _ in range(t):
        n = int(input())
        a = list(map(int, input().split()))
        max_cost = 0
        for i in range(n):
            max_cost = max(max_cost, max(a[i] - min(a[i]))
        print(max_cost)

",False,False,0,0.0
1842A,0,['this is the og problem'],"['if statement', 'for loop', 'misc']","['for loop', 'if statement', 'tuple', 'hashmap', 'misc', 'matrix operation', 'set']","import sys

def solve():
    t = int(input().split('\n')[0]
    for _ in range(t):
        n, m = list(map(int, for map in input().split('\n')[_+1].split())
        a = list(map(int, for a in n))
        b = list(map(int, for b in m))
        if sum(a) > sum(b):
            print(""Tsondu"")
        elif sum(a) < sum(b):
            print(""Tenzing"")
        else:
            print(""Draw"")

",False,True,0,0.0
1842A,1,['if statement'],"['for loop', 'if statement', 'tuple']","['for loop', 'if statement', 'tuple', 'hashmap', 'misc', 'matrix operation', 'set']","import sys

def solve():
    t = int(input())
    for _ in range(t):
        n, m = map(int, input().split())
        a = list(map(int, input().split()))
        b = list(map(int, input().split()))
        if n[0] > m[0]:
            print(""Tsondu"")
        elif m[0] > n[0]:
            print(""Tenzing"")
        else:
            print(""Draw"")

",False,False,0,0.0
1842A,2,"['if statement', 'dictionary']","['if statement', 'for loop']","['for loop', 'if statement', 'tuple', 'hashmap', 'misc', 'matrix operation', 'set']","import sys

def solve():
    t = int(input())
    for _ in range(t):
        n, m = map(int, input().split())
        a = list(map(int, input().split()))
        b = list(map(int, input().split()))
        if n[0] > m[0]:
            if n[1] > m[1]:
                if a[0] > b[0]:
                    if a[1] > b[1]:
                        if a[2] > b[2]:
                            if a[0] > b[0]:
                                if a[1] > b[1]:
                                    if a[2] > b[2]:
                                        if a[0] > b[0]:
                                            if a[1] > b[1]:
                                                if a[2] > b[2]:
                                                    if a[0] > b[0]:
                                                        if a[1] > b[1]:
                                                            if a[2] > b[2]:
                                                                if a[0] > b[0]:
                                                                    if a[1] > b[1]:
                                                                        if a[2] > b[2]:
                                                                            print(""Tsondu"")
                                                                    else:
                                                                        print(""Draw"")
                                                                else:
                                                                    print(""Tenzing"")
                                                        else:
                                                            print(""Draw"")
                                                    else:
                                                        print(""Tenzing"")
                                                else:
                                                    print(""Draw"")
                                            else:
                                                print(""Tsondu"")
                                        else:
                                            print(""Draw"")
                                    else:
                                        print(""Tenzing"")
                                else:
                                    print(""Draw"")
                            else:
                                print(""Tsondu"")
                        else:
                            print(""Draw"")
                    else:
                        print(""Tenzing"")
                else:
                    print(""Draw"")
            else:
                print(""Tsondu"")
        else:
            print(""Draw"")

",False,False,0,0.0
1842A,3,"['if statement', 'dictionary', 'sorting']","['for loop', 'if statement', 'tuple']","['for loop', 'if statement', 'tuple', 'hashmap', 'misc', 'matrix operation', 'set']","import sys

def solve():
    t = int(input())
    for _ in range(t):
        n, m = map(int, input().split())
        a = list(map(int, input().split()))
        b = list(map(int, input().split()))
        if n[0] > m[0]:
            print(""Tsondu"")
        elif n[0] < m[0]:
            print(""Tenzing"")
        else:
            print(""Draw"")

",False,False,0,0.0
1842A,4,"['if statement', 'dictionary', 'sorting', 'tuple']","['for loop', 'if statement', 'tuple']","['for loop', 'if statement', 'tuple', 'hashmap', 'misc', 'matrix operation', 'set']","import sys

def solve():
    t = int(input())
    for _ in range(t):
        n, m = map(int, input().split())
        a = list(map(int, input().split()))
        b = list(map(int__ input().split()))
        if n[0] > m[0]:
            print(""Tsondu"")
        elif n[0] < m[0]:
            print(""Tenzing"")
        else:
            print(""Draw"")

",False,False,0,0.0
1842A,5,"['if statement', 'dictionary', 'sorting', 'tuple', 'for loop']","['if statement', 'for loop', 'if statement', 'for loop']","['for loop', 'if statement', 'tuple', 'hashmap', 'misc', 'matrix operation', 'set']","import sys

def solve():
    t = int(input())
    for _ in range(t):
        n, m = map(int, input().split())
        a = list(map(int, input().split()))
        b = list(map(int__ input().split()))
        if n == 1:
            if sum(a) > sum(b):
                print(""Tsondu"")
            else:
                print(""Draw"")
        elif n == 2:
            if sum(a) > sum(b):
                print(""Tsondu"")
            elif sum(a) < sum(b):
                print(""Tenzing"")
            else:
                print(""Draw"")
        elif n == 3:
            if sum(a) > sum(b):
                print(""Tsondu"")
            elif sum(a) < sum(b):
                print(""Tenzing"")
            else:
                print(""Draw"")
        else:
            print(""Draw"")

",False,False,0,0.0
1841A,0,['this is the og problem'],"['if statement', 'for loop']","['for loop', 'if statement', 'while loop', 'misc']","import sys

def solve():
    t = int(input())
    for _ in range(t):
        n = int(input())
        if n == 1:
            print(""Bob"")
        else:
            print(""Alice"")

",False,True,0,0.0
1841A,1,['if statement'],"['if statement', 'for loop', 'if statement', 'for loop']","['for loop', 'if statement', 'while loop', 'misc']","import sys

def solve():
    t = int(input())
    for _ in range(t):
        n = int(input())
        board = list(map(int, input().split()))
        if n == 1:
            print(""Bob"")
        else:
            alice_wins = False
            for i in range(n):
                for j in range(i, n):
                    if board[i] == board[j]:
                        new_board = board[:]
                        new_board[i] = j
                        new_board[j] = i
                        if not alice_wins:
                            alice_wins = True
                            for k in range(i+1, n):
                                if new_board[k] == new_board[i] == new_board[j]:
                                    new_board[k] = new_board[i] + new_board[j]
                                    if not alice_wins:
                                        alice_wins = True
            if alice_wins:
                print(""Alice"")
            else:
                print(""Bob"")

",False,False,0,0.0
1841A,2,"['if statement', 'for loop']","['if statement', 'for loop']","['for loop', 'if statement', 'while loop', 'misc']","import sys

def solve():
    t = int(input())
    for _ in range(t):
        n = int(input())
        if n == 1:
            print(""Bob"")
        else:
            print(""Alice"")

",False,False,0,0.0
1841A,3,"['if statement', 'for loop', 'while loop']","['for loop', 'if statement']","['for loop', 'if statement', 'while loop', 'misc']","import sys

def solve():
    t = int(input())
    for _ in range(t):
        n = int(input())
        if n == 1:
            print(""Bob"")
        else:
            print(""Alice"")

",False,False,0,0.0
1840A,0,['this is the og problem'],"['for loop', 'if statement', 'tuple']","['for loop', 'while loop', 'if statement', 'break statement', 'misc', 'two pointers', 'matrix operation', 'queue']","import re

def solve():
    t = int(input().split()[0]
    for _ in range(t):
        n = int(input().split()[_+1])
        s = input().split()[_+2]
        a = ''
        for i in range(n):
            if s[i] == 'a':
                a += 'a'
            else:
                a += chr((ord(s[i]) - ord('a') + ord('a'))
        print(a)

",False,True,1,0.3333333333333333
1840A,1,['for loop'],['for loop'],"['for loop', 'while loop', 'if statement', 'break statement', 'misc', 'two pointers', 'matrix operation', 'queue']","import sys
import random
import string

def solve():
    t = int(input())
    for _ in range(t):
        n = int(input())
        s = input().strip()
        a = list(s)
        decrypted = []
        for i in range(n):
            if a[i] == 'z':
                decrypted.append('a')
            else:
                decrypted.append(chr((ord(a[i]) - ord('a') + ord(a[i]))
        print(''.join(decrypted))

",False,False,0,0.0
1839A,0,['this is the og problem'],"['for loop', 'if statement']","['for loop', 'tuple', 'misc', 'while loop', 'if statement', 'matrix operation']","import math

def solve():
    for _ in range(int(input()[0]):
        n, k = map(int, input()[1][_])
        if n == 0 or k == 0:
            print(0)
        else:
            print(math.ceil(n / k) + math.ceil((n - math.ceil(n / k) * k) / k))

",False,True,0,0.0
1839A,1,['if statement'],['for loop'],"['for loop', 'tuple', 'misc', 'while loop', 'if statement', 'matrix operation']","import math

def solve():
    t = int(input())
    for _ in range(t):
        n, k = list(map(int, for _ in range(t))
        for i in range(len(n)):
            if i % k == 0:
                if sum(n[:i]) >= math.ceil(i / k):
                    print(1, else:
                        print(0)

",False,True,0,0.0
1839A,2,"['if statement', 'tuple']","['for loop', 'if statement', 'misc', 'tuple', 'hashmap']","['for loop', 'tuple', 'misc', 'while loop', 'if statement', 'matrix operation']","import math

def solve():
    for _ in range(int(input()[0]):
        n, k = map(int, input()[1])
        if n == 0 or k == 0:
            print(0)
        else:
            print(math.ceil(n / k) + math.ceil((n - math.ceil(n / k) * k) / k))

",False,False,1,0.2
1839A,3,"['if statement', 'tuple', 'for loop']","['for loop', 'if statement', 'tuple', 'minimax']","['for loop', 'tuple', 'misc', 'while loop', 'if statement', 'matrix operation']","import math

def solve():
    t = int(input())
    for _ in range(t):
        n, k = list(map(int, for _ in range(n))
        print(min(sum(x) for x in zip(*k) if sum(x) >= 1 else 0)

",False,False,1,0.25
1839A,4,"['if statement', 'tuple', 'for loop', 'while loop']","['for loop', 'if statement']","['for loop', 'tuple', 'misc', 'while loop', 'if statement', 'matrix operation']","import math

def solve():
    t = int(input())
    for _ in range(t):
        n, k = input()[_][0]
        if n >= k:
            print(2)
        else:
            print(n)

",False,False,0,0.0
1838A,0,['this is the og problem'],['for loop'],"['for loop', 'if statement', 'break statement', 'misc', 'tuple', 'sorting', 'hashmap', 'continue statement']","import math

def solve():
    t = int(input().split('\n')[0]
    for _ in range(t):
        n = int(input().split('\n')[_]
        for i in range(n):
            for j in range(i+1, if i!= j:
                if abs(n[i] - n[j]) not in [abs(n[i] - n[k] for k in range(i+1):
                    print(n[i])

",False,True,0,0.0
1838A,1,['if statement'],"['for loop', 'if statement', 'set', 'hashmap']","['for loop', 'if statement', 'break statement', 'misc', 'tuple', 'sorting', 'hashmap', 'continue statement']","import math

def solve():
    t = int(input().split('\n')[0]
    for _ in range(t):
        n = int(input().split('\n')[_+1]
        a = list(map(int, input().split('\n')[_+1]))
        diff = [abs(a - b) for a, b in a]
        if len(set(diff)) == 1:
            print(diff[0])
        else:
            print(a)

",False,False,1,0.25
1838A,2,"['if statement', 'sorting']","['for loop', 'if statement']","['for loop', 'if statement', 'break statement', 'misc', 'tuple', 'sorting', 'hashmap', 'continue statement']","import sys

def solve():
    t = int(input())
    for _ in range(t):
        n = int(input())
        a = list(map(int, input().split()))
        for i in range(n):
            for j in range(i+1, if i!= j:
                a[i] = abs(a[i] - abs(a[j])
        print(a[0])

",False,False,0,0.0
1838A,3,"['if statement', 'sorting', 'for loop']",['for loop'],"['for loop', 'if statement', 'break statement', 'misc', 'tuple', 'sorting', 'hashmap', 'continue statement']","import math

def solve():
    t = int(input().split('\n')[0]
    for _ in range(t):
        n = int(input().split('\n')[_+1]
        a = list(map(int, input().split('\n')[_+1]))
        a.sort()
        if n == 3:
            if a[0] - a[1] == a[2] - a[1]:
                print(a[0])
            elif a[0] - a[2] == a[1] - a[2]:
                print(a[2])
        elif n > 3:
            diff = [a[0] - a[1]
            if diff == 0:
                print(a[0])
            else:
                print(a[0] - diff)
        else:
            print(a[0])

",False,False,0,0.0
1838A,4,"['if statement', 'sorting', 'for loop', 'while loop']",['for loop'],"['for loop', 'if statement', 'break statement', 'misc', 'tuple', 'sorting', 'hashmap', 'continue statement']","import math

def solve():
    t = int(input().split('\n')[0]
    for _ in range(t):
        n = int(input().split('\n')[_][0]
        a = list(map(int, input().split('\n')[_][1:])
        for i in range(n):
            a[i] = abs(a[i] - a[(i+1)%n]
        x = a[0]
        for i in range(1, n):
            if a[i] > a[(i+1)%n]:
                x = a[i]
        else:
                x = a[(i+1)%n]
        print(x)

",False,False,0,0.0
1838A,5,"['if statement', 'sorting', 'for loop', 'while loop', 'queue']",['for loop'],"['for loop', 'if statement', 'break statement', 'misc', 'tuple', 'sorting', 'hashmap', 'continue statement']","import math

def solve():
    t = int(input().split('\n')[0]
    for _ in range(t):
        n = int(input().split('\n')[_+1].split(' ')
        if n == 3:
            a1, a2, a3 = list(map(int, n))
            a1, a2 = abs(a1 - a2)
            a1__a2 = abs(a1 - a3)
            a2__a3 = abs(a2 - a3)
            if a1__a2 == a2__a3:
                print(a1)
            elif a1__a2 == a3__a2:
                print(a2)
            else:
                print(a3)
        else:
            print(""No solution"")

",False,False,0,0.0
1837A,0,['this is the og problem'],['for loop'],"['for loop', 'if statement', 'tuple', 'misc', 'dictionary', 'matrix operation']","import math

def solve():
    t = int(input())
    for _ in range(t):
        x, k = list(map(int, for x in input().split())
        n = k[0]
        m = k[1]
        if n % m == 0:
            print(n)
            continue
        jumps = []
        for i in range(1, n + 1):
            if (n - i) % m == 0:
                jumps.append(i)
        print(jumps)
        print(*jumps)

",False,True,0,0.0
1837A,1,['for loop'],['for loop'],"['for loop', 'if statement', 'tuple', 'misc', 'dictionary', 'matrix operation']","import math

def solve():
    t = int(input())
    for _ in range(t):
        x, k = list(map(int, for _ in range(2))
        print(math.ceil(x[0] / k[1]))
        for i in range(1, if x[0] % k[1] == 0:
            print(x[0] + i)

",False,False,0,0.0
1837A,2,"['for loop', 'recursion']",['for loop'],"['for loop', 'if statement', 'tuple', 'misc', 'dictionary', 'matrix operation']","import math

def solve():
    t = int(input())
    for _ in range(t):
        x, k = list(map(int, for _ in range(2))
        n = x[_][0]
        moves = []
        while n % k[_][0]!= 0:
            n -= k[_][0]
            moves.append(k[_][0])
        print(n)
        print(*moves)

",False,False,0,0.0
1837A,3,"['for loop', 'recursion', 'if statement']","['for loop', 'if statement']","['for loop', 'if statement', 'tuple', 'misc', 'dictionary', 'matrix operation']","import math

def solve():
    t = int(input())
    for _ in range(t):
        x, k = list(map(lambda: [int(x) for x in _.split()])
        n = 0
        for i in range(len(k)):
            if k[i] % k[0] == 0:
                n += 1
                k[i] = k[i] // k[0]
        print(n)
        print(*[str(i) for i in range(len(k)) if k[i] > 0 else -str(i) for i in range(len(k)) if k[i] < 0])

",False,False,0,0.0
1837A,4,"['for loop', 'recursion', 'if statement', 'hashmap']",['for loop'],"['for loop', 'if statement', 'tuple', 'misc', 'dictionary', 'matrix operation']","import math

def solve():
    t = int(input())
    for _ in range(t):
        x, k = list(map(int, for _ in range(2))
        n = 0
        while x % k[0]!= 0:
            n += 1
            x[0] -= k[0]
            if x[0] < 0:
                x[0] += k[1]
            else:
                x[0] -= k[1]
        print(n)
        print(*x)

",False,False,0,0.0
1836A,0,['this is the og problem'],['for loop'],"['while loop', 'sorting', 'for loop', 'if statement', 'misc', 'matrix operation', 'hashmap', 'break statement', 'dictionary', 'continue statement']","def solve():
    t = int(input().split('\n')[0]
    for _ in range(1, len(input().split('\n')):

        n = int(input().split('\n')[_][0]
        l = list(map(int, input().split('\n')[_][_])
        l.sort()
        for i in range(n):
            if l[i] > l[i-1]:
                return ""NO""
        if i == n-1 and l[i] == 0:
            return ""NO""
    return ""YES""

",False,True,0,0.0
1836A,1,['for loop'],['for loop'],"['while loop', 'sorting', 'for loop', 'if statement', 'misc', 'matrix operation', 'hashmap', 'break statement', 'dictionary', 'continue statement']","import math

def solve():
    t = int(input().split('\n')[0]
    for _ in range(1, len(input().split('\n')):

        n = int(input().split('\n')[_][0]
        l = list(map(int, input().split('\n')[_][_])
        l.sort()
        for i in range(n):
            if l[i] > i:
                print('NO')
                return
        if l[i] == i:
            print('YES')
            return
        else:
            print('NO')
            return
    print('YES')

",False,False,0,0.0
1836A,2,"['for loop', 'break statement']","['for loop', 'if statement']","['while loop', 'sorting', 'for loop', 'if statement', 'misc', 'matrix operation', 'hashmap', 'break statement', 'dictionary', 'continue statement']","import math

def solve():
    t = int(input().split('\n')[0]
    for _ in range(t):
        n = int(input().split('\n')[_][0]
        l = list(map(int, input().split('\n')[_][_ + 1:])
        if sum(l) > n:
            print('NO')
            return
        else:
            print('YES')
            return

",False,False,0,0.0
1836A,3,"['for loop', 'break statement', 'while loop']","['if statement', 'for loop']","['while loop', 'sorting', 'for loop', 'if statement', 'misc', 'matrix operation', 'hashmap', 'break statement', 'dictionary', 'continue statement']","import sys

def solve():
    t = int(input().split('\n')[0]
    for _ in range(t):
        n = int(input().split('\n')[_][0]
        l = list(map(int,input().split('\n')[_][_ + 1:])
        if sum(l) == n:
            print(""YES"")
        else:
            print(""NO"")

",False,False,0,0.0
1836A,4,"['for loop', 'break statement', 'while loop', 'if statement']",['for loop'],"['while loop', 'sorting', 'for loop', 'if statement', 'misc', 'matrix operation', 'hashmap', 'break statement', 'dictionary', 'continue statement']","import math

def solve():
    for _ in range(5):
        n = _
        reports = _

        for i in range(n):
            if reports[i] > i:
                return ""NO""

        if sum(reports) == n:
            return ""YES""
        else:
            return ""NO""

    for _ in range(6):
        n = _
        reports = _

        for i in range(n):
            if reports[i] > i:
                return ""NO""

        if sum(reports) == n:
            return ""YES""
        else:
            return ""NO""

    for _ in range(3):
        n = _
        reports = _

        for i in range(n):
            if reports[i] > i:
                return ""NO""

        if sum(reports) == n:
            return ""NO""
        else:
            return ""NO""

    for _ in range(99):
        n = _
        reports = _

        for i in range(n):
            if reports[i] > i:
                return ""NO""

        if sum(reports) == n:
            return ""YES""
        else:
            return ""NO""

    for _ in range(5):
        n = _
        reports = _

        for i in range(n):
            if reports[i] > i:
                return ""NO""

        if sum(reports) == n:
            return ""YES""
        else:
            return ""NO""

    return ""YES""
    return ""YES""
    return ""NO""
    return ""NO""
    return ""YES""

",False,False,0,0.0
1836A,5,"['for loop', 'break statement', 'while loop', 'if statement', 'recursion']","['if statement', 'for loop']","['while loop', 'sorting', 'for loop', 'if statement', 'misc', 'matrix operation', 'hashmap', 'break statement', 'dictionary', 'continue statement']","import math

def solve():
    t = int(input().split('\n')[0]
    for _ in range(t):
        n = int(input().split('\n')[_][0]
        l = list(map(int,input().split('\n')[_][_])
        if sum(l) > n:
            print('NO')
            return
        else:
            print('YES')
            return

# Test cases
",False,False,0,0.0
1834A,0,['this is the og problem'],"['if statement', 'for loop']","['for loop', 'if statement', 'while loop', 'matrix operation', 'misc']","import sys

def solve():
    t = int(input())
    for _ in range(t):
        n = int(input())
        a = list(map(int, input().split()))
        count = 0
        for i in range(n):
            if a[i] == -1:
                count += a[i]
            else:
                count -= a[i]
        if count >= 0:
            print(0)
        else:
            print(1)

",False,True,0,0.0
1834A,1,['for loop'],['for loop'],"['for loop', 'if statement', 'while loop', 'matrix operation', 'misc']","def solve():
    t = int(input())
    for _ in range(t):
        n = int(input()[_])
        a = list(map(int, input()[_]))
        good = True
        for i in range(n):
            if a[i] == -1:
                good = False
                break
        if good:
            print(0)
            else:
                for i in range(n):
                    if a[i] + a[i+1] + a[i+2:] + a[i+n-1] >= 0:
                        a[i] = -a[i]
                        print(1)
                        else:
                            print(2)
        else:
            print(1)
",False,False,0,0.0
1834A,2,"['for loop', 'while loop']","['for loop', 'if statement']","['for loop', 'if statement', 'while loop', 'matrix operation', 'misc']","def solve():
    t = int(input())
    for _ in range(t):
        n = int(input()[_])
        a = list(map(int, input()[_]))
        count = 0
        for i in range(n):
            if a[i] == -1:
                count += 1
            else:
                count -= 1
        if count >= 0:
            print(0)
        else:
            print(1)

    return

",False,False,0,0.0
1834A,3,"['for loop', 'while loop', 'tuple']",['for loop'],"['for loop', 'if statement', 'while loop', 'matrix operation', 'misc']","def solve():
    t = int(input())
    for _ in range(t):
        n = int(input()[_]
        a = list(map(int, for _ in range(n)))
        good = True
        for i in range(n):
            if a[i] == -1:
                a[i] = 1
            elif a[i] == 1:
                a[i] = -1
            if sum(a[:i+1]) + a[i] >= 0 and sum(a[:i+1]) * a[i] == 1:
                good = False
                break
        if good:
            print(0)
        else:
            print(1)
",False,False,0,0.0
1834A,4,"['for loop', 'while loop', 'tuple', 'if statement']","['for loop', 'if statement']","['for loop', 'if statement', 'while loop', 'matrix operation', 'misc']","import sys

def solve():
    t = int(input())
    for _ in range(t):
        n = int(input())
        a = list(map(int, input().split()))
        count = 0
        for i in range(n):
            if a[i] == -1:
                count += 1
            else:
                count -= 1
        if count >= 0:
            print(0)
        else:
            print(1)

",False,False,0,0.0
1833C,0,['this is the og problem'],"['if statement', 'for loop']","['for loop', 'if statement', 'tuple', 'set', 'sorting', 'while loop', 'continue statement', 'break statement']","import sys

def solve():
    t = int(input())
    for _ in range(t):
        n = int(input())
        a = list(map(int, input().split()))
        b = [0] * n
        for i in range(n):
            for j in range(i+1, if j < n:
                if a[i] % 2 == a[j]:
                    b[i] = a[i]
                    b[j] = a[j]
        if all(x % 2 == 0 for x in b) or all(x % 2 == 1 for x in b):
            print(""YES"")
        else:
            print(""NO"")

",False,True,0,0.0
1833C,1,['for loop'],['for loop'],"['for loop', 'if statement', 'tuple', 'set', 'sorting', 'while loop', 'continue statement', 'break statement']","import sys

def solve():
    t = int(input())
    for _ in range(t):
        n = int(input())
        a = list(map(int, input().split())
        b = [0] * n
        for i in range(n):
            for j in range(i+1,:
                if a[i] % 2 == a[j]:
                    b[i] = a[i]
                    b[j] = a[j]
        if all(x % 2 == 0 for x in b) or all(x % 2 == 1 for x in b):
            print(""YES"")
        else:
            print(""NO"")

",False,False,0,0.0
1833C,2,"['for loop', 'tuple']",['for loop'],"['for loop', 'if statement', 'tuple', 'set', 'sorting', 'while loop', 'continue statement', 'break statement']","import sys

def solve():
    t = int(input())
    for _ in range(t):
        n = int(input())
        a = list(map(int, input().split()))
        b = [0] * n
        for i in range(n):
            for j in range(i+1, if i < n-1:
                if a[i] % 2 == a[j]:
                    b[i] = a[i]
                    b[j] = a[j] - a[i]
        if all(x % 2 == 0 for x in b):
            print(""YES"")
            break
        print(""NO"")

",False,False,0,0.0
1833C,3,"['for loop', 'tuple', 'recursion']",['for loop'],"['for loop', 'if statement', 'tuple', 'set', 'sorting', 'while loop', 'continue statement', 'break statement']","import sys

def solve():
    t = int(input())
    for _ in range(t):
        n = int(input())
        a = list(map(int, input().split()))
        b = [0] * n
        for i in range(n):
            for j in range(i+1,:
                if a[i] % 2 == a[j]:
                    b[i] = a[i]
                    b[j] = a[j] - a[i]
        if all(x % 2 == 0 for x in b) or all(x % 2 == 1 for x in b):
            print(""YES"")
        else:
            print(""NO"")

",False,False,0,0.0
1833C,4,"['for loop', 'tuple', 'recursion', 'if statement']",['for loop'],"['for loop', 'if statement', 'tuple', 'set', 'sorting', 'while loop', 'continue statement', 'break statement']","import sys

def solve():
    t = int(input())
    for _ in range(t):
        n = int(input())
        a = list(map(int, input().split()))
        b = [0] * n
        for i in range(n):
            for j in range(i, if a[i] % 2 == a[j] % 2:
                b[i] = a[i]
                b[j] = a[j]
        if all(x % 2 == 0 for x in b) or all(x % 2 == 1 for x in b):
            print(""YES"")
            break
        print(""NO"")

",False,False,0,0.0
1833C,5,"['for loop', 'tuple', 'recursion', 'if statement', 'while loop']","['if statement', 'for loop']","['for loop', 'if statement', 'tuple', 'set', 'sorting', 'while loop', 'continue statement', 'break statement']","import sys

def solve():
    t = int(input())
    for _ in range(t):
        n = int(input())
        a = list(map(int, input().split()))
        b = [0] * n
        for i in range(n):
            if a[i] % 2 == 0:
                b[i] = a[i]
            else:
                b[i] = -a[i]
        if all(x % 2 == 0 for x in b) or all(x % 2!= 0 for x in b):
            print(""YES"")
        else:
            print(""NO"")

",False,False,0,0.0
1833A,0,['this is the og problem'],"['if statement', 'for loop']","['for loop', 'set', 'misc', 'tuple', 'matrix operation', 'dictionary', 'hashmap']","import sys

def solve():
    t = int(input())
    for _ in range(t):
        n = int(input())
        s = input().strip()
        if n == 1:
            print(1)
        elif n == 2:
            if s[0] == s[1]:
                print(1)
            else:
                print(2)
        else:
            print(n-1)

",False,True,1,0.5
1833A,1,['if statement'],['for loop'],"['for loop', 'set', 'misc', 'tuple', 'matrix operation', 'dictionary', 'hashmap']","def solve():
    t = int(input().split('\n')[0]
    for _ in range(t):
        n = int(input().split('\n')[_].split('\n')[0]
        s = input().split('\n')[_]
        dp = [s[i:i+2] for i in range(len(s))]
        for i in range(len(dp)):
            if dp[i][0] == dp[i][1]:
                if dp[i][0] == s[i] and dp[i][1] == s[i+1]:
                    print(2)
                else:
                    print(1)
            else:
                print(0)

",False,True,0,0.0
1833A,2,"['if statement', 'for loop']","['for loop', 'if statement', 'dictionary']","['for loop', 'set', 'misc', 'tuple', 'matrix operation', 'dictionary', 'hashmap']","def solve():
    t = int(input().split('\n')[0]
    for _ in range(t):
        n = int(input().split('\n')[_][0]
        s = input().split('\n')[_][1]
        dp = {}
        for i in range(n-1):
            if s[i] == s[i+1]:
                dp[s[i]] = 1
            else:
                dp[s[i]] = 0
        ans = 0
        for i in range(n):
            if dp[s[i]] == 0:
                ans += 1
        print(ans)

",False,False,1,0.3333333333333333
1833A,3,"['if statement', 'for loop', 'set']",['for loop'],"['for loop', 'set', 'misc', 'tuple', 'matrix operation', 'dictionary', 'hashmap']","def solve():
    t = int(input().split('\n')[0]
    for _ in range(t):
        n = int(input().split('\n')[_ + 1].split('\n')[0]
        s = input().split('\n')[_ + 1].split('\n')[1]
        dp = [s[i:i + 1] for i in range(len(s))]
        ans = 1
        for i in range(len(dp) - 1):
            if dp[i] == dp[i + 1]:
                ans += 1
                break
        if ans > 1:
            print(ans)
            return
        print(1)
        return

",False,False,0,0.0
1833A,4,"['if statement', 'for loop', 'set', 'while loop']","['if statement', 'for loop', 'dynamic programming']","['for loop', 'set', 'misc', 'tuple', 'matrix operation', 'dictionary', 'hashmap']","def solve():
    t = int(input().split()[0]
    for _ in range(t):
        n = int(input().split()[_+1])
        s = input().split()[_+2]
        dp = [0] * n
        for i in range(n):
            if s[i] == s[i-1]:
                dp[i] = dp[i-1] + 1
            else:
                dp[i] = dp[i-1]
        print(dp[-1])

",False,False,2,0.6666666666666666
1833A,5,"['if statement', 'for loop', 'set', 'while loop', 'recursion']",['for loop'],"['for loop', 'set', 'misc', 'tuple', 'matrix operation', 'dictionary', 'hashmap']","def solve():
    t = int(input().split('\n')[0]
    for _ in range(t):
        n = int(input().split('\n')[_+1].split('\n')[0]
        s = input().split('\n')[_+1].split('\n')[_+1]
        dp = [s[i:i+2] for i in range(len(s))]
        for i in range(len(dp)):
            if dp[i] == dp[i+1][0]:
                print(2)
                break
        else:
            print(1)
    print(1)
",False,False,0,0.0
1832A,0,['this is the og problem'],"['if statement', 'for loop', 'set']","['for loop', 'if statement', 'set', 'break statement']","import itertools

def solve():
    t = int(input())
    results = []
    for _ in range(t):
        s = input()
        s = s.lower()
        if len(set(s)) == len(s):
            results.append(""YES"")
        else:
            results.append(""NO"")
    return results

",False,True,0,0.0
1832A,1,['if statement'],"['for loop', 'if statement']","['for loop', 'if statement', 'set', 'break statement']","import itertools

def solve():
    t = int(input())
    for _ in range(t):
        s = input()
        s = s.lower()
        s = ''.join(sorted(s))
        if s == s[::-1]:
            print(""YES"")
        else:
            print(""NO"")

",False,False,0,0.0
1832A,2,"['if statement', 'hashmap']","['for loop', 'if statement']","['for loop', 'if statement', 'set', 'break statement']","import itertools

def solve():
    t = int(input())
    for _ in range(t):
        s = input()
        perms = [''.join(p) for p in itertools.permutations(s)]
        for perm in perms:
            if perm == perm[::-1]:
                print(""YES"")
            else:
                print(""NO"")

",True,False,0,0.0
1832A,3,"['if statement', 'hashmap', 'for loop']","['for loop', 'break statement']","['for loop', 'if statement', 'set', 'break statement']","import itertools

def solve():
    t = int(input())
    for _ in range(t):
        s = input()
        perms = [''.join(p) for p in itertools.permutations(s)]
        for perm in perms:
            if perm == perm[::-1]:
                print(""YES"")
                break
        else:
            print(""NO"")
            break

",False,False,0,0.0
1832A,4,"['if statement', 'hashmap', 'for loop', 'set']","['for loop', 'break statement']","['for loop', 'if statement', 'set', 'break statement']","import itertools

def solve():
    t = int(input())
    for _ in range(t):
        s = input()
        perms = [''.join(p) for p in itertools.permutations(s)]
        for perm in perms:
            if perm == perm[::-1]:
                print(""YES"")
                break
        else:
            print(""NO"")
            break

",False,False,0,0.0
1832A,5,"['if statement', 'hashmap', 'for loop', 'set', 'while loop']","['for loop', 'if statement']","['for loop', 'if statement', 'set', 'break statement']","import itertools

def solve():
    t = int(input())
    for _ in range(t):
        s = input()
        s = s.lower()
        s = ''.join(sorted(s))
        if s == s[::-1]:
            print(""YES"")
        else:
            print(""NO"")

",False,False,0,0.0
1831A,0,['this is the og problem'],"['for loop', 'if statement', 'continue statement']","['for loop', 'tuple', 'matrix operation']","import itertools

def solve():
    t = int(input())
    for _ in range(t):
        n = int(input())
        a = list(map(int, input().split()))
        b = list(itertools.permutations(a))
        for p in b:
            if sum(p) <= sum(a):
                print(p)
        else:
            continue

",False,True,2,0.6666666666666666
1831A,1,['if statement'],['for loop'],"['for loop', 'tuple', 'matrix operation']","import itertools

def solve():
    t = int(input().split()[0]
    for _ in range(t):
        n = int(input().split()[1])
        a = list(map(int, input().split()[2].split()))
        b = list(map(int, input().split()[3]).split())
        for p in itertools.permutations(a):
            if sum(p) <= sum(b):
                print(p)

",False,True,0,0.0
1831A,2,"['if statement', 'sorting']","['for loop', 'if statement', 'misc']","['for loop', 'tuple', 'matrix operation']","def solve():
    t = int(input())
    for _ in range(t):
        n = int(input())
        a = list(map(int, input().split()))
        b = [0] * n
        for i in range(n):
            if a[i] + a[i] <= a[i+1] + a[i+1]:
                b[i] = a[i]
            else:
                b[i] = a[i+1]
        print(*b)
",False,False,2,0.6666666666666666
1831A,3,"['if statement', 'sorting', 'for loop']","['for loop', 'if statement', 'tuple', 'misc']","['for loop', 'tuple', 'matrix operation']","import itertools

def solve():
    t = int(input().split()[0]
    for _ in range(t):
        n = int(input().split()[1])
        a = list(map(int, input().split()[2].split()))
        b = list(itertools.permutations(a))
        for p in b:
            if sum(p) <= sum(a):
                print(p)

",False,False,2,0.5
1831A,4,"['if statement', 'sorting', 'for loop', 'tuple']","['for loop', 'if statement', 'tuple']","['for loop', 'tuple', 'matrix operation']","import itertools

def solve():
    t = int(input().split()[0]
    for _ in range(t):
        n = int(input().split()[1][_])
        a = list(map(int, input().split()[1][_].split()))
        b = list(itertools.permutations(a))
        for p in b:
            if sum(p) - sum(a) <= 0:
                print(p)

",False,False,1,0.3333333333333333
1831A,5,"['if statement', 'sorting', 'for loop', 'tuple', 'while loop']","['for loop', 'if statement', 'tuple']","['for loop', 'tuple', 'matrix operation']","import itertools

def solve():
    t = int(input().split()[0]
    for _ in range(t):
        n = int(input().split()[1])
        a = list(map(int, input().split()[2].split()))
        b = list(itertools.permutations(a))
        for p in b:
            if sum(p) <= sum(a):
                print(' '.join(map(str, p)))
    return

",False,False,1,0.3333333333333333
1829C,0,['this is the og problem'],"['if statement', 'for loop', 'matrix operation']","['for loop', 'dictionary', 'if statement', 'matrix operation', 'tuple', 'misc', 'while loop', 'hashmap']","import sys

def solve():
    t = int(input())
    for _ in range(t):
        n = int(input())
        skills = input().split()
        minutes = 0
        for i in range(n):
            m_i, s_i = skills[i].split()
            if s_i[0] == '1':
                minutes += int(m_i)
            elif s_i[1] == '1':
                minutes += int(m_i)
        if minutes > 2 * 10**5:
            print(-1)
        else:
            print(minutes)

",False,True,0,0.0
1829C,1,['for loop'],['for loop'],"['for loop', 'dictionary', 'if statement', 'matrix operation', 'tuple', 'misc', 'while loop', 'hashmap']","import sys

def solve():
    t = int(input())
    for _ in range(t):
        n = int(input())
        skills = input().split()
        m = list(map(int, for _ in skills)
        m.sort()
        time = 0
        for i in range(n):
            if skills[i] == m[0]:
                time += m[0]
            elif skills[i] == m[1]:
                time += m[1]
            else:
                print(-1)
                break
        print(time)

",False,False,0,0.0
1829C,2,"['for loop', 'if statement']",['for loop'],"['for loop', 'dictionary', 'if statement', 'matrix operation', 'tuple', 'misc', 'while loop', 'hashmap']","import math

def solve():
    t = int(input().split('\n')[0]
    for _ in range(1, t):
        n = int(input().split('\n')[_][0]
        books = input().split('\n')[_]
        minutes = 0
        for book in books:
            m_i = int(book.split()[0])
            s = book.split()[1]
            if s == '00':
                continue
            minutes += m_i
        if sum(s) == 2:
            print(minutes)
        else:
            print(-1)

",False,False,0,0.0
1829C,3,"['for loop', 'if statement', 'dictionary']","['for loop', 'if statement']","['for loop', 'dictionary', 'if statement', 'matrix operation', 'tuple', 'misc', 'while loop', 'hashmap']","import sys

def solve():
    t = int(input())
    for _ in range(t):
        n = int(input())
        skills = input().split()
        m = 0
        for i in range(n):
            m += int(skills[i])
        if m < n:
            print(-1)
        else:
            print(m)

",False,False,0,0.0
1829C,4,"['for loop', 'if statement', 'dictionary', 'hashmap']",['for loop'],"['for loop', 'dictionary', 'if statement', 'matrix operation', 'tuple', 'misc', 'while loop', 'hashmap']","import sys

def solve():
    t = int(input())
    for _ in range(t):
        n = int(input())
        skills = input().split()
        m = list(map(int, for _ in skills)
        m.sort()
        time = 0
        for i in range(n):
            if skills[i] == m[0]:
                time += m[0]
            elif skills[i] == m[1]:
                time += m[1]
            else:
                print(-1)
                break
        print(time)

",False,False,0,0.0
1829B,0,['this is the og problem'],"['for loop', 'if statement']","['for loop', 'if statement', 'set', 'sorting', 'while loop', 'misc', 'break statement']","import sys

def solve():
    t = int(input())
    for _ in range(t):
        n = int(input())
        a = list(map(int, input().split()))
        max_count = 0
        count = 0
        for i in a:
            if i == 0:
                count += 1
            else:
                if count > max_count:
                    max_count = count
                count = 0
        print(max_count)

",False,True,0,0.0
1829B,1,['for loop'],['for loop'],"['for loop', 'if statement', 'set', 'sorting', 'while loop', 'misc', 'break statement']","import re

def solve():
    t = int(input().split()[0]
    for _ in range(1, t+1):
        n = int(input().split()[_])
        a = list(map(int, input().split()[_].split()))
        max_count = 0
        for i in a:
            count = 0
            for j in range(len(i)):
                if i[j] == 0:
                    count += 1
                else:
                    break
            if count > max_count:
                max_count = count
        print(max_count)

",False,False,0,0.0
1829B,2,"['for loop', 'recursion']","['for loop', 'if statement']","['for loop', 'if statement', 'set', 'sorting', 'while loop', 'misc', 'break statement']","import re

def solve():
    t = int(input().split()[0]
    for _ in range(1, t):
        n = int(input().split()[_])
        a = list(map(int, input().split()[_].split()))
        max_count = 0
        count = 0
        for i in a:
            if i == 0:
                count += 1
            else:
                if count > max_count:
                    max_count = count
                count = 0
        print(max_count)

",False,False,0,0.0
1829B,3,"['for loop', 'recursion', 'dictionary']",['for loop'],"['for loop', 'if statement', 'set', 'sorting', 'while loop', 'misc', 'break statement']","import re

def solve():
    t = int(input().split()[0]
    for _ in range(1, t+1):
        n = int(input().split()[_])
        a = list(map(int, input().split()[_].split()))
        max_count = 0
        for i in a:
            count = 0
            for j in range(len(i)):
                if i[j] == 0:
                    count += 1
                else:
                    if count > max_count:
                        max_count = count
        print(max_count)

",False,False,0,0.0
1829B,4,"['for loop', 'recursion', 'dictionary', 'while loop']","['for loop', 'if statement', 'misc']","['for loop', 'if statement', 'set', 'sorting', 'while loop', 'misc', 'break statement']","import re

def solve():
    t = int(input().split()[0]
    for _ in range(1, t+1):
        n = int(input().split()[_])
        a = list(map(int, input().split()[_].split()))
        max_count = 0
        for i in a:
            count = 0
            for j in range(len(i)):
                if i[j] == 0:
                    count += 1
                    if count > max_count:
                        max_count = count
        print(max_count)

",False,False,0,0.0
1829A,0,['this is the og problem'],['for loop'],"['for loop', 'misc', 'if statement', 'tuple', 'matrix operation']","import numpy as np

def solve():
    t = int(input())
    for _ in range(t):
        s = input().strip()
        target = ""codeforces""
        diff_count = sum(1 for a, b in zip(s, target) if a!= b)
        print(diff_count)

",True,True,0,0.0
1829A,1,['for loop'],['for loop'],"['for loop', 'misc', 'if statement', 'tuple', 'matrix operation']","import math

def solve():
    t = int(input().split()[0])
    for _ in range(t):
        s = input().split()[_][0]
        diff = sum(1 for i, c in s if c!= 'c' for c in ""codeforces"")
        print(diff)

",False,False,0,0.0
1829A,2,"['for loop', 'while loop']","['for loop', 'if statement']","['for loop', 'misc', 'if statement', 'tuple', 'matrix operation']","import math

def solve():
    t = int(input())
    for _ in range(t):
        s = input().strip()
        target = ""codeforces""
        count = sum(1 for a, b in zip(s, target) if a!= b)
        print(count)

",True,False,0,0.0
1829A,3,"['for loop', 'while loop', 'if statement']","['for loop', 'if statement']","['for loop', 'misc', 'if statement', 'tuple', 'matrix operation']","import math

def solve():
    t = int(input())
    for _ in range(t):
        s = input().splitlines()[_]
        count = sum(1 for i in range(len(s)) if s[i]!= 'codeforces'[i % len(s))
        print(count)

",False,False,0,0.0
1829A,4,"['for loop', 'while loop', 'if statement', 'tuple']","['for loop', 'if statement', 'tuple']","['for loop', 'misc', 'if statement', 'tuple', 'matrix operation']","import numpy as np

def solve():
    t = int(input())
    for _ in range(t):
        s = input().splitlines()[_]
        s1 = ""codeforces""
        diff = sum(el1!= el2 for el1, el2 in zip(s, s1))
        print(diff)

",False,False,0,0.0
1828A,0,['this is the og problem'],"['if statement', 'if statement']","['for loop', 'tuple', 'if statement', 'matrix operation', 'while loop']","import math

def solve():
    def is_divisible(n, m):
        return n % m == 0

    def generate_perfect_array(n):
        arr = [0] * n
        for i in range(1, n + 1):
            arr[i - 1] = i * math.gcd(i, n)
        return arr

    t = int(input())
    for _ in range(t):
        n = int(input())
        if n == 1:
            print(1)
        else:
            arr = generate_perfect_array(n)
            total_sum = sum(arr)
            if total_sum % n != 0:
                print(""No solution exists."")
            else:
                print(*arr)

",False,True,0,0.0
1828A,1,['for loop'],['for loop'],"['for loop', 'tuple', 'if statement', 'matrix operation', 'while loop']","from functools import reduce
from itertools import chain, accumulate

def solve():
    def divisibility(n, arr):
        return all(i % a == 0 for i, a in enumerate(arr, 1))

    def sum_divisibility(n, arr):
        return all(n % a == 0 for a in arr)

    def generate_perfect_array(n):
        if n == 1:
            return [1]
        else:
            candidates = list(chain.from_iterable(accumulate(range(1, 1001), lambda a, b: [a, a + b])))
            filtered_candidates = [candidate for candidate in candidates if divisibility(n, [candidate])]
            sum_of_filtered_candidates = sum(filtered_candidates)
            if sum_divisibility(n, [sum_of_filtered_candidates]):
                return filtered_candidates
            else:
                return generate_perfect_array(n - 1) + [sum_of_filtered_candidates]

    t = int(input())
    for _ in range(t):
        n = int(input())
        print(list(generate_perfect_array(n)))

",False,False,0,0.0
1828A,2,"['for loop', 'if statement']","['recursion', 'for loop']","['for loop', 'tuple', 'if statement', 'matrix operation', 'while loop']","import math
import functools

def solve():
    @functools.lru_cache(maxsize=None)
    def divisors(n):
        divisors = []
        for i in range(1, int(n**0.5) + 1):
            if n % i == 0:
                divisors.append(i)
                divisors.append(n // i)
        divisors.sort()
        return divisors

    def perfect_array(n):
        divisors = divisors(n)
        result = [0] * n
        for i in range(1, n + 1):
            result[i - 1] = divisors[i - 1]
        total = sum(result)
        while total % n != 0:
            next_divisor = divisors[n - total % n]
            for j in range(1, n):
                if result[j] == next_divisor:
                    result[j] += next_divisor
                    total += next_divisor
                    break
        return result

    t = int(input())
    for _ in range(t):
        n = int(input())
        print(*perfect_array(n))

",False,False,1,0.5
1828A,3,"['for loop', 'if statement', 'while loop']","['for loop', 'if statement']","['for loop', 'tuple', 'if statement', 'matrix operation', 'while loop']","import math
import itertools

def solve():
    def divisors(n):
        divisors = []
        for i in range(1, int(math.sqrt(n)) + 1):
            if n % i == 0:
                divisors.append(i)
                divisors.append(n // i)
        divisors.sort()
        return divisors

    def perfect_array(n):
        divisors = divisors(n)
        result = [0] * n
        for i in range(1, n + 1):
            result[i - 1] = divisors[i - 1]
        for i in range(2, n):
            result[i - 1] += result[i - 1] // divisors[i] * divisors[i]
        return result

    t = int(input())
    for _ in range(t):
        n = int(input())
        print(perfect_array(n))
",False,False,0,0.0
1828A,4,"['for loop', 'if statement', 'while loop', 'recursion']","['for loop', 'if statement']","['for loop', 'tuple', 'if statement', 'matrix operation', 'while loop']","import math
import itertools

def solve():
    def divisors(n):
        divisors = []
        for i in range(1, int(math.sqrt(n)) + 1):
            if n % i == 0:
                divisors.append(i)
                divisors.append(n // i)
        divisors.sort()
        return divisors

    def perfect_array(n):
        divisors = divisors(n)
        result = [0] * n
        for i in range(n):
            result[i] = divisors[i]
        for i in range(1, n):
            for j in range(i + 1, n):
                if result[i] + result[j] <= n:
                    result[i] += result[j]
                    result[j] = 0
        return result

    t = int(input())
    for _ in range(t):
        n = int(input())
        print(perfect_array(n))
",False,False,0,0.0
1825A,0,['this is the og problem'],['for loop'],"['for loop', 'set', 'if statement', 'while loop', 'tuple', 'break statement', 'continue statement', 'misc']","import sys

def is_palindrome(s):
    n = len(s)
    for i in range(n // 2):
        if s[i] != s[n - i - 1]:
            return False
    return True

def solve():
    t = int(input().strip())
    for _ in range(t):
        s = input().strip()
        if is_palindrome(s):
            print(-1)
        else:
            dp = [0] * (len(s) + 1)
            for i in range(1, len(s) + 1):
                for j in range(i, len(s) + 1):
                    if s[i - 1] != s[j - 1]:
                        dp[j] = max(dp[j], dp[i - 1] + 1)
            print(len(s) - dp[-1])

",False,True,0,0.0
1825A,1,['for loop'],['recursion'],"['for loop', 'set', 'if statement', 'while loop', 'tuple', 'break statement', 'continue statement', 'misc']","import sys

def solve():
    def is_palindrome(s):
        return s == s[::-1]

    def find_longest_non_palindrome(s):
        n = len(s)
        dp = [[0] * n for _ in range(n)]
        for i in range(n):
            dp[i][i] = 1
            for j in range(i - 1, -1, -1):
                if s[i] == s[j] and dp[j + 1][i - 1] == 1:
                    dp[j][i] = dp[i][i]
                else:
                    dp[j][i] = max(dp[j + 1][i], dp[j][i - 1]) + 1
        return n - max(dp[0], dp[-1])

    t = int(input())
    for _ in range(t):
        s = input().strip()
        if all(c == c[::-1] for c in [list(s)]):
            print(-1)
        else:
            print(find_longest_non_palindrome(s))

",False,True,1,1.0
1825A,2,"['for loop', 'while loop']","['for loop', 'stack', 'if statement']","['for loop', 'set', 'if statement', 'while loop', 'tuple', 'break statement', 'continue statement', 'misc']","import sys

def solve():
    t = int(input())
    for _ in range(t):
        s = input()
        stack = []
        max_len = 0
        for char in s:
            if char != stack[-1] or not stack:
                stack.append(char)
            else:
                stack.pop()
            max_len = max(max_len, len(stack))
        print(-1 if not max_len else max_len)

",False,False,1,0.3333333333333333
1825A,3,"['for loop', 'while loop', 'if statement']",['for loop'],"['for loop', 'set', 'if statement', 'while loop', 'tuple', 'break statement', 'continue statement', 'misc']","import functools

@functools.lru_cache(maxsize=None)
def is_palindrome(s):
    return s == s[::-1]

def solve():
    t = int(input())
    for _ in range(t):
        s = input()
        if is_palindrome(s):
            print(-1)
        else:
            start, end = 0, 1
            while end < len(s):
                if not is_palindrome(s[start:end]):
                    break
                start += 1
                end += 1
            if end == len(s):
                print(-1)
            else:
                print(len(s) - end)

",False,False,0,0.0
1825A,4,"['for loop', 'while loop', 'if statement', 'set']","['recursion', 'misc', 'recursion', 'misc']","['for loop', 'set', 'if statement', 'while loop', 'tuple', 'break statement', 'continue statement', 'misc']","import itertools

def solve():
    def is_palindrome(s):
        return s == s[::-1]

    def longest_non_palindrome(s):
        n = len(s)
        dp = [[0] * n for _ in range(n)]
        for i in range(n):
            dp[i][i] = 1
        max_len = 0
        for k in range(2, n + 1):
            for i in range(n - k + 1):
                j = i + k - 1
                if is_palindrome(s[i:j]):
                    dp[i][j] = dp[i + 1][j - 1]
                else:
                    dp[i][j] = dp[i + 1][j] + 1
                    max_len = max(max_len, dp[i][j])
        return n - max_len

    t = int(input())
    for _ in range(t):
        s = input()
        if not is_palindrome(s):
            print(len(s))
        else:
            print(longest_non_palindrome(s))
",False,True,1,0.25
1825A,5,"['for loop', 'while loop', 'if statement', 'set', 'matrix operation']",['for loop'],"['for loop', 'set', 'if statement', 'while loop', 'tuple', 'break statement', 'continue statement', 'misc']","import itertools

def solve():
    def is_palindrome(s):
        return s == s[::-1]

    def longest_non_palindrome(s):
        n = len(s)
        dp = [[0] * n for _ in range(n)]
        for i in range(n):
            dp[i][i] = 1
        max_len = 0
        for k in range(2, n + 1):
            for i in range(n - k + 1):
                j = i + k - 1
                if is_palindrome(s[i:j]):
                    dp[i][j] = dp[i + 1][j - 1]
                else:
                    dp[i][j] = dp[i + 1][j] + 1
                max_len = max(max_len, dp[i][j])
        return n - max_len

    t = int(input())
    for _ in range(t):
        s = input()
        if not is_palindrome(s):
            print(longest_non_palindrome(s))
        else:
            print(-1)
",False,False,0,0.0
1823A,0,['this is the og problem'],"['for loop', 'if statement', 'set', 'break statement', 'tuple']","['for loop', 'if statement', 'tuple', 'while loop', 'misc', 'break statement', 'matrix operation']","import itertools

def solve():
    t = int(input())
    for _ in range(t):
        n, k = map(int, input().split())
        if k > (n - 1) * n // 2:
            print(""NO"")
        else:
            pairs = set()
            a = [1]
            for i in range(2, n + 1):
                for j in range(i - 1, 0, -1):
                    if (a[i - 1] * a[j - 1] == 1) and (i, j) not in pairs:
                        a.append(-1)
                        pairs.add((i, j))
                        k -= 1
                        if k == 0:
                            break
            if k == 0:
                print(""YES"")
                print(*a)
            else:
                print(""NO"")

",False,True,1,0.2
1823A,1,['continue statement'],['for loop'],"['for loop', 'if statement', 'tuple', 'while loop', 'misc', 'break statement', 'matrix operation']","import itertools

def solve():
    t = int(input())
    for _ in range(t):
        n, k = map(int, input().split())
        if k > (n - 1) * n // 2:
            print(""NO"")
        else:
            pairs = set()
            a = [1]
            for _ in range(2, n + 1):
                for i in range(len(a)):
                    for j in range(i + 1, len(a)):
                        if a[i] * a[j] == 1:
                            pairs.add((i, j))
                            if len(pairs) == k:
                                break
                    if len(pairs) == k:
                        break
                a.append(-1)
            print(""YES"")
            print(*a)

",False,True,0,0.0
1823A,2,"['continue statement', 'for loop']","['recursion', 'dictionary', 'depth first search']","['for loop', 'if statement', 'tuple', 'while loop', 'misc', 'break statement', 'matrix operation']","from collections import defaultdict

def solve():
    def dfs(index, count, cur_sum, cur_product, memo):
        if index == n:
            if count == k:
                result.append(cur_product)
                return
            return

        if (index, count, cur_sum, cur_product) in memo:
            return
        memo[(index, count, cur_sum, cur_product)] = True

        dfs(index + 1, count, cur_sum, cur_product, memo)
        if cur_sum > 0:
            dfs(index + 1, count + 1, cur_sum - 1, cur_product * -1, memo)
        else:
            dfs(index + 1, count, cur_sum + 1, cur_product * 1, memo)

    t = int(input())
    for _ in range(t):
        n, k = map(int, input().split())
        result = []
        memo = set()
        dfs(1, 0, 0, 1, memo)
        if len(result) == 0:
            print(""NO"")
        else:
            print(""YES"")
            print(*result)

",False,True,3,1.0
1823A,3,"['continue statement', 'for loop', 'tuple']","['if statement', 'for loop']","['for loop', 'if statement', 'tuple', 'while loop', 'misc', 'break statement', 'matrix operation']","import math

def solve():
    def is_valid(a, k):
        count = 0
        for i in range(len(a)):
            for j in range(i+1, len(a)):
                if a[i] * a[j] == 1:
                    count += 1
        return count == k

    def generate_array(n, k):
        if k > math.comb(n-1, 2) // 2:
            return None

        a = [1]
        for i in range(1, n):
            if len(a) <= k:
                a.append(-1)
            else:
                a[-1] *= -1
                if is_valid(a, k):
                    return a

        return None

    t = int(input())
    for _ in range(t):
        n, k = map(int, input().split())
        result = generate_array(n, k)
        if result is None:
            print(""NO"")
        else:
            print(""YES"")
            print(*result)

",False,False,0,0.0
1823A,4,"['continue statement', 'for loop', 'tuple', 'if statement']",['for loop'],"['for loop', 'if statement', 'tuple', 'while loop', 'misc', 'break statement', 'matrix operation']","import itertools

def solve():
    def a_characteristic(a):
        return len(list(itertools.combinations(a, 2) if all(x == 1 or x == -1 for x in a) else []))

    def find_array(n, k):
        if k > (n - 1) * n // 2:
            return ""NO""
        if k == 0:
            return ""YES\n1 -1""
        for i in range(1, n):
            if a_characteristic(list(range(1, i)) + [-1] + list(range(i, n)) + [-1]) == k:
                return ""YES\n"" + ""\n"".join(map(str, (1, -1) + list(range(1, i)) + list(range(i, n))) + [-1])
        return ""NO""

    t = int(input())
    for _ in range(t):
        n, k = map(int, input().split())
        print(find_array(n, k))
",False,False,0,0.0
1823A,5,"['continue statement', 'for loop', 'tuple', 'if statement', 'recursion']","['for loop', 'if statement', 'for loop', 'if statement']","['for loop', 'if statement', 'tuple', 'while loop', 'misc', 'break statement', 'matrix operation']","import math

def solve():
    def count_pairs(a, n, k):
        count = 0
        for i in range(n - 1):
            for j in range(i + 1, n):
                if a[i] * a[j] == 1:
                    count += 1
        return count

    def generate_array(n, k):
        a = [1]
        while len(a) < n:
            if count_pairs(a, len(a), k) == k:
                return a
            a.append(-1)
            for i in range(len(a) - 1, -1, -1):
                if count_pairs(a, i, k - count_pairs(a[:i], i, k)) == k - count_pairs(a[:i], i, k):
                    a[i] = -a[i]
                    break
        return a

    t = int(input().strip())
    for _ in range(t):
        n, k = map(int, input().strip().split())
        if k > math.comb(n - 1, 2):
            print(""NO"")
        else:
            print(""YES"")
            print(*generate_array(n, k))

",False,False,0,0.0
1822C,0,['this is the og problem'],"['for loop', 'if statement']","['for loop', 'if statement', 'misc', 'while loop']","from math import sqrt, pi

def solve():
    t = int(input())
    for _ in range(t):
        n = int(input())
        side = n
        chocolate = 4 * side * (side - 4)
        inner_circle = pi * (side / 2) ** 2
        outer_circle = pi * (side) ** 2
        dough = (outer_circle - inner_circle) * 2
        total = chocolate + dough
        print(total)
",False,True,0,0.0
1822C,1,['for loop'],"['if statement', 'recursion']","['for loop', 'if statement', 'misc', 'while loop']","def solve():
    def chocolate_length(n):
        # Base case: a roll of size 4 has 26 units of chocolate
        if n == 4:
            return 26
        # Recursive case: the chocolate layer of a roll of size n is the sum of the chocolate layers of rolls of size n-1, plus an additional unit for the new layer
        else:
            return chocolate_length(n - 1) * 4 + 1

    # Read the number of test cases
    t = int(input())

    # Loop through the test cases
    for _ in range(t):
        # Read the size of the Cinnabon roll
        n = int(input())

        # Calculate the total length of the chocolate layer
        total_chocolate = chocolate_length(n)

        # Print the result
        print(total_chocolate)
",False,True,1,0.5
1822C,2,"['for loop', 'while loop']","['recursion', 'if statement']","['for loop', 'if statement', 'misc', 'while loop']","def solve():
    def chocolate_length(n):
        if n <= 5:
            return 2 * (n - 1) + 4
        else:
            return 4 * chocolate_length(n // 2) + 4 * (n % 2)

    t = int(input())
    for _ in range(t):
        n = int(input())
        print(chocolate_length(n))
",False,True,1,0.5
1822C,3,"['for loop', 'while loop', 'recursion']",['for loop'],"['for loop', 'if statement', 'misc', 'while loop']","from math import sqrt, pi

def solve():
    def chocolate_length(n):
        side = 2 * n
        chocolate_segments = (n - 1) * (n - 2)
        chocolate_spiral_length = 2 * (side - 1) * (side - 2)
        chocolate_spiral_area = chocolate_spiral_length * (side - 1) / 2
        chocolate_circle_radius = sqrt(chocolate_spiral_area / pi)
        chocolate_circle_diameter = 2 * chocolate_circle_radius
        chocolate_circle_circumference = 2 * pi * chocolate_circle_radius
        return chocolate_segments + chocolate_circle_circumference

    t = int(input())
    for _ in range(t):
        n = int(input())
        print(chocolate_length(n))
",False,False,0,0.0
1822C,4,"['for loop', 'while loop', 'recursion', 'tuple']","['if statement', 'recursion', 'divide & conquer']","['for loop', 'if statement', 'misc', 'while loop']","def solve():
    def chocolate_length(n):
        if n == 4:
            return 26
        elif n == 5:
            return 37
        elif n == 6:
            return 50
        else:
            half_n = n // 2
            chocolate_length_half = chocolate_length(half_n)
            return 4 * half_n * (half_n - 1) + 4 * chocolate_length_half * half_n + 4 * chocolate_length_half * (half_n - 1)

    t = int(input())
    for _ in range(t):
        n = int(input())
        print(chocolate_length(n))
",False,False,2,0.6666666666666666
1822C,5,"['for loop', 'while loop', 'recursion', 'tuple', 'if statement']",['if statement'],"['for loop', 'if statement', 'misc', 'while loop']","def solve():
    def chocolate_length(n):
        if n == 4:
            return 26
        elif n == 5:
            return 37
        elif n == 6:
            return 50
        else:
            return (n * (n - 1) * 4 + 4) * (n // 2 - 1)

    t = int(input())
    for _ in range(t):
        n = int(input())
        print(chocolate_length(n))
",False,False,0,0.0
1822B,0,['this is the og problem'],"['if statement', 'for loop', 'continue statement', 'dictionary', 'hashmap']","['for loop', 'sorting', 'matrix operation', 'while loop', 'tuple', 'if statement']","import sys

def solve():
    t = int(input())
    for _ in range(t):
        n = int(input())
        a = list(map(int, input().split()))
        if n == 1:
            print(0)
            continue
        max_product = float('-inf')
        for i in range(n - 1):
            max_product = max(max_product, a[i] * a[i + 1])
        print(max_product)

",False,True,3,0.6
1822B,1,['for loop'],"['for loop', 'if statement', 'misc']","['for loop', 'sorting', 'matrix operation', 'while loop', 'tuple', 'if statement']","from typing import List

def solve():
    n = int(input())
    for _ in range(n):
        a = list(map(int, input().split()))
        if len(a) <= 2:
            print(max(a))
        else:
            max_product = float('-inf')
            for i in range(len(a) - 1):
                max_product = max(max_product, a[i] * a[i + 1])
            print(max_product)

",False,False,1,0.3333333333333333
1822B,2,"['for loop', 'recursion']","['for loop', 'if statement', 'dynamic programming']","['for loop', 'sorting', 'matrix operation', 'while loop', 'tuple', 'if statement']","import sys
import functools

def solve():
    t = int(input())
    for _ in range(t):
        n = int(input())
        a = list(map(int, input().split()))
        if n == 2:
            print(max(a))
        else:
            dp = [0] * n
            dp[0] = a[0]
            dp[1] = max(a[0], a[1])
            for i in range(2, n):
                dp[i] = max(dp[i - 1], dp[i - 2] + a[i])
            print(dp[-1])

",False,False,1,0.3333333333333333
1822B,3,"['for loop', 'recursion', 'tuple']","['if statement', 'for loop', 'tuple']","['for loop', 'sorting', 'matrix operation', 'while loop', 'tuple', 'if statement']","import functools
from typing import List

def solve():
    def beauty(arr: List[int]):
        n = len(arr)
        if n <= 1:
            return 0
        return max(a * b for a, b in zip(arr, arr[1:]))

    @functools.lru_cache(maxsize=None)
    def remove_elements(arr: List[int], k: int) -> List[int]:
        if k == 0:
            return arr
        return remove_elements(arr[1:], k - 1) if arr[0] > arr[1] else remove_elements(arr[1:], k)

    def max_beauty(arr: List[int]):
        n = len(arr)
        if n == 1:
            return 0
        max_beauty = 0
        for i in range(1, n):
            max_beauty = max(max_beauty, arr[i - 1] * arr[i] + max_beauty)
            arr = remove_elements(arr, i)
        return max(max_beauty, arr[0] * arr[1])

    t = int(input())
    for _ in range(t):
        n = int(input())
        arr = list(map(int, input().split()))
        print(max_beauty(arr))

",False,False,0,0.0
1822B,4,"['for loop', 'recursion', 'tuple', 'while loop']","['for loop', 'if statement', 'for loop', 'if statement']","['for loop', 'sorting', 'matrix operation', 'while loop', 'tuple', 'if statement']","import sys

def solve():
    t = int(input())
    for _ in range(t):
        n = int(input())
        a = list(map(int, input().split()))
        if n == 2:
            print(max(a))
        else:
            max_beauty = -float('inf')
            for i in range(n - 1):
                max_beauty = max(max_beauty, a[i] * a[i + 1])
            a = a[:1] + [x for x in a[1:] if x != 0]
            if not a:
                print(0)
            else:
                for i in range(1, len(a)):
                    max_beauty = max(max_beauty, a[i] * a[i - 1])
                print(max_beauty)

",False,False,0,0.0
1822B,5,"['for loop', 'recursion', 'tuple', 'while loop', 'if statement']","['for loop', 'tuple']","['for loop', 'sorting', 'matrix operation', 'while loop', 'tuple', 'if statement']","import functools
import sys

def solve():
    t = int(input())
    for _ in range(t):
        n = int(input())
        a = list(map(int, input().split()))
        max_beauty = max(functools.reduce(lambda x, y: x * y, pair) for pair in zip(a, a[1:]))
        print(max_beauty)

",False,False,0,0.0
1822A,0,['this is the og problem'],['for loop'],"['for loop', 'if statement', 'tuple', 'while loop', 'matrix operation', 'two pointers']","from heapq import nlargest

def solve():
    q = int(input())
    for _ in range(q):
        n, t = map(int, input().split())
        a = list(map(int, input().split()))
        b = list(map(int, input().split()))
        videos = sorted(enumerate(b), key=lambda x: (-x[1], x[0]))
        for i in range(n):
            if a[i] > t:
                print(-1)
                break
            if i + t <= n and videos[i][1] >= videos[i + t][1]:
                print(i + 1)
                break
        else:
            print(-1)

",False,True,0,0.0
1822A,1,['for loop'],"['tuple', 'sorting', 'heap']","['for loop', 'if statement', 'tuple', 'while loop', 'matrix operation', 'two pointers']","from heapq import nlargest

def solve(t, a, b):
    videos = list(zip(a, b))
    videos.sort(key=lambda x: x[0])

    max_entertainment = nlargest(t, videos, key=lambda x: x[1])
    if len(max_entertainment) == 0:
        return -1
    return max_entertainment[0][1]
",False,True,2,0.6666666666666666
1822A,2,"['for loop', 'while loop']","['for loop', 'heap']","['for loop', 'if statement', 'tuple', 'while loop', 'matrix operation', 'two pointers']","from heapq import nlargest

def solve():
    q = int(input())
    for _ in range(q):
        n, t = map(int, input().split())
        a = list(map(int, input().split()))
        b = list(map(int, input().split()))

        videos = list(zip(a, b))
        videos.sort(key=lambda x: x[0])

        max_entertainment = -1
        max_index = -1
        current_time = 0

        for video in videos:
            if current_time + video[0] > t:
                break

            if video[1] > max_entertainment:
                max_entertainment = video[1]
                max_index = videos.index(video)

            current_time += video[0]

        print(max_index if max_entertainment != -1 else -1)
",False,False,1,0.5
1822A,3,"['for loop', 'while loop', 'if statement']",['for loop'],"['for loop', 'if statement', 'tuple', 'while loop', 'matrix operation', 'two pointers']","from heapq import nlargest

def solve():
    q = int(input())
    for _ in range(q):
        n, t = map(int, input().split())
        a = list(map(int, input().split()))
        b = list(map(int, input().split()))
        videos = list(zip(a, b))
        videos.sort(key=lambda x: x[0])
        max_entertainment = nlargest(t, videos, key=lambda x: x[1])[0][1]
        max_entertainment_video = [i for i, (a, b) in enumerate(videos) if b == max_entertainment][0]
        print(max_entertainment_video + 1)
",False,False,0,0.0
1822A,4,"['for loop', 'while loop', 'if statement', 'recursion']",['tuple'],"['for loop', 'if statement', 'tuple', 'while loop', 'matrix operation', 'two pointers']","from heapq import nlargest

def solve():
    n, t = map(int, input().split())
    a = list(map(int, input().split()))
    b = list(map(int, input().split()))

    videos = list(zip(a, b))
    videos.sort(key=lambda x: x[0])

    max_entertainment = nlargest(t, videos, key=lambda x: x[1])
    if len(max_entertainment) == 0:
        return -1
    return max_entertainment[0][1] + 1  # Return the index of the video, starting from 1

",False,True,0,0.0
1821A,0,['this is the og problem'],"['for loop', 'matrix operation']","['for loop', 'if statement', 'recursion', 'tuple', 'matrix operation', 'continue statement', 'while loop', 'misc']","import re

def solve():
    t = int(input())
    patterns = []
    for _ in range(t):
        pattern = input()
        patterns.append(re.compile(r'^(' + '|'.join(['[0-9]' for _ in pattern] + ['[0-9]*']) + ')$'))

    result = []
    for i in range(1, 100001):
        match_count = 0
        for pattern in patterns:
            if pattern.match(str(i)):
                match_count += 1
        result.append(match_count)

    for num in result:
        print(num)
",False,True,0,0.0
1821A,1,['if statement'],['for loop'],"['for loop', 'if statement', 'recursion', 'tuple', 'matrix operation', 'continue statement', 'while loop', 'misc']","import re

def solve():
    test_cases = int(input())
    for _ in range(test_cases):
        template = input()
        pattern = re.compile(r'(\?+)')
        matches = pattern.findall(template)
        total_combinations = 10 ** len(template)
        for match in matches:
            total_combinations -= 10 ** len(match)
        print(total_combinations)
",False,True,0,0.0
1821A,2,"['if statement', 'matrix operation']","['recursion', 'for loop', 'if statement']","['for loop', 'if statement', 'recursion', 'tuple', 'matrix operation', 'continue statement', 'while loop', 'misc']","import math

def solve():
    def count_matches(template):
        total = 0
        for i in range(1, math.pow(10, len(template))):
            if all(j == '?' or str(i)[j] == template[j] for j in range(len(template))):
                total += 1
        return total

    t = int(input())
    for _ in range(t):
        template = input()
        print(count_matches(template))
",False,False,0,0.0
1821A,3,"['if statement', 'matrix operation', 'hashmap']",['recursion'],"['for loop', 'if statement', 'recursion', 'tuple', 'matrix operation', 'continue statement', 'while loop', 'misc']","import itertools

def solve():
    def match(template):
        return len(list(filter(lambda x: int(x) > 0, itertools.permutations(range(10), len(template)))) if '?' in template else 0

    t = int(input())
    for _ in range(t):
        print(match(input()))
",False,True,0,0.0
1821A,4,"['if statement', 'matrix operation', 'hashmap', 'for loop']","['recursion', 'misc']","['for loop', 'if statement', 'recursion', 'tuple', 'matrix operation', 'continue statement', 'while loop', 'misc']","import math

def solve():
    def count_matches(template):
        pattern = re.compile(r'(\?+)')
        matches = pattern.findall(template)
        total = math.factorial(len(template))
        for match in matches:
            total /= len(match)
        return total

    t = int(input())
    for _ in range(t):
        template = input()
        print(count_matches(template))
",False,True,0,0.0
1821A,5,"['if statement', 'matrix operation', 'hashmap', 'for loop', 'while loop']",['for loop'],"['for loop', 'if statement', 'recursion', 'tuple', 'matrix operation', 'continue statement', 'while loop', 'misc']","import re

def solve():
    t = int(input())
    for _ in range(t):
        s = input()
        pattern = re.compile(r'(\?)+')
        matches = pattern.findall(s)
        total = 0
        for m in matches:
            total += len(str(sum(int(d) for d in itertools.permutations(range(10), len(m)))) )
        print(total)
",False,False,0,0.0
1820A,0,['this is the og problem'],['for loop'],"['while loop', 'if statement', 'for loop', 'continue statement', 'tuple', 'misc']","import re

def solve():
    t = int(input())
    for _ in range(t):
        s = input()
        smileys = ['^_^', '^^']
        count = len(s)
        for smiley in smileys:
            if re.search(smiley, s):
                start, end = re.search(smiley, s).span()
                count -= start + len(smiley) - 1
                if start > 0:
                    count += 1
                if end < len(s):
                    count += 1
        print(count)
",False,True,0,0.0
1820A,1,['for loop'],['for loop'],"['while loop', 'if statement', 'for loop', 'continue statement', 'tuple', 'misc']","import re

def solve():
    t = int(input())
    for _ in range(t):
        s = input()
        smileys = [re.search(r'^(.*)(^_^|^^)(.*)', s)]
        if not smileys:
            print(0)
            continue
        min_len = len(s)
        for i in range(len(s)):
            if s[i] not in ['^', '_']:
                continue
            for j in range(i+1, len(s)):
                if s[j] not in ['^', '_']:
                    break
            else:
                sub_str = s[i:j]
                if sub_str not in ['^_^', '^^']:
                    continue
                min_len -= j - i + 1
        print(min_len)
",False,False,0,0.0
1820A,2,"['for loop', 'while loop']","['for loop', 'if statement', 'tuple', 'misc']","['while loop', 'if statement', 'for loop', 'continue statement', 'tuple', 'misc']","import re

def solve():
    t = int(input())
    for _ in range(t):
        s = input()
        smileys = re.findall(r'^(_|__|___)(\^_|^_^)$', s)
        if not smileys:
            print(0)
        else:
            total_length = len(s)
            for smiley in smileys:
                total_length -= len(smiley) + 1
            print(total_length)
",False,False,0,0.0
1820A,3,"['for loop', 'while loop', 'recursion']","['if statement', 'for loop']","['while loop', 'if statement', 'for loop', 'continue statement', 'tuple', 'misc']","import re

def solve():
    t = int(input())
    for _ in range(t):
        s = input()
        smileys = ['^_^', '^^']
        count = len(s)
        for smiley in smileys:
            if re.search(smiley, s):
                start, end = re.search(smiley, s).span()
                count -= start + len(smiley) - 1
                if start > 0:
                    count += 1
                if end < len(s):
                    count += 1
        print(count)
",False,False,0,0.0
1820A,4,"['for loop', 'while loop', 'recursion', 'if statement']","['for loop', 'if statement', 'misc']","['while loop', 'if statement', 'for loop', 'continue statement', 'tuple', 'misc']","import re

def solve():
    t = int(input())
    for _ in range(t):
        s = input()
        smileys = re.findall(r'(^|^)_^|(^|^)^\^', s)
        if not smileys:
            print(0)
        else:
            missing_count = len(s) - sum(len(smiley) for smiley in smileys)
            print(missing_count)
",False,False,0,0.0
1818A,0,['this is the og problem'],"['tuple', 'for loop']","['for loop', 'if statement', 'two pointers', 'misc', 'hashmap', 'tuple', 'while loop', 'matrix operation']","import itertools

def solve():
    n, k = map(int, input().split())
    members = [list(input()) for _ in range(n)]

    def count_agree(members, opinion):
        return sum(1 for member in members if member[opinion] == '+')

    def count_disagree(members, opinion):
        return sum(1 for member in members if member[opinion] == '-')

    max_members = 1
    for i in range(1, n):
        for expulsions in itertools.combinations(range(1, n), i):
            remaining_members = [members[j] for j in range(1, n) if j not in expulsions]
            for opinion in range(k):
                if count_agree(remaining_members, opinion) > count_disagree(remaining_members, opinion):
                    break
            else:
                max_members = max(max_members, len(remaining_members))

    print(max_members + 1)
",False,True,0,0.0
1818A,1,['break statement'],['tuple'],"['for loop', 'if statement', 'two pointers', 'misc', 'hashmap', 'tuple', 'while loop', 'matrix operation']","import itertools

def solve():
    def count_agree(members, opinions):
        return sum(1 for member, opinion in zip(members, opinions) if member == opinion)

    def max_members(n, k, members, opinions):
        max_members = 1
        for i in range(1, n):
            for expel in range(i):
                for subset in itertools.combinations(range(1, n), expel):
                    new_members = list(set(members) - set(subset))
                    new_opinions = [opinions[i] for i in new_members]
                    if count_agree(new_members, new_opinions) > count_agree(new_members, [opinions[i] for i in subset]):
                        new_members.append(subset[0])
                    else:
                        new_members += subset
                    if len(new_members) > max_members:
                        max_members = len(new_members)
        return max_members + 1

    t = int(input())
    for _ in range(t):
        n, k = map(int, input().split())
        members = [input() for _ in range(n)]
        print(max_members(n, k, members, [member[i] for i in range(k)]))

",False,True,0,0.0
1818A,2,"['break statement', 'for loop']",['for loop'],"['for loop', 'if statement', 'two pointers', 'misc', 'hashmap', 'tuple', 'while loop', 'matrix operation']","import collections

def solve():
    n, k = map(int, input().split())
    members = [list(input()) for _ in range(n)]
    max_members = n

    # Count agreement and disagreement for each opinion
    counts = collections.defaultdict(lambda: (0, 0))
    for member in members:
        for i in range(k):
            if member[i] == '+':
                counts[i][0] += 1
            else:
                counts[i][1] += 1

    # Find opinions with the minimum agreement and maximum disagreement
    min_agree, max_disagree = float('inf'), -float('inf')
    for count in counts.values():
        agree, disagree = count
        if agree < min_agree:
            min_agree = agree
        if disagree > max_disagree:
            max_disagree = disagree

    # Check if there is a tie
    if min_agree == max_disagree:
        max_members = 0
    else:
        # Calculate the maximum number of members that can stay
        max_members = sum(count[0] > count[1] for count in counts.values())

    print(max_members)

",False,False,0,0.0
1818A,3,"['break statement', 'for loop', 'recursion']","['tuple', 'for loop']","['for loop', 'if statement', 'two pointers', 'misc', 'hashmap', 'tuple', 'while loop', 'matrix operation']","import collections

def solve():
    n, k = map(int, input().split())
    members = [list(input()) for _ in range(n)]
    max_members = n

    # Count agreement and disagreement for each opinion
    counts = collections.defaultdict(lambda: (0, 0))
    for member in members:
        for i in range(k):
            if member[i] == '+':
                counts[i][0] += 1
            else:
                counts[i][1] += 1

    # Check if there is a majority for each opinion
    for count in counts.values():
        if count[0] > count[1]:
            max_members -= count[1]
        elif count[0] < count[1]:
            max_members -= count[0]

    print(max_members)

",False,False,0,0.0
1816A,0,['this is the og problem'],"['if statement', 'for loop', 'continue statement', 'tuple']","['for loop', 'tuple', 'while loop', 'matrix operation', 'if statement', 'misc']","import math
import sys

def manhattan_distance(a, b):
    return abs(a[0] - b[0]) + abs(a[1] - b[1])

def solve():
    t = int(input())
    for _ in range(t):
        a, b = map(int, input().split())
        dist = manhattan_distance((0, 0), (a, b))
        if dist > 2:
            print(""Error: Distance is greater than 2."")
            continue
        x, y = 0, 0
        steps = dist // 2
        if dist % 2 == 1:
            steps += 1
        for _ in range(steps):
            x, y = (x + a) // 2, (y + b) // 2
            print(x, y)
        x, y = a, b
        print(x, y)

",False,True,1,0.25
1816A,1,['for loop'],['for loop'],"['for loop', 'tuple', 'while loop', 'matrix operation', 'if statement', 'misc']","import math
import heapq

def manhattan_distance(a, b):
    return abs(a[0] - b[0]) + abs(a[1] - b[1])

def dijkstra(start, end, grid):
    distances = {start: 0}
    priority_queue = [(0, start)]

    while priority_queue:
        current_distance, current = heapq.heappop(priority_queue)

        if current == end:
            return distances[end]

        for neighbor in [(current[0] + 1, (current[1], current[0] + 1)),
                         (current[0] - 1, (current[1], current[0] - 1)),
                         (current[1] + 1, (current[0], current[1] + 1)),
                         (current[1] - 1, (current[0], current[1] - 1))]:
            if neighbor[0] > 2 or not (0 <= neighbor[1][0] < 10**9 and 0 <= neighbor[1][1] < 10**9):
                continue

            new_distance = current_distance + 1
            if neighbor[1] not in distances or new_distance < distances[neighbor[1]]:
                distances[neighbor[1]] = new_distance
                heapq.heappush(priority_queue, (new_distance, neighbor[1]))

    return -1

def solve():
    t = int(input())
    for _ in range(t):
        a, b = map(int, input().split())
        result = dijkstra((0, 0), (a, b), {(x, y): float('inf') for x in range(10**9 + 1) for y in range(10**9 + 1)})
        print(1 if result == 1 else 2)
        path = [(0, 0)]
        while (x, y) != (a, b):
            x, y = path[-1]
            path.append(dijkstra((x, y), (a, b), {(x, y): 0} | {(x + dx, y + dy) for dx, dy in [(1, 0), (-1, 0), (0, 1), (0, -1)]}))
        print(*path[1:])

",False,False,0,0.0
1816A,2,"['for loop', 'matrix operation']",['for loop'],"['for loop', 'tuple', 'while loop', 'matrix operation', 'if statement', 'misc']","import math
import heapq

def manhattan_distance(a, b):
    return abs(a[0] - b[0]) + abs(a[1] - b[1])

def dijkstra(start, end, grid):
    distances = {start: 0}
    priority_queue = [(0, start)]

    while priority_queue:
        current_distance, current = heapq.heappop(priority_queue)

        if current == end:
            return distances[end]

        for neighbor in [(x, y) for x, y in grid if (0 <= x < len(grid) and 0 <= y < len(grid[0])) and manhattan_distance((current[0], current[1]), (x, y)) == 1]:
            new_distance = current_distance + 1
            if neighbor not in distances or new_distance < distances[neighbor]:
                distances[neighbor] = new_distance
                heapq.heappush(priority_queue, (new_distance, neighbor))

    return -1

def solve():
    t = int(input())
    for _ in range(t):
        a, b = map(int, input().split())
        grid = [[0] * (b + 2) for _ in range(a + 2)]
        grid[1][1] = 1

        steps = dijkstra((0, 0), (a, b), grid)
        print(steps)
        path = [(0, 0)]
        for _ in range(1, steps + 1):
            path.append(dijkstra(path[-1], (a, b), grid))
        print(*path)

",False,False,0,0.0
1816A,3,"['for loop', 'matrix operation', 'while loop']","['if statement', 'while loop', 'for loop', 'tuple', 'set', 'matrix operation', 'heap', 'misc']","['for loop', 'tuple', 'while loop', 'matrix operation', 'if statement', 'misc']","import math
import heapq

def dijkstra(start, end, grid):
    queue = [(0, start)]
    visited = set()
    while queue:
        _, current = heapq.heappop(queue)
        if current == end:
            return current
        visited.add(current)
        for dx, dy in ((1, 0), (-1, 0), (0, 1), (0, -1)):
            next_point = (current[0] + dx, current[1] + dy)
            if 0 <= next_point[0] < len(grid[0]) and 0 <= next_point[1] < len(grid) and grid[next_point[1]][next_point[0]] and next_point not in visited:
                heapq.heappush(queue, (current[0] + 1, next_point))
                grid[next_point[1]][next_point[0]] = False
    return None

def solve():
    t = int(input())
    for _ in range(t):
        a, b = map(int, input().split())
        grid = [[1] * len(str(math.sqrt(a**2 + b**2) + 1)] * (math.sqrt(a**2 + b**2) + 1) for _ in range(math.sqrt(a**2 + b**2) + 1)]
        grid[0][0] = 0
        start = (0, 0)
        end = (a, b)
        path = dijkstra(start, end, grid)
        if path:
            print(1)
            print(*path)
        else:
            print(2)
            print(*dijkstra((0, 0), (a // 2, b // 2), grid))
            print(*dijkstra((a // 2, b // 2), end, grid))

",False,False,2,0.25
1816A,4,"['for loop', 'matrix operation', 'while loop', 'recursion']","['dictionary', 'heap', 'while loop', 'if statement', 'for loop', 'tuple', 'recursion']","['for loop', 'tuple', 'while loop', 'matrix operation', 'if statement', 'misc']","import math
import heapq

def manhattan_distance(a, b):
    return abs(a[0] - b[0]) + abs(a[1] - b[1])

def dijkstra(start, end, grid):
    distances = {start: 0}
    neighbors = []
    heapq.heappush(neighbors, (0, start))

    while neighbors:
        current_distance, current = heapq.heappop(neighbors)
        if current in distances:
            continue
        distances[current] = current_distance

        for neighbor in [(current[0] + 2 * dx, current[1] + 2 * dy) for dx, dy in [(-1, 0), (1, 0), (0, -1), (0, 1)]]:
            if 0 <= neighbor[0] < 10 ** 9 and 0 <= neighbor[1] < 10 ** 9 and neighbor not in distances and manhattan_distance(neighbor, end) <= 2:
                heapq.heappush(neighbors, (current_distance + 1, neighbor))

    return distances[end]

def solve():
    t = int(input())
    for _ in range(t):
        a, b = map(int, input().split())
        print(dijkstra((0, 0), (a, b), {(0, 0): 0}) + 1)
        jumps = dijkstra((0, 0), (a, b), {(0, 0): 0})
        path = []
        current = (0, 0)
        for _ in range(jumps):
            path.append(current)
            neighbors = [(current[0] + 2 * dx, current[1] + 2 * dy) for dx, dy in [(-1, 0), (1, 0), (0, -1), (0, 1)]]
            next_node = min(neighbors, key=lambda n: manhattan_distance(n, (a, b)))
            current = next_node
        print(*path, sep='\n')

",False,False,3,0.42857142857142855
1814A,0,['this is the og problem'],"['for loop', 'if statement']","['for loop', 'if statement', 'misc', 'tuple', 'while loop']","from typing import List

def solve():
    test_cases = int(input())
    for _ in range(test_cases):
        n, k = map(int, input().split())
        if k == 2:
            print(""YES"")
        elif n % k == 0:
            print(""YES"")
        else:
            print(""NO"")

",False,True,0,0.0
1814A,1,['for loop'],"['if statement', 'recursion']","['for loop', 'if statement', 'misc', 'tuple', 'while loop']","def extended_euclidean(a, b):
    if b == 0:
        return (1, 0, a)
    else:
        g, y, x = extended_euclidean(b, a % b)
        return (x - (a // b) * y, y, g)

def solve():
    t = int(input())
    for _ in range(t):
        n, k = map(int, input().split())
        if n % 2 == 0 and k != 2:
            print(""YES"")
        else:
            g, x, y = extended_euclidean(n, k)
            if g == n:
                print(""YES"")
            else:
                print(""NO"")
",False,True,1,0.5
1814A,2,"['for loop', 'misc']","['if statement', 'for loop', 'recursion', 'tuple', 'continue statement']","['for loop', 'if statement', 'misc', 'tuple', 'while loop']","def extended_euclidean(a, b):
    if b == 0:
        return (1, 0, a)
    else:
        g, y, x = extended_euclidean(b, a % b)
        return (x - (a // b) * y, y, g)

def solve():
    t = int(input())
    for _ in range(t):
        n, k = map(int, input().split())
        if n % 2 == 0 and k != 2:
            print(""YES"")
            continue
        g, x, y = extended_euclidean(n, k)
        if g == n:
            print(""YES"")
        else:
            print(""NO"")

",False,False,2,0.4
1814A,3,"['for loop', 'misc', 'while loop']","['if statement', 'for loop', 'recursion', 'tuple']","['for loop', 'if statement', 'misc', 'tuple', 'while loop']","def extended_euclidean(a, b):
    if b == 0:
        return (1, 0, a)
    else:
        g, y, x = extended_euclidean(b, a % b)
        return (x - (a // b) * y, y, g)

def solve():
    t = int(input())
    for _ in range(t):
        n, k = map(int, input().split())
        if k == 2:
            print(""YES"")
        elif k > 2 and n % k == 0:
            print(""YES"")
        else:
            g, x, y = extended_euclidean(k, n)
            if g == 1:
                print(""YES"")
            else:
                print(""NO"")

",False,False,1,0.25
1814A,4,"['for loop', 'misc', 'while loop', 'if statement']",['dictionary'],"['for loop', 'if statement', 'misc', 'tuple', 'while loop']","from collections import defaultdict

def solve():
    n, k = map(int, input().split())
    dp = defaultdict(int)
    dp[0] = 1

    for i in range(1, n+1):
        dp[i] += dp[i - k] if i >= k else 0
        dp[i] += dp[i - 2]

    if dp[n]:
        print(""YES"")
    else:
        print(""NO"")
",True,True,1,1.0
1814A,5,"['for loop', 'misc', 'while loop', 'if statement', 'matrix operation']","['for loop', 'if statement']","['for loop', 'if statement', 'misc', 'tuple', 'while loop']","import math

def solve():
    for _ in range(int(input())):
        n, k = map(int, input().split())
        if k == 2:
            print(""YES"")
        elif n % k == 0:
            print(""YES"")
        elif n % 2 == 0 and math.isqrt(n // 2) ** 2 * k == n:
            print(""YES"")
        else:
            print(""NO"")
",False,False,0,0.0
1811A,0,['this is the og problem'],"['recursion', 'misc', 'recursion', 'misc']","['while loop', 'if statement', 'break statement', 'for loop', 'tuple', 'matrix operation']","import functools

def solve():
    def insert_digit(num, pos, digit):
        return int(num[:pos] + str(digit) + num[pos:])

    def max_insert_pos(num, digit):
        return max(range(len(num) + 1), key=lambda i: insert_digit(num, i, digit))

    def solve_case(n, d):
        num = str(n)
        max_pos = max_insert_pos(num, d)
        return str(insert_digit(n, max_pos, d))

    t = int(input())
    for _ in range(t):
        n, d = map(int, input().split())
        print(solve_case(n, d))

",False,True,2,0.5
1811A,1,['break statement'],['for loop'],"['while loop', 'if statement', 'break statement', 'for loop', 'tuple', 'matrix operation']","import itertools

def solve():
    n_test_cases = int(input())
    for _ in range(n_test_cases):
        n, d = map(int, input().split())
        number = list(map(int, input().split()))
        max_number = max(number) * 10 ** (n - 1) + d
        for i in range(1, n):
            for j in range(i + 1, n):
                num = number[:i] + [d] + number[j:]
                if num > max_number:
                    max_number = num[0] * 10 ** (n - 1) + num[1:]
        print(*max_number)
",False,True,0,0.0
1811A,2,"['break statement', 'for loop']","['recursion', 'for loop', 'if statement']","['while loop', 'if statement', 'break statement', 'for loop', 'tuple', 'matrix operation']","import functools

def solve():
    @functools.lru_cache(maxsize=None)
    def max_number(n, pos, num, digit):
        if pos == n:
            return num + digit
        if pos > n:
            return 0
        max_val = 0
        for d in range(10):
            max_val = max(max_val, max_number(n, pos + 1, num * 10 + d, digit))
        max_val = max(max_val, num * 10 + digit)
        max_val = max(max_val, max_number(n, pos + 1, num, digit))
        return max_val

    t = int(input())
    for _ in range(t):
        n, digit = map(int, input().split())
        num = int(input())
        print(max_number(n, 0, 0, digit))

",False,False,1,0.3333333333333333
1811A,3,"['break statement', 'for loop', 'while loop']",['for loop'],"['while loop', 'if statement', 'break statement', 'for loop', 'tuple', 'matrix operation']","import functools

def solve():
    def insert_digit(num, pos, digit):
        return int(num[:pos] + str(digit) + num[pos:])

    @functools.lru_cache(maxsize=None)
    def max_number(num, digit, pos=0):
        if pos == len(num):
            return insert_digit(num, pos, digit)
        max_val = max_number(num, digit, pos + 1)
        return max(max_val, insert_digit(num, pos, digit), max_number(num[1:] + num[0], digit, pos + 1))

    t = int(input())
    for _ in range(t):
        n, d = map(int, input().split())
        num = input()
        print(str(max_number(num, d)))

",False,False,0,0.0
1811A,4,"['break statement', 'for loop', 'while loop', 'recursion']",['for loop'],"['while loop', 'if statement', 'break statement', 'for loop', 'tuple', 'matrix operation']","import functools
from typing import List

def solve():
    def insert_digit(num: str, pos: int, digit: int) -> str:
        return num[:pos] + str(digit) + num[pos:]

    def max_insert_pos(num: str, digit: int) -> int:
        return max(range(len(num) + 1), key=lambda pos: int(insert_digit(num, pos, digit)) if pos > 0 else digit)

    @functools.lru_cache(maxsize=None)
    def max_insert_pos_memo(num: str, digit: int, pos: int = 0) -> int:
        if pos == len(num):
            return digit
        return max(max_insert_pos_memo(num, digit, pos + 1), max_insert_pos(num[pos:], digit))

    def solve_test_case(n: int, d: int, num: str) -> str:
        max_pos = max_insert_pos_memo(num, d)
        return insert_digit(num, max_pos, d)

    t = int(input())
    for _ in range(t):
        n, d = map(int, input().split())
        num = input()
        print(solve_test_case(n, d, num))

",False,False,0,0.0
1811A,5,"['break statement', 'for loop', 'while loop', 'recursion', 'dictionary']","['recursion', 'dynamic programming']","['while loop', 'if statement', 'break statement', 'for loop', 'tuple', 'matrix operation']","import functools

def solve():
    @functools.lru_cache(maxsize=None)
    def max_insert(num, pos, digit):
        if pos == 0:
            return str(digit) + num
        if pos > len(num):
            return num + str(digit)
        return max(num[:pos] + str(digit) + num[pos:], num[:pos] + str(num[pos - 1]) + str(digit) + num[pos:], max_insert(num[:pos] + str(num[pos]), pos - 1, digit))

    t = int(input())
    for _ in range(t):
        n, d = map(int, input().split())
        num = input()
        print(max_insert(num, len(num), d))

",False,False,2,1.0
1810B,0,['this is the og problem'],['for loop'],"['for loop', 'if statement', 'while loop', 'stack', 'misc', 'continue statement', 'break statement', 'recursion', 'matrix operation']","import sys

def solve():
    t = int(input())
    for _ in range(t):
        n = int(input())
        spells = []
        if n == 1:
            print(1)
            print(1)
            continue
        candies = 1
        steps = 0
        while candies < n:
            if candies * 2 > n:
                candies += 1
                steps += 1
            else:
                candies *= 2 - 1
                spells.append(1)
                steps += 1
        if candies != n:
            print(-1)
        else:
            spells.append(2)
            while len(spells) < steps:
                spells.append(2)
            print(steps)
            print(*spells)

",False,True,0,0.0
1810B,1,['misc'],"['for loop', 'if statement', 'tuple']","['for loop', 'if statement', 'while loop', 'stack', 'misc', 'continue statement', 'break statement', 'recursion', 'matrix operation']","import sys

def solve():
    for _ in range(int(input())):
        n = int(input())
        if n == 1:
            print(1)
            print(1)
        elif n % 2 == 0:
            m = n // 2
            print(m)
            print(*[2 for _ in range(m)])
        else:
            m = (n - 1) // 2
            print(m + 1)
            print(*[2 for _ in range(m)], 1)

",False,True,1,0.3333333333333333
1810B,2,"['misc', 'if statement']",['if statement'],"['for loop', 'if statement', 'while loop', 'stack', 'misc', 'continue statement', 'break statement', 'recursion', 'matrix operation']","import math

def solve():
    def spell(x, spell_type):
        if spell_type == 1:
            return 2 * x - 1
        else:
            return 2 * x + 1

    def binary_search(n, spells):
        left, right = 0, spells
        while left <= right:
            mid = (left + right) // 2
            candies = spells[mid]
            if candies >= n:
                right = mid - 1
                best_spells = spells[:mid]
            else:
                left = mid + 1
        return best_spells

    def solve_helper(n, spells_used):
        if spells_used == 40:
            return [n] if n == 1 else -1
        candies = 1
        spells = []
        for _ in range(spells_used):
            if candies < n:
                spells.append(1)
                candies = spell(candies, 1)
            elif candies > n:
                spells.append(2)
                candies = spell(candies, 2)
            else:
                return spells + solve_helper(n, spells_used + 1)
        return spells + solve_helper(n, spells_used + 1)

    t = int(input())
    for _ in range(t):
        n = int(input())
        spells = list(range(1, 41))
        spells = binary_search(n, spells)
        if spells:
            print(len(spells))
            print(*spells)
        else:
            print(-1)

",False,False,0,0.0
1810B,3,"['misc', 'if statement', 'for loop']","['if statement', 'queue', 'misc', 'tuple']","['for loop', 'if statement', 'while loop', 'stack', 'misc', 'continue statement', 'break statement', 'recursion', 'matrix operation']","import sys
from collections import deque

def solve():
    n = int(input())
    if n == 1:
        return 1, [1]

    q = deque([(1, [1])])
    visited = set()
    while q:
        candies, steps = q.popleft()
        if candies == n:
            return len(steps), steps

        if (candies, len(steps)) in visited:
            continue
        visited.add((candies, len(steps)))

        if candies > n:
            continue

        q.append((2 * candies + 1, steps + [2]))
        q.append((2 * candies - 1, steps + [1]))

    return -1

",False,False,2,0.5
1810B,4,"['misc', 'if statement', 'for loop', 'recursion']","['queue', 'dictionary', 'set']","['for loop', 'if statement', 'while loop', 'stack', 'misc', 'continue statement', 'break statement', 'recursion', 'matrix operation']","import collections

def solve():
    q = collections.deque()
    spells = {1: (2, -1), 2: (2, 1)}
    visited = set()

    def dfs(candies):
        if candies in visited:
            return False
        visited.add(candies)
        if candies == 1:
            q.append((1, []))
            return True
        for spell, change in spells.items():
            if dfs(candies + change):
                q.append((spell, [change] * change))
                return True
        return False

    for n in map(int, input().split()):
        if dfs(1):
            steps, spells_used = q.popleft()
            print(len(spells_used))
            print(*spells_used)
        else:
            print(-1)

",False,True,3,1.0
1810A,0,['this is the og problem'],"['for loop', 'set', 'if statement']","['for loop', 'if statement', 'break statement', 'recursion', 'misc']","import sys

def solve():
    t = int(input())
    for _ in range(t):
        n = int(input())
        a = list(map(int, input().split()))
        good_subseq = False
        for i in range(1, n+1):
            if set(a) & set(range(1, i+1)):
                good_subseq = True
                break
        print(""YES"" if good_subseq else ""NO"")

",False,True,1,0.3333333333333333
1810A,1,['if statement'],"['for loop', 'set', 'if statement', 'break statement']","['for loop', 'if statement', 'break statement', 'recursion', 'misc']","import sys

def solve():
    t = int(input())
    for _ in range(t):
        n = int(input())
        a = list(map(int, input().split()))
        good_subseq = False
        for i in range(1, n+1):
            if set(a[i-1:]) & {i}:
                good_subseq = True
                break
        print(""YES"" if good_subseq else ""NO"")

",True,False,1,0.25
1810A,2,"['if statement', 'set']",['for loop'],"['for loop', 'if statement', 'break statement', 'recursion', 'misc']","import functools

def solve():
 def is_good(seq):
 return any(i == j for i, j in zip(seq, range(1, len(seq) + 1)))

 def is_beautiful(seq):
 return any(is_good(subseq) for subseq in functools.reduce(lambda x, y: x + y, ([[]] + [list(i) for i in itertools.combinations(seq, r) for r in range(1, len(seq) + 1))))

 def main():
 t = int(input())
 for _ in range(t):
 n = int(input())
 seq = list(map(int, input().split()))
 print(""YES"" if is_beautiful(seq) else ""NO"")

 if __name__ == ""__main__"":
 main()
",False,True,0,0.0
1810A,3,"['if statement', 'set', 'for loop']","['recursion', 'dynamic programming']","['for loop', 'if statement', 'break statement', 'recursion', 'misc']","import functools

def solve():
    @functools.lru_cache(maxsize=None)
    def is_good(index, sequence):
        if index > len(sequence):
            return False
        if sequence[index - 1] == index:
            return True
        return any(is_good(i, sequence) for i in range(index + 1, len(sequence) + 1))

    def is_beautiful(sequence):
        return any(is_good(i, sequence) for i in range(1, len(sequence) + 1))

    t = int(input())
    for _ in range(t):
        n = int(input())
        sequence = list(map(int, input().split()))
        print(""YES"" if is_beautiful(sequence) else ""NO"")

",False,True,1,0.5
1810A,4,"['if statement', 'set', 'for loop', 'while loop']","['recursion', 'dynamic programming']","['for loop', 'if statement', 'break statement', 'recursion', 'misc']","import functools

def solve():
    @functools.lru_cache(maxsize=None)
    def is_good(arr, i=0):
        if i >= len(arr):
            return False
        if arr[i] == i:
            return True
        return any(is_good(arr[i:], j) for j in range(i+1, len(arr)))

    def is_beautiful(arr):
        return any(is_good(arr[i:]) for i in range(len(arr)))

    t = int(input())
    for _ in range(t):
        n = int(input())
        arr = list(map(int, input().split()))
        print(""YES"" if is_beautiful(arr) else ""NO"")

",False,True,1,0.5
1809A,0,['this is the og problem'],['for loop'],"['set', 'for loop', 'if statement', 'misc', 'tuple', 'dictionary', 'hashmap', 'while loop', 'sorting', 'continue statement']","from collections import defaultdict

def solve():
    n = int(input())
    for _ in range(n):
        s = input()
        colors = defaultdict(int)
        for i, c in enumerate(s):
            colors[c] = i
        if len(colors) != 4:
            print(-1)
            continue
        visited = set()
        stack = [0]
        while stack:
            i = stack.pop()
            if i in visited:
                continue
            visited.add(i)
            if i + 1 < 4 and colors[s[i + 1]] not in visited:
                stack.append(i + 1)
            if i - 1 >= 0 and colors[s[i - 1]] not in visited:
                stack.append(i - 1)
        print(len(visited))

",False,True,0,0.0
1809A,1,['misc'],"['recursion', 'depth first search', 'graph', 'dictionary']","['set', 'for loop', 'if statement', 'misc', 'tuple', 'dictionary', 'hashmap', 'while loop', 'sorting', 'continue statement']","from collections import defaultdict

def solve():
    def dfs(node, color, visited):
        if visited[node]:
            return False
        visited[node] = True
        if color[node] == 0:
            return True
        for neighbor in graph[node]:
            if dfs(neighbor, color, visited):
                return True
        return False

    n = int(input())
    for _ in range(n):
        s = list(map(int, input()))
        graph = defaultdict(list)
        for i in range(4):
            for j in range(i+1, 4):
                if abs(s[i] - s[j]) == 1:
                    graph[i].append(j)
                    graph[j].append(i)
        visited = [False] * 4
        for i in range(4):
            if not visited[i] and dfs(i, s, visited):
                print(1)
                break
        else:
            print(-1)

",False,True,3,0.75
1809A,2,"['misc', 'for loop']",['for loop'],"['set', 'for loop', 'if statement', 'misc', 'tuple', 'dictionary', 'hashmap', 'while loop', 'sorting', 'continue statement']","from collections import Counter

def solve():
    t = int(input())
    for _ in range(t):
        s = input()
        if len(set(s)) < 4:
            print(-1)
        else:
            count = Counter(s)
            bulbs = list(range(4))
            operations = 0
            while True:
                if count[s[bulbs[0]]] == 0:
                    count[s[bulbs[0]]] += 1
                    operations += 1
                    bulbs[0] = (bulbs[0] + 1) % 4
                else:
                    count[s[bulbs[0]]] -= 1
                    operations += 1
                    if all(count[s[i]] == 0 for i in bulbs):
                        break
            print(operations)
",False,False,0,0.0
1809A,3,"['misc', 'for loop', 'if statement']","['if statement', 'for loop', 'set', 'hashmap']","['set', 'for loop', 'if statement', 'misc', 'tuple', 'dictionary', 'hashmap', 'while loop', 'sorting', 'continue statement']","import itertools

def solve():
    t = int(input())
    for _ in range(t):
        s = list(map(int, input()))
        if len(set(s)) < 4:
            print(-1)
        else:
            # Find the number of unique colors
            unique_colors = len(set(s))
            # Find the number of pairs of same-colored bulbs
            pairs = sum(1 for i in range(4) for j in range(i+1, 4): 1 if s[i] == s[j])
            # If there are more than 2 pairs, it's impossible to turn all bulbs on
            if pairs > 2:
                print(-1)
            else:
                # Find the number of bulbs that are off
                off_bulbs = sum(1 for i in range(4) if s[i] == 0)
                # If there are an odd number of off bulbs, it's impossible to turn all bulbs on
                if off_bulbs % 2 != 0:
                    print(-1)
                else:
                    # Calculate the number of operations
                    operations = off_bulbs // 2 + pairs
                    print(operations)

",False,False,0,0.0
1809A,4,"['misc', 'for loop', 'if statement', 'set']","['if statement', 'for loop', 'set', 'dictionary', 'misc']","['set', 'for loop', 'if statement', 'misc', 'tuple', 'dictionary', 'hashmap', 'while loop', 'sorting', 'continue statement']","import itertools

def solve():
    t = int(input())
    for _ in range(t):
        s = list(map(int, input()))
        if len(set(s)) < 4:
            print(-1)
        else:
            for group in itertools.groupby(sorted(s)):
                if len(list(group[1])) > 1:
                    print(len(s) - len(list(group[1])))
                    break

",False,False,0,0.0
1809A,5,"['misc', 'for loop', 'if statement', 'set', 'while loop']","['for loop', 'if statement', 'set', 'sorting', 'break statement']","['set', 'for loop', 'if statement', 'misc', 'tuple', 'dictionary', 'hashmap', 'while loop', 'sorting', 'continue statement']","import itertools

def solve():
    t = int(input())
    for _ in range(t):
        s = list(map(int, input().strip()))
        if len(set(s)) < 4:
            print(-1)
        else:
            for group in itertools.groupby(sorted(s)):
                if len(list(group[1])) > 1:
                    print(len(s) - len(list(group[1])))
                    break

",False,False,1,0.2
1807C,0,['this is the og problem'],"['if statement', 'for loop']","['for loop', 'if statement', 'set', 'break statement', 'while loop', 'dictionary', 'matrix operation', 'misc']","import re

def solve():
    t = int(input())
    for _ in range(t):
        n = int(input())
        s = input()
        if re.match(r'^(0|1){1,n}$', s):
            print(""YES"")
        else:
            print(""NO"")
",False,True,0,0.0
1807C,1,['for loop'],"['if statement', 'for loop']","['for loop', 'if statement', 'set', 'break statement', 'while loop', 'dictionary', 'matrix operation', 'misc']","import re

def solve():
    def is_alternating(s):
        if len(s) < 2:
            return True
        for i in range(1, len(s)):
            if s[i] == s[i - 1]:
                return False
        return True

    def flip(s, c):
        return re.sub(c, '0' if s[0] == '0' else '1', s)

    def find_flip(s):
        for c in set(s):
            if is_alternating(flip(s, c)):
                return c
        return None

    t = int(input())
    for _ in range(t):
        n = int(input())
        s = input()
        if find_flip(s) is None:
            print(""NO"")
        else:
            print(""YES"")

",False,False,0,0.0
1807C,2,"['for loop', 'if statement']","['if statement', 'for loop']","['for loop', 'if statement', 'set', 'break statement', 'while loop', 'dictionary', 'matrix operation', 'misc']","import re

def solve():
    def is_alternating(s):
        if len(s) < 2:
            return True
        for i in range(1, len(s)):
            if s[i] == s[i - 1]:
                return False
        return True

    def flip(s, c):
        return re.sub(c, '0' if s.count(c) % 2 else '1', s)

    t = int(input())
    for _ in range(t):
        n = int(input())
        s = input()
        for c in set(s):
            if is_alternating(flip(s, c)):
                print(""YES"")
                break
        else:
            print(""NO"")
",False,False,0,0.0
1807C,3,"['for loop', 'if statement', 'recursion']","['for loop', 'if statement']","['for loop', 'if statement', 'set', 'break statement', 'while loop', 'dictionary', 'matrix operation', 'misc']","import re

def solve():
    t = int(input())
    for _ in range(t):
        n = int(input())
        s = input()
        if re.match(r'^(0|1){1,n}$', s):
            print(""YES"")
        else:
            print(""NO"")
",False,False,0,0.0
1807C,4,"['for loop', 'if statement', 'recursion', 'while loop']","['if statement', 'for loop']","['for loop', 'if statement', 'set', 'break statement', 'while loop', 'dictionary', 'matrix operation', 'misc']","import re

def solve():
    t = int(input())
    for _ in range(t):
        n = int(input())
        s = input()
        if re.match(r'^(0|1){1,n}$', s):
            print(""YES"")
        else:
            print(""NO"")

",False,False,0,0.0
1807B,0,['this is the og problem'],"['for loop', 'if statement']","['for loop', 'if statement', 'tuple', 'matrix operation', 'sorting', 'while loop']","import sys

def solve():
    t = int(input())
    for _ in range(t):
        n = int(input())
        a = list(map(int, input().split()))
        odd_count = sum(1 for i in a if i % 2 != 0)
        if odd_count == 0:
            print(""YES"")
        elif n % 2 == 1 and odd_count == 1:
            print(""YES"")
        else:
            print(""NO"")

",False,True,0,0.0
1807B,1,['for loop'],"['recursion', 'if statement', 'for loop', 'tuple']","['for loop', 'if statement', 'tuple', 'matrix operation', 'sorting', 'while loop']","import functools

def solve():
    @functools.lru_cache(maxsize=None)
    def can_reorder(arr, mihai, bianca):
        if not arr:
            return mihai > bianca
        odd = sum(1 for i in arr if arr[i] % 2)
        if odd == 1:
            return can_reorder(arr[1:], mihai + arr[0], bianca) if arr[0] % 2 == 0 else can_reorder(arr[1:], mihai, bianca + arr[0])
        return can_reorder(arr[1:], mihai, bianca)

    t = int(input())
    for _ in range(t):
        n = int(input())
        arr = list(map(int, input().split()))
        print(""YES"" if can_reorder(arr, 0, 0) else ""NO"")

",False,False,1,0.25
1807B,2,"['for loop', 'while loop']","['if statement', 'for loop']","['for loop', 'if statement', 'tuple', 'matrix operation', 'sorting', 'while loop']","import functools

def solve():
    def check(arr):
        mihai, bianca = 0, 0
        for num in arr:
            if num % 2 == 0:
                mihai += num
            else:
                bianca += num
            if mihai > bianca + 1:
                return False
        return True

    @functools.lru_cache(maxsize=None)
    def reorder(arr, n):
        if n == 1:
            return [arr[0]]
        odd_count = sum(1 for i in arr if i % 2 != 0)
        if odd_count == 0:
            return sorted(arr, reverse=True)
        if odd_count == n:
            return sorted(arr)
        for i in range(1, n):
            if check(reorder(arr[:i] + arr[i+1:], n-1)):
                return [arr[i]] + reorder(arr[:i] + arr[i+1:], n-1)
        return []

    t = int(input())
    for _ in range(t):
        n = int(input())
        arr = list(map(int, input().split()))
        result = ""YES"" if reorder(arr, n) else ""NO""
        print(result.upper())

",False,False,0,0.0
1807B,3,"['for loop', 'while loop', 'tuple']",['if statement'],"['for loop', 'if statement', 'tuple', 'matrix operation', 'sorting', 'while loop']","import functools

def solve():
    def reorder(arr):
        odd_count = sum(1 for i in arr if i % 2 != 0)
        if odd_count == 0:
            return arr
        if odd_count == 1:
            return arr[::-1]
        return sorted(arr, key=lambda x: x % 2, reverse=True)

    t = int(input())
    for _ in range(t):
        n = int(input())
        arr = list(map(int, input().split()))
        reordered = reorder(arr)
        print(""YES"" if sum(reordered[i] % 2 != reordered[i - 1] % 2 for i in range(1, len(reordered))) else ""NO"")

",False,True,0,0.0
1807B,4,"['for loop', 'while loop', 'tuple', 'if statement']",['for loop'],"['for loop', 'if statement', 'tuple', 'matrix operation', 'sorting', 'while loop']","import functools

def solve():
    def reorder(arr):
        def is_even(n):
            return n % 2 == 0

        def swap(arr, i, j):
            arr[i], arr[j] = arr[j], arr[i]

        def move_candies(player, candies):
            player += candies

        def process_bag(i):
            if is_even(arr[i]):
                move_candies(mihai, arr[i])
            else:
                move_candies(bianca, arr[i])

        mihai, bianca = 0, 0
        for i in range(len(arr)):
            process_bag(i)
            if mihai > bianca:
                return True
            if mihai < bianca:
                return False
        return False

    def find_reordering(arr):
        n = len(arr)
        for i in range(1, n):
            for j in range(i, n):
                if reorder(arr[:i] + arr[j:] + arr[i:j]):
                    return True
        return False

    t = int(input())
    for _ in range(t):
        n = int(input())
        arr = list(map(int, input().split()))
        if find_reordering(arr):
            print(""YES"")
        else:
            print(""NO"")

",False,False,0,0.0
1807A,0,['this is the og problem'],['if statement'],"['for loop', 'if statement', 'tuple', 'while loop']","import functools

def solve():
    def plus_or_minus(a, b, c):
        return ""+"" if a + b == c else ""-""

    @functools.lru_cache(maxsize=162)
    def solve_test_case(a, b, c):
        return plus_or_minuss(a, b, c)

    t = int(input())
    for _ in range(t):
        a, b, c = map(int, input().split())
        print(solve_test_case(a, b, c))
",False,True,0,0.0
1807A,1,['for loop'],"['recursion', 'dynamic programming', 'hashmap']","['for loop', 'if statement', 'tuple', 'while loop']","import functools

@functools.lru_cache(maxsize=128)
def solve(a, b, c):
    return ""+"" if a + b == c else ""-""

",False,True,3,1.0
1807A,2,"['for loop', 'tuple']","['if statement', 'for loop']","['for loop', 'if statement', 'tuple', 'while loop']","import sys

def solve():
    t = int(input())
    for _ in range(t):
        a, b, c = map(int, input().split())
        if a + b == c:
            print(""+"")
        else:
            print(""-"")

",True,False,0,0.0
1807A,3,"['for loop', 'tuple', 'if statement']",['for loop'],"['for loop', 'if statement', 'tuple', 'while loop']","import functools

def solve():
    def add(a, b, c):
        return a + b == c

    def sub(a, b, c):
        return a - b == c

    @functools.lru_cache(maxsize=None)
    def check(a, b, c):
        return any([add(a, b, c), sub(a, b, c)])

    def process_input(a, b, c):
        if check(a, b, c):
            return '+' if add(a, b, c) else '-'
        else:
            raise ValueError(""Invalid input"")

    for _ in range(int(input())):
        a, b, c = map(int, input().split())
        print(process_input(a, b, c))
",True,False,0,0.0
1807A,4,"['for loop', 'tuple', 'if statement', 'recursion']","['if statement', 'for loop']","['for loop', 'if statement', 'tuple', 'while loop']","import sys

def solve():
    t = int(input())
    for _ in range(t):
        a, b, c = map(int, input().split())
        if a + b == c:
            print(""+"")
        elif a - b == c:
            print(""-"")

",True,False,0,0.0
1806A,0,['this is the og problem'],"['for loop', 'if statement', 'while loop', 'break statement']","['for loop', 'if statement', 'tuple', 'while loop', 'misc', 'continue statement']","import math

def solve():
    t = int(input())
    for _ in range(t):
        a, b, c, d = map(int, input().split())
        if a == c and b == d:
            print(0)
        elif a != c and b != d:
            print(-1)
        else:
            x, y = a, b
            moves = 0
            while x != c or y != d:
                moves += 1
                if x + 1 == c and y + 1 == d:
                    x, y = x + 1, y + 1
                elif x - 1 == c and y == d:
                    x, y = x - 1, y
                else:
                    print(-1)
                    break
            print(moves)
",False,True,1,0.25
1806A,1,['matrix operation'],['if statement'],"['for loop', 'if statement', 'tuple', 'while loop', 'misc', 'continue statement']","import math

def solve():
    def is_reachable(a, b, c, d):
        if a > c and b > d:
            return False
        if a < c and b < d:
            return False
        if abs(a - c) + abs(b - d) == 2:
            return True
        return False

    def min_steps(a, b, c, d):
        steps = 0
        while (a != c or b != d):
            if a > c:
                a -= 1
            elif b > d:
                b -= 1
            else:
                a += 1
                b += 1
            steps += 1
        return steps

    t = int(input())
    for _ in range(t):
        a, b, c, d = map(int, input().split())
        if is_reachable(a, b, c, d):
            print(min_steps(a, b, c, d))
        else:
            print(-1)
",False,True,0,0.0
1806A,2,"['matrix operation', 'if statement']","['if statement', 'for loop']","['for loop', 'if statement', 'tuple', 'while loop', 'misc', 'continue statement']","import math

def manhattan_distance(a, b, c, d):
    return abs(a - c) + abs(b - d)

def solve():
    t = int(input())
    for _ in range(t):
        a, b, c, d = map(int, input().split())
        if manhattan_distance(a, b, c, d) % 2 == 1:
            print(-1)
        else:
            moves = manhattan_distance(a, b, c, d) // 2
            print(moves)
",False,False,0,0.0
1806A,3,"['matrix operation', 'if statement', 'for loop']","['for loop', 'if statement']","['for loop', 'if statement', 'tuple', 'while loop', 'misc', 'continue statement']","from typing import List
import math

def manhattan_distance(a: List[int], b: List[int]):
    return sum([abs(x - y) for x, y in zip(a, b)])

def solve():
    t = int(input())
    for _ in range(t):
        ab, cd = list(map(list, zip(*[input().split() for _ in range(2)])))
        if manhattan_distance(ab, cd) % 2 == 1:
            print(-1)
        else:
            moves = math.ceil(manhattan_distance(ab, cd) / 2)
            print(moves)
",False,False,0,0.0
1806A,4,"['matrix operation', 'if statement', 'for loop', 'hashmap']",['recursion'],"['for loop', 'if statement', 'tuple', 'while loop', 'misc', 'continue statement']","from the initial point to the destination point. Since we are not allowed to use a for loop, we can use a recursive approach instead. Here is the Python code for the `solve()` function:

",False,True,1,1.0
1805B,0,['this is the og problem'],"['set', 'misc']","['for loop', 'while loop', 'hashmap', 'if statement', 'continue statement', 'set', 'sorting', 'misc', 'break statement', 'tuple']","import string

def solve():
    def lex_min_string(s):
        chars = sorted(list(set(s)))
        return ''.join([chars[i] for i in sorted(range(len(s)), key=lambda x: s.index(s[x]))])

    def move_char_to_beginning(s, i):
        return s[:i] + s[i] + s[i+1:]

    def solve_single_test_case(n, s):
        return lex_min_string(move_char_to_beginning(s, s.index(min(s, key=s.index)) if s else ''))

    def main():
        t = int(input())
        for _ in range(t):
            n = int(input())
            s = input()
            print(solve_single_test_case(n, s))

    main()
",False,True,0,0.0
1805B,1,['for loop'],"['heap', 'tuple']","['for loop', 'while loop', 'hashmap', 'if statement', 'continue statement', 'set', 'sorting', 'misc', 'break statement', 'tuple']","import heapq

def solve():
    def lex_min(s):
        heap = [(ord(c), i) for i, c in enumerate(s)]
        heapq.sort(heap)
        return ''.join([chr(h[1]) for h in heap])

    def move(s, i):
        return s[i:] + s[:i]

    def solve_helper(s):
        for i in range(len(s)):
            new_s = move(s, i)
            if lex_min(new_s) < lex_min(s):
                return new_s
        return s

    def main():
        t = int(input())
        for _ in range(t):
            n = int(input())
            s = input()
            print(solve_helper(s))

    main()
",False,True,1,0.5
1805B,2,"['for loop', 'if statement']",['for loop'],"['for loop', 'while loop', 'hashmap', 'if statement', 'continue statement', 'set', 'sorting', 'misc', 'break statement', 'tuple']","import functools
import operator

def lex_min_string(s):
    @functools.lru_cache(maxsize=None)
    def dfs(i, prev):
        if i == len(s):
            return s[::-1]
        min_val = float('inf')
        for j in range(i, len(s)):
            if s[j] < prev:
                new_s = s[:j] + s[i] + s[j+1:i] + s[j] + s[i+1:]
                new_val = dfs(i+1, s[j])
                min_val = min(min_val, new_val)
        return min_val

    return dfs(0, None)

def solve():
    t = int(input())
    for _ in range(t):
        n = int(input())
        s = input()
        print(lex_min_string(s))

",False,False,0,0.0
1805B,3,"['for loop', 'if statement', 'tuple']","['heap', 'tuple']","['for loop', 'while loop', 'hashmap', 'if statement', 'continue statement', 'set', 'sorting', 'misc', 'break statement', 'tuple']","import heapq

def solve():
    def lex_min(s):
        heap = [(ord(c), i) for i, c in enumerate(s)]
        heapq.heapify(heap)
        return ''.join([chr(h[1]) for h in heap])

    def move_char(s, i):
        return s[i] + s[:i] + s[i+1:]

    def solve_helper(s):
        for i in range(len(s)):
            new_s = move_char(s, i)
            if lex_min(new_s) < lex_min(s):
                return new_s
        return s

    def main():
        t = int(input())
        for _ in range(t):
            n = int(input())
            s = input()
            print(solve_helper(s))

    main()
",False,False,1,0.5
1805B,4,"['for loop', 'if statement', 'tuple', 'while loop']","['heap', 'set', 'sorting']","['for loop', 'while loop', 'hashmap', 'if statement', 'continue statement', 'set', 'sorting', 'misc', 'break statement', 'tuple']","import heapq

def solve():
    def lex_min(s):
        chars = sorted(list(set(s)))
        return ''.join(sorted(s, key=lambda x: chars.index(x)))

    def move_char(s, i):
        return s[i] + s[:i] + s[i+1:]

    def find_min_move(s):
        n = len(s)
        min_move = n
        for i in range(n):
            new_s = move_char(s, i)
            if lex_min(new_s) < lex_min(s):
                min_move = i
        return min_move

    t = int(input())
    for _ in range(t):
        n = int(input())
        s = input()
        min_move = find_min_move(s)
        print(move_char(s, min_move))
",False,True,1,0.3333333333333333
1805A,0,['this is the og problem'],['for loop'],"['if statement', 'for loop', 'break statement', 'misc', 'tuple', 'while loop', 'hashmap', 'matrix operation']","from functools import reduce

def solve():
    n = int(input())
    a = list(map(int, input().split()))

    def xor_sum(x):
        return reduce(lambda a, b: a ^ b, a, x)

    for i in range(256):
        if xor_sum(i) == 0:
            print(i)
            return
    print(-1)
",False,True,0,0.0
1805A,1,['break statement'],['recursion'],"['if statement', 'for loop', 'break statement', 'misc', 'tuple', 'while loop', 'hashmap', 'matrix operation']","import functools

def solve():
    def xor_sum(a):
        return functools.reduce(lambda x, y: x ^ y, a)

    def find_xor(n, a):
        max_x = (1 << 8) - 1
        for x in range(max_x + 1):
            if xor_sum([a[i] ^ x for i in range(n)]) == 0:
                return x
        return -1

    t = int(input())
    for _ in range(t):
        n = int(input())
        a = list(map(int, input().split()))
        print(find_xor(n, a))
",False,True,1,1.0
1805A,2,"['break statement', 'misc']",['recursion'],"['if statement', 'for loop', 'break statement', 'misc', 'tuple', 'while loop', 'hashmap', 'matrix operation']","from functools import reduce

def solve():
    def xor_sum(a):
        return reduce((lambda x, y: x ^ y), a)

    def find_xor(a):
        for i in range(256):
            if xor_sum(map(lambda x: x ^ i, a)) == 0:
                return i
        return -1

    t = int(input())
    for _ in range(t):
        n = int(input())
        a = list(map(int, input().split()))
        print(find_xor(a))

",False,True,1,1.0
1805A,3,"['break statement', 'misc', 'if statement']",['for loop'],"['if statement', 'for loop', 'break statement', 'misc', 'tuple', 'while loop', 'hashmap', 'matrix operation']","from functools import reduce

def solve():
    def xor_sum(a):
        return reduce(lambda x, y: x ^ y, a)

    def find_xor(n, a):
        mask = (1 << n) - 1
        for i in range(mask + 1):
            if xor_sum([a[j] ^ i for j in range(n)]) == 0:
                return i
        return -1

    t = int(input())
    for _ in range(t):
        n = int(input())
        a = list(map(int, input().split()))
        print(find_xor(len(a), a))

",False,True,0,0.0
1805A,4,"['break statement', 'misc', 'if statement', 'for loop']",['for loop'],"['if statement', 'for loop', 'break statement', 'misc', 'tuple', 'while loop', 'hashmap', 'matrix operation']","from functools import reduce

def solve():
    def xor_sum(a):
        return reduce(lambda x, y: x ^ y, a)

    def find_xor(n, a):
        mask = (1 << n) - 1
        for x in range(mask + 1):
            if xor_sum([a[i] ^ x for i in range(n)]) == 0:
                return x
        return -1

    t = int(input())
    for _ in range(t):
        n = int(input())
        a = list(map(int, input().split()))
        print(find_xor(len(a), a))

",False,False,0,0.0
1805A,5,"['break statement', 'misc', 'if statement', 'for loop', 'tuple']",['recursion'],"['if statement', 'for loop', 'break statement', 'misc', 'tuple', 'while loop', 'hashmap', 'matrix operation']","from functools import reduce

def solve():
    def xor_sum(a):
        return reduce(lambda x, y: x ^ y, a)

    def find_xor(n, a):
        mask = (1 << n) - 1
        for x in range(mask + 1):
            if xor_sum([a[i] ^ x for i in range(n)]) == 0:
                return x
        return -1

    t = int(input())
    for _ in range(t):
        n = int(input())
        a = list(map(int, input().split()))
        print(find_xor(len(a), a))

",False,True,1,1.0
1804A,0,['this is the og problem'],['for loop'],"['for loop', 'if statement', 'tuple', 'while loop', 'minimax', 'misc', 'two pointers', 'matrix operation', 'sorting']","import heapq

def bfs(board, start, end):
    queue = [(0, start)]
    visited = set()
    directions = [(0, 1), (0, -1), (1, 0), (-1, 0)]

    while queue:
        sec, (r, c) = heapq.heappop(queue)
        if (r, c) == end:
            return sec
        if (r, c) in visited:
            continue
        visited.add((r, c))
        for dr, dc in directions:
            new_r, new_c = r + dr, c + dc
            if 0 <= new_r < 201 and 0 <= new_c < 201:
                heapq.heappush(queue, (sec + 1, (new_r, new_c)))

    return -1

def solve():
    t = int(input())
    for _ in range(t):
        a, b = map(int, input().split())
        print(bfs([[0] * 201 for _ in range(201)], (0, 0), (a, b)))

",False,True,0,0.0
1804A,1,['if statement'],"['tuple', 'matrix operation', 'for loop']","['for loop', 'if statement', 'tuple', 'while loop', 'minimax', 'misc', 'two pointers', 'matrix operation', 'sorting']","import collections
import itertools
import sys

def solve():
    moves = [(0, 0), (0, 1), (0, -1), (1, 0), (-1, 0)]
    board = [[0] * 201 for _ in range(201)]
    board[0][0] = 1

    def valid(r, c):
        return -100 < r < 101 and -100 < c < 101

    def neighbors(r, c):
        result = []
        for move in moves:
            new_r, new_c = r + move[0], c + move[1]
            if valid(new_r, new_c) and board[new_r][new_c] == 0:
                result.append((new_r, new_c))
        return result

    def bfs(r, c):
        queue = [(r, c)]
        board[r][c] = 1
        seconds = 0
        while queue:
            current = queue.pop(0)
            for neighbor in neighbors(*current):
                if neighbor == (a, b):
                    return seconds
                if board[neighbor[0]][neighbor[1]] == 0:
                    board[neighbor[0]][neighbor[1]] = 1
                    queue.append(neighbor)
            seconds += 1
        return -1

    for _ in range(int(input())):
        a, b = map(int, input().split())
        print(bfs(0, 0))

",False,True,0,0.0
1804A,2,"['if statement', 'tuple']",['for loop'],"['for loop', 'if statement', 'tuple', 'while loop', 'minimax', 'misc', 'two pointers', 'matrix operation', 'sorting']","import heapq
import sys
input = sys.stdin.readline

def manhattan_distance(a, b):
    return abs(a[0]) + abs(a[1])

def solve():
    R, C = 201, 201
    moves = [(0, 0, 0)]
    visited = set()
    visited.add((0, 0))
    directions = [(0, 1), (0, -1), (1, 0), (-1, 0)]

    def bfs():
        q = [(0, moves[-1])]
        while q:
            sec, path = heapq.heappop(q)
            if path[-1] == (a, b):
                return sec
            for dx, dy in directions:
                x, y = path[-1]
                nx, ny = x + dx, y + dy
                if 0 <= nx < R and 0 <= ny < C and (nx, ny) not in visited:
                    visited.add((nx, ny))
                    heapq.heappush(q, (sec + 1, path + [(nx, ny)]))

    for sec, path in enumerate(bfs() for a, b in map(int, input().split())):
        print(sec)

",True,True,0,0.0
1804A,3,"['if statement', 'tuple', 'matrix operation']",['for loop'],"['for loop', 'if statement', 'tuple', 'while loop', 'minimax', 'misc', 'two pointers', 'matrix operation', 'sorting']","import heapq
import sys
input = sys.stdin.readline

def manhattan_distance(a, b):
    return abs(a[0]) + abs(a[1])

def solve():
    R, C = 201, 201
    board = [[float('inf')] * C for _ in range(R)]
    board[0][0] = 0
    q = [(0, 0, 0)]

    moves = [(0, 0), (0, 1), (0, -1), (1, 0), (-1, 0)]

    while q:
        r, c, steps = heapq.heappop(q)

        for dr, dc in moves:
            new_r, new_c = r + dr, c + dc
            if new_r < 0 or new_r >= R or new_c < 0 or new_c >= C:
                continue
            new_steps = steps + 1
            if new_steps > board[new_r][new_c]:
                board[new_r][new_c] = new_steps
                heapq.heappush(q, (new_r, new_c, new_steps))

    a, b = map(int, input().split())
    return board[a][b]

",False,True,0,0.0
1804A,4,"['if statement', 'tuple', 'matrix operation', 'for loop']",['for loop'],"['for loop', 'if statement', 'tuple', 'while loop', 'minimax', 'misc', 'two pointers', 'matrix operation', 'sorting']","import heapq

def bfs(board, start, end):
    queue = [(0, start)]
    visited = set()
    directions = [(0, 1), (0, -1), (1, 0), (-1, 0)]

    while queue:
        seconds, current = heapq.heappop(queue)

        if current == end:
            return seconds

        if current in visited:
            continue

        visited.add(current)

        for dx, dy in directions:
            next_cell = (current[0] + dy, current[1] + dx)
            if -100 < next_cell[0] < 101 and -100 < next_cell[1] < 101:
                heapq.heappush(queue, (seconds + 1, next_cell))

    return -1

def solve():
    t = int(input())
    for _ in range(t):
        a, b = map(int, input().split())
        print(bfs([(r, c) for r in range(-100, 101) for c in range(-100, 101)], (0, 0), (a, b)))

",False,False,0,0.0
1804A,5,"['if statement', 'tuple', 'matrix operation', 'for loop', 'while loop']","['tuple', 'matrix operation']","['for loop', 'if statement', 'tuple', 'while loop', 'minimax', 'misc', 'two pointers', 'matrix operation', 'sorting']","import collections
import math

def manhattan_distance(a, b):
    return abs(a[0]) + abs(a[1]) + abs(b[0]) + abs(b[1])

def solve():
    board = [[0] * 201 for _ in range(201)]
    board[0][0] = math.inf
    queue = collections.deque([(0, 0, 0)])
    moves = [(0, 0), (0, 1), (0, -1), (1, 0), (-1, 0)]

    while queue:
        r, c, steps = queue.popleft()
        for move in moves:
            new_r, new_c = r + move[0], c + move[1]
            if new_r < 0 or new_r >= 201 or new_c < 0 or new_c >= 201:
                continue
            if board[new_r][new_c] > steps + 1:
                board[new_r][new_c] = steps + 1
                queue.append((new_r, new_c, steps + 1))

    for test_case in [(a, b) for a, b in zip(map(int, input().split()), map(int, input().split()))]:
        print(board[test_case[0]][test_case[1]])

",False,False,0,0.0
1802A,0,['this is the og problem'],"['recursion', 'dynamic programming', 'if statement']","['for loop', 'if statement', 'tuple', 'while loop']","import functools
from typing import List

def solve():
    @functools.lru_cache(maxsize=None)
    def max_likes(a, i):
        if i == 0:
            return 0 if a[0] < 0 else 1
        return max(max_likes(a, i - 1) + 1 if a[i - 1] > 0 else max_likes(a, i - 1), max_likes(a[i:], i))

    @functools.lru_cache(maxsize=None)
    def min_likes(a, i):
        if i == 0:
            return 0 if a[0] > 0 else -1
        return min(min_likes(a, i - 1) - 1 if a[i - 1] < 0 else min_likes(a, i - 1), min_likes(a[i:], i))

    t = int(input())
    for _ in range(t):
        n = int(input())
        a = list(map(int, input().split()))
        max_likes_list = [max_likes(a, i) for i in range(n)]
        min_likes_list = [min_likes(a, i) for i in range(n)]
        print(*max_likes_list)
        print(*min_likes_list)

",False,True,2,0.6666666666666666
1802A,1,['set'],"['dynamic programming', 'for loop']","['for loop', 'if statement', 'tuple', 'while loop']","import functools
import itertools

def solve():
    def max_likes(a):
        n = len(a)
        dp_max = [0] * (n + 1)
        dp_min = [0] * (n + 1)
        for i in range(1, n + 1):
            dp_max[i] = dp_max[i - 1] + a[i - 1]
            dp_min[i] = dp_min[i - 1] + a[i - 1]
            for j in range(1, i):
                dp_max[i] = max(dp_max[i], dp_max[j] + dp_min[i - j])
                dp_min[i] = min(dp_min[i], dp_max[j] + dp_min[i - j])
        return dp_max, dp_min

    def main():
        t = int(input())
        for _ in range(t):
            n = int(input())
            a = list(map(int, input().split()))
            dp_max, dp_min = max_likes(a)
            print(*dp_max)
            print(*dp_min)

    main()

",False,True,1,0.5
1802A,2,"['set', 'for loop']","['recursion', 'dynamic programming', 'hashmap']","['for loop', 'if statement', 'tuple', 'while loop']","import functools
import itertools

def solve():
    @functools.lru_cache(maxsize=None)
    def dp_max(i, likes):
        if i == 0:
            return 0
        return max(likes[i] + dp_max(i - abs(likes[i]), likes), dp_max(i - 1, likes))

    @functools.lru_cache(maxsize=None)
    def dp_min(i, likes):
        if i == 0:
            return 0
        return min(likes[i] + dp_min(i - abs(likes[i]), likes), dp_min(i - 1, likes))

    def main():
        t = int(input())
        for _ in range(t):
            n = int(input())
            likes = list(map(int, input().split()))
            max_likes = [dp_max(i, likes) for i in range(1, n + 1)]
            min_likes = [dp_min(i, likes) for i in range(1, n + 1)]
            print(*max_likes)
            print(*min_likes)

    main()

",False,True,3,1.0
1802A,3,"['set', 'for loop', 'if statement']","['recursion', 'if statement']","['for loop', 'if statement', 'tuple', 'while loop']","import functools
import operator

def solve():
    @functools.lru_cache(maxsize=None)
    def max_likes(a, i):
        if i == 0:
            return max(a[0], 0)
        return max(a[i] + max_likes(a[:i], i - max(1, i - a[i])) if a[i] > 0 else max_likes(a[:i], i), 0)

    @functools.lru_cache(maxsize=None)
    def min_likes(a, i):
        if i == 0:
            return min(a[0], 0)
        return min(a[i] + min_likes(a[:i], i - min(1, i - abs(a[i])) if a[i] < 0 else i), 0)

    t = int(input())
    for _ in range(t):
        n = int(input())
        a = list(map(int, input().split()))
        max_likes_list = [max_likes(a, i) for i in range(n)]
        min_likes_list = [min_likes(a, i) for i in range(n)]
        print(*max_likes_list)
        print(*min_likes_list)

",False,False,1,0.5
1800A,0,['this is the og problem'],"['for loop', 'if statement']","['for loop', 'if statement', 'misc', 'continue statement', 'while loop']","import re

def solve():
    t = int(input())
    for _ in range(t):
        n = int(input())
        s = input()
        if re.match(r'^[meowMEOW]+w$', s):
            print(""YES"")
        else:
            print(""NO"")
",False,True,0,0.0
1800A,1,['for loop'],"['if statement', 'for loop']","['for loop', 'if statement', 'misc', 'continue statement', 'while loop']","import re

def solve():
    t = int(input())
    for _ in range(t):
        n = int(input())
        s = input()
        if re.match(r'^[meowMEOW]+w$', s):
            print(""YES"")
        else:
            print(""NO"")
",False,False,0,0.0
1800A,2,"['for loop', 'tuple']","['for loop', 'if statement']","['for loop', 'if statement', 'misc', 'continue statement', 'while loop']","import re

def solve():
    test_cases = int(input())
    for _ in range(test_cases):
        n = int(input())
        sound = input()
        if re.match(r'^[mM][eE][oO][wW]$', sound):
            print(""YES"")
        else:
            print(""NO"")
",False,False,0,0.0
1800A,3,"['for loop', 'tuple', 'while loop']","['for loop', 'if statement']","['for loop', 'if statement', 'misc', 'continue statement', 'while loop']","import re

def solve():
    test_cases = int(input())
    for _ in range(test_cases):
        n = int(input())
        sound = input()
        if re.match(r'^[mM][eE][oO][wW]$', sound):
            print(""YES"")
        else:
            print(""NO"")
",False,False,0,0.0
1800A,4,"['for loop', 'tuple', 'while loop', 'recursion']","['for loop', 'if statement']","['for loop', 'if statement', 'misc', 'continue statement', 'while loop']","import re

def solve():
    t = int(input())
    for _ in range(t):
        n = int(input())
        s = input()
        if re.match(r'^[mM][eE][oO][wW]$', s):
            print(""YES"")
        else:
            print(""NO"")
",False,False,0,0.0
1800A,5,"['for loop', 'tuple', 'while loop', 'recursion', 'if statement']","['if statement', 'for loop']","['for loop', 'if statement', 'misc', 'continue statement', 'while loop']","def solve():
    def is_meowing(s):
        if len(s) < 4 or len(s) % 3 != 0:
            return False
        for i in range(0, len(s), 3):
            if not (s[i] in 'meo' and s[i+1] in 'EO' and s[i+2] in 'ow'):
                return False
        return True

    t = int(input())
    for _ in range(t):
        n = int(input())
        s = input()
        if is_meowing(s):
            print(""YES"")
        else:
            print(""NO"")
",False,False,0,0.0
1799A,0,['this is the og problem'],['for loop'],"['for loop', 'if statement', 'while loop', 'dictionary', 'set', 'tuple', 'break statement', 'continue statement', 'misc']","from collections import deque

def solve():
    n, m = map(int, input().split())
    actions = list(map(int, input().split()))
    recent_actions = deque([i for i in range(1, n + 1)])
    result = [-1] * n
    for action in actions:
        if action <= len(recent_actions):
            recent_actions.rotate(-action + 1)
        else:
            recent_actions.append(recent_actions.popleft())
        if recent_actions[0] == recent_actions[-1]:
            index = recent_actions.index(recent_actions[0])
            result[index] = actions.index(recent_actions[0]) + 1
    print(*result)

",False,True,0,0.0
1799A,1,['for loop'],"['queue', 'for loop']","['for loop', 'if statement', 'while loop', 'dictionary', 'set', 'tuple', 'break statement', 'continue statement', 'misc']","from collections import deque

def solve():
    n, m = map(int, input().split())
    recent_actions = deque([i for i in range(1, n + 1)])
    actions = list(map(int, input().split()))
    actions.sort()

    result = [-1] * n
    for action in actions:
        recent_actions.append(action)
        recent_actions.popleft()
        index = recent_actions[0]
        result[index - 1] = actions.index(action) + 1

    print(*result)

",False,False,1,0.5
1799A,2,"['for loop', 'queue']","['for loop', 'queue', 'tuple', 'hashmap']","['for loop', 'if statement', 'while loop', 'dictionary', 'set', 'tuple', 'break statement', 'continue statement', 'misc']","from collections import deque

def solve():
    n, m = map(int, input().split())
    actions = list(map(int, input().split()))
    recent_actions = deque([i for i in range(1, n + 1)])
    actions_queue = deque(actions)
    result = [-1] * n
    time = 0

    while actions_queue or recent_actions:
        if actions_queue:
            action = actions_queue.popleft()
            if action - 1 == recent_actions[0]:
                recent_actions.popleft()
            else:
                recent_actions.appendleft(action)
                recent_actions.popleft()
            time += 1
            result[action - 1] = time
        else:
            time_to_remove = float('inf')
            for i in range(n):
                if recent_actions[i] != recent_actions[0]:
                    time_to_remove = min(time_to_remove, time + 1)
                    break
            for _ in range(time_to_remove):
                recent_actions.popleft()
            time += time_to_remove

    print(*result)

",False,False,2,0.5
1799A,3,"['for loop', 'queue', 'recursion']",['for loop'],"['for loop', 'if statement', 'while loop', 'dictionary', 'set', 'tuple', 'break statement', 'continue statement', 'misc']","from collections import deque

def solve():
    n, m = map(int, input().split())
    actions = list(map(int, input().split()))
    recent_actions = deque([i for i in range(1, n + 1)])
    actions_dict = {i: -1 for i in range(1, n + 1)}
    for action in actions:
        if action in recent_actions:
            recent_actions.rotate(-1)
            actions_dict[action] = len(recent_actions)
        else:
            recent_actions.popleft()
            actions_dict[action] = 0
    print(*[actions_dict[i] for i in range(1, n + 1)])

",False,False,0,0.0
1799A,4,"['for loop', 'queue', 'recursion', 'if statement']","['queue', 'tuple']","['for loop', 'if statement', 'while loop', 'dictionary', 'set', 'tuple', 'break statement', 'continue statement', 'misc']","from collections import deque

def solve(n, actions):
    recent_actions = deque([i for i in range(1, n + 1)])
    actions_queue = deque(actions)
    result = [-1] * n

    while actions_queue:
        time, post = actions_queue.popleft()
        if post <= len(recent_actions):
            recent_actions.rotate(-(post - 1))
        else:
            recent_actions.popleft()
            recent_actions.append(post)

        if recent_actions[0] == result[0]:
            result[0] = -1
        for i in range(1, n):
            if recent_actions[i] != recent_actions[i - 1] and recent_actions[i] != result[i]:
                result[i] = time
                break

    return result
",False,False,1,0.5
1799A,5,"['for loop', 'queue', 'recursion', 'if statement', 'dictionary']",['for loop'],"['for loop', 'if statement', 'while loop', 'dictionary', 'set', 'tuple', 'break statement', 'continue statement', 'misc']","from collections import deque

def solve():
    n, m = map(int, input().split())
    actions = list(map(int, input().split()))
    recent_actions = deque([i for i in range(1, n + 1)])
    actions_queue = deque(actions)
    result = [-1] * n
    time = 0

    while actions_queue or recent_actions:
        if actions_queue:
            action = actions_queue.popleft()
            recent_actions.rotate(-(action - n))
            if recent_actions[0] == action:
                result[action - 1] = time + 1
                recent_actions.popleft()
        else:
            time += 1

    print(*result)

",False,False,0,0.0
1798A,0,['this is the og problem'],"['recursion', 'tuple', 'misc']","['for loop', 'if statement', 'tuple', 'sorting', 'break statement', 'matrix operation', 'while loop', 'misc']","def solve():
    def swap(a, i, j):
        a[i], a[j] = a[j], a[i]
        a_copy = a[:]
        a_copy[j], a_copy[i] = a_copy[i], a_copy[j]
        return a_copy

    def max_index(arr):
        return arr.index(max(arr))

    def can_swap(a, b):
        return max_index(a) == len(a) - 1 and max_index(b) == len(b) - 1

    while True:
        n = int(input())
        a = list(map(int, input().split()))
        b = list(map(int, input().split()))

        if can_swap(a, b):
            print(""Yes"")
        else:
            print(""No"")
",False,True,1,0.3333333333333333
1798A,1,['for loop'],['for loop'],"['for loop', 'if statement', 'tuple', 'sorting', 'break statement', 'matrix operation', 'while loop', 'misc']","import sys

def solve():
    t = int(input())
    for _ in range(t):
        n = int(input())
        a = list(map(int, input().split()))
        b = list(map(int, input().split()))

        a.sort(reverse=True)
        b.sort(reverse=True)

        if a[-1] == b[-1]:
            print(""Yes"")
        else:
            print(""No"")

",False,False,0,0.0
1798A,2,"['for loop', 'if statement']",['for loop'],"['for loop', 'if statement', 'tuple', 'sorting', 'break statement', 'matrix operation', 'while loop', 'misc']","import sys

def solve():
    t = int(input())
    for _ in range(t):
        n = int(input())
        a = list(map(int, input().split()))
        b = list(map(int, input().split()))

        # Sort both arrays in descending order
        a.sort(reverse=True)
        b.sort(reverse=True)

        # Check if the last elements are the maximums
        if a[-1] == max(a) and b[-1] == max(b):
            print(""Yes"")
        else:
            print(""No"")

",False,False,0,0.0
1798A,3,"['for loop', 'if statement', 'tuple']",['for loop'],"['for loop', 'if statement', 'tuple', 'sorting', 'break statement', 'matrix operation', 'while loop', 'misc']","import sys

def solve():
    t = int(input())
    for _ in range(t):
        n = int(input())
        a = list(map(int, input().split()))
        b = list(map(int, input().split()))

        # Initialize max values for both arrays
        a_max = max(a)
        b_max = max(b)

        # Swap elements if necessary to make a[n-1] == a_max and b[n-1] == b_max
        for i in range(n - 1, -1, -1):
            if a[i] > a_max:
                a_max = a[i]
                a[n - 1], a[i] = a[i], a[n - 1]
            if b[i] > b_max:
                b_max = b[i]
                b[n - 1], b[i] = b[i], b[n - 1]

        # Check if both conditions are satisfied
        if a_max == a[n - 1] and b_max == b[n - 1]:
            print(""Yes"")
        else:
            print(""No"")

",False,False,0,0.0
1798A,4,"['for loop', 'if statement', 'tuple', 'while loop']",['for loop'],"['for loop', 'if statement', 'tuple', 'sorting', 'break statement', 'matrix operation', 'while loop', 'misc']","import sys

def solve():
    t = int(input())
    for _ in range(t):
        n = int(input())
        a = list(map(int, input().split()))
        b = list(map(int, input().split()))

        a.sort(reverse=True)
        b.sort(reverse=True)

        if a[-1] == b[-1]:
            print(""Yes"")
        else:
            print(""No"")

",False,False,0,0.0
1798A,5,"['for loop', 'if statement', 'tuple', 'while loop', 'recursion']",['for loop'],"['for loop', 'if statement', 'tuple', 'sorting', 'break statement', 'matrix operation', 'while loop', 'misc']","import sys

def solve():
    t = int(input())
    for _ in range(t):
        n = int(input())
        a = list(map(int, input().split()))
        b = list(map(int, input().split()))

        a.sort(reverse=True)
        b.sort(reverse=True)

        if a[-1] == b[-1]:
            print(""Yes"")
        else:
            print(""No"")

",False,False,0,0.0
1797A,0,['this is the og problem'],"['queue', 'tuple', 'set', 'while loop']","['if statement', 'while loop', 'min function', 'comparison operator', 'subtract operator', 'output stream operator', 'input stream operator', 'for loop', 'matrix operation', 'misc', 'break statement', 'tuple']","from collections import defaultdict, deque

def solve():
    def bfs(maze, start, end):
        visited = set()
        queue = deque([start])
        visited.add(start)
        while queue:
            current = queue.popleft()
            for dx, dy in ((-1, 0), (1, 0), (0, -1), (0, 1)):
                next_x, next_y = current[0] + dx, current[1] + dy
                if 0 <= next_x < maze_size[0] and 0 <= next_y < maze_size[1] and (next_x, next_y) not in visited and maze[next_x][next_y] == 0:
                    queue.append((next_x, next_y))
                    visited.add((next_x, next_y))
                    if next_x == end[0] and next_y == end[1]:
                        return True
        return False

    def count_obstacles(maze, start, end):
        obstacles = 0
        for i in range(maze_size[0]):
            for j in range(maze_size[1]):
                if bfs(maze, (i, j), end):
                    maze[i][j] = 1
                    obstacles += 1
        return obstacles

    while True:
        n, m = map(int, input().split())
        if not n and not m:
            break
        x1, y1, x2, y2 = map(int, input().split())
        maze = [[0] * m for _ in range(n)]
        maze_size = (n, m)
        obstacles = count_obstacles(maze, (x1, y1), (x2, y2))
        print(obstacles)
",False,True,2,0.5
1797A,1,['for loop'],['for loop'],"['if statement', 'while loop', 'min function', 'comparison operator', 'subtract operator', 'output stream operator', 'input stream operator', 'for loop', 'matrix operation', 'misc', 'break statement', 'tuple']","from collections import deque
from typing import List

def bfs(graph: List[List[int]], start: List[int], end: List[int], obstacles: List[List[int]]):
    visited = set()
    queue = deque([start])
    while queue:
        current = queue.popleft()
        if current == end:
            return len(obstacles)
        visited.add(current)
        for neighbor in graph[current]:
            if neighbor not in visited and neighbor not in obstacles:
                queue.append(neighbor)
    return len(obstacles) + 1

def solve():
    t = int(input())
    for _ in range(t):
        n, m = map(int, input().split())
        start, end = map(list, zip(*(map(list, input().split()))))
        obstacles = []
        graph = [[[] for _ in range(m)] for _ in range(n)]
        for _ in range(int(input())):
            x, y = map(int, input().split())
            graph[x - 1][y - 1].append(x + 1 if x < n - 1 else n)
            graph[x - 1][y - 1].append(x - 1 if x > 0 else 0)
            graph[x - 1][y - 1].append(y + 1 if y < m - 1 else m)
            graph[x - 1][y - 1].append(y - 1 if y > 0 else 0)
            obstacles.append((x, y))
        obstacles.remove(start)
        obstacles.remove(end)
        print(bfs(graph, start, end, obstacles))

",False,False,0,0.0
1797A,2,"['for loop', 'while loop']","['heap', 'dictionary', 'while loop', 'if statement', 'continue statement']","['if statement', 'while loop', 'min function', 'comparison operator', 'subtract operator', 'output stream operator', 'input stream operator', 'for loop', 'matrix operation', 'misc', 'break statement', 'tuple']","import sys
from collections import defaultdict
from heapq import heappush, heappop

def dijkstra(graph, start, end):
    distances = {start: 0}
    priority_queue = [(0, start)]

    while priority_queue:
        current_distance, current_node = heappop(priority_queue)

        if current_node == end:
            return current_distance

        if current_node in distances:
            continue

        distances[current_node] = current_distance

        for neighbor, weight in graph[current_node].items():
            distance = current_distance + weight
            if neighbor not in distances or distance < distances[neighbor]:
                distances[neighbor] = distance
                heappush(priority_queue, (distance, neighbor))

    return -1

def solve():
    t = int(input())

    for _ in range(t):
        n, m, x1, y1, x2, y2 = map(int, input().split())
        graph = defaultdict(lambda: {})

        for i in range(1, n):
            for j in range(1, m):
                graph[(i, j)][(i, j + 1)] = 1
                graph[(i, j)][(i + 1, j)] = 1

        obstacles = set()

        while True:
            obstacles_to_add = dijkstra(graph, (x1, y1), (x2, y2))
            if obstacles_to_add == -1:
                break

            obstacles.update(obstacles_to_add)
            for obstacle in obstacles_to_add:
                for neighbor, weight in graph[obstacle].items():
                    graph[obstacle].pop(neighbor, None)
                    if not graph[neighbor]:
                        del graph[neighbor]

        print(len(obstacles))

",False,False,3,0.6
1797A,3,"['for loop', 'while loop', 'recursion']","['hashmap', 'queue']","['if statement', 'while loop', 'min function', 'comparison operator', 'subtract operator', 'output stream operator', 'input stream operator', 'for loop', 'matrix operation', 'misc', 'break statement', 'tuple']","from collections import defaultdict, deque
import sys

def solve():
    input_data = input().split('\n')
    cases = int(input_data[0])

    for _ in range(cases):
        n, m, x1, y1, x2, y2 = map(int, input_data[1].split())
        grid = [[0] * m for _ in range(n)]
        obstacles = set()

        def bfs(start_x, start_y):
            queue = deque([(start_x, start_y)])
            grid[start_x][start_y] = -1

            while queue:
                x, y = queue.popleft()

                for dx, dy in ((-1, 0), (1, 0), (0, -1), (0, 1)):
                    nx, ny = x + dx, y + dy

                    if 0 <= nx < n and 0 <= ny < m and grid[nx][ny] == 0:
                        grid[nx][ny] = grid[x][y] + 1
                        queue.append((nx, ny))

        bfs(x1, y1)
        obstacles.add((x1, y1))

        for _ in range(grid[x2][y2] - 1):
            bfs(x2, y2)
            obstacles.add((min(obstacles, key=lambda x: grid[x[0]][x[1]]))[0], (min(obstacles, key=lambda x: grid[x[0]][x[1]]))[1])

        print(len(obstacles))

",False,True,2,1.0
1797A,4,"['for loop', 'while loop', 'recursion', 'if statement']","['queue', 'set', 'dictionary', 'while loop', 'if statement', 'for loop', 'break statement']","['if statement', 'while loop', 'min function', 'comparison operator', 'subtract operator', 'output stream operator', 'input stream operator', 'for loop', 'matrix operation', 'misc', 'break statement', 'tuple']","import sys
from collections import defaultdict, deque
input = sys.stdin.readline

def bfs(graph, start, end):
    visited = set()
    queue = deque([start])
    while queue:
        current = queue.popleft()
        if current == end:
            return len(visited) - len(queue)
        visited.add(current)
        for neighbor in graph[current]:
            if neighbor not in visited:
                queue.append(neighbor)

def solve():
    n, m = map(int, input().split())
    x1, y1, x2, y2 = map(int, input().split())
    graph = defaultdict(list)
    for i in range(n):
        row = list(input().strip())
        for j in range(m):
            if row[j] == '#':
                graph[(i, j)].append((i, j + 1))
                graph[(i, j)].append((i + 1, j))
                if j > 0:
                    graph[(i, j - 1)].append((i, j))
                if i > 0:
                    graph[(i - 1, j)].append((i, j))
    obstacles = set()
    obstacles_count = 0
    while True:
        new_graph = defaultdict(list)
        for cell in graph:
            if cell != (x1, y1) and cell != (x2, y2):
                if not bfs(graph, cell, (x2, y2)):
                    new_graph[cell] = graph[cell]
                    obstacles_count += 1
                    obstacles.add(cell)
                else:
                    new_graph[cell] = graph[cell]
        if len(new_graph) == len(graph):
            break
        graph = new_graph
        for obstacle in obstacles:
            for neighbor in graph[obstacle]:
                graph[neighbor].remove(obstacle)
    return obstacles_count

",False,False,3,0.42857142857142855
1797A,5,"['for loop', 'while loop', 'recursion', 'if statement', 'dictionary']","['for loop', 'matrix operation', 'tuple', 'heap']","['if statement', 'while loop', 'min function', 'comparison operator', 'subtract operator', 'output stream operator', 'input stream operator', 'for loop', 'matrix operation', 'misc', 'break statement', 'tuple']","import sys
from collections import defaultdict
from heapq import heappush, heappop

def solve():
    t = int(input())
    for _ in range(t):
        n, m, x1, y1, x2, y2 = map(int, input().split())
        grid = [[0] * m for _ in range(n)]
        obstacles = []

        def in_bounds(r, c):
            return 0 <= r < n and 0 <= c < m

        def neighbors(r, c):
            result = []
            if in_bounds(r + 1, c):
                result.append((r + 1, c))
            if in_bounds(r - 1, c):
                result.append((r - 1, c))
            if in_bounds(r, c + 1):
                result.append((r, c + 1))
            if in_bounds(r, c - 1):
                result.append((r, c - 1))
            return result

        def dijkstra(start_r, start_c):
            dist = defaultdict(lambda: float('inf'))
            dist[start_r, start_c] = 0
            queue = [(0, start_r, start_c)]

            while queue:
                d, r, c = heappop(queue)

                for neighbor_r, neighbor_c in neighbors(r, c):
                    new_d = d + 1
                    if new_d < dist[(neighbor_r, neighbor_c)]:
                        dist[(neighbor_r, neighbor_c)] = new_d
                        heappush(queue, (new_d, neighbor_r, neighbor_c))

            return dist[(x2, y2)]

        for r in range(n):
            for c in range(m):
                if (r, c) != (x1, y1) and (r, c) != (x2, y2):
                    dist = dijkstra(r, c)
                    if dist == float('inf'):
                        obstacles.append((r, c))
                    else:
                        break

        print(len(obstacles))

",False,False,1,0.25
1796A,0,['this is the og problem'],['for loop'],"['if statement', 'for loop', 'tuple', 'while loop']","def solve():
    fb_string = ""FBFFBFFBFB""

    def is_substring(s):
        for i in range(1, len(s) + 1):
            sub_string = fb_string[i:i+len(s)]
            if sub_string == s:
                return True
        return False

    t = int(input())
    for _ in range(t):
        k = int(input())
        s = input()
        if is_substring(s):
            print(""YES"")
        else:
            print(""NO"")
",True,True,0,0.0
1796A,1,['for loop'],['for loop'],"['if statement', 'for loop', 'tuple', 'while loop']","def solve():
    fb_string = ""FBFFBFFBFB""

    def is_substring(s):
        for i in range(len(s), len(fb_string), len(s)):
            if fb_string[i:i+len(s)] == s:
                return True
        return False

    t = int(input())
    for _ in range(t):
        k = int(input())
        s = input()
        if is_substring(s):
            print(""YES"")
        else:
            print(""NO"")
",False,False,0,0.0
1796A,2,"['for loop', 'matrix operation']","['for loop', 'if statement', 'break statement', 'misc']","['if statement', 'for loop', 'tuple', 'while loop']","def solve():
    fb_string = ""FBFFBFFBFB""
    for test_case in int(input()):
        s = input()
        for i in range(len(s) + len(fb_string) - len(s) - 1):
            if s == fb_string[i:i + len(s)]:
                print(""YES"")
                break
        else:
            print(""NO"")
",False,False,2,0.5
1796A,3,"['for loop', 'matrix operation', 'if statement']","['for loop', 'if statement']","['if statement', 'for loop', 'tuple', 'while loop']","def solve():
    fb_string = ""FB""
    for i in range(3, 1000, 2):
        fb_string += ""F"" if i % 3 == 0 else ""B"" if i % 5 == 0 else """"

    def is_substring(s):
        for i in range(1, len(s) + 1):
            substring = fb_string[i:i + len(s)]
            if substring == s:
                return True
        return False

    t = int(input())
    for _ in range(t):
        k = int(input())
        s = input()
        if is_substring(s):
            print(""YES"")
        else:
            print(""NO"")

",False,False,0,0.0
1796A,4,"['for loop', 'matrix operation', 'if statement', 'while loop']","['for loop', 'if statement', 'break statement']","['if statement', 'for loop', 'tuple', 'while loop']","def solve():
    fb_string = ""FBFFBFFBFB""
    for test_case in int(input()):
        s = input()
        for i in range(len(s) + 1, len(fb_string)):
            if fb_string[i - len(s):i] == s:
                print(""YES"")
                break
        else:
            print(""NO"")
",False,False,1,0.3333333333333333
1795A,0,['this is the og problem'],"['for loop', 'tuple', 'hashmap']","['for loop', 'if statement', 'tuple', 'misc', 'while loop', 'break statement', 'matrix operation', 'stack']","import re

def solve():
    t = int(input())
    for _ in range(t):
        n, m = map(int, input().split())
        tower1 = input()
        tower2 = input()

        if n != m:
            print(""NO"")
            continue

        if n == 1:
            print(""YES"")
            continue

        blue_count1, red_count1 = re.findall(r'B', tower1), re.findall(r'R', tower1)
        blue_count2, red_count2 = re.findall(r'B', tower2), re.findall(r'R', tower2)

        if len(blue_count1) != len(blue_count2) or len(red_count1) != len(red_count2):
            print(""NO"")
        else:
            for i in range(n - 1):
                if blue_count1[i] and blue_count2[i + 1]:
                    print(""NO"")
                    break
                if red_count1[i] and red_count2[i + 1]:
                    print(""NO"")
                    break
            else:
                print(""YES"")

",False,True,1,0.3333333333333333
1795A,1,['for loop'],"['for loop', 'if statement']","['for loop', 'if statement', 'tuple', 'misc', 'while loop', 'break statement', 'matrix operation', 'stack']","import re

def solve():
    t = int(input())
    for _ in range(t):
        n, m = map(int, input().split())
        tower1 = input()
        tower2 = input()

        if n != m:
            print(""NO"")
            continue

        if n == 1:
            print(""YES"")
            continue

        blue_count1, red_count1 = re.findall(r'B', tower1)[0], re.findall(r'R', tower1)[0]
        blue_count2, red_count2 = re.findall(r'B', tower2)[0], re.findall(r'R', tower2)[0]

        if blue_count1 == blue_count2 and red_count1 == red_count2:
            print(""YES"")
        else:
            print(""NO"")

",False,False,0,0.0
1795A,2,"['for loop', 'if statement']",['for loop'],"['for loop', 'if statement', 'tuple', 'misc', 'while loop', 'break statement', 'matrix operation', 'stack']","import re

def solve():
    t = int(input())
    for _ in range(t):
        n, m = map(int, input().split())
        tower1 = input()
        tower2 = input()

        if n != m:
            print(""NO"")
            continue

        if n == 1:
            print(""YES"")
            continue

        red_count1, blue_count1 = re.findall(r'R', tower1), re.findall(r'B', tower1)
        red_count2, blue_count2 = re.findall(r'R', tower2), re.findall(r'B', tower2)

        if len(red_count1) > len(blue_count1) and len(red_count2) > len(blue_count2):
            print(""YES"")
        elif len(red_count1) < len(blue_count1) and len(red_count2) < len(blue_count2):
            print(""YES"")
        else:
            print(""NO"")

",False,False,0,0.0
1795A,3,"['for loop', 'if statement', 'recursion']","['for loop', 'tuple']","['for loop', 'if statement', 'tuple', 'misc', 'while loop', 'break statement', 'matrix operation', 'stack']","import collections

def solve():
    t = int(input())
    for _ in range(t):
        n, m = map(int, input().split())
        tower1 = input()
        tower2 = input()

        red_blocks1 = collections.Counter(tower1)['R']
        blue_blocks1 = len(tower1) - red_blocks1

        red_blocks2 = collections.Counter(tower2)['R']
        blue_blocks2 = len(tower2) - red_blocks2

        if red_blocks1 == red_blocks2 or blue_blocks1 == blue_blocks2:
            print(""NO"")
        elif red_blocks1 > red_blocks2 and blue_blocks1 <= blue_blocks2:
            print(""YES"")
        elif red_blocks1 <= red_blocks2 and blue_blocks1 > blue_blocks2:
            print(""YES"")
        else:
            print(""NO"")

",False,False,0,0.0
1794A,0,['this is the og problem'],"['for loop', 'set', 'if statement']","['if statement', 'for loop', 'recursion', 'sorting', 'while loop', 'tuple', 'break statement', 'stack']","import collections

def solve():
    t = int(input())
    for _ in range(t):
        n = int(input())
        prefixes_suffixes = [input().strip() for _ in range(2 * n - 2)]
        s = ''.join(sorted(set(prefixes_suffixes)))
        if s == s[::-1]:
            print(""YES"")
        else:
            print(""NO"")
",False,True,1,0.3333333333333333
1794A,1,['dictionary'],"['for loop', 'set', 'if statement']","['if statement', 'for loop', 'recursion', 'sorting', 'while loop', 'tuple', 'break statement', 'stack']","import collections

def solve():
    t = int(input())
    for _ in range(t):
        n = int(input())
        prefixes_suffixes = [input().split() for _ in range(2 * n - 2)]
        s = ''.join(sorted(set(c for sublist in prefixes_suffixes for c in sublist)))
        if s == s[::-1]:
            print(""YES"")
        else:
            print(""NO"")

",False,True,1,0.3333333333333333
1794A,2,"['dictionary', 'for loop']",['for loop'],"['if statement', 'for loop', 'recursion', 'sorting', 'while loop', 'tuple', 'break statement', 'stack']","import collections

def solve():
    t = int(input())
    for _ in range(t):
        n = int(input())
        prefixes = set(input().split())
        suffixes = set(input().split()[::-1])
        palindrome = set()
        for i in range(1, n + 1):
            for j in range(i, n + 1):
                prefix = prefixes.pop(prefixes.index(prefixes[i]))
                suffix = suffixes.pop(suffixes.index(suffixes[-j]))
                if prefix == suffix:
                    palindrome.add(prefix)
        if len(palindrome) > 0:
            print(""YES"")
        else:
            print(""NO"")
",False,False,0,0.0
1794A,3,"['dictionary', 'for loop', 'if statement']","['for loop', 'if statement', 'set']","['if statement', 'for loop', 'recursion', 'sorting', 'while loop', 'tuple', 'break statement', 'stack']","import collections

def solve():
    t = int(input())
    for _ in range(t):
        n = int(input())
        prefixes_suffixes = [input().strip() for _ in range(2 * n - 2)]
        s = ''.join(sorted(set(prefixes_suffixes)))
        if s == s[::-1]:
            print(""YES"")
        else:
            print(""NO"")
",False,False,1,0.3333333333333333
1794A,4,"['dictionary', 'for loop', 'if statement', 'misc']","['for loop', 'if statement', 'set', 'sorting']","['if statement', 'for loop', 'recursion', 'sorting', 'while loop', 'tuple', 'break statement', 'stack']","import collections

def solve():
    t = int(input())
    for _ in range(t):
        n = int(input())
        prefixes_suffixes = [input().strip() for _ in range(2 * n - 2)]
        s = ''.join(sorted(set(prefixes_suffixes)))
        if s == s[::-1]:
            print(""YES"")
        else:
            print(""NO"")
",False,False,1,0.25
1794A,5,"['dictionary', 'for loop', 'if statement', 'misc', 'recursion']",['for loop'],"['if statement', 'for loop', 'recursion', 'sorting', 'while loop', 'tuple', 'break statement', 'stack']","import collections

def solve():
    t = int(input())
    for _ in range(t):
        n = int(input())
        prefixes = set(input().split())
        suffixes = set(input().split()[::-1])
        palindrome = set()
        for i in range(1, n + 1):
            for j in range(i, n + 1):
                prefix = prefixes.pop(prefixes.index(prefixes.pop(0)))
                suffix = suffixes.pop()
                if prefix == suffix:
                    palindrome.add(prefix)
        if len(palindrome) == 1:
            print(""YES"")
        else:
            print(""NO"")
",False,False,0,0.0
1793A,0,['this is the og problem'],['for loop'],"['for loop', 'tuple', 'if statement', 'matrix operation', 'hashmap', 'while loop', 'misc', 'greedy algorithm']","def solve():
    def min_coins(a, b, n, m):
        if m >= n:
            return min_coins(a, b, n - m, m)
        if n >= a:
            return n // a + min_coins(b, a, n % a, m)
        if n >= b:
            return n // b + min_coins(a, b, n % b, m)
        return -1

    t = int(input().strip())
    for _ in range(t):
        a, b, n, m = map(int, input().strip().split())
        print(min_coins(a, b, n, m))
",False,True,0,0.0
1793A,1,['for loop'],"['recursion', 'if statement']","['for loop', 'tuple', 'if statement', 'matrix operation', 'hashmap', 'while loop', 'misc', 'greedy algorithm']","def solve():
    def min_coins(a, b, n, m):
        if m >= n:
            return min_coins(a, b, n - m, m) + (n * a)
        else:
            first_day_cost = n * a
            second_day_cost = (n + m - 1) * b
            return min(first_day_cost, second_day_cost)

    t = int(input())
    for _ in range(t):
        a, b, n, m = map(int, input().split())
        print(min_coins(a, b, n, m))
",False,True,1,0.5
1793A,2,"['for loop', 'recursion']","['recursion', 'if statement']","['for loop', 'tuple', 'if statement', 'matrix operation', 'hashmap', 'while loop', 'misc', 'greedy algorithm']","def solve():
    def min_coins(a, b, n, m):
        if n <= 0:
            return 0
        if m == 0:
            return a * n
        promotion_cost = min_coins(a, b, m - 1, m)
        return min(a * (n - m) + min_coins(a, b, n - m, 0), promotion_cost + b * m)

    t = int(input())
    for _ in range(t):
        a, b, n, m = map(int, input().split())
        print(min_coins(a, b, n, m))
",False,False,1,0.5
1793A,3,"['for loop', 'recursion', 'tuple']",['recursion'],"['for loop', 'tuple', 'if statement', 'matrix operation', 'hashmap', 'while loop', 'misc', 'greedy algorithm']","def solve():
    def min_coins(a, b, n, m):
        if m >= n:
            return min_coins(a, b, n - m + 1, m) + a
        else:
            return min_coins(b, a, n, m) + b

    t = int(input().strip())
    for _ in range(t):
        a, b, n, m = map(int, input().strip().split())
        print(min_coins(a, b, n, m))
",False,False,1,1.0
1793A,4,"['for loop', 'recursion', 'tuple', 'while loop']","['if statement', 'for loop', 'misc']","['for loop', 'tuple', 'if statement', 'matrix operation', 'hashmap', 'while loop', 'misc', 'greedy algorithm']","import math

def solve():
    t = int(input())
    for _ in range(t):
        a, b, n, m = map(int, input().split())
        total_potatoes = n + m
        if total_potatoes <= a:
            print(a * total_potatoes // n)
        else:
            first_day_potatoes = math.ceil(total_potatoes / (m + 1)) * m
            second_day_potatoes = total_potatoes - first_day_potatoes
            cost = first_day_potatoes * a + second_day_potatoes * b
            print(cost)

",False,False,0,0.0
1792A,0,['this is the og problem'],"['recursion', 'if statement', 'for loop', 'continue statement']","['for loop', 'if statement', 'dictionary', 'tuple', 'hashmap']","import functools

def solve():
    @functools.lru_cache(maxsize=None)
    def min_spells(healths, spells_used=0):
        if not healths:
            return spells_used
        min_spells = float('inf')
        for i in range(len(healths)):
            for j in range(i+1, len(healths)):
                new_healths = healths[:]
                new_healths[i] -= 1
                new_healths[j] -= 1
                if new_healths[i] == 0 or new_healths[j] == 0:
                    continue
                min_spells = min(min_spells, min_spells(new_healths, spells_used+1))
        if min_spells == float('inf'):
            min_spells = 1 + min_spells(healths[1:]) if healths[0] > 1 else 1
        return min_spells

    t = int(input())
    for _ in range(t):
        n = int(input())
        healths = list(map(int, input().split()))
        print(min_spells(healths))

",False,True,2,0.5
1792A,1,['for loop'],['heap'],"['for loop', 'if statement', 'dictionary', 'tuple', 'hashmap']","import heapq

def solve():
    def kill_two(monsters):
        heapq.heapify(monsters)
        a, b = heapq.heappop(monsters), heapq.heappop(monsters)
        return a + b + 1

    def kill_one(monster):
        return 1

    def min_spells(healths):
        monsters = [(h, i) for i, h in enumerate(healths)]
        heapq.heapify(monsters)
        spells = 0
        while monsters:
            spells += 1
            if len(monsters) >= 2:
                a, b = heapq.heappop(monsters), heapq.heappop(monsters)
                if a == b:
                    continue
                spells += kill_two((a, b))
            else:
                spells += kill_one(monsters[0][0])
        return spells

    t = int(input())
    for _ in range(t):
        n = int(input())
        healths = list(map(int, input().split()))
        print(min_spells(healths))

",False,True,1,1.0
1792A,2,"['for loop', 'while loop']",['for loop'],"['for loop', 'if statement', 'dictionary', 'tuple', 'hashmap']","import heapq

def solve():
    def cast_spell(monsters, spells):
        nonlocal min_spells
        min_spells += 1
        heapq.heapify(monsters)
        while monsters and len(monsters[0]) > 0:
            h1, h2 = heapq.heappop(monsters), heapq.heappop(monsters)
            if h1 == h2:
                h1 -= 1
                h2 -= 1
            else:
                spells[0].append(h1)
                spells[1].append(h2)
                break

    def kill_monster(monsters, spells):
        nonlocal min_spells
        min_spells += 1
        if monsters:
            min_spells += monsters.pop(0)
        else:
            return

    T = int(input())
    for _ in range(T):
        n = int(input())
        monsters = list(map(int, input().split()))
        spells = [[] for _ in range(2)]
        min_spells = 0
        cast_spell(monsters, spells)
        while monsters:
            kill_monster(monsters, spells)
        print(min_spells)
",False,False,0,0.0
1792A,3,"['for loop', 'while loop', 'tuple']",['for loop'],"['for loop', 'if statement', 'dictionary', 'tuple', 'hashmap']","import heapq

def solve():
    def cast_spell(monsters, spells):
        nonlocal min_spells
        min_spells += 1
        min_health = float('inf')
        for i in range(len(monsters)):
            if monsters[i] > 0:
                min_health = min(min_health, monsters[i])
        if min_health > 1:
            heapq.heapreplace(monsters, (min_health - 1, i, j) for i, j in combinations(range(len(monsters)), 2))
        else:
            for i, (_, j) in enumerate(heapq.heappop(monsters)):
                min_spells += 1
                break

    def combinations(iterable, r):
        pool = tuple(iterable)
        n = len(pool)
        if r > n:
            return
        for i in range(r, n + 1):
            yield tuple(pool[j] for j in range(i))
        for r2 in range(1, r):
            for combination in combinations(pool, r2):
                for i in range(n - r + r2):
                    yield tuple(combination + (pool[i + r2],))

    while True:
        t = int(input())
        if not t:
            break
        n = int(input())
        monsters = [int(x) for x in input().split()]
        min_spells = 0
        heapq.heapify(monsters)
        while monsters:
            cast_spell(monsters, ())
        print(min_spells)

",False,False,0,0.0
1792A,4,"['for loop', 'while loop', 'tuple', 'recursion']","['heap', 'tuple', 'while loop', 'if statement']","['for loop', 'if statement', 'dictionary', 'tuple', 'hashmap']","import heapq

def solve():
    def kill(monsters, health):
        heapq.heapify(monsters)
        while monsters:
            h1, h2 = heapq.heappop(monsters), heapq.heappop(monsters)
            if h1 > 0 and h2 > 0:
                heapq.heappush(monsters, h1 - 1, h2 - 1)
            else:
                if h1 > 0:
                    health[monsters.index(h1)] = 0
                if h2 > 0:
                    health[monsters.index(h2)] = 0
        return len(monsters)

    t = int(input())
    for _ in range(t):
        n = int(input())
        health = list(map(int, input().split()))
        print(kill(health, health))
",False,False,2,0.5
1791C,0,['this is the og problem'],"['if statement', 'for loop', 'misc']","['for loop', 'while loop', 'if statement', 'break statement', 'two pointers', 'matrix operation']","def solve():
    n = int(input())
    for _ in range(n):
        s = input()
        count_zeros = s.count('0')
        count_ones = len(s) - count_zeros
        if count_zeros > count_ones:
            print(count_ones * 2)
        else:
            print(count_zeros * 2)

",False,True,1,0.3333333333333333
1791C,1,['for loop'],"['recursion', 'if statement']","['for loop', 'while loop', 'if statement', 'break statement', 'two pointers', 'matrix operation']","def solve():
    def prepend_and_append(s):
        if not s:
            return 0
        elif len(s) % 2 == 0:
            return 1 + prepend_and_append(s[1:-1])
        else:
            return 1 + prepend_and_append(s[1:]) + 1

    t = int(input())
    for _ in range(t):
        n = int(input())
        s = input()
        print(prepend_and_append(s))

",False,True,1,0.5
1791C,2,"['for loop', 'while loop']","['if statement', 'recursion']","['for loop', 'while loop', 'if statement', 'break statement', 'two pointers', 'matrix operation']","def solve():
    def prepend_and_append(s):
        if not s:
            return 0
        if s[-1] == '0':
            return 1 + prepend_and_append(s[:-1])
        if s[-2:] == '10':
            return 1 + prepend_and_append(s[:-2])
        return len(s)

    t = int(input())
    for _ in range(t):
        n = int(input())
        s = input()
        print(prepend_and_append(s))

",False,True,1,0.5
1791C,3,"['for loop', 'while loop', 'misc']","['if statement', 'for loop', 'break statement']","['for loop', 'while loop', 'if statement', 'break statement', 'two pointers', 'matrix operation']","def solve():
    def prepend_and_append(s):
        if len(s) == 1:
            return 1
        count = 0
        for i in range(len(s)):
            if s[i] == s[-i-1]:
                count += 1
            else:
                break
        return len(s) - count * 2

    t = int(input())
    for _ in range(t):
        n = int(input())
        s = input()
        print(prepend_and_append(s))
",False,False,0,0.0
1791C,4,"['for loop', 'while loop', 'misc', 'if statement']",['for loop'],"['for loop', 'while loop', 'if statement', 'break statement', 'two pointers', 'matrix operation']","def solve():
    import re

    def prepend_and_append(s):
        return len(s) + 2

    def shortest_string(s):
        if not s:
            return 0
        return min(prepend_and_append(s), shortest_string(re.sub('0$', '', s)), shortest_string(re.sub('1^', '', s)))

    t = int(input())
    for _ in range(t):
        n = int(input())
        s = input()
        print(shortest_string(s))
",False,False,0,0.0
1791C,5,"['for loop', 'while loop', 'misc', 'if statement', 'recursion']",['for loop'],"['for loop', 'while loop', 'if statement', 'break statement', 'two pointers', 'matrix operation']","def solve():
    import re

    def prepend_and_append(s):
        return [0] + s + [1]

    def shortest_string(s):
        if not s:
            return 0
        elif len(s) % 2 == 0:
            return shortest_string(prepend_and_append(s)) + 1
        else:
            return shortest_string(s[1:]) + 2

    t = int(input())
    for _ in range(t):
        n = int(input())
        s = input()
        print(shortest_string(s))

",False,False,0,0.0
1791B,0,['this is the og problem'],['if statement'],"['for loop', 'if statement', 'while loop', 'dictionary', 'misc', 'hashmap', 'break statement', 'matrix operation', 'continue statement']","def solve():
    def move(x, y, direction):
        if direction == 'L':
            x -= 1
        elif direction == 'R':
            x += 1
        elif direction == 'U':
            y += 1
        elif direction == 'D':
            y -= 1
        return x, y

    def check_candy(x, y):
        return x == 1 and y == 1

    def can_reach_candy(s):
        x, y = 0, 0
        for direction in s:
            x, y = move(x, y, direction)
            if check_candy(x, y):
                return True
        return False

    t = int(input())
    for _ in range(t):
        n = int(input())
        s = input()
        if can_reach_candy(s):
            print(""YES"")
        else:
            print(""NO"")
",True,True,0,0.0
1791B,1,['if statement'],['for loop'],"['for loop', 'if statement', 'while loop', 'dictionary', 'misc', 'hashmap', 'break statement', 'matrix operation', 'continue statement']","import collections

def solve():
    moves = input().strip()
    x, y = 0, 0
    visited = set()
    visited.add((x, y))
    directions = {
        'U': (0, -1),
        'D': (0, 1),
        'L': (-1, 0),
        'R': (1, 0)
    }

    for move in moves:
        x, y = x + directions[move][0], y + directions[move][1]
        if (x, y) == (1, 1):
            return ""YES""
        visited.add((x, y))

    return ""NO""
",False,True,0,0.0
1791B,2,"['if statement', 'for loop']","['if statement', 'tuple']","['for loop', 'if statement', 'while loop', 'dictionary', 'misc', 'hashmap', 'break statement', 'matrix operation', 'continue statement']","def solve():
    def move(x, y, direction):
        if direction == 'L':
            return x - 1, y
        elif direction == 'R':
            return x + 1, y
        elif direction == 'U':
            return x, y - 1
        elif direction == 'D':
            return x, y + 1
        else:
            raise ValueError(f""Invalid direction: {direction}"")

    def is_on_candy(x, y):
        return x == 1 and y == 1

    def can_reach_candy(moves):
        x, y = 0, 0
        for move in moves:
            x, y = move(x, y, move)
            if is_on_candy(x, y):
                return True
        return False

    def read_input():
        t = int(input())
        for _ in range(t):
            n = int(input())
            moves = input()
            yield moves

    for moves in read_input():
        if can_reach_candy(moves):
            print(""YES"")
        else:
            print(""NO"")
",False,False,1,0.5
1791B,3,"['if statement', 'for loop', 'while loop']","['for loop', 'tuple', 'set']","['for loop', 'if statement', 'while loop', 'dictionary', 'misc', 'hashmap', 'break statement', 'matrix operation', 'continue statement']","import collections

def solve():
    moves = input().strip()
    x, y = 0, 0
    visited = set()
    visited.add((x, y))
    directions = [(0, -1), (0, 1), (-1, 0), (1, 0)]
    for move in moves:
        dx, dy = directions[move.lower().index(move)]
        new_x, new_y = x + dx, y + dy
        if (new_x, new_y) == (1, 1):
            return ""YES""
        if (new_x, new_y) in visited:
            return ""NO""
        visited.add((new_x, new_y))
        x, y = new_x, new_y
    return ""NO""
",False,False,2,0.6666666666666666
1791B,4,"['if statement', 'for loop', 'while loop', 'tuple']",['if statement'],"['for loop', 'if statement', 'while loop', 'dictionary', 'misc', 'hashmap', 'break statement', 'matrix operation', 'continue statement']","def solve():
    def move(x, y, direction):
        if direction == 'L':
            return x - 1, y
        elif direction == 'R':
            return x + 1, y
        elif direction == 'U':
            return x, y - 1
        elif direction == 'D':
            return x, y + 1
        else:
            raise ValueError(""Invalid direction"")

    def is_on_candy(x, y):
        return x == 1 and y == 1

    def is_valid_move(x, y, direction):
        if x < 0 or y < 0:
            return False
        return True

    def can_reach_candy(s):
        x, y = 0, 0
        for direction in s:
            x, y = move(x, y, direction)
            if is_on_candy(x, y):
                return True
            if not is_valid_move(x, y, direction):
                return False
        return False

    t = int(input())
    for _ in range(t):
        n = int(input())
        s = input()
        if can_reach_candy(s):
            print(""YES"")
        else:
            print(""NO"")
",False,False,0,0.0
1791A,0,['this is the og problem'],"['while loop', 'if statement']","['for loop', 'if statement', 'set', 'tuple', 'misc']","import re

def solve():
    check = re.compile(r'codeforces')
    while True:
        c = input()
        if not c:
            break
        if check.search(c):
            print(""YES"")
        else:
            print(""NO"")
",False,True,1,0.5
1791A,1,['if statement'],"['while loop', 'if statement']","['for loop', 'if statement', 'set', 'tuple', 'misc']","import re

def solve():
    pattern = re.compile(r'codeforces')
    while True:
        c = input().lower()
        if pattern.search(c):
            print(""YES"")
        else:
            print(""NO"")
",False,False,1,0.5
1791A,2,"['if statement', 'dictionary']","['while loop', 'if statement']","['for loop', 'if statement', 'set', 'tuple', 'misc']","import re

def solve():
    pattern = re.compile(r'codeforces')
    while True:
        c = input().lower()
        if pattern.search(c):
            print(""YES"")
        else:
            print(""NO"")
",False,False,1,0.5
1791A,3,"['if statement', 'dictionary', 'for loop']",['for loop'],"['for loop', 'if statement', 'set', 'tuple', 'misc']","deforces"". Here is the Python function `solve()` that takes a single character as input and returns ""YES"" if the character is present in the string ""codeforces"", and ""NO"" otherwise:

",False,False,0,0.0
1791A,4,"['if statement', 'dictionary', 'for loop', 'while loop']","['for loop', 'if statement', 'misc']","['for loop', 'if statement', 'set', 'tuple', 'misc']","import re

def solve():
    pattern = r'codeforces'
    for _ in range(int(input())):
        c = input().lower()
        if re.search(c, pattern):
            print('YES')
        else:
            print('NO')
",True,False,0,0.0
1791A,5,"['if statement', 'dictionary', 'for loop', 'while loop', 'tuple']","['while loop', 'if statement', 'hashmap']","['for loop', 'if statement', 'set', 'tuple', 'misc']","import re

def solve():
    pattern = re.compile(r'codeforces')
    while True:
        c = input().lower()
        if pattern.search(c):
            print(""YES"")
        else:
            print(""NO"")
",False,False,2,0.6666666666666666
1790B,0,['this is the og problem'],"['for loop', 'if statement', 'set']","['while loop', 'for loop', 'if statement', 'misc', 'tuple']","from itertools import combinations

def solve():
    for _ in range(int(input())):
        n, s, r = map(int, input().split())
        candidates = set(range(1, 7))
        for i in range(6, 0, -1):
            for cmb in combinations(candidates, n - 1):
                if sum(cmb) + i == s and max(cmb) < i:
                    print(*sorted(cmb + (i,)))
                    break

",False,True,1,0.3333333333333333
1790B,1,['for loop'],"['for loop', 'tuple', 'if statement']","['while loop', 'for loop', 'if statement', 'misc', 'tuple']","import itertools

def solve():
    for n, s, r in map(int, input().split()):
        max_val = max(s - r, 6)
        for a in itertools.combinations(range(1, max_val + 1), n - 1):
            if sum(a) == s - max_val:
                print(*(max_val, *a))

",False,False,0,0.0
1790B,2,"['for loop', 'if statement']","['for loop', 'if statement', 'continue statement', 'break statement', 'tuple']","['while loop', 'for loop', 'if statement', 'misc', 'tuple']","import itertools

def solve():
    for n in range(2, 51):
        for s in range(1, 301):
            for r in range(1, s):
                if s - r > n:
                    continue
                for a in itertools.combinations_with_replacement(range(1, 7), n):
                    if sum(a) == s and max(a) - min(a) >= n - 1:
                        if sum(a[:-1]) == r:
                            print(*a)
                            break

",False,False,2,0.4
1790B,3,"['for loop', 'if statement', 'recursion']","['for loop', 'if statement', 'break statement']","['while loop', 'for loop', 'if statement', 'misc', 'tuple']","import itertools

def solve():
    for n in range(2, 51):
        for s in range(1, 301):
            for r in range(1, s):
                max_val = s - r
                for a in itertools.combinations(range(1, max_val + 1), n - 1):
                    for i in range(max_val - sum(a), 1, -1):
                        if i + sum(a) == s:
                            print(*(i, *a))
                            break

",False,False,1,0.3333333333333333
1790B,4,"['for loop', 'if statement', 'recursion', 'while loop']",['for loop'],"['while loop', 'for loop', 'if statement', 'misc', 'tuple']","import itertools

def solve():
    for _ in range(int(input())):
        n, s, r = map(int, input().split())
        max_val = max(n, s - r)
        for a in itertools.combinations(range(1, max_val + 1), n - 1):
            for i in range(max_val + 1):
                if sum(a) + i == s and i > max(a):
                    print(*(i, *a))
                    break

",False,False,0,0.0
1790A,0,['this is the og problem'],['misc'],"['for loop', 'if statement', 'break statement', 'while loop', 'pass statement', 'misc']","import math

def solve():
    pi_digits = str(math.pi)[2:]
    test_cases = int(input())

    for _ in range(test_cases):
        user_input = input()
        count = 0
        for digit in user_input:
            if digit == pi_digits[count]:
                count += 1
            else:
                break
        print(count)

",False,True,0,0.0
1790A,1,['break statement'],['for loop'],"['for loop', 'if statement', 'break statement', 'while loop', 'pass statement', 'misc']","import math

def solve():
    pi_digits = str(math.pi)[2:]
    test_cases = int(input())

    for _ in range(test_cases):
        user_input = input()
        count = 0
        for digit in user_input:
            if digit == pi_digits[count]:
                count += 1
            else:
                break
        print(count)
",False,True,0,0.0
1790A,2,"['break statement', 'for loop']",['for loop'],"['for loop', 'if statement', 'break statement', 'while loop', 'pass statement', 'misc']","import math

def solve():
    pi_digits = str(math.pi)[2:]
    test_cases = int(input())

    for _ in range(test_cases):
        n = input()
        count = 0
        for i in range(len(n)):
            if n[i] == pi_digits[i]:
                count += 1
        print(count)
",False,False,0,0.0
1790A,3,"['break statement', 'for loop', 'recursion']","['for loop', 'if statement']","['for loop', 'if statement', 'break statement', 'while loop', 'pass statement', 'misc']","import math

def solve():
    cases = int(input())
    for _ in range(cases):
        polycarp_pi = input()
        count = 0
        for i in range(len(polycarp_pi)):
            if polycarp_pi[i] == str(int(math.pi * 10**i))[0]:
                count += 1
        print(count)
",False,False,0,0.0
1790A,4,"['break statement', 'for loop', 'recursion', 'while loop']","['for loop', 'if statement']","['for loop', 'if statement', 'break statement', 'while loop', 'pass statement', 'misc']","import math

def solve():
    cases = int(input())
    for _ in range(cases):
        polycarp_pi = input()
        count = 0
        for i in range(len(polycarp_pi)):
            if polycarp_pi[i] == str(int(math.pi * 10**i))[0]:
                count += 1
        print(count)
",False,False,0,0.0
1790A,5,"['break statement', 'for loop', 'recursion', 'while loop', 'if statement']",['for loop'],"['for loop', 'if statement', 'break statement', 'while loop', 'pass statement', 'misc']","import math

def solve():
    pi_digits = str(math.pi)[2:]
    test_cases = int(input())

    for _ in range(test_cases):
        user_input = input()
        count = 0
        for digit in user_input:
            if digit == pi_digits[count]:
                count += 1
            else:
                break
        print(count)
",False,False,0,0.0
1789B,0,['this is the og problem'],['if statement'],"['for loop', 'if statement', 'break statement', 'continue statement', 'while loop', 'two pointers', 'matrix operation', 'misc']","import sys

def solve():
    t = int(input())
    for _ in range(t):
        n = int(input())
        s = input()
        if n % 2 == 1:
            print(""No"")
            continue
        for i in range(n // 2):
            if s[i] != s[n - i - 1]:
                if s[i] == '0':
                    s = s[:i] + '1' + s[i+1:]
                    if s[n - i - 1] == '1':
                        s = s[:n - i - 1] + '0' + s[n - i:]
                    break
            if s[i] == s[n - i - 1]:
                continue
            else:
                print(""No"")
                break
        else:
            print(""Yes"")

",False,True,0,0.0
1789B,1,['for loop'],"['for loop', 'if statement', 'hashmap']","['for loop', 'if statement', 'break statement', 'continue statement', 'while loop', 'two pointers', 'matrix operation', 'misc']","import collections

def solve():
    n = int(input())
    for _ in range(n):
        s = input()
        if s == s[::-1]:
            print(""Yes"")
        else:
            odd_count = collections.Counter(s)['1']
            even_count = collections.Counter(s)['0']
            if odd_count > 1 or (odd_count == 1 and even_count % 2 != 0):
                print(""No"")
            else:
                print(""Yes"")
",False,False,1,0.3333333333333333
1789B,2,"['for loop', 'set']",['recursion'],"['for loop', 'if statement', 'break statement', 'continue statement', 'while loop', 'two pointers', 'matrix operation', 'misc']","import collections

def solve():
    def is_palindrome(s):
        return s == s[::-1]

    def invert_segment(s, l, r):
        s[l:r+1] = ['1' if c == '0' else '0' for c in s[l:r+1])
        return s

    def can_be_palindrome(s):
        n = len(s)
        odd_count = collections.Counter(s)['1'] if n % 2 else (collections.Counter(s)['1'] + 1) // 2
        return odd_count <= 1

    def find_segment(s):
        for i in range(1, len(s)):
            if can_be_palindrome(invert_segment(s, 0, i)) and can_be_palindrome(invert_segment(s, i, len(s))):
                return i
        return -1

    t = int(input())
    for _ in range(t):
        n = int(input())
        s = input()
        if find_segment(s) != -1:
            print(""Yes"")
        else:
            print(""No"")
",False,True,1,1.0
1789B,3,"['for loop', 'set', 'if statement']",['misc'],"['for loop', 'if statement', 'break statement', 'continue statement', 'while loop', 'two pointers', 'matrix operation', 'misc']","import collections

def solve():
    def is_palindrome(s):
        return s == s[::-1]

    def invert_segment(s, l, r):
        s[l:r+1] = ['1' if c == '0' else '0' for c in s[l:r+1])
        return s

    def can_be_palindrome(s):
        odd_count = collections.Counter(s)['1']
        if odd_count > 1:
            return False
        mid = len(s) // 2
        return all(s[i] == s[len(s) - i - 1] for i in range(mid)) or all(s[i] != s[len(s) - i - 1] for i in range(mid))

    while True:
        n = int(input())
        if not n:
            break
        s = input()
        if can_be_palindrome(s):
            print(""Yes"")
        else:
            for i in range(1, len(s)):
                if can_be_palindrome(invert_segment(s, i, i)):
                    print(""Yes"")
                    break
            else:
                print(""No"")
",False,True,0,0.0
1789B,4,"['for loop', 'set', 'if statement', 'matrix operation']","['recursion', 'dynamic programming']","['for loop', 'if statement', 'break statement', 'continue statement', 'while loop', 'two pointers', 'matrix operation', 'misc']","import functools

def solve():
    @functools.lru_cache(maxsize=None)
    def is_palindrome(s):
        return s == s[::-1]

    @functools.lru_cache(maxsize=None)
    def invert(s, l, r):
        return ''.join(('1' if c == '0' else '0' if c == '1' else c) for c in s[l-1:r+1])

    def can_be_palindrome(s):
        n = len(s)
        for i in range(1, n):
            if is_palindrome(invert(s, i, i)) and is_palindrome(s[:i] + invert(s, i, n-i)):
                return True
        return False

    while True:
        n = int(input())
        if not n:
            break
        s = input()
        if can_be_palindrome(s):
            print(""Yes"")
        else:
            print(""No"")
",False,True,2,1.0
1789A,0,['this is the og problem'],"['if statement', 'for loop', 'recursion']","['for loop', 'if statement', 'misc', 'sorting', 'break statement', 'matrix operation', 'while loop', 'hashmap', 'tuple']","import math

def gcd(a, b):
 return math.gcd(a, b)

def is_good(arr):
 if len(arr) < 2:
 return True
 return gcd(arr[0], arr[1]) <= len(arr)

def is_beautiful(arr):
 for i in range(1, len(arr)):
 if not is_good(arr[:i]):
 return False
 return True

def solve():
 t = int(input())
 for _ in range(t):
 n = int(input())
 arr = list(map(int, input().split()))
 if is_beautiful(arr):
 print(""Yes"")
 else:
 arr.sort(reverse=True)
 for i in range(1, len(arr)):
 if not is_good(arr[:i]):
 print(""No"")
 break
",False,True,1,0.3333333333333333
1789A,1,['for loop'],"['if statement', 'for loop', 'while loop', 'recursion', 'tuple', 'sorting']","['for loop', 'if statement', 'misc', 'sorting', 'break statement', 'matrix operation', 'while loop', 'hashmap', 'tuple']","import math

def gcd(a, b):
    while b:
        a, b = b, a % b
    return a

def is_good(arr):
    if len(arr) < 2:
        return True
    return gcd(arr[0], arr[1:]) <= len(arr)

def is_beautiful(arr):
    for i in range(1, len(arr)):
        if not is_good(arr[:i]):
            return False
    return True

def solve():
    t = int(input())
    for _ in range(t):
        n = int(input())
        arr = list(map(int, input().split()))
        arr.sort(reverse=True)
        if is_beautiful(arr):
            print(""Yes"")
        else:
            print(""No"")

",False,False,1,0.16666666666666666
1789A,2,"['for loop', 'if statement']","['recursion', 'hashmap']","['for loop', 'if statement', 'misc', 'sorting', 'break statement', 'matrix operation', 'while loop', 'hashmap', 'tuple']","import functools
from fractions import gcd

def solve():
 def is_good(arr):
 return gcd.reduce(arr) <= len(arr)

 def is_beautiful(arr):
 for i in range(1, len(arr)):
 if not is_good(arr[:i]):
 return False
 return True

 def reorder(arr):
 n = len(arr)
 for i in range(n - 1):
 for j in range(i + 1, n):
 if is_good(arr[:i] + [arr[j]] + arr[i:j] + [arr[i]] + arr[j+1:]):
 arr[i], arr[j] = arr[j], arr[i]
 return arr

 @functools.lru_cache(maxsize=None)
 def gcd(a, b):
 if b == 0:
 return a
 return gcd(b, a % b)

 def main():
 t = int(input())
 for _ in range(t):
 n = int(input())
 arr = list(map(int, input().split()))
 if reorder(arr):
 print(""Yes"")
 else:
 print(""No"")

 if __name__ == ""__main__"":
 main()
",False,True,1,0.5
1789A,3,"['for loop', 'if statement', 'while loop']",['for loop'],"['for loop', 'if statement', 'misc', 'sorting', 'break statement', 'matrix operation', 'while loop', 'hashmap', 'tuple']","import functools
from typing import List

def gcd(a, b):
    while b:
        a, b = b, a % b
    return a

def is_good(arr):
    return gcd(arr[0], arr[1:]) <= len(arr)

def is_beautiful(arr):
    for i in range(1, len(arr)):
        if not is_good(arr[:i]):
            return False
    return True

def reorder(arr):
    n = len(arr)
    @functools.lru_cache(maxsize=None)
    def gcd_sub(i, j):
        if i == j:
            return arr[i]
        return gcd(arr[i], gcd_sub(i + 1, j))

    def find_min_gcd(i):
        min_gcd = gcd_sub(i, n - 1)
        min_index = i
        for j in range(i + 1, n):
            if gcd_sub(j, n - 1) < min_gcd:
                min_gcd = gcd_sub(j, n - 1)
                min_index = j
        return min_index

    for i in range(1, n):
        j = find_min_gcd(i)
        arr[i], arr[j] = arr[j], arr[i]
        if not is_good(arr[:i + 1]):
            return False
    return True

def solve():
    t = int(input())
    for _ in range(t):
        n = int(input())
        arr = list(map(int, input().split()))
        if is_beautiful(arr):
            print(""Yes"")
        elif reorder(arr):
            print(""Yes"")
        else:
            print(""No"")
",False,False,0,0.0
1789A,4,"['for loop', 'if statement', 'while loop', 'tuple']",['for loop'],"['for loop', 'if statement', 'misc', 'sorting', 'break statement', 'matrix operation', 'while loop', 'hashmap', 'tuple']","import math
import functools

def gcd(a, b):
    while b:
        a, b = b, a % b
    return a

def is_good(arr):
    return all(gcd(arr[i], arr[j]) <= len(arr) for i in range(len(arr)) for j in range(i, len(arr)))

def is_beautiful(arr):
    for i in range(1, len(arr)):
        if not is_good(arr[:i]):
            return False
    return True

def solve():
    t = int(input())
    for _ in range(t):
        n = int(input())
        arr = list(map(int, input().split()))
        if is_beautiful(arr):
            print(""Yes"")
        else:
            arr.sort(reverse=True)
            for i in range(1, len(arr)):
                if not is_good(arr[:i]):
                    arr[i], arr[0] = arr[0], arr[i]
                    if is_beautiful(arr):
                        print(""Yes"")
                        break
            else:
                print(""No"")

",False,False,0,0.0
1788A,0,['this is the og problem'],"['for loop', 'if statement']","['for loop', 'if statement', 'continue statement', 'break statement', 'while loop', 'misc', 'dictionary', 'matrix operation', 'hashmap', 'tuple']","from typing import List

def solve():
    def find_k(a: List[int]):
        n = len(a)
        for k in range(1, n - 1):
            if a[:k] == a[k + 1:][::-1]:
                return k
        return -1

    t = int(input())
    for _ in range(t):
        n = int(input())
        a = list(map(int, input().split()))
        print(find_k(a))
",False,True,0,0.0
1788A,1,['matrix operation'],['for loop'],"['for loop', 'if statement', 'continue statement', 'break statement', 'while loop', 'misc', 'dictionary', 'matrix operation', 'hashmap', 'tuple']","import sys

def solve():
    t = int(input())
    for _ in range(t):
        n = int(input())
        a = list(map(int, input().split()))
        if all(a[i] == a[-i] for i in range(1, n // 2 + 1)):
            print(-1)
        else:
            for i in range(1, n - 1):
                if a[0] * a[1] * a[2:i] == a[i] * a[i + 1] * a[i + 2:]:
                    print(i)
                    break
            else:
                print(-1)

",False,True,0,0.0
1788A,2,"['matrix operation', 'if statement']","['while loop', 'recursion']","['for loop', 'if statement', 'continue statement', 'break statement', 'while loop', 'misc', 'dictionary', 'matrix operation', 'hashmap', 'tuple']","import functools
from typing import List

def solve():
    def gcd(a, b):
        while b:
            a, b = b, a % b
        return a

    def find_k(a: List[int]):
        n = len(a)
        for k in range(1, n - 1):
            if gcd(functools.reduce(lambda x, y: x * y, a[:k], 1) == gcd(functools.reduce(lambda x, y: x * y, a[k:], 1)):
                return k
        return -1

    t = int(input())
    for _ in range(t):
        n = int(input())
        a = list(map(int, input().split()))
        print(find_k(a))

",False,True,1,0.5
1788A,3,"['matrix operation', 'if statement', 'for loop']","['recursion', 'while loop']","['for loop', 'if statement', 'continue statement', 'break statement', 'while loop', 'misc', 'dictionary', 'matrix operation', 'hashmap', 'tuple']","from typing import List

def solve():
    def gcd(a, b):
        while b:
            a, b = b, a % b
        return a

    def lcm(a, b):
        return a * b // gcd(a, b)

    def find_k(a: List[int]):
        n = len(a)
        for k in range(1, n - 1):
            if lcm(reduce(lambda x, y: x * y, a[:k], 1) , reduce(lambda x, y: x * y, a[k:], 1)) == a[k]:
                return k
        return -1

    t = int(input())
    for _ in range(t):
        n = int(input())
        a = list(map(int, input().split()))
        print(find_k(a))
",False,True,1,0.5
1788A,4,"['matrix operation', 'if statement', 'for loop', 'break statement']","['recursion', 'while loop']","['for loop', 'if statement', 'continue statement', 'break statement', 'while loop', 'misc', 'dictionary', 'matrix operation', 'hashmap', 'tuple']","import functools

def solve():
    def gcd(a, b):
        while b:
            a, b = b, a % b
        return a

    def find_k(a):
        n = len(a)
        for k in range(1, n - 1):
            if gcd(functools.reduce(lambda x, y: x * y, a[:k]) , functools.reduce(lambda x, y: x * y, a[k:])) == a[k + 1]:
                return k
        return -1

    t = int(input())
    for _ in range(t):
        n = int(input())
        a = list(map(int, input().split()))
        print(find_k(a))

",False,True,1,0.5
1787A,0,['this is the og problem'],"['for loop', 'if statement']","['for loop', 'if statement', 'tuple', 'while loop']","import math

def solve():
    for x in range(1, 10001):
        for y in range(1, x+1):
            if x**y * y + y**x * x == n:
                return x, y
    return -1

",False,True,0,0.0
1787A,1,['if statement'],"['for loop', 'if statement', 'tuple']","['for loop', 'if statement', 'tuple', 'while loop']","import math
import sys

def solve():
    for x in range(1, 10001):
        for y in range(1, x+1):
            if x**y * y + y**x * x == n:
                return x, y
    return -1

",False,False,0,0.0
1787A,2,"['if statement', 'for loop']","['if statement', 'while loop', 'for loop', 'recursion', 'tuple', 'misc']","['for loop', 'if statement', 'tuple', 'while loop']","from functools import reduce

def mul_inv(a, b):
    b0 = b
    x0, x1 = 0, 1
    if b == 1:
        return 1
    while a > 1:
        q = a // b
        a, b = b, a % b
        x0, x1 = x1 - q * x0, x0
    if x1 < 0:
        x1 += b0
    return x1

def solve(n):
    factors = [i for i in range(2, int(n**0.5) + 1) if n % i == 0]
    if len(factors) == 0:
        return -1

    x = [0] * len(factors)
    y = [0] * len(factors)
    pows = [0] * len(factors)

    for i in range(len(factors)):
        p = factors[i]
        pows[i] = n // p
        x[i] = pows[i] * mul_inv(pows[i] + 1, p)
        y[i] = mul_inv(x[i], p)

    prod = reduce((lambda a, b: a * b), factors)
    x = sum(x[i] * prod // factors[i] for i in range(len(factors)))
    y = sum(y[i] * prod // factors[i] for i in range(len(factors)))

    return x, y
",False,False,2,0.3333333333333333
1787A,3,"['if statement', 'for loop', 'tuple']",['recursion'],"['for loop', 'if statement', 'tuple', 'while loop']","from sympy import symbols, Eq, solve

def solve():
    n = int(input())
    x, y = symbols('x y')
    equation = x**y * y + y**x * x - n
    solutions = solve((equation), (x, y))

    if solutions:
        print(*solutions[0].values())
    else:
        print(-1)
",False,True,1,1.0
1787A,4,"['if statement', 'for loop', 'tuple', 'matrix operation']",['for loop'],"['for loop', 'if statement', 'tuple', 'while loop']","from math import gcd

def extended_gcd(a, b):
    if b == 0:
        return (1, 0, a)
    else:
        (s, old_s, x, old_x) = extended_gcd(b, a % b)
        return (old_x - (a // b) * old_s, s, x, old_s)

def solve():
    for n in range(1, 10000):
        for x in range(1, n):
            for y in range(1, n):
                if pow(x, y) * y + pow(y, x) * x == n:
                    print(x, y)
                    return
        for y in range(n, 1, -1):
            for x in range(1, n):
                if pow(x, y) * y + pow(y, x) * x == n:
                    print(x, y)
                    return
    print(-1)

",False,False,0,0.0
1787A,5,"['if statement', 'for loop', 'tuple', 'matrix operation', 'while loop']","['recursion', 'while loop', 'if statement']","['for loop', 'if statement', 'tuple', 'while loop']","from functools import reduce
from math import gcd

def solve():
    def power(a, b, m):
        result = 1
        while b > 0:
            if b & 1:
                result = (result * a) % m
            a = (a * a) % m
            b >>= 1
        return result

    def extended_euclidean_algorithm(a, b):
        if b == 0:
            return (1, 0, a)
        else:
            g, y, x = extended_euclidean_algorithm(b, a % b)
            return (x - (a // b) * g, g, y)

    def chinese_remainder(n, a, b):
        p, g, x = n, 1, 0
        for i in range(len(b)):
            g, x = extended_euclidean_algorithm(p[i], b[i])
            x = (x * power(a[i], p[i] - p[i] // b[i] * g)) % p[i]
        return x % n

    def solve_for_n(n):
        factors = [i for i in range(2, int(n ** 0.5) + 1) if n % i == 0]
        if len(factors) == 0:
            return -1
        else:
            solutions = []
            for factor in factors:
                x = chinese_remainder([(n // factor, power(factor, factor - 1, factor - 1), 1), (factor, 1, 0)], [(1, 1, 0), (factor - 1, -power(factor, factor - 1, factor - 1), 1)])
                solutions.append((x % factor, factor))
            return min(solutions, key=lambda x: x[0]) if len(solutions) > 1 else solutions[0]

    t = int(input())
    for _ in range(t):
        n = int(input())
        x, y = solve_for_n(n)
        print(x, y)

",False,False,1,0.3333333333333333
1786A2,0,['this is the og problem'],"['while loop', 'if statement']","['if statement', 'while loop', 'for loop', 'break statement', 'misc', 'matrix operation']","def solve():
    def deal_cards(n, color, player):
        count = [0, 0]
        while n > 0:
            cards = min(n, 8)
            count[player] += cards
            n -= cards
            if player == 1:
                player = 2
                color = not color
            else:
                player = 1
            count[color] += cards // 2
            n -= cards // 2
        return count

    t = int(input().strip())
    for _ in range(t):
        n = int(input().strip())
        alice_white, alice_black, bob_white, bob_black = deal_cards(n, True, 1), deal_cards(n, True, 2), deal_cards(n, False, 1), deal_cards(n, False, 2)
        print(*alice_white, *alice_black, *bob_white, *bob_black, sep=' ')

",False,True,0,0.0
1786A2,1,['if statement'],"['if statement', 'for loop', 'tuple']","['if statement', 'while loop', 'for loop', 'break statement', 'misc', 'matrix operation']","from collections.abc import Iterable
from typing import List

def solve():
    def alternating_deck(n: int) -> List[int]:
        alice_white, alice_black, bob_white, bob_black = 1, 0, 0, 0
        for i in range(1, n + 1):
            cards = min(i, n)
            if i % 2 == 1:
                alice_white += cards
                bob_white += cards
            else:
                alice_black += cards
                bob_black += cards * 2
                n -= cards
        return alice_white, alice_black, bob_white, bob_black

    test_cases = int(input())
    for _ in range(test_cases):
        n = int(input())
        result = alternating_deck(n)
        print(*result)

",False,False,1,0.3333333333333333
1786A2,2,"['if statement', 'for loop']","['if statement', 'for loop']","['if statement', 'while loop', 'for loop', 'break statement', 'misc', 'matrix operation']","from collections import defaultdict

def solve():
    def alternating_deck(n, color_count):
        alice_white, alice_black, bob_white, bob_black = 1, 0, 0, 0
        for i in range(1, n + 1):
            if i % 2 == 1:
                alice_white += i
                alice_black += (i - 1) // 2
                bob_white += (i - 1) // 2
                bob_black += i - (i - 1) // 2
            else:
                alice_white += (i - 1) // 2
                alice_black += i
                bob_white += i
                bob_black += (i - 1) // 2
        return alice_white, alice_black, bob_white, bob_black

    t = int(input())
    for _ in range(t):
        n = int(input())
        result = alternating_deck(n, [0, 0])
        print(*result)

",False,False,0,0.0
1786A1,0,['this is the og problem'],['for loop'],"['for loop', 'if statement', 'while loop', 'misc', 'break statement', 'dictionary', 'tuple']","import collections

def solve():
    n = int(input())
    deck = [0] * n
    alice_cards = 0
    bob_cards = 0

    for i in range(1, n + 1):
        cards_to_deal = i
        if i % 2 == 1:
            player = ""Alice""
        else:
            player = ""Bob""

        while cards_to_deal > 0 and cards_to_deal <= n:
            cards_to_deal -= min(cards_to_deal, n - deck[-1])
            deck[-1] = 0
            if player == ""Alice"":
                alice_cards += cards_to_deal
            else:
                bob_cards += cards_to_deal
            n -= cards_to_deal

    print(alice_cards, bob_cards)
",False,True,0,0.0
1786A1,1,['if statement'],['for loop'],"['for loop', 'if statement', 'while loop', 'misc', 'break statement', 'dictionary', 'tuple']","from collections import defaultdict

def solve():
    def deal_cards(n, player):
        cards = [0] * (n + 1)
        for i in range(1, n + 1):
            cards[i] = cards[i - 1] + (i // 2) * (player == 1)
        return cards[n], cards[n - 1]

    t = int(input())
    for _ in range(t):
        n = int(input())
        alice, bob = deal_cards(n, 1)
        for _ in range(2, n // 2 + 1):
            alice, bob = deal_cards(n, 2)
        print(alice, bob)
",False,True,0,0.0
1786A1,2,"['if statement', 'for loop']",['for loop'],"['for loop', 'if statement', 'while loop', 'misc', 'break statement', 'dictionary', 'tuple']","from collections import deque

def solve():
    n = int(input())
    deck = deque([0] * n)
    alice, bob = deque([0]), deque([0])

    while deck:
        step = len(deck)
        for _ in range(step):
            if step % 2 == 0:
                alice.append(deck.popleft())
            else:
                bob.append(deck.popleft() * step)

    print(*alice, *bob)
",False,False,0,0.0
1786A1,3,"['if statement', 'for loop', 'while loop']",['for loop'],"['for loop', 'if statement', 'while loop', 'misc', 'break statement', 'dictionary', 'tuple']","from collections import defaultdict

def solve():
    n = int(input())
    alice, bob = defaultdict(int), defaultdict(int)
    step = 1
    while step <= n:
        player = (step % 2 == 0)
        cards = min(n, step)
        alice[step], bob[step] = alice[step] + cards, bob[step] + cards
        n -= cards
        step += 1
        if not n:
            break
        if player:
            alice[step] += n
        else:
            bob[step] += n
    print(sum(alice.values()), sum(bob.values()))
",False,False,0,0.0
1786A1,4,"['if statement', 'for loop', 'while loop', 'tuple']",['while loop'],"['for loop', 'if statement', 'while loop', 'misc', 'break statement', 'dictionary', 'tuple']","from collections.abc import Iterable

def solve():
    def deal_cards(n, player):
        cards = [0] * 2
        step = 1
        while n > 0:
            cards[player] += step
            n -= step
            step += 1
            player ^= 1
        return cards

    def main():
        t = int(input())
        for _ in range(t):
            n = int(input())
            print(*deal_cards(n, 0))

    main()
",False,False,0,0.0
1783A,0,['this is the og problem'],"['if statement', 'for loop', 'continue statement', 'sorting']","['for loop', 'if statement', 'set', 'sorting', 'tuple', 'hashmap', 'stack', 'misc']","import itertools

def solve():
    t = int(input())
    for _ in range(t):
        n = int(input())
        a = list(map(int, input().split()))
        a = sorted(a)
        for i in range(1, n):
            if a[i] == sum(a[:i]):
                print(""NO"")
                continue
        print(""YES"")
        print(*sorted(a, reverse=True))
",False,True,1,0.25
1783A,1,['sorting'],"['if statement', 'for loop', 'break statement', 'sorting']","['for loop', 'if statement', 'set', 'sorting', 'tuple', 'hashmap', 'stack', 'misc']","import sys

def solve():
    t = int(input())
    for _ in range(t):
        n = int(input())
        a = list(map(int, input().split()))
        a_copy = a[:]
        a.sort()
        for i in range(len(a) - 1, 0, -1):
            if a[i] == sum(a_copy[:i]):
                a_copy[i], a_copy[0] = a_copy[0], a_copy[i]
                a_copy.sort()
                print(""YES"")
                print(*a_copy)
                break
        else:
            print(""NO"")

",False,False,1,0.25
1783A,2,"['sorting', 'if statement']","['for loop', 'if statement', 'continue statement', 'sorting']","['for loop', 'if statement', 'set', 'sorting', 'tuple', 'hashmap', 'stack', 'misc']","import itertools

def solve():
    t = int(input())
    for _ in range(t):
        n = int(input())
        a = list(map(int, input().split()))
        a = sorted(a)
        for i in range(1, n):
            if a[i] == sum(a[:i]):
                print(""NO"")
                continue
        print(""YES"")
        print(*sorted(a, reverse=True))
",False,False,1,0.25
1783A,3,"['sorting', 'if statement', 'for loop']","['for loop', 'if statement', 'sorting']","['for loop', 'if statement', 'set', 'sorting', 'tuple', 'hashmap', 'stack', 'misc']","import heapq

def solve():
    t = int(input())
    for _ in range(t):
        n = int(input())
        a = list(map(int, input().split()))
        a = sorted(a)
        if any(a[i] == sum(a[:i]) for i in range(1, len(a))):
            print(""NO"")
        else:
            print(""YES"")
            print(*sorted(a, reverse=True))

",False,False,0,0.0
1783A,4,"['sorting', 'if statement', 'for loop', 'tuple']",['for loop'],"['for loop', 'if statement', 'set', 'sorting', 'tuple', 'hashmap', 'stack', 'misc']","import heapq

def solve():
    t = int(input())
    for _ in range(t):
        n = int(input())
        a = list(map(int, input().split()))
        a = sorted(a)
        if any(a[i] == sum(a[:i]) for i in range(1, n)):
            print(""NO"")
        else:
            print(""YES"")
            print(*sorted(a, reverse=True))

",False,False,0,0.0
1781A,0,['this is the og problem'],['for loop'],"['if statement', 'for loop', 'tuple', 'matrix operation', 'while loop', 'misc']","from math import sqrt, ceil

def solve():
    import sys
    input = sys.stdin.readline

    def manhattan_distance(a, b):
        return abs(a[0] - b[0]) + abs(a[1] - b[1])

    def min_cable_length():
        w, d, h = map(int, input().split())
        a, b, f, g = map(int, input().split())

        # Calculate the lengths of the edges of the cuboid
        edge_lengths = [w, d, h, min(w, d), min(w, h), min(d, h)]

        # Calculate the Manhattan distance between the laptop and the projector
        distance = manhattan_distance((a, b), (f, g))

        # Check if the distance is equal to the length of any edge
        for edge in edge_lengths:
            if distance == edge:
                return edge

        # If the distance is not equal to any edge length, calculate the minimum cable length
        # by finding the smallest multiple of the smallest edge length that is greater than or equal to the distance
        smallest_edge = min(edge_lengths)
        return ceil(distance / smallest_edge) * smallest_edge

    for _ in range(int(input())):
        print(min_cable_length())
",False,True,0,0.0
1781A,1,['if statement'],['for loop'],"['if statement', 'for loop', 'tuple', 'matrix operation', 'while loop', 'misc']","from math import sqrt

def manhattan_distance(a, b, f, g):
    return abs(a[0] - f) + abs(a[1] - g)

def solve():
    t = int(input())
    for _ in range(t):
        w, d, h, a, b, f, g = map(int, input().split())
        x1, y1 = a, b
        x2, y2 = f, g - h
        length = manhattan_distance(x1, y1, x2, y2)
        if x1 == x2:
            length += h
        elif y1 == y2:
            length += w
        print(length)

",False,True,0,0.0
1781A,2,"['if statement', 'tuple']","['if statement', 'for loop', 'misc', 'tuple']","['if statement', 'for loop', 'tuple', 'matrix operation', 'while loop', 'misc']","from math import sqrt, ceil

def manhattan_distance(a, b, f, g):
    return abs(a - f) + abs(b - g)

def solve():
    t = int(input())
    for _ in range(t):
        w, d, h, a, b, f, g = map(int, input().split())
        x = max(w, d, h)
        y = min(w, d, h)
        if a % x == 0 or b % y == 0 or f % x == 0 or g % y == 0:
            cable_length = manhattan_distance(a, b, f, g)
        elif a % y == 0 or b % x == 0 or f % y == 0 or g % x == 0:
            cable_length = manhattan_distance(a, b, f, g) + (x - a % x) + (y - b % y)
        else:
            cable_length = min(manhattan_distance(a, b, f, g) + (x - a % x) + (y - b % y),
                              manhattan_distance(a, b, f, g) + (x - f % x) + (y - g % y))
        print(cable_length)
",False,False,0,0.0
1781A,3,"['if statement', 'tuple', 'matrix operation']","['if statement', 'for loop', 'tuple']","['if statement', 'for loop', 'tuple', 'matrix operation', 'while loop', 'misc']","from math import sqrt

def manhattan_distance(a, b):
    return abs(a[0] - b[0]) + abs(a[1] - b[1])

def solve():
    t = int(input())
    for _ in range(t):
        w, d, h, a, b, f, g = map(int, input().split())
        x1, y1 = a, b
        x2, y2 = f, g + h
        length = manhattan_distance((x1, y1), (x2, y2))
        if x1 == x2:
            length += h
        elif y1 == y2:
            length += w
        print(length)
",False,False,0,0.0
1781A,4,"['if statement', 'tuple', 'matrix operation', 'for loop']",['for loop'],"['if statement', 'for loop', 'tuple', 'matrix operation', 'while loop', 'misc']","from math import sqrt, ceil

def manhattan_distance(a, b):
    return abs(a[0] - b[0]) + abs(a[1] - b[1])

def solve():
    t = int(input())
    for _ in range(t):
        w, d, h, a, b, f, g = map(int, input().split())
        x1, y1 = a, b
        x2, y2 = f, g + h
        x3, y3 = w - x1, y1
        x4, y4 = w - x2, y2
        length1 = manhattan_distance((x1, y1), (x2, y2))
        length2 = manhattan_distance((x2, y2), (x3, y3))
        length3 = manhattan_distance((x3, y3), (x4, y4))
        length4 = manhattan_distance((x4, y4), (x1, y1))
        min_length = min(length1, length2, length3, length4)
        print(min_length)

",False,False,0,0.0
1781A,5,"['if statement', 'tuple', 'matrix operation', 'for loop', 'while loop']","['for loop', 'if statement', 'tuple']","['if statement', 'for loop', 'tuple', 'matrix operation', 'while loop', 'misc']","import math

def manhattan_distance(a, b, f, g):
    return abs(a[0] - f[0]) + abs(a[1] - g[1])

def solve():
    t = int(input())
    for _ in range(t):
        w, d, h, a, b, f, g = map(int, input().split())
        cable_length = manhattan_distance(a, b, f, g)
        if cable_length > h:
            cable_length += (h - cable_length) * 2
        print(cable_length)

",False,False,0,0.0
1780A,0,['this is the og problem'],"['for loop', 'if statement', 'break statement']","['for loop', 'if statement', 'tuple', 'while loop', 'matrix operation', 'hashmap', 'continue statement', 'recursion', 'misc', 'break statement']","import sys

def solve():
    for _ in range(int(input())):
        n = int(input())
        a = list(map(int, input().split()))
        found = False
        for i in range(n):
            for j in range(i+1, n):
                for k in range(j+1, n):
                    if (a[i] + a[j] + a[k]) % 2 != 0:
                        found = True
                        print(""YES"")
                        print(f""{i+1} {j+1} {k+1}"")
                        break
                if found:
                    break
            if found:
                break
        if not found:
            print(""NO"")

",False,True,0,0.0
1780A,1,['for loop'],['for loop'],"['for loop', 'if statement', 'tuple', 'while loop', 'matrix operation', 'hashmap', 'continue statement', 'recursion', 'misc', 'break statement']","import itertools

def solve():
    t = int(input())
    for _ in range(t):
        n = int(input())
        a = list(map(int, input().split()))
        found = False
        for i, j in itertools.combinations(range(n), 2):
            for k in range(i+1, j):
                if a[i] + a[j] + a[k] & 1 == 1:
                    print(""YES"")
                    print(f""{i+1} {j+1} {k+1}"")
                    found = True
                    break
            if found:
                break
        if not found:
            print(""NO"")
",False,False,0,0.0
1780A,2,"['for loop', 'while loop']",['for loop'],"['for loop', 'if statement', 'tuple', 'while loop', 'matrix operation', 'hashmap', 'continue statement', 'recursion', 'misc', 'break statement']","import itertools

def solve():
    t = int(input())
    for _ in range(t):
        n = int(input())
        a = list(map(int, input().split()))
        found = False
        for i, j in itertools.combinations(range(n), 2):
            for k in range(i+1, j):
                if (a[i] + a[j] + a[k]) % 2 != 0:
                    print(""YES"")
                    print(f""{i+1} {j+1} {k+1}"")
                    found = True
                    break
            if found:
                break
        if not found:
            print(""NO"")
",False,False,0,0.0
1780A,3,"['for loop', 'while loop', 'tuple']","['for loop', 'tuple']","['for loop', 'if statement', 'tuple', 'while loop', 'matrix operation', 'hashmap', 'continue statement', 'recursion', 'misc', 'break statement']","import itertools

def solve():
    def find_triple(arr):
        for i, a in enumerate(arr):
            for j in range(i+1, len(arr)):
                for k in range(j+1, len(arr)):
                    if (a + arr[j] + arr[k]) % 2 != 0:
                        return i+1, j+1, k+1
        return None

    t = int(input())
    for _ in range(t):
        n = int(input())
        arr = list(map(int, input().split()))
        result = find_triple(arr)
        if result:
            print(""YES"")
            print(*result)
        else:
            print(""NO"")
",False,False,0,0.0
1780A,4,"['for loop', 'while loop', 'tuple', 'recursion']","['for loop', 'if statement', 'break statement']","['for loop', 'if statement', 'tuple', 'while loop', 'matrix operation', 'hashmap', 'continue statement', 'recursion', 'misc', 'break statement']","import itertools

def solve():
    t = int(input())
    for _ in range(t):
        n = int(input())
        a = list(map(int, input().split()))
        found = False
        for i in range(n - 2):
            for j in range(i + 1, n - 1):
                for k in range(j + 1, n):
                    if (a[i] + a[j] + a[k]) % 2 != 0:
                        print(""YES"")
                        print(f""{i+1} {j+1} {k+1}"")
                        found = True
                        break
            if found:
                break
        if not found:
            print(""NO"")

",False,False,0,0.0
1780A,5,"['for loop', 'while loop', 'tuple', 'recursion', 'if statement']","['for loop', 'tuple', 'if statement']","['for loop', 'if statement', 'tuple', 'while loop', 'matrix operation', 'hashmap', 'continue statement', 'recursion', 'misc', 'break statement']","import itertools

def solve():
    def find_triple(arr):
        for i in range(len(arr)):
            for j in range(i+1, len(arr)):
                for k in range(j+1, len(arr)):
                    if (arr[i] + arr[j] + arr[k]) % 2 != 0:
                        return i, j, k
        return None

    t = int(input())
    for _ in range(t):
        n = int(input())
        arr = list(map(int, input().split()))
        result = find_triple(arr)
        if result:
            print(""YES"")
            print(*result)
        else:
            print(""NO"")
",False,False,0,0.0
1779A,0,['this is the og problem'],"['for loop', 'if statement', 'break statement']","['for loop', 'if statement', 'set', 'dictionary', 'while loop', 'continue statement', 'break statement']","import sys

def solve():
    t = int(input())
    for _ in range(t):
        n = int(input())
        s = input()
        if all(s[i] == s[0] for i in range(1, n)):
            print(-1)
        else:
            for i in range(1, n - 1):
                if s[i] != s[i + 1]:
                    print(i)
                    break
            else:
                print(-1)

",False,True,0,0.0
1779A,1,['if statement'],"['for loop', 'if statement', 'break statement']","['for loop', 'if statement', 'set', 'dictionary', 'while loop', 'continue statement', 'break statement']","import sys

def solve():
    t = int(input())
    for _ in range(t):
        n = int(input())
        s = input()
        if all(s[i] == s[0] for i in range(1, n)):
            print(-1)
        else:
            for i in range(1, n - 1):
                if s[i] != s[i + 1]:
                    print(i)
                    break
            else:
                print(-1)

",False,False,0,0.0
1779A,2,"['if statement', 'for loop']","['if statement', 'for loop']","['for loop', 'if statement', 'set', 'dictionary', 'while loop', 'continue statement', 'break statement']","import sys

def solve():
    t = int(input())
    for _ in range(t):
        n = int(input())
        s = input()
        if all(s[i] == s[0] for i in range(1, n)):
            print(-1)
        else:
            for i in range(1, n - 1):
                if s[i] != s[i + 1]:
                    print(i)
                    break
            else:
                print(-1)

",False,False,0,0.0
1779A,3,"['if statement', 'for loop', 'while loop']","['if statement', 'for loop']","['for loop', 'if statement', 'set', 'dictionary', 'while loop', 'continue statement', 'break statement']","import itertools

def solve():
    n = int(input())
    for _ in range(n):
        s = input()
        if all(s[i] == s[0] for i in range(1, len(s))):
            print(-1)
        else:
            for i in range(1, len(s) - 1):
                if s[i] != s[i - 1] and s[i] != s[i + 1]:
                    print(i)
                    break
            else:
                print(-1)

",False,False,0,0.0
1778A,0,['this is the og problem'],"['if statement', 'for loop', 'hashmap']","['for loop', 'if statement', 'break statement', 'tuple', 'misc', 'matrix operation', 'continue statement', 'hashmap', 'dictionary', 'while loop']","import sys

def solve():
    t = int(input())
    for _ in range(t):
        n = int(input())
        a = list(map(int, input().split()))
        max_sum = float('-inf')
        for i in range(1, n):
            temp = a[i] * a[i+1]
            if temp > 0:
                a[i] *= -1
                a[i+1] *= -1
                new_sum = sum(a)
                max_sum = max(max_sum, new_sum)
                a[i] *= -1
                a[i+1] *= -1
        print(max_sum)

",False,True,0,0.0
1778A,1,['for loop'],"['recursion', 'dynamic programming']","['for loop', 'if statement', 'break statement', 'tuple', 'misc', 'matrix operation', 'continue statement', 'hashmap', 'dictionary', 'while loop']","import functools

def solve():
    @functools.lru_cache(maxsize=None)
    def dfs(arr, i):
        if i == len(arr):
            return sum(arr)
        return max(dfs(arr[::-1][:i] + arr[i+1:], i+1) + arr[i] * arr[i+1], dfs(arr, i+2))

    t = int(input())
    for _ in range(t):
        n = int(input())
        arr = list(map(int, input().split()))
        print(dfs(arr, 1))

",False,True,2,1.0
1778A,2,"['for loop', 'tuple']","['recursion', 'hashmap', 'tuple']","['for loop', 'if statement', 'break statement', 'tuple', 'misc', 'matrix operation', 'continue statement', 'hashmap', 'dictionary', 'while loop']","from functools import reduce

def solve():
    def flip(arr, i):
        arr[i], arr[i+1] = arr[i+1], -arr[i]
        return arr

    def max_sum(arr):
        return max(reduce(lambda x, y: x + y, arr))

    def main():
        t = int(input())
        for _ in range(t):
            n = int(input())
            arr = list(map(int, input().split()))
            max_val = max_sum(arr)
            for i in range(1, n-1):
                new_arr = flip(arr, i)
                new_max_val = max_sum(new_arr)
                max_val = max(max_val, new_max_val)
            print(max_val)

    main()
",False,False,1,0.3333333333333333
1778A,3,"['for loop', 'tuple', 'while loop']",[],"['for loop', 'if statement', 'break statement', 'tuple', 'misc', 'matrix operation', 'continue statement', 'hashmap', 'dictionary', 'while loop']","from right to left and for each index `i`, we will check if flipping the signs of `a[i]` and `a[i+1]` will increase the sum or not. If it does, we will update `dp[i]` with the maximum of `dp[i+2] + a[i] + a[i+1]` and `dp[i]`.

Here is the Python code for the solution:

```python
def solve():
    n = int(input())
    a = list(map(int, input().split()))
    dp = [0] * (n+1)
    dp[-1] = a[-1]
    for i in range(n-1, -1, -1):
        dp[i] = max(dp[i], dp[i+2] + a[i] + a[i+1])
    print(dp[0])
",False,True,0,0.0
1778A,4,"['for loop', 'tuple', 'while loop', 'hashmap']",['for loop'],"['for loop', 'if statement', 'break statement', 'tuple', 'misc', 'matrix operation', 'continue statement', 'hashmap', 'dictionary', 'while loop']","import sys

def solve():
    def flip(arr, i):
        arr[i], arr[i+1] = arr[i+1], -arr[i]

    def max_sum(arr):
        n = len(arr)
        max_sum = 0
        for i in range(1, n):
            temp_arr = arr[:]
            flip(temp_arr, i)
            temp_sum = sum(temp_arr)
            max_sum = max(max_sum, temp_sum)
        return max_sum

    for _ in range(int(input())):
        n = int(input())
        arr = list(map(int, input().split()))
        print(max_sum(arr))

",False,False,0,0.0
1778A,5,"['for loop', 'tuple', 'while loop', 'hashmap', 'if statement']","['recursion', 'dynamic programming']","['for loop', 'if statement', 'break statement', 'tuple', 'misc', 'matrix operation', 'continue statement', 'hashmap', 'dictionary', 'while loop']","import functools

def solve():
    @functools.lru_cache(maxsize=None)
    def max_sum(arr, i):
        if not arr:
            return 0
        if i >= len(arr):
            return float('-inf')
        if i < 0:
            return max_sum(arr[1:], i)
        return max(arr[i] + max_sum(arr[:i] + arr[i+1:], i-1), max_sum(arr[:i], i))

    t = int(input())
    for _ in range(t):
        n = int(input())
        arr = list(map(int, input().split()))
        print(max_sum(arr, n-2))

",False,True,2,1.0
1777A,0,['this is the og problem'],['for loop'],"['while loop', 'for loop', 'if statement', 'tuple', 'matrix operation']","import sys

def solve():
    t = int(input())
    for _ in range(t):
        n = int(input())
        a = list(map(int, input().split()))
        odd_count = sum(1 for i in range(1, len(a) - 1) if a[i] & 1 == a[i - 1] & 1)
        if odd_count % 2 == 1:
            print(-1)
        else:
            operations = 0
            for i in range(1, len(a) - 1):
                if a[i] & 1 == a[i - 1] & 1 and a[i] & 1 == a[i + 1] & 1:
                    operations += 1
                    a[i] = a[i - 1] * a[i + 1]
            print(operations)

",False,True,0,0.0
1777A,1,['if statement'],"['recursion', 'if statement', 'tuple']","['while loop', 'for loop', 'if statement', 'tuple', 'matrix operation']","import functools

def solve():
    @functools.lru_cache(maxsize=None)
    def min_ops(arr, i=0):
        if i >= len(arr) - 1:
            return 0
        if arr[i] == arr[i + 1]:
            return float('inf')
        return 1 + min_ops(arr[:i] + [arr[i] * arr[i + 1]] + arr[i + 2:], i + 2) if arr[i] % 2 == arr[i + 1] % 2 else min_ops(arr[:i] + arr[i + 1:], i + 1)

    t = int(input())
    for _ in range(t):
        n = int(input())
        arr = list(map(int, input().split()))
        print(min_ops(arr))

",False,False,1,0.3333333333333333
1777A,2,"['if statement', 'matrix operation']",['for loop'],"['while loop', 'for loop', 'if statement', 'tuple', 'matrix operation']","import functools

def solve():
    @functools.lru_cache(maxsize=None)
    def min_ops(arr, i=0):
        if len(arr) == 1:
            return 0
        if arr[i] == arr[i + 1]:
            return float('inf')
        if i == len(arr) - 1:
            return 1
        return min(min_ops(arr[i+2:], i+1) + 1, min_ops(arr[:i] + [arr[i] * arr[i+1]] + arr[i+2:], i))

    t = int(input())
    for _ in range(t):
        n = int(input())
        arr = list(map(int, input().split()))
        print(min_ops(arr))
",False,True,0,0.0
1777A,3,"['if statement', 'matrix operation', 'for loop']",['for loop'],"['while loop', 'for loop', 'if statement', 'tuple', 'matrix operation']","import functools

def solve():
    @functools.lru_cache(maxsize=None)
    def min_ops(arr, i=0):
        if i >= len(arr) - 1:
            return 0
        if arr[i] == arr[i + 1]:
            return float('inf')
        return 1 + min_ops(arr[:i] + [arr[i] * arr[i + 1]] + arr[i + 2:], i + 2) if arr[i] % 2 == arr[i + 1] % 2 else min_ops(arr[:i] + arr[i + 1:], i + 1)

    t = int(input())
    for _ in range(t):
        n = int(input())
        arr = list(map(int, input().split()))
        print(min_ops(arr))
",False,False,0,0.0
1777A,4,"['if statement', 'matrix operation', 'for loop', 'tuple']","['for loop', 'if statement', 'hashmap']","['while loop', 'for loop', 'if statement', 'tuple', 'matrix operation']","import sys

def solve():
    t = int(input())
    for _ in range(t):
        n = int(input())
        a = list(map(int, input().split()))
        odd_count = sum(1 for i in range(1, n) if a[i] ^ a[i - 1] != 1)
        if odd_count == 0:
            print(0)
        else:
            print(odd_count // 2)

",False,False,1,0.3333333333333333
1777A,5,"['if statement', 'matrix operation', 'for loop', 'tuple', 'break statement']","['for loop', 'stack', 'if statement']","['while loop', 'for loop', 'if statement', 'tuple', 'matrix operation']","from collections import deque

def solve():
    t = int(input())
    for _ in range(t):
        n = int(input())
        arr = list(map(int, input().split()))
        stack = deque()
        operations = 0
        for i in range(n):
            if stack and stack[-1] == arr[i] % 2:
                operations += 1
                stack.pop()
                stack.append(arr[i] * arr[i+1])
            else:
                stack.append(arr[i])
        print(len(stack) + operations)

",False,False,1,0.3333333333333333
1776A,0,['this is the og problem'],"['if statement', 'for loop', 'break statement']","['for loop', 'if statement', 'while loop', 'tuple', 'matrix operation', 'break statement']","import sys

def solve():
    t = int(input())
    for _ in range(t):
        n = int(input())
        times = list(map(int, input().split()))
        last_walk = -1
        for i in range(n):
            if times[i] < 120:
                print(""NO"")
                break
            if times[i] >= last_walk + 120:
                last_walk = times[i]
        else:
            print(""YES"")

",False,True,0,0.0
1776A,1,['if statement'],['for loop'],"['for loop', 'if statement', 'while loop', 'tuple', 'matrix operation', 'break statement']","import bisect

def solve():
    n = int(input())
    times = list(map(int, input().split()))

    walks = []
    for i in range(len(times) - 120):
        if times[i + 120] - times[i] == 120:
            walks.append((times[i], times[i + 120]))

    for i in range(len(times) - 120):
        if times[i] + 120 in times[i + 1:]:
            walks.append((times[i], times[i] + 120))

    for i in range(len(times) - 240):
        if times[i + 120] - times[i] == 120 and times[i + 120 + 120] - times[i + 120] == 120:
            walks.append((times[i], times[i + 120], times[i + 120 + 120]))

    for i in range(len(times) - 120):
        if times[i] + 120 in times[i + 1:] and times[i + 120 + 120] - times[i + 120] == 120:
            walks.append((times[i], times[i] + 120, times[i + 120 + 120]))

    for walk in walks:
        if bisect.bisect_left(times, walk[0]) <= bisect.bisect_right(times, walk[1]) and bisect.bisect_left(times, walk[1] + 120) <= len(times):
            return ""YES""

    return ""NO""
",True,True,0,0.0
1776A,2,"['if statement', 'for loop']","['if statement', 'for loop', 'recursion', 'tuple']","['for loop', 'if statement', 'while loop', 'tuple', 'matrix operation', 'break statement']","import math

def solve():
    def can_walk(messages, n):
        if n == 1:
            return False
        if n == 2:
            return abs(messages[1] - messages[0]) >= 120
        for i in range(2, n):
            if messages[i] - messages[i - 1] < 120:
                return False
        return True

    t = int(input())
    for _ in range(t):
        n = int(input())
        messages = list(map(int, input().split()))
        if can_walk(messages, n):
            print(""YES"")
        else:
            print(""NO"")
",False,False,1,0.25
1776A,3,"['if statement', 'for loop', 'recursion']","['if statement', 'for loop', 'misc']","['for loop', 'if statement', 'while loop', 'tuple', 'matrix operation', 'break statement']","import math

def solve():
    def can_walk(times, n):
        if n == 1:
            return False
        if n == 2:
            return times[1] - times[0] >= 120
        for i in range(2, n):
            if times[i] - times[i - 1] < 120:
                return False
        return True

    t = int(input())
    for _ in range(t):
        n = int(input())
        times = list(map(int, input().split()))
        print(""YES"" if can_walk(times, n) else ""NO"")

",False,False,1,0.3333333333333333
1776A,4,"['if statement', 'for loop', 'recursion', 'while loop']","['for loop', 'if statement', 'misc']","['for loop', 'if statement', 'while loop', 'tuple', 'matrix operation', 'break statement']","import math

def solve():
    t = int(input())
    for _ in range(t):
        n = int(input())
        times = list(map(int, input().split()))
        time_gaps = [times[i] - times[i - 1] for i in range(1, n)]
        if any(gap >= 120 for gap in time_gaps):
            print(""YES"")
        else:
            print(""NO"")
",False,False,1,0.3333333333333333
1775A1,0,['this is the og problem'],['for loop'],"['for loop', 'if statement', 'break statement', 'while loop', 'misc', 'tuple']","import itertools

def solve():
    t = int(input())
    for _ in range(t):
        s = input()
        a, b, c = sorted(list(set(s)), reverse=True)
        if len(set([a, b, c])) == 3:
            print(a, b, c)
        else:
            print("":("")

",False,True,0,0.0
1775A1,1,['for loop'],"['if statement', 'for loop', 'set', 'sorting']","['for loop', 'if statement', 'break statement', 'while loop', 'misc', 'tuple']","import itertools

def solve():
    t = int(input())
    for _ in range(t):
        s = input()
        a, b, c = sorted(list(set(s)), reverse=True)
        if len(set([a, b, c])) == 3:
            print(a, b, c)
        else:
            print("":("")

",False,False,2,0.5
1775A1,2,"['for loop', 'if statement']",['for loop'],"['for loop', 'if statement', 'break statement', 'while loop', 'misc', 'tuple']","import itertools

def solve():
    def lexicographically_smaller(a, b):
        return a < b or (a == b[0:len(a)] and b[len(a)] != 'a')

    def find_names(s):
        for a, b, c in itertools.product('aba', repeat=3):
            if lexicographically_smaller(a, b) and lexicographically_smaller(c, b) or lexicographically_smaller(b, a) and lexicographically_smaller(b, c):
                return a, b, c
        return "":(""

    t = int(input())
    for _ in range(t):
        s = input()
        print(*find_names(s), sep=' ')

",False,False,0,0.0
1775A1,3,"['for loop', 'if statement', 'recursion']","['if statement', 'for loop', 'set']","['for loop', 'if statement', 'break statement', 'while loop', 'misc', 'tuple']","import itertools

def solve():
    t = int(input())
    for _ in range(t):
        s = input()
        a, b, c = sorted(list(set(s)), key=s.index)
        if len(set(s)) == 3:
            print(f""{a} {b} {c}"")
        else:
            print("":("")

",False,False,1,0.3333333333333333
1775A1,4,"['for loop', 'if statement', 'recursion', 'while loop']","['recursion', 'misc']","['for loop', 'if statement', 'break statement', 'while loop', 'misc', 'tuple']","import itertools

def solve():
    def lexicographically_equal(a, b):
        return a == b or (len(a) < len(b) and a + 'b' <= b)

    def find_names(s):
        for a, b, c in itertools.product(set(s), repeat=3):
            if lexicographically_equal(a, b) and lexicographically_equal(b, c):
                return a, b, c
        return "":(""

    t = int(input())
    for _ in range(t):
        s = input()
        print(*find_names(s), sep=' ')

",False,False,1,0.5
1774A,0,['this is the og problem'],['matrix operation'],"['for loop', 'if statement', 'matrix operation', 'tuple', 'misc', 'continue statement', 'while loop']","import sys

def solve(a):
    n = len(a)
    dp = [[0] * 2 for _ in range(n)]

    # Initialize the first row
    dp[0][0] = a[0]
    dp[0][1] = 1 - a[0]

    for i in range(1, n):
        dp[i][0] = dp[i - 1][0] + a[i]
        dp[i][1] = min(dp[i - 1][0] - a[i], dp[i - 1][1] + a[i])

        # Update the minimum absolute value for the current position
        dp[i][0] = min(dp[i][0], dp[i][1] + abs(dp[i - 1][0] - dp[i][1]))
        dp[i][1] = min(dp[i][1], dp[i - 1][0] - dp[i][0])

    return ''.join(('+' if x == 0 else '-') for x in dp[-1])

",False,True,0,0.0
1774A,1,['if statement'],"['for loop', 'if statement']","['for loop', 'if statement', 'matrix operation', 'tuple', 'misc', 'continue statement', 'while loop']","import sys
import math

def solve():
    t = int(input())
    for _ in range(t):
        n = int(input())
        a = list(map(int, input().split()))
        neg = 0
        pos = 0
        for i in range(1, n):
            if a[i] != a[i - 1]:
                if a[i] > a[i - 1]:
                    pos += 1
                else:
                    neg += 1
        if neg > pos:
            sign = '-' * (neg - pos) + '+' * (pos - neg)
        else:
            sign = '+' * (pos - neg) + '-' * (neg - pos)
        print(sign)

",False,False,0,0.0
1774A,2,"['if statement', 'for loop']","['for loop', 'if statement', 'dynamic programming', 'matrix operation']","['for loop', 'if statement', 'matrix operation', 'tuple', 'misc', 'continue statement', 'while loop']","import sys

def solve():
    t = int(input())
    for _ in range(t):
        n = int(input())
        a = list(map(int, input().split()))
        dp = [[0] * 2 for _ in range(n+1)]
        dp[0][0] = dp[0][1] = a[0]
        for i in range(1, n):
            dp[i][0] = min(dp[i-1][0], dp[i-1][1]) + a[i]
            dp[i][1] = min(dp[i-1][0], dp[i-1][1]) - a[i]
        print(' '.join(map(str, dp[n-1])) if dp[n-1][0] <= dp[n-1][1] else '- '.join(map(str, dp[n-1][::-1])) if dp[n-1][1] < dp[n-1][0] else '-')

",False,False,1,0.25
1774A,3,"['if statement', 'for loop', 'hashmap']","['recursion', 'dynamic programming', 'if statement']","['for loop', 'if statement', 'matrix operation', 'tuple', 'misc', 'continue statement', 'while loop']","import sys
import functools

@functools.lru_cache(maxsize=None)
def min_abs_value(a):
    n = len(a)
    if n == 1:
        return 0

    dp = [0] * n
    dp[0] = abs(int(a[0]))
    dp[1] = abs(int(a[0]) + int(a[1]))

    for i in range(2, n):
        dp[i] = min(dp[i - 1] + abs(int(a[i]) - int(a[i - 1])), dp[i - 2] + abs(int(a[i - 1]) + int(a[i]) - 2 * int(a[i - 2])))

    return dp[-1]

def solve():
    t = int(input())
    for _ in range(t):
        n = int(input())
        a = input()
        result = ['-' if i % 2 == 0 else '+' for i in range(n - 1))
        print(''.join(result))

",False,False,2,0.6666666666666666
1774A,4,"['if statement', 'for loop', 'hashmap', 'tuple']","['for loop', 'if statement']","['for loop', 'if statement', 'matrix operation', 'tuple', 'misc', 'continue statement', 'while loop']","import sys
import math

def solve():
    t = int(input())
    for _ in range(t):
        n = int(input())
        a = list(map(int, input().split()))
        neg_count, pos_count = 0, 0
        for i in range(1, n):
            if a[i] != a[i - 1]:
                if a[i] > a[i - 1]:
                    pos_count += 1
                else:
                    neg_count += 1
        if pos_count > neg_count:
            print('+' * (n - 1))
        elif neg_count > pos_count:
            print('-' * (n - 1))
        else:
            print('+-' * (n - 2))

",False,False,0,0.0
1774A,5,"['if statement', 'for loop', 'hashmap', 'tuple', 'while loop']","['if statement', 'for loop']","['for loop', 'if statement', 'matrix operation', 'tuple', 'misc', 'continue statement', 'while loop']","import sys

def solve():
    t = int(input())
    for _ in range(t):
        n = int(input())
        a = list(map(int, input().split()))
        dp = [0] * n
        for i in range(n):
            for j in range(i):
                dp[i] = max(dp[i], dp[j] + (a[i] - a[j]) * (i - j))
        print(''.join(map(lambda x: '-' if x > 0 else '+', dp)))

",False,False,0,0.0
1772B,0,['this is the og problem'],"['for loop', 'if statement', 'tuple']","['if statement', 'while loop', 'for loop', 'misc', 'tuple', 'continue statement']","import itertools

def solve():
    t = int(input())
    for _ in range(t):
        a, b = map(list, zip(*map(list, input().split())))
        if all(x < y for x, y in zip(a, a[1:]) and x < y for x, y in zip(itertools.chain([b[0]], a), itertools.chain(a, [b[1]]))):
            print(""YES"")
        else:
            print(""NO"")
",False,True,0,0.0
1772B,1,['matrix operation'],"['if statement', 'for loop', 'tuple', 'matrix operation']","['if statement', 'while loop', 'for loop', 'misc', 'tuple', 'continue statement']","import itertools

def solve():
    t = int(input())
    for _ in range(t):
        a, b = map(list, zip(*map(int, input().split())))
        if all(x < y for x, y in zip(a, a[1:] + a[:1])) and all(x < y for x, y in zip(itertools.chain(a, b), itertools.chain(b, a[::-1]))):
            print(""YES"")
        else:
            print(""NO"")
",False,False,1,0.25
1772B,2,"['matrix operation', 'for loop']","['if statement', 'for loop', 'matrix operation']","['if statement', 'while loop', 'for loop', 'misc', 'tuple', 'continue statement']","import functools
from typing import List

def solve():
    t = int(input())
    for _ in range(t):
        matrix = list(map(int, input().split()))
        a, b, c, d = matrix
        if a < b and c < d:
            print(""YES"")
        elif a < b and (c > d or (a == d and c != b)):
            matrix[0], matrix[1] = matrix[1], matrix[0]
            print(""YES"")
        elif c < d and (a > b or (c == b and a != a)):
            matrix[0], matrix[3] = matrix[3], matrix[0]
            matrix[1], matrix[2] = matrix[2], matrix[1]
            print(""YES"")
        else:
            print(""NO"")

",False,False,1,0.3333333333333333
1772B,3,"['matrix operation', 'for loop', 'while loop']","['for loop', 'if statement', 'tuple', 'dictionary', 'misc']","['if statement', 'while loop', 'for loop', 'misc', 'tuple', 'continue statement']","import itertools

def solve():
    t = int(input())
    for _ in range(t):
        a, b = map(list, zip(*map(int, input().split())))
        if all(x < y for x, y in zip(a, a[1:] + a[:1])) and all(x < y for x, y in zip(itertools.chain(a, b), itertools.chain(b, a[::-1]))) :
            print(""YES"")
        else:
            print(""NO"")
",False,False,1,0.2
1772B,4,"['matrix operation', 'for loop', 'while loop', 'recursion']","['for loop', 'tuple', 'if statement', 'hashmap']","['if statement', 'while loop', 'for loop', 'misc', 'tuple', 'continue statement']","from collections import Counter

def solve():
    t = int(input())
    for _ in range(t):
        a, b = map(list, zip(*map(int, input().split())))
        c = Counter(a + b)
        if c[min(a)] < c[max(a)] and c[min(b)] < c[max(b)]:
            print(""YES"")
        else:
            print(""NO"")
",False,False,1,0.25
1772A,0,['this is the og problem'],"['recursion', 'dynamic programming']","['for loop', 'recursion', 'misc', 'if statement']","import functools

@functools.lru_cache(maxsize=None)
def solve(a, b):
    return a + b

",False,True,1,0.5
1772A,1,['for loop'],['for loop'],"['for loop', 'recursion', 'misc', 'if statement']","import functools

def solve():
    def add(a, b):
        return a + b

    @functools.lru_cache(maxsize=None)
    def evaluate(expression):
        a, b = map(int, expression.split('+'))
        return add(a, b)

    for _ in range(int(input())):
        expression = input()
        print(evaluate(expression))
",True,False,0,0.0
1772A,2,"['for loop', 'while loop']","['for loop', 'tuple', 'misc']","['for loop', 'recursion', 'misc', 'if statement']","import operator

def solve():
    for _ in range(int(input())):
        a, b = map(int, input().split('+'))
        print(a + b)
",True,False,1,0.3333333333333333
1772A,3,"['for loop', 'while loop', 'if statement']",['for loop'],"['for loop', 'recursion', 'misc', 'if statement']","def solve():
    import operator

    def add(a, b):
        return a + b

    result = {}
    for _ in range(int(input())):
        a, b = map(int, input().split('+'))
        result[input()] = add(a, b)

    for k, v in result.items():
        print(v)
",False,False,0,0.0
1772A,4,"['for loop', 'while loop', 'if statement', 'recursion']",['for loop'],"['for loop', 'recursion', 'misc', 'if statement']","import functools

def solve():
    def add(a, b):
        return a + b

    return functools.reduce(add, map(int, input().split('+')))
",False,False,0,0.0
1772A,5,"['for loop', 'while loop', 'if statement', 'recursion', 'misc']",['for loop'],"['for loop', 'recursion', 'misc', 'if statement']","import functools

def solve():
    def add(a, b):
        return a + b

    return functools.reduce(add, map(int, input().split('+')))
",False,False,0,0.0
1768A,0,['this is the og problem'],"['if statement', 'recursion', 'for loop']","['for loop', 'if statement', 'misc']","import math

def factorial(n):
    if n == 0:
        return 1
    return n * factorial(n - 1)

def solve(k):
    for x in range(1, k):
        if (factorial(x) + factorial(x - 1)) % k == 0:
            return x
    return -1
",False,True,1,0.3333333333333333
1768A,1,['matrix operation'],"['if statement', 'for loop', 'recursion']","['for loop', 'if statement', 'misc']","import math
import itertools

def factorial(n):
    if n == 0:
        return 1
    return n * factorial(n - 1)

def solve():
    t = int(input())
    for _ in range(t):
        k = int(input())
        for x in range(1, k):
            if (factorial(x) + factorial(x - 1)) % k == 0:
                print(x)
                break
        else:
            print(-1)

",False,True,1,0.3333333333333333
1768A,2,"['matrix operation', 'for loop']","['if statement', 'for loop', 'recursion']","['for loop', 'if statement', 'misc']","import math

def factorial(n):
    if n == 0:
        return 1
    else:
        return n * factorial(n-1)

def solve():
    for x in range(1, 10000):
        if (x * factorial(x) + (x-1) * factorial(x-1)) % 1000 == 0:
            return x
    return -1
",False,False,1,0.3333333333333333
1768A,3,"['matrix operation', 'for loop', 'if statement']","['if statement', 'recursion', 'for loop', 'while loop', 'break statement']","['for loop', 'if statement', 'misc']","import math

def factorial(n):
    if n == 0:
        return 1
    else:
        return n * factorial(n-1)

def solve():
    t = int(input())
    for _ in range(t):
        k = int(input())
        x = 1
        while True:
            if k % (x * factorial(x - 1) + factorial(x - 1)) == 0:
                print(x)
                break
            x += 1
        if x > k:
            print(-1)

",False,False,3,0.6
1768A,4,"['matrix operation', 'for loop', 'if statement', 'while loop']","['recursion', 'if statement', 'for loop', 'while loop', 'break statement']","['for loop', 'if statement', 'misc']","import math

def factorial(n):
    if n == 0:
        return 1
    else:
        return n * factorial(n-1)

def solve():
    t = int(input())
    for _ in range(t):
        k = int(input())
        x = 1
        while True:
            if k % (x * factorial(x - 1) + factorial(x - 1)) == 0:
                print(x)
                break
            x += 1
        if x >= k:
            print(-1)

",False,False,3,0.6
1768A,5,"['matrix operation', 'for loop', 'if statement', 'while loop', 'tuple']","['if statement', 'for loop', 'recursion', 'misc']","['for loop', 'if statement', 'misc']",,False,False,1,0.25
1767B,0,['this is the og problem'],"['for loop', 'heap', 'if statement']","['for loop', 'if statement', 'sorting', 'continue statement', 'matrix operation', 'misc', 'tuple', 'heap']","import heapq

def solve():
    t = int(input())
    for _ in range(t):
        n = int(input())
        a = list(map(int, input().split()))
        heap = [(-a[i], i+1) for i in range(n)]
        heapq.heapify(heap)
        result = 0
        while heap:
            _, idx = heapq.heappop(heap)
            if idx == 1:
                result += -heap[0][0]
            else:
                heapq.heappush(heap, (-a[idx-1], idx))
        print(result)

",False,True,0,0.0
1767B,1,['for loop'],['for loop'],"['for loop', 'if statement', 'sorting', 'continue statement', 'matrix operation', 'misc', 'tuple', 'heap']","from the source tower to the destination tower, if it is possible. We can maintain a priority queue (min-heap) to keep track of the towers in decreasing order of their top blocks.

Here is the Python code for the function `solve()`:

",False,False,0,0.0
1767B,2,"['for loop', 'recursion']",['heap'],"['for loop', 'if statement', 'sorting', 'continue statement', 'matrix operation', 'misc', 'tuple', 'heap']","import heapq

def solve():
    n = int(input())
    towers = [list(map(int, input().split())) for _ in range(n)]

    # Initialize a min-heap with the number of blocks in each tower
    heap = [(-blocks, i) for i, blocks in enumerate(towers)]
    result = 0

    while heap:
        blocks, index = heapq.heappop(heap)
        if blocks > 0:
            result += blocks
            blocks -= 1
        else:
            blocks = -blocks
            for j in range(len(towers)):
                if towers[j] > 0 and towers[j] >= blocks:
                    towers[j] -= blocks
                    heapq.heappush(heap, (-towers[j], j))

    print(result)
",False,True,0,0.0
1767B,3,"['for loop', 'recursion', 'if statement']","['heap', 'if statement']","['for loop', 'if statement', 'sorting', 'continue statement', 'matrix operation', 'misc', 'tuple', 'heap']","from heapq import heappush, heappop

def solve():
    n = int(input())
    towers = list(map(int, input().split()))
    tower1 = [0]
    max_heap = []
    heappush(max_heap, tower1)

    for i in range(1, n):
        tower = [0] + towers[:i] + towers[i:]
        while max_heap and tower[max_heap[-1][0]] < tower[max_heap[0][0]]:
            j, blocks = heappop(max_heap)
            tower[j] += 1
            heappush(max_heap, (j, tower[j]))
        heappush(max_heap, (i, tower[i]))

    return max_heap[0][1]

",False,False,0,0.0
1767B,4,"['for loop', 'recursion', 'if statement', 'hashmap']",['heap'],"['for loop', 'if statement', 'sorting', 'continue statement', 'matrix operation', 'misc', 'tuple', 'heap']","import heapq

def solve():
    n = int(input())
    towers = list(map(int, input().split()))
    tower1 = [0]
    heap = [(-tower, i) for i, tower in enumerate(towers)]
    heapq.heapify(heap)

    while heap:
        _, index = heapq.heappop(heap)
        if towers[index] > tower1[-1]:
            tower1.append(tower1[-1] + 1)
        else:
            tower1[-1] += towers[index]
            towers[index] = 0

    print(max(tower1))

",False,True,0,0.0
1767A,0,['this is the og problem'],['for loop'],"['for loop', 'set', 'if statement', 'while loop', 'hashmap', 'tuple', 'misc']","import math

def is_degenerate(x1, y1, x2, y2, x3, y3):
    return (x1 * (y2 - y3) + x2 * (y3 - y1) + x3 * (y1 - y2)) == 0

def slope(x1, y1, x2, y2):
    return (y2 - y1) / (x2 - x1)

def intercept(x1, y1, slope):
    return y1 - slope * x1

def cut_triangle(x1, y1, x2, y2, x3, y3):
    area = 0.5 * math.fabs((x1 * (y2 - y3) + x2 * (y3 - y1) + x3 * (y1 - y2)))
    if area == 0:
        return ""NO""

    midpoint = ((x1 + x2) / 2, (y1 + y2) / 2)
    if (x1 - x2) == 0:
        if x1 == x3:
            if y1 > max(y2, y3):
                return ""YES""
            else:
                return ""NO""
        else:
            slope = (y3 - y1) / (x3 - x1)
            intercept_y = intercept(midpoint[0], midpoint[1], slope)
            if y1 <= intercept_y <= y2:
                return ""YES""
            else:
                return ""NO""
    else:
        slope = (y2 - y1) / (x2 - x1)
        intercept_x = intercept(midpoint[1], midpoint[0], 1 / slope)
        if x1 <= intercept_x <= x2:
            return ""YES""
        else:
            return ""NO""

def solve():
    t = int(input())
    for _ in range(t):
        x1, y1, x2, y2, x3, y3 = map(int, input().split())
        print(cut_triangle(x1, y1, x2, y2, x3, y3))

",False,True,0,0.0
1767A,1,['if statement'],"['if statement', 'for loop', 'continue statement']","['for loop', 'set', 'if statement', 'while loop', 'hashmap', 'tuple', 'misc']","import math

def orientation(x1, y1, x2, y2, x, y):
    val = (y2 - y1) * (x - x1) - (x2 - x1) * (y - y1)
    if val > 0:
        return 1
    elif val < 0:
        return -1
    else:
        return 0

def solve():
    cases = int(input())
    for _ in range(cases):
        x1, y1, x2, y2, x3, y3 = map(int, input().split())
        area = 0.5 * math.fabs(x1 * (y2 - y3) + x2 * (y3 - y1) + x3 * (y1 - y2))
        if area == 0:
            print(""NO"")
            continue
        x_mid = (x1 + x2 + x3) / 3
        y_mid = (y1 + y2 + y3) / 3
        if x_mid == x1 or x_mid == x2 or x_mid == x3:
            print(""YES"")
            continue
        if y_mid == y1 or y_mid == y2 or y_mid == y3:
            print(""YES"")
            continue
        if orientation(x1, y1, x_mid, y_mid, x2, y2) * orientation(x2, y2, x_mid, y_mid, x3, y3) <= 0 and \
           orientation(x1, y1, x_mid, y_mid, x3, y3) * orientation(x3, y3, x_mid, y_mid, x2, y2) <= 0:
            print(""YES"")
        else:
            print(""NO"")

",False,False,1,0.3333333333333333
1767A,2,"['if statement', 'misc']",['for loop'],"['for loop', 'set', 'if statement', 'while loop', 'hashmap', 'tuple', 'misc']","from typing import List

def solve():
    def area(points: List[List[int]]):
        x, y, s = 0, 0, 0
        for i in range(3):
            x += points[i][0]
            y += points[i][1]
            s += points[i][0] * points[(i + 1) % 3][1] - points[i][1] * points[(i + 1) % 3][0]
        return abs(s / 2)

    def cut_triangle(points: List[List[int]]):
        x1, y1, x2, y2 = points[0], points[1], points[2], points[0]
        if x1 == x2:
            return x1, y1, min(y1, y2), max(y1, y2)
        elif y1 == y2:
            return x1, min(x1, x2), y1, max(x1, x2)
        else:
            m = (y2 - y1) / (x2 - x1)
            return x1, y1, x1 + (y1 - y2) / m, y1

    def check_cut(points: List[List[int]], cut_point: List[int]):
        x1, y1, x2, y2 = points[0], points[1], points[2], points[0]
        if cut_point[0] == x1:
            return y1 <= cut_point[1] <= y2
        elif cut_point[1] == y1:
            return x1 <= cut_point[0] <= x2
        else:
            return abs((cut_point[1] - y1) / (cut_point[0] - x1) - (y2 - y1) / (x2 - x1)) < 1e-9

    def solve_case():
        n = int(input())
        for _ in range(n):
            points = []
            for _ in range(3):
                x, y = map(int, input().split())
                points.append([x, y])
            area_before = area(points)
            cut_point = cut_triangle(points)
            if check_cut(points, cut_point):
                area_after = area([points[0], cut_point, points[1]]) + area([points[2], cut_point, points[0]])
                if area_after > area_before:
                    print(""YES"")
                else:
                    print(""NO"")
            else:
                print(""NO"")

    solve_case()
",False,True,0,0.0
1767A,3,"['if statement', 'misc', 'for loop']","['tuple', 'tuple', 'misc']","['for loop', 'set', 'if statement', 'while loop', 'hashmap', 'tuple', 'misc']","import math

def solve():
    def area(x1, y1, x2, y2, x3, y3):
        return abs(0.5 * math.sqrt((x1 * (y2 - y3) + x2 * (y3 - y1) + x3 * (y1 - y2)) ** 2))

    def cut_triangle(x1, y1, x2, y2, x3, y3):
        x_min, x_max = min(x1, x2, x3), max(x1, x2, x3)
        y_min, y_max = min(y1, y2, y3), max(y1, y2, y3)

        if x_min == x_max:
            return y_min, y_max
        elif y_min == y_max:
            return x_min, x_max
        else:
            m = (y_max - y_min) / (x_max - x_min)
            return x_min + (y_min - m * x_min) / (1 + m), x_max + (y_max - m * x_max) / (1 + m)

    t = int(input().strip())
    for _ in range(t):
        x1, y1, x2, y2, x3, y3 = map(int, input().strip().split())
        if area(x1, y1, x2, y2, x3, y3) > 0:
            line = cut_triangle(x1, y1, x2, y2, x3, y3)
            print(""YES"") if line[0] == line[2] or line[1] == line[3] else print(""NO"")

",False,False,0,0.0
1767A,4,"['if statement', 'misc', 'for loop', 'while loop']","['if statement', 'for loop', 'continue statement', 'tuple', 'matrix operation']","['for loop', 'set', 'if statement', 'while loop', 'hashmap', 'tuple', 'misc']","import math

def solve():
    n = int(input())
    for _ in range(n):
        x1, y1, x2, y2, x3, y3 = map(int, input().split())
        area = abs((x1 * (y2 - y3) + x2 * (y3 - y1) + x3 * (y1 - y2)) / 2)
        if area == 0:
            print(""NO"")
            continue
        x_min, x_max = min(x1, x2, x3), max(x1, x2, x3)
        y_min, y_max = min(y1, y2, y3), max(y1, y2, y3)
        if x_min == x_max:
            print(""YES"")
        elif y_min == y_max:
            print(""YES"")
        else:
            print(""NO"")
",False,False,2,0.4
1766A,0,['this is the og problem'],"['for loop', 'if statement']","['for loop', 'misc', 'tuple', 'if statement', 'while loop', 'recursion', 'matrix operation']","import math

def solve():
    t = int(input())
    for _ in range(t):
        n = int(input())
        count = 0
        for i in range(1, n+1):
            if len(str(i)) == 1 and i != 0:
                count += 1
        print(count)
",False,True,0,0.0
1766A,1,['for loop'],['for loop'],"['for loop', 'misc', 'tuple', 'if statement', 'while loop', 'recursion', 'matrix operation']","import re

def solve():
    t = int(input())
    for _ in range(t):
        n = int(input())
        count = sum(1 for num in range(1, n+1) if len(str(num)) == 1 or (len(str(num)) > 1 and all(digit == str(num)[0] == '0' for digit in str(num))))
        print(count)
",False,False,0,0.0
1766A,2,"['for loop', 'while loop']",['for loop'],"['for loop', 'misc', 'tuple', 'if statement', 'while loop', 'recursion', 'matrix operation']","from 1 to the given number (n) and checks if the number has only one non-zero digit. Here is the Python code for the function `solve()`:

",False,False,0,0.0
1766A,3,"['for loop', 'while loop', 'recursion']",[],"['for loop', 'misc', 'tuple', 'if statement', 'while loop', 'recursion', 'matrix operation']","from 1 to the given number `n` and checks if the number has only one non-zero digit. Here is the code for the `solve()` function:

",False,True,0,0.0
1766A,4,"['for loop', 'while loop', 'recursion', 'misc']","['for loop', 'if statement']","['for loop', 'misc', 'tuple', 'if statement', 'while loop', 'recursion', 'matrix operation']","from 1 to the given number `n` and checks if the number has only one non-zero digit. Here is the code:

```python
import re

def solve():
    for _ in range(int(input())):
        n = int(input())
        count = 0
        for i in range(1, n+1):
            if len(str(i)) == 1 and i != 0:
                count += 1
        print(count)
",False,False,0,0.0
1766A,5,"['for loop', 'while loop', 'recursion', 'misc', 'if statement']","['if statement', 'for loop']","['for loop', 'misc', 'tuple', 'if statement', 'while loop', 'recursion', 'matrix operation']","import re

def solve():
    test_cases = int(input())
    for _ in range(test_cases):
        n = int(input())
        count = 0
        for i in range(1, n+1):
            if len(str(i)) == 1 and i != 0:
                count += 1
        print(count)

",False,False,0,0.0
1765B,0,['this is the og problem'],"['if statement', 'for loop', 'break statement', 'dictionary']","['if statement', 'for loop', 'matrix operation', 'break statement', 'set', 'misc', 'while loop', 'recursion']","import collections

def solve():
    t = int(input())
    for _ in range(t):
        n = int(input())
        word = input()
        if len(word) % 2 == 1:
            print(""YES"")
        else:
            count = collections.Counter(word)
            for key, value in count.items():
                if value % 2 != 0:
                    print(""NO"")
                    break
            if not count:
                print(""YES"")

",False,True,1,0.25
1765B,1,['break statement'],"['if statement', 'for loop', 'dictionary']","['if statement', 'for loop', 'matrix operation', 'break statement', 'set', 'misc', 'while loop', 'recursion']","import collections

def solve():
    t = int(input())
    for _ in range(t):
        n = int(input())
        word = input()
        count = collections.Counter(word)
        odd_count = sum(1 for k, v in count.items() if v % 2 != 0)
        if odd_count > 1:
            print(""NO"")
        elif odd_count == 1:
            print(""YES"")
        else:
            print(""NO"")
",False,True,1,0.3333333333333333
1765B,2,"['break statement', 'if statement']","['if statement', 'for loop', 'hashmap', 'if statement', 'for loop', 'hashmap']","['if statement', 'for loop', 'matrix operation', 'break statement', 'set', 'misc', 'while loop', 'recursion']","import collections

def solve():
    test_cases = int(input())
    for _ in range(test_cases):
        word = input()
        count = collections.Counter(word)
        odd_count = sum(1 for count_ in count.values() if count_[0] % 2 != 0)
        if odd_count > 1:
            print(""NO"")
        elif odd_count == 1:
            print(""YES"")
        else:
            print(""YES"", end="""")
            for char in word:
                print(char * (count[char] // 2), end="""")
            print()

",False,False,1,0.16666666666666666
1765B,3,"['break statement', 'if statement', 'while loop']",['hashmap'],"['if statement', 'for loop', 'matrix operation', 'break statement', 'set', 'misc', 'while loop', 'recursion']","import collections

def solve():
    def is_printable(word):
        count = collections.Counter(word)
        odd_count = sum(1 for k, v in count.items() if v % 2 != 0)
        return odd_count <= 1

    t = int(input())
    for _ in range(t):
        n = int(input())
        word = input()
        if is_printable(word):
            print(""YES"")
        else:
            print(""NO"")
",False,True,1,1.0
1765B,4,"['break statement', 'if statement', 'while loop', 'hashmap']","['recursion', 'dictionary', 'hashmap']","['if statement', 'for loop', 'matrix operation', 'break statement', 'set', 'misc', 'while loop', 'recursion']","import functools

def solve():
    @functools.lru_cache(maxsize=None)
    def count_letters(word):
        counter = {}
        for letter in word:
            if letter in counter:
                counter[letter] += 1
            else:
                counter[letter] = 1
        return counter

    def can_print(word):
        n = len(word)
        if n % 2 == 1:
            return False
        counter = count_letters(word[:n//2])
        for letter in word[n//2:]:
            if letter in counter:
                counter[letter] += 1
            else:
                counter[letter] = 1
            if len(counter) > n//2:
                return False
        return True

    t = int(input())
    for _ in range(t):
        n = int(input())
        word = input()
        if can_print(word):
            print(""YES"")
        else:
            print(""NO"")
",False,False,2,0.6666666666666666
1765B,5,"['break statement', 'if statement', 'while loop', 'hashmap', 'for loop']","['if statement', 'recursion']","['if statement', 'for loop', 'matrix operation', 'break statement', 'set', 'misc', 'while loop', 'recursion']","def solve():
    def is_valid(word, n):
        if n == 0:
            return len(word) == 1
        if len(word) % 2 == 0:
            return is_valid(word + word[0], n - 1)
        else:
            return is_valid(word[1:] + word[0], n - 1)

    t = int(input())
    for _ in range(t):
        n = int(input())
        word = input()
        if is_valid(word, n):
            print(""YES"")
        else:
            print(""NO"")
",False,False,0,0.0
1764A,0,['this is the og problem'],"['if statement', 'for loop', 'dictionary', 'break statement', 'hashmap']","['for loop', 'tuple', 'misc', 'if statement', 'matrix operation', 'while loop']","from collections import defaultdict

def solve():
    n = int(input())
    a = list(map(int, input().split()))
    dp = defaultdict(int)
    for i in range(n):
        dp[a[i]] += 1
    max_count = max(dp.values())
    for i in range(n):
        dp[a[i]] -= 1
        if dp[a[i]] == max_count:
            l = i + 1
            r = i + 1
            while r < n and dp[a[r]] == max_count:
                dp[a[r]] -= 1
                r += 1
            break
    print(l, r)
",False,True,3,0.6
1764A,1,['sliding window'],['for loop'],"['for loop', 'tuple', 'misc', 'if statement', 'matrix operation', 'while loop']","import sys
from collections import defaultdict

def solve():
    n = int(input())
    a = list(map(int, input().split()))
    dp = defaultdict(int)
    max_diff = 0
    result = [-1, -1]

    for i in range(n):
        dp[a[i]] += 1
        if i > 0:
            dp[a[i] - a[i - 1]] += dp[a[i - 1]]
        max_diff = max(max_diff, i - dp[a[i]] - 1)
        while max_diff < i and dp[a[result[1]]] > 0:
            dp[a[result[1]]] -= 1
            result[1] += 1
        result[0] = max(result[0], i)
        result[1] = max(result[1], i)

    print(*result)

",False,True,0,0.0
1764A,2,"['sliding window', 'for loop']","['for loop', 'dictionary']","['for loop', 'tuple', 'misc', 'if statement', 'matrix operation', 'while loop']","from collections import defaultdict

def solve():
    def count_distinct(arr, start, end):
        counter = defaultdict(int)
        for i in range(start, end + 1):
            counter[arr[i]] += 1
        return len(counter)

    def max_gap(arr):
        n = len(arr)
        max_gap = 0
        for i in range(n):
            for j in range(i + 1, n):
                gap = j - i - count_distinct(arr, i, j)
                if gap > max_gap:
                    max_gap = gap
        return max_gap

    t = int(input())
    for _ in range(t):
        n = int(input())
        arr = list(map(int, input().split()))
        print(f""{max_gap(arr) + 1}, {max_gap(arr) + 1 + max_gap(arr[max_gap(arr) + 1:])}"")

",False,False,1,0.5
1764A,3,"['sliding window', 'for loop', 'dictionary']",['dictionary'],"['for loop', 'tuple', 'misc', 'if statement', 'matrix operation', 'while loop']","from collections import defaultdict

def solve():
    n = int(input())
    a = list(map(int, input().split()))
    dp = defaultdict(int)
    max_diff = 0
    result = [-1, -1]

    for i in range(n):
        dp[a[i]] += 1
        if i >= 2:
            diff = dp[a[i]] - dp[a[i - 2]]
            if diff > max_diff:
                max_diff = diff
                result[0] = i - max_diff - 1
                result[1] = i

    print(*result)
",False,False,1,1.0
1763A,0,['this is the og problem'],['misc'],"['while loop', 'if statement', 'for loop', 'matrix operation', 'hashmap', 'tuple', 'sorting']","import functools
from typing import List

def solve():
    def swap(a, i, j, b):
        a[i], a[j] = (a[j] ^ (1 << b)) | (a[i] & ~(1 << b)), (a[j] & ~(1 << b)) | (a[i] ^ (1 << b))

    def dfs(a, n, best, cur_min, cur_max):
        if n == 1:
            best[0] = max(best[0], cur_max - cur_min)
            return

        for i in range(n - 1):
            for j in range(i + 1, n):
                for b in range(32):
                    swap(a, i, j, b)
                    dfs(a, n - 1, best, min(cur_min, a[i]), max(cur_max, a[j]))
                    swap(a, i, j, b)

    t = int(input())
    for _ in range(t):
        n = int(input())
        a = list(map(int, input().split()))
        best = [0]
        dfs(a, n, best, float('inf'), -float('inf'))
        print(best[0])

",False,True,1,1.0
1763A,1,['if statement'],['misc'],"['while loop', 'if statement', 'for loop', 'matrix operation', 'hashmap', 'tuple', 'sorting']","import functools
from typing import List

def solve():
    def swap(a, i, j, b):
        a[i] ^= (1 << b)
        a[j] ^= (1 << b)

    def dfs(a, min_val, max_val, n):
        if n == 1:
            return max_val - min_val
        for i in range(n - 1):
            for j in range(i + 1, n):
                for b in range(32):
                    swap(a, i, j, b)
                    left = dfs(a, min(a), max(a), n // 2)
                    a[i], a[j] = a[j], a[i]
                    right = dfs(a, min(a), max(a), n // 2)
                    a[i], a[j] = a[j], a[i]
                    max_val = max(max_val, left + right)
        return max_val

    t = int(input())
    for _ in range(t):
        n = int(input())
        a = list(map(int, input().split()))
        print(dfs(a, min(a), max(a), n))

",False,True,1,1.0
1763A,2,"['if statement', 'for loop']",['for loop'],"['while loop', 'if statement', 'for loop', 'matrix operation', 'hashmap', 'tuple', 'sorting']","import functools
from typing import List

def solve():
    def swap(a, i, j, b):
        a[i] ^= (1 << b)
        a[j] ^= (1 << b)

    @functools.lru_cache(maxsize=None)
    def dfs(a, mask):
        if not mask:
            return max(a) - min(a)
        max_diff = -1
        for i in range(len(a)):
            for b in range(32):
                if (mask >> b) & 1:
                    continue
                j = (i + 1) % len(a)
                swap(a, i, j, b)
                diff = dfs(a, mask | (1 << b))
                swap(a, i, j, b)
                if diff > max_diff:
                    max_diff = diff
        return max_diff

    t = int(input())
    for _ in range(t):
        n = int(input())
        a = list(map(int, input().split()))
        print(dfs(a, 0))

",False,False,0,0.0
1763A,3,"['if statement', 'for loop', 'set']",['for loop'],"['while loop', 'if statement', 'for loop', 'matrix operation', 'hashmap', 'tuple', 'sorting']","import functools
from typing import List

def solve():
    def swap(a, i, j, b):
        a[i] ^= (1 << b)
        a[j] ^= (1 << b)

    @functools.lru_cache(maxsize=None)
    def dfs(a, mask):
        if not mask:
            return max(a) - min(a)
        for i in range(len(a)):
            for j in range(i+1, len(a)):
                for b in range(32):
                    if (mask >> b) & 1:
                        continue
                    if (a[i] & (1 << b)) != (a[j] & (1 << b)):
                        swap(a, i, j, b)
                        result = dfs(a, mask | (1 << b))
                        swap(a, i, j, b)
                        if result != float('inf'):
                            return result
        return float('inf')

    t = int(input())
    for _ in range(t):
        n = int(input())
        a = list(map(int, input().split()))
        print(dfs(a, 0))

",False,False,0,0.0
1763A,4,"['if statement', 'for loop', 'set', 'misc']",['for loop'],"['while loop', 'if statement', 'for loop', 'matrix operation', 'hashmap', 'tuple', 'sorting']","import functools
from typing import List

def solve():
    def swap(a, i, j, b):
        a[i] ^= (1 << b)
        a[j] ^= (1 << b)

    @functools.lru_cache(maxsize=None)
    def dfs(a, mask):
        if not mask:
            return max(a) - min(a)
        for i in range(len(a)):
            for b in range(32):
                if (1 << b) & mask:
                    continue
                j = (i + (1 << b)) % len(a)
                swap(a, i, j, b)
                res = dfs(a, mask | (1 << b))
                swap(a, i, j, b)
                if res > 0:
                    return res
        return 0

    t = int(input())
    for _ in range(t):
        n = int(input())
        a = list(map(int, input().split()))
        print(dfs(a, 0))

",False,False,0,0.0
1762A,0,['this is the og problem'],['recursion'],"['for loop', 'if statement', 'while loop', 'break statement', 'continue statement', 'minimax', 'hashmap', 'matrix operation', 'misc', 'queue', 'cin statement', 'cout statement', 'minimized operation', 'arithmetic operation', 'tuple', 'stack']","from functools import reduce

def solve():
    def sum_of_elements(arr):
        return sum(arr)

    def divide_by_two(arr):
        return [int(x / 2) for x in arr]

    def min_operations(arr):
        if not arr:
            return 0
        if sum_of_elements(arr) & 1:
            return float('inf')
        return 1 + min_operations(divide_by_two(arr))

    def main():
        t = int(input())
        for _ in range(t):
            n = int(input())
            arr = list(map(int, input().split()))
            print(min_operations(arr))

    main()
",False,True,1,1.0
1762A,1,['continue statement'],"['recursion', 'divide & conquer', 'if statement']","['for loop', 'if statement', 'while loop', 'break statement', 'continue statement', 'minimax', 'hashmap', 'matrix operation', 'misc', 'queue', 'cin statement', 'cout statement', 'minimized operation', 'arithmetic operation', 'tuple', 'stack']","from functools import reduce

def solve():
    def divide_and_conquer(arr):
        if len(arr) == 1:
            return 0 if arr[0] % 2 == 0 else 1
        mid = len(arr) // 2
        left_ops = divide_and_conquer(arr[:mid])
        right_ops = divide_and_conquer(arr[mid:])
        return min(left_ops, right_ops) + (sum(arr) % 2)

    t = int(input())
    for _ in range(t):
        n = int(input())
        arr = list(map(int, input().split()))
        print(divide_and_conquer(arr))

",False,True,2,0.6666666666666666
1762A,2,"['continue statement', 'hashmap']","['recursion', 'divide & conquer']","['for loop', 'if statement', 'while loop', 'break statement', 'continue statement', 'minimax', 'hashmap', 'matrix operation', 'misc', 'queue', 'cin statement', 'cout statement', 'minimized operation', 'arithmetic operation', 'tuple', 'stack']","import math

def solve():
    def divide_and_conquer(arr):
        if len(arr) == 1:
            return 0 if sum(arr) % 2 == 0 else 1

        mid = len(arr) // 2
        left = divide_and_conquer(arr[:mid])
        right = divide_and_conquer(arr[mid:])
        return min(left, right) + math.ceil((sum(arr) - sum(arr[:mid]) - sum(arr[mid:])) / 2)

    t = int(input())
    for _ in range(t):
        n = int(input())
        arr = list(map(int, input().split()))
        print(divide_and_conquer(arr))
",False,True,2,1.0
1762A,3,"['continue statement', 'hashmap', 'if statement']","['recursion', 'if statement']","['for loop', 'if statement', 'while loop', 'break statement', 'continue statement', 'minimax', 'hashmap', 'matrix operation', 'misc', 'queue', 'cin statement', 'cout statement', 'minimized operation', 'arithmetic operation', 'tuple', 'stack']","import functools

def solve():
    @functools.lru_cache(maxsize=None)
    def min_ops(arr, index=0):
        if not arr:
            return 0
        if arr[index] % 2 == 0:
            return 0
        return min(1 + min_ops(arr[:index] + arr[index+1:], index), 1 + min_ops(arr[:index] + [arr[index] // 2] + arr[index+1:], index))

    def read_input():
        t = int(input())
        for _ in range(t):
            n = int(input())
            arr = list(map(int, input().split()))
            print(min_ops(arr))

    read_input()
",False,False,1,0.5
1762A,4,"['continue statement', 'hashmap', 'if statement', 'while loop']","['recursion', 'divide & conquer', 'if statement']","['for loop', 'if statement', 'while loop', 'break statement', 'continue statement', 'minimax', 'hashmap', 'matrix operation', 'misc', 'queue', 'cin statement', 'cout statement', 'minimized operation', 'arithmetic operation', 'tuple', 'stack']","import math

def solve():
    def divide_and_conquer(arr):
        if len(arr) == 1:
            return 0 if arr[0] % 2 == 0 else 1

        mid = len(arr) // 2
        left_sum = divide_and_conquer(arr[:mid])
        right_sum = divide_and_conquer(arr[mid:])
        total_sum = sum(arr)

        if total_sum - left_sum - right_sum == 0:
            return left_sum + right_sum

        operations = math.ceil((total_sum - left_sum - right_sum) / 2)
        operations += min(left_sum, right_sum)
        return operations

    t = int(input())
    for _ in range(t):
        n = int(input())
        arr = list(map(int, input().split()))
        print(divide_and_conquer(arr))

",False,False,2,0.6666666666666666
1762A,5,"['continue statement', 'hashmap', 'if statement', 'while loop', 'matrix operation']",['for loop'],"['for loop', 'if statement', 'while loop', 'break statement', 'continue statement', 'minimax', 'hashmap', 'matrix operation', 'misc', 'queue', 'cin statement', 'cout statement', 'minimized operation', 'arithmetic operation', 'tuple', 'stack']","from functools import reduce

def solve(a):
    return len(reduce(lambda x, y: [x[0] + y[0], x[1] + y[1]] if x[0] + y[0] % 2 == 0 else [x[0] + 1, y[1]], enumerate(a), (0, 0)))
",False,True,0,0.0
1761A,0,['this is the og problem'],"['dynamic programming', 'matrix operation']","['for loop', 'if statement', 'while loop', 'tuple', 'misc']","import sys

def lcs(s1, s2):
    m = len(s1)
    n = len(s2)

    dp = [[0] * (n + 1) for _ in range(m + 1)]

    for i in range(1, m + 1):
        for j in range(1, n + 1):
            if s1[i - 1] == s2[j - 1]:
                dp[i][j] = dp[i - 1][j - 1] + 1
            else:
                dp[i][j] = max(dp[i - 1][j], dp[i][j - 1])

    return dp[m][n]

def solve():
    t = int(input())

    for _ in range(t):
        n, a, b = map(int, input().split())
        p = list(range(1, n + 1))
        q = p[:a] + p[b:]
        lcs_len = lcs(''.join(map(str, p)), ''.join(map(str, q)))
        if lcs_len == a and lcs_len == b:
            print(""Yes"")
        else:
            print(""No"")

",False,True,2,1.0
1761A,1,['for loop'],['for loop'],"['for loop', 'if statement', 'while loop', 'tuple', 'misc']","import itertools

def solve():
    t = int(input())
    for _ in range(t):
        n, a, b = map(int, input().split())
        if n <= 1 or a > min(n, b) or b > n:
            print(""No"")
        else:
            for perm1 in itertools.permutations(range(1, n+1)):
                for perm2 in itertools.permutations(range(1, n+1)):
                    if len(list(filter(lambda x: x[0] == x[1], zip(perm1, perm2)))) >= a and len(list(filter(lambda x: x[0] == x[1], reversed(zip(perm1, perm2))))) >= b:
                        print(""Yes"")
                        break
            else:
                print(""No"")
",False,False,0,0.0
1761A,2,"['for loop', 'if statement']",['for loop'],"['for loop', 'if statement', 'while loop', 'tuple', 'misc']","import itertools

def solve():
    t = int(input())
    for _ in range(t):
        n, a, b = map(int, input().split())
        if n <= 1 or a > min(n, b) or b > n:
            print(""No"")
        else:
            for p, q in itertools.product(range(1, n+1), repeat=2):
                if len(list(filter(lambda x: x[0] == x[1], list(zip(p, q))))) >= a and len(list(filter(lambda x: x[0] == x[1], list(zip(p[::-1], q[::-1]))))) >= b:
                    print(""Yes"")
                    break

",False,False,0,0.0
1761A,3,"['for loop', 'if statement', 'tuple']",['for loop'],"['for loop', 'if statement', 'while loop', 'tuple', 'misc']","import itertools

def solve():
    def check_permutations(n, a, b):
        for i in range(1, n+1):
            for j in range(i+1, n+1):
                p = list(range(1, n+1))
                q = list(reversed(list(range(1, n+1))))
                p[i-1:a], p[a:] = p[a:], p[:a]
                q[-b:], q[:-b] = q[:-b], q[-b:]
                if p == sorted(q):
                    return True
        return False

    t = int(input().strip())
    for _ in range(t):
        n, a, b = map(int, input().strip().split())
        print(""Yes"" if check_permutations(n, a, b) else ""No"")

",False,False,0,0.0
1760C,0,['this is the og problem'],['for loop'],"['for loop', 'if statement', 'sorting', 'tuple']","import sys

def solve():
    for _ in range(int(input())):
        n = int(input())
        strengths = list(map(int, input().split()))
        max_strength = max(strengths)
        result = [max_strength - strength for strength in strengths]
        print(*result)

",False,True,0,0.0
1760C,1,['for loop'],"['for loop', 'heap']","['for loop', 'if statement', 'sorting', 'tuple']","import heapq

def solve():
    t = int(input())
    for _ in range(t):
        n = int(input())
        strengths = list(map(int, input().split()))
        max_strength = max(strengths)
        strengths.remove(max_strength)
        result = [max_strength - s for s in strengths]
        print(*result)
",False,False,1,0.5
1760C,2,"['for loop', 'while loop']","['for loop', 'heap']","['for loop', 'if statement', 'sorting', 'tuple']","import heapq

def solve():
    t = int(input())
    for _ in range(t):
        n = int(input())
        strengths = list(map(int, input().split()))
        max_strength = max(strengths)
        strengths.remove(max_strength)
        result = [max_strength - x for x in strengths]
        print(*result)
",False,False,1,0.5
1760C,3,"['for loop', 'while loop', 'if statement']","['for loop', 'if statement']","['for loop', 'if statement', 'sorting', 'tuple']","import functools
import sys

def solve():
    t = int(input())
    for _ in range(t):
        n = int(input())
        strengths = list(map(int, input().split()))
        max_strength = max(strengths)
        result = [max_strength - strength for strength in strengths if strength != max_strength]
        print(*result)

",False,False,0,0.0
1760C,4,"['for loop', 'while loop', 'if statement', 'tuple']",['for loop'],"['for loop', 'if statement', 'sorting', 'tuple']","import heapq

def solve():
    t = int(input())
    for _ in range(t):
        n = int(input())
        strengths = list(map(int, input().split()))
        max_strength = max(strengths)
        max_strength_index = strengths.index(max_strength)
        result = [strengths[i] - max_strength if i != max_strength_index else 0 for i in range(n)]
        print(*result)
",False,False,0,0.0
1760C,5,"['for loop', 'while loop', 'if statement', 'tuple', 'set']","['for loop', 'heap']","['for loop', 'if statement', 'sorting', 'tuple']","import heapq

def solve():
    t = int(input())
    for _ in range(t):
        n = int(input())
        strengths = list(map(int, input().split()))
        max_strength = max(strengths)
        strengths.remove(max_strength)
        result = [max_strength - x for x in strengths]
        print(*result)
",False,False,1,0.5
1760B,0,['this is the og problem'],"['for loop', 'dictionary']","['for loop', 'sorting', 'if statement', 'misc', 'while loop', 'tuple', 'hashmap', 'matrix operation', 'set']","from collections import Counter

def solve():
    t = int(input())
    for _ in range(t):
        n = int(input())
        s = input()
        counter = Counter(s)
        alphabet_size = len(sorted(list(counter.keys())))
        print(alphabet_size)
",False,True,1,0.5
1760B,1,['if statement'],"['for loop', 'set', 'sorting']","['for loop', 'sorting', 'if statement', 'misc', 'while loop', 'tuple', 'hashmap', 'matrix operation', 'set']","import collections

def solve():
    t = int(input())
    for _ in range(t):
        n = int(input())
        s = input()
        alphabet = sorted(list(set(s)))
        size = len(alphabet)
        print(size)

",False,True,0,0.0
1760B,2,"['if statement', 'for loop']","['for loop', 'dictionary']","['for loop', 'sorting', 'if statement', 'misc', 'while loop', 'tuple', 'hashmap', 'matrix operation', 'set']","from collections import Counter

def solve():
    t = int(input())
    for _ in range(t):
        n = int(input())
        s = input()
        counter = Counter(s)
        alphabet_size = len(sorted(list(counter.keys())))
        print(alphabet_size)
",False,False,1,0.5
1760B,3,"['if statement', 'for loop', 'set']","['for loop', 'dictionary', 'hashmap']","['for loop', 'sorting', 'if statement', 'misc', 'while loop', 'tuple', 'hashmap', 'matrix operation', 'set']","import collections

def solve():
    test_cases = int(input())
    for _ in range(test_cases):
        n = int(input())
        s = input()
        counter = collections.Counter(s)
        min_alphabet_size = max(counter.keys()) + 1
        print(min_alphabet_size)
",False,False,1,0.3333333333333333
1760B,4,"['if statement', 'for loop', 'set', 'hashmap']","['for loop', 'if statement', 'set', 'dictionary', 'misc']","['for loop', 'sorting', 'if statement', 'misc', 'while loop', 'tuple', 'hashmap', 'matrix operation', 'set']","import collections

def solve():
    n = int(input())
    for _ in range(n):
        s = input()
        counter = collections.Counter(s)
        min_alphabet_size = len(counter)
        visited = set()
        for char in s:
            if char not in visited:
                visited.add(char)
                min_alphabet_size = max(min_alphabet_size, len(list(counter[char])))
        print(min_alphabet_size)
",False,False,1,0.2
1760B,5,"['if statement', 'for loop', 'set', 'hashmap', 'recursion']",['for loop'],"['for loop', 'sorting', 'if statement', 'misc', 'while loop', 'tuple', 'hashmap', 'matrix operation', 'set']","import string

def solve():
    for _ in range(int(input())):
        s = input()
        alphabet = string.ascii_lowercase
        min_size = len(s)
        for i in range(1, 27):
            if all(c in alphabet[:i] for c in s):
                min_size = i
                break
        print(min_size)
",False,False,0,0.0
1760A,0,['this is the og problem'],"['if statement', 'for loop', 'sorting']","['for loop', 'sorting', 'tuple', 'misc']","import sys

def solve():
    t = int(input())
    for _ in range(t):
        a, b, c = map(int, input().split())
        if a < b < c or a > b > c:
            print(sorted([a, b, c])[1])
        elif a < c < b or a > c > b:
            print(sorted([a, c, b])[1])
        else:
            print(sorted([b, a, c])[1])

",True,True,1,0.3333333333333333
1760A,1,['for loop'],"['if statement', 'for loop']","['for loop', 'sorting', 'tuple', 'misc']","import sys

def solve():
    n = int(input())
    for _ in range(n):
        a, b, c = map(int, input().split())
        if a < b < c or a > b > c:
            print(b)
        elif a < c < b or a > c > b:
            print(c)
        else:
            print(a)

",True,False,1,0.5
1760A,2,"['for loop', 'while loop']","['if statement', 'sorting']","['for loop', 'sorting', 'tuple', 'misc']","import sys

def solve():
    def median(a, b, c):
        sorted_nums = sorted([a, b, c])
        if len(sorted_nums) % 2 == 0:
            return (sorted_nums[1] + sorted_nums[2]) / 2
        else:
            return sorted_nums[1]

    for _ in range(int(input())):
        a, b, c = map(int, input().split())
        print(median(a, b, c))

",True,True,1,0.5
1760A,3,"['for loop', 'while loop', 'tuple']","['if statement', 'sorting']","['for loop', 'sorting', 'tuple', 'misc']","def solve(a, b, c):
    sorted_numbers = sorted([a, b, c])
    if len(sorted_numbers) % 2 == 0:
        return (sorted_numbers[len(sorted_numbers) // 2 - 1] + sorted_numbers[len(sorted_numbers) // 2]) / 2
    else:
        return sorted_numbers[len(sorted_numbers) // 2]

",False,True,1,0.5
1760A,4,"['for loop', 'while loop', 'tuple', 'recursion']","['if statement', 'for loop', 'tuple']","['for loop', 'sorting', 'tuple', 'misc']","import sys

def solve():
    n = int(input())
    for _ in range(n):
        a, b, c = map(int, input().split())
        if a < b < c or a > b > c:
            print(b)
        elif a < c < b or a > c > b:
            print(c)
        else:
            print(a)

",True,False,1,0.3333333333333333
1760A,5,"['for loop', 'while loop', 'tuple', 'recursion', 'if statement']",['for loop'],"['for loop', 'sorting', 'tuple', 'misc']","import sys

def solve():
    def find_median(a, b, c):
        sorted_numbers = sorted([a, b, c])
        return sorted_numbers[1]

    test_cases = int(input().strip())
    for _ in range(test_cases):
        a, b, c = map(int, input().strip().split())
        print(find_median(a, b, c))

",True,False,0,0.0
1759B,0,['this is the og problem'],"['if statement', 'misc']","['while loop', 'if statement', 'for loop', 'break statement', 'set', 'misc', 'hashmap', 'dictionary', 'tuple', 'matrix operation', 'array']","from itertools import permutations

def solve(m, s, b):
    total = sum(b)
    if total != s:
        return ""NO""

    # Generate all permutations of numbers from 1 to m+s
    perms = list(permutations(range(1, m+s+1)))

    # Check if any permutation contains the missing numbers and has the correct sum
    for perm in perms:
        if set(perm) & set(b) and sum(perm) == s:
            return ""YES""

    return ""NO""
",False,True,0,0.0
1759B,1,['if statement'],['if statement'],"['while loop', 'if statement', 'for loop', 'break statement', 'set', 'misc', 'hashmap', 'dictionary', 'tuple', 'matrix operation', 'array']","from itertools import permutations

def solve(m, s, b):
    total = sum(b)
    if total != s:
        return ""NO""

    # Generate all permutations of numbers from 1 to m+s
    perms = list(permutations(range(1, m+s+1)))

    # Check if any permutation contains the found numbers and has the remaining sum
    for perm in perms:
        if set(b) <= set(perm) and sum(perm) - sum(b) == s:
            return ""YES""

    return ""NO""
",False,False,0,0.0
1759B,2,"['if statement', 'for loop']","['if statement', 'for loop', 'set']","['while loop', 'if statement', 'for loop', 'break statement', 'set', 'misc', 'hashmap', 'dictionary', 'tuple', 'matrix operation', 'array']","from itertools import permutations

def solve():
    n_test_cases = int(input())
    for _ in range(n_test_cases):
        m, s = map(int, input().split())
        numbers = list(map(int, input().split()))
        total = sum(numbers) - s
        if total == 0:
            print(""YES"")
        elif total > 0 and len(set(numbers)) == len(numbers) and total in set(range(1, m + 1)):
            print(""YES"")
        else:
            print(""NO"")
",False,False,0,0.0
1759B,3,"['if statement', 'for loop', 'hashmap']",['for loop'],"['while loop', 'if statement', 'for loop', 'break statement', 'set', 'misc', 'hashmap', 'dictionary', 'tuple', 'matrix operation', 'array']","from itertools import permutations

def solve():
    t = int(input())
    for _ in range(t):
        m, s = map(int, input().split())
        b = list(map(int, input().split()))
        total = sum(b) + s
        if total % m != 0:
            print(""NO"")
        else:
            missing = total - sum(b)
            missing_set = set(range(1, m+1)) - set(b)
            if len(missing_set) == 0:
                print(""NO"")
            else:
                for missing_num in missing_set:
                    if missing % missing_num == 0:
                        missing_count = missing // missing_num
                        perms = list(permutations(b + list(range(m-len(b), m+1))))
                        for perm in perms:
                            if sum(perm) == total and perm[-missing_count] == missing_num:
                                print(""YES"")
                                break
                        else:
                            print(""NO"")
                            break

",False,False,0,0.0
1759B,4,"['if statement', 'for loop', 'hashmap', 'matrix operation']",['for loop'],"['while loop', 'if statement', 'for loop', 'break statement', 'set', 'misc', 'hashmap', 'dictionary', 'tuple', 'matrix operation', 'array']","from itertools import permutations

def solve():
    n_test_cases = int(input())
    for _ in range(n_test_cases):
        m, s = map(int, input().split())
        numbers = list(map(int, input().split()))
        numbers.sort()
        total = sum(numbers) - s
        if total == 0:
            print(""YES"")
        elif total > 0 and len(set(numbers)) == len(numbers) and total in {i for i in range(1, m+1) if i not in numbers}:
            print(""YES"")
        else:
            print(""NO"")
",False,False,0,0.0
1759B,5,"['if statement', 'for loop', 'hashmap', 'matrix operation', 'while loop']","['for loop', 'if statement', 'set', 'continue statement']","['while loop', 'if statement', 'for loop', 'break statement', 'set', 'misc', 'hashmap', 'dictionary', 'tuple', 'matrix operation', 'array']","from itertools import permutations

def solve():
    t = int(input())
    for _ in range(t):
        m, s = map(int, input().split())
        b = list(map(int, input().split()))
        total = sum(b) + s
        if total % m != 0:
            print(""NO"")
            continue
        missing = total - sum(b)
        missing_set = set(range(1, m+1)) - set(b)
        if missing_set:
            if missing not in missing_set:
                print(""NO"")
            else:
                perms = list(permutations(range(1, m+1)))
                for perm in perms:
                    if perm[0] + missing == perm[1] and perm[0] != perm[1][::-1]:
                        print(""YES"")
                        break
                else:
                    print(""NO"")
        else:
            print(""YES"")
",False,False,1,0.25
1759A,0,['this is the og problem'],"['for loop', 'if statement']","['for loop', 'if statement', 'stack']","import re

def solve():
    for _ in range(int(input())):
        s = input()
        if re.search(r'Yes*' + s + r'Yes*', 'Yes' * (10 ** 5)):
            print(""YES"")
        else:
            print(""NO"")
",False,True,0,0.0
1759A,1,['for loop'],"['for loop', 'if statement']","['for loop', 'if statement', 'stack']","import re

def solve():
    t = int(input())
    for _ in range(t):
        s = input()
        if re.search(r'Yes+' in s):
            print(""YES"")
        else:
            print(""NO"")
",False,False,0,0.0
1759A,2,"['for loop', 'recursion']","['for loop', 'if statement']","['for loop', 'if statement', 'stack']","import re

def solve():
    for _ in range(int(input())):
        s = input()
        if re.search(r'Yes+' in s):
            print(""YES"")
        else:
            print(""NO"")
",False,False,0,0.0
1759A,3,"['for loop', 'recursion', 'if statement']","['for loop', 'if statement', 'misc']","['for loop', 'if statement', 'stack']","import re

def solve():
    test_cases = int(input())
    for _ in range(test_cases):
        s = input()
        if re.search(r'Yes+' in s):
            print(""YES"")
        else:
            print(""NO"")
",False,False,1,0.3333333333333333
1758A,0,['this is the og problem'],['for loop'],"['for loop', 'while loop', 'misc', 'matrix operation', 'tuple']","from collections import Counter

def solve():
    t = int(input())
    for _ in range(t):
        s = input()
        double_s = s * 2
        count = Counter(double_s)
        palindrome = """"
        for _ in range(len(double_s)):
            char, freq = double_s[::-1].split(next(iter(count)), 1)
            palindrome += char * min(freq, count[char])
            count[char] -= min(freq, count[char])
        print(palindrome)
",False,True,0,0.0
1758A,1,['for loop'],"['for loop', 'misc']","['for loop', 'while loop', 'misc', 'matrix operation', 'tuple']","import functools

def solve():
    def double_and_rearrange(s):
        double_s = ''.join([char * 2 for char in s])
        return functools.reduce(lambda x, y: x + y[1:] + y[:1], sorted(enumerate(double_s), key=lambda x: len(double_s) - x[0]), '')

    test_cases = int(input())
    for _ in range(test_cases):
        s = input()
        print(double_and_rearrange(s))

",False,False,0,0.0
1758A,2,"['for loop', 'hashmap']","['for loop', 'stack', 'dictionary', 'if statement', 'tuple']","['for loop', 'while loop', 'misc', 'matrix operation', 'tuple']","from collections import defaultdict

def solve():
    test_cases = int(input())
    for _ in range(test_cases):
        s = input()
        double_s = s * 2
        stack = []
        pos_dict = defaultdict(list)
        for i, c in enumerate(double_s):
            if c == s[0]:
                stack.append((i, c))
                pos_dict[c].append(i)
            elif stack:
                last_pos = pos_dict[stack[-1][1].pop()].pop()
                stack[-1][1] = c
                stack[-1][0] = last_pos

        result = ''
        while stack:
            i, c = stack.pop()
            result += c * (len(s) - pos_dict[c][0] - 1) + c
        print(result)
",False,False,3,0.6
1758A,3,"['for loop', 'hashmap', 'if statement']","['for loop', 'sorting']","['for loop', 'while loop', 'misc', 'matrix operation', 'tuple']","import functools

def solve():
    def double_and_rearrange(s):
        double_s = ''.join([c * 2 for c in s])
        return functools.reduce(lambda x, y: x + y[1:] + y[:1], sorted(list(double_s), key=double_s.index), '')

    t = int(input())
    for _ in range(t):
        s = input()
        print(double_and_rearrange(s))

",False,False,1,0.5
1758A,4,"['for loop', 'hashmap', 'if statement', 'sorting']",['for loop'],"['for loop', 'while loop', 'misc', 'matrix operation', 'tuple']","import functools
from collections import Counter

def solve():
    n = int(input())
    for _ in range(n):
        s = input()
        double_s = ''.join([c * 2 for c in s])
        counter = Counter(double_s)
        odd_count = sum(1 for c in counter.values() if c % 2 != 0)
        if odd_count > 1:
            print(""Impossible"")
        else:
            palindrome = ''
            for c in counter:
                times = counter[c] // 2
                palindrome += c * (times * 2 + 1)
                if times % 2 != 0:
                    palindrome += c
            print(palindrome)

",False,False,0,0.0
1758A,5,"['for loop', 'hashmap', 'if statement', 'sorting', 'while loop']","['sorting', 'tuple']","['for loop', 'while loop', 'misc', 'matrix operation', 'tuple']","import itertools

def solve(s):
    double_s = s * 2
    palindrome = ''.join(sorted(double_s, key=double_s.index))
    return palindrome
",False,False,1,0.5
1754B,0,['this is the og problem'],['sorting'],"['for loop', 'if statement', 'while loop', 'misc', 'tuple']","import itertools

def solve():
    def min_diff(nums):
        nums = sorted(nums)
        return max(abs(nums[i] - nums[i+1]) for i in range(len(nums)-1))

    def find_optimal(n):
        return sorted(range(1, n+1), key=lambda x: min_diff(list(set(range(1, n+1)) - set([x]))))

    for _ in range(int(input())):
        n = int(input())
        print(*find_optimal(n))

",False,True,1,1.0
1754B,1,['for loop'],"['for loop', 'set', 'sorting']","['for loop', 'if statement', 'while loop', 'misc', 'tuple']","import sys
import itertools

def solve():
    t = int(input())
    for _ in range(t):
        n = int(input())
        permutation = sorted(list(set(range(1, n+1)))[::-1])
        print(*permutation)

",False,False,2,0.6666666666666666
1754B,2,"['for loop', 'recursion']",['for loop'],"['for loop', 'if statement', 'while loop', 'misc', 'tuple']","from itertools import permutations

def solve():
    def get_diff(perm):
        return min(abs(perm[i] - perm[i+1]) for i in range(len(perm)-1))

    def get_max_diff(n):
        perms = [list(perm) for perm in permutations(range(1, n+1))]
        return max(perm for perm in perms if get_diff(perm) == max(get_diff(perm) for perm in perms))

    return lambda: [get_max_diff(n) for _ in range(int(input()))][0]
",False,False,0,0.0
1754B,3,"['for loop', 'recursion', 'while loop']",['for loop'],"['for loop', 'if statement', 'while loop', 'misc', 'tuple']","from functools import reduce
from operator import abs

def solve():
    def get_diff(perm):
        return min(abs(perm[i] - perm[i + 1]) for i in range(len(perm) - 1))

    def get_max_diff(n):
        return max(get_diff(perm) for perm in permutations(range(1, n + 1)))

    def get_optimal_perm(n):
        perms = list(permutations(range(1, n + 1)))
        diff = get_max_diff(n)
        for perm in perms:
            if get_diff(perm) == diff:
                return perm

    for _ in range(int(input())):
        n = int(input())
        print(*get_optimal_perm(n))
",False,False,0,0.0
1754B,4,"['for loop', 'recursion', 'while loop', 'stack']",['for loop'],"['for loop', 'if statement', 'while loop', 'misc', 'tuple']","import math

def solve():
    def max_diff(arr):
        return max(abs(arr[i] - arr[i - 1]) for i in range(1, len(arr)))

    def find_optimal_permutation(n):
        arr = list(range(1, n + 1))
        max_diff_val = 0
        optimal_permutation = []

        for i in range(1, n):
            for j in range(i + 1, n):
                temp_arr = arr[:]
                temp_arr[i], temp_arr[j] = temp_arr[j], temp_arr[i]
                diff = max_diff(temp_arr)
                if diff > max_diff_val:
                    max_diff_val = diff
                    optimal_permutation = temp_arr

        return optimal_permutation

    t = int(input())
    for _ in range(t):
        n = int(input())
        print(*find_optimal_permutation(n))
",False,False,0,0.0
1754B,5,"['for loop', 'recursion', 'while loop', 'stack', 'if statement']",['if statement'],"['for loop', 'if statement', 'while loop', 'misc', 'tuple']","from functools import reduce

def solve():
    def gap(arr):
        return max(reduce(lambda x, y: max(x - y, y - x), arr[1:] + [arr[0] - arr[-1]]) if arr else 0

    def next_gap(arr, gap):
        return sorted(arr + [len(arr) + 1])[:gap + 1]

    def permute(arr, n):
        if n == 1:
            return [arr[0]]
        else:
            return [x for i in range(1, n) for x in permute(arr[1:] + [arr[0]], n - 1)] + [arr]

    def solve_helper(arr, n):
        if n == 1:
            return [arr[0]]
        else:
            max_gap = 0
            max_perm = None
            for i in range(1, n):
                gap = gap(arr[:i] + arr[i+1:])
                if gap > max_gap:
                    max_gap = gap
                    max_perm = next_gap(arr, gap)
            return max_perm

    return solve_helper(list(range(1, 1001)), 1000)
",False,False,0,0.0
1754A,0,['this is the og problem'],"['if statement', 'for loop', 'stack']","['for loop', 'if statement', 'while loop', 'misc', 'break statement']","def solve():
    def check_dialog(dialog):
        messages = list(dialog)
        questions = []
        answers = []
        for message in messages:
            if message == 'Q':
                questions.append(message)
            else:
                if questions:
                    answers.append(message)
                    questions.pop()
                else:
                    return False
        return len(questions) == 0 and len(answers) == len(questions)

    t = int(input())
    for _ in range(t):
        n = int(input())
        dialog = input()
        if check_dialog(dialog):
            print(""Yes"")
        else:
            print(""No"")
",False,True,1,0.3333333333333333
1754A,1,['for loop'],['if statement'],"['for loop', 'if statement', 'while loop', 'misc', 'break statement']","def solve():
    def check_dialog(dialog):
        messages = list(dialog)
        questions = [m for m in messages if m == 'Q']
        answers = [m for m in messages if m == 'A']
        return len(answers) >= len(questions)

    t = int(input())
    for _ in range(t):
        n = int(input())
        dialog = input()
        if check_dialog(dialog):
            print(""Yes"")
        else:
            print(""No"")

",True,True,0,0.0
1754A,2,"['for loop', 'if statement']","['recursion', 'if statement']","['for loop', 'if statement', 'while loop', 'misc', 'break statement']","def solve():
    def check_dialog(dialog):
        messages = list(dialog)
        questions = [m for m in messages if m == 'Q']
        answers = [m for m in messages if m == 'A']
        return len(answers) >= len(questions)

    t = int(input())
    for _ in range(t):
        n = int(input())
        dialog = input()
        if check_dialog(dialog):
            print(""Yes"")
        else:
            print(""No"")

",True,False,1,0.5
1754A,3,"['for loop', 'if statement', 'misc']",['stack'],"['for loop', 'if statement', 'while loop', 'misc', 'break statement']","def solve():
    def check_dialog(dialog):
        messages = list(dialog)
        client_questions = []
        for message in messages:
            if message == 'Q':
                client_questions.append(message)
            elif message == 'A':
                if not client_questions:
                    return False
                client_questions.pop()
        return len(client_questions) == 0

    t = int(input())
    for _ in range(t):
        n = int(input())
        dialog = input().strip()
        if check_dialog(dialog):
            print(""Yes"")
        else:
            print(""No"")
",False,True,1,1.0
1754A,4,"['for loop', 'if statement', 'misc', 'recursion']",['if statement'],"['for loop', 'if statement', 'while loop', 'misc', 'break statement']","def solve():
    def check_dialog(dialog):
        if len(dialog) == 1:
            return ""Yes"" if dialog[0] == ""Q"" else ""No""

        last_question = dialog[0]
        answers = []
        for message in dialog[1:]:
            if message == ""Q"":
                if last_question == ""A"":
                    return ""No""
                last_question = message
            else:
                answers.append(message)
                last_question = message

        if len(answers) == 0:
            return ""No""
        for i in range(len(answers) - 1):
            if answers[i] == ""A"" and answers[i + 1] == ""Q"":
                return ""No""
        return ""Yes""

    t = int(input())
    for _ in range(t):
        n = int(input())
        dialog = list(input().strip())
        print(check_dialog(dialog))
",False,False,0,0.0
1750B,0,['this is the og problem'],"['for loop', 'if statement', 'matrix operation', 'misc']","['for loop', 'if statement', 'greedy algorithm', 'misc', 'dictionary', 'tuple', 'hashmap', 'while loop', 'queue']","import re

def solve():
    def max_cost(s):
        n = len(s)
        dp = [[0] * (n + 1) for _ in range(n + 1)]
        for i in range(1, n + 1):
            for j in range(i, n + 1):
                cost = 0
                for k in range(i, j + 1, 2):
                    cost += (int(s[k - 1]) * (j - k + 1) if k < j else (int(s[k - 1]) ** 2))
                dp[i][j] = max(dp[i][j], cost)
        return max(dp[1][n])

    t = int(input())
    for _ in range(t):
        n = int(input())
        s = input()
        print(max_cost(s))

",False,True,1,0.25
1750B,1,['if statement'],['for loop'],"['for loop', 'if statement', 'greedy algorithm', 'misc', 'dictionary', 'tuple', 'hashmap', 'while loop', 'queue']","import functools

def solve():
    def max_cost(s):
        n = len(s)
        dp = [[0] * (n + 1) for _ in range(n + 1)]
        for i in range(1, n + 1):
            dp[i][i] = (s[i - 1] == '1') * (i - 1)
            for j in range(i + 1, n + 1):
                dp[i][j] = max(dp[i][j], dp[k][j - 1] + (s[k] == '1') * (j - k))
                dp[i][j] = max(dp[i][j], dp[i][k] + (s[k] == '0') * (k - i))
        return dp[1][n]

    t = int(input())
    for _ in range(t):
        n = int(input())
        s = input()
        print(max_cost(s))

",False,True,0,0.0
1750B,2,"['if statement', 'for loop']","['for loop', 'if statement', 'tuple']","['for loop', 'if statement', 'greedy algorithm', 'misc', 'dictionary', 'tuple', 'hashmap', 'while loop', 'queue']","from functools import lru_cache

def solve():
    def cost(s):
        a, b = 0, 0
        for c in s:
            if c == '0':
                a += 1
            else:
                b += 1
            yield a * b

    @lru_cache(maxsize=None)
    def max_cost(s, i, j):
        if i > j:
            return 0
        if i == j:
            return cost(s[i:j+1])[-1]
        max_cost_left = max_cost(s, i, j - 1)
        max_cost_right = max_cost(s, i + 1, j)
        return max(max_cost_left, max_cost_right, *cost(s[i:j+1]))

    t = int(input())
    for _ in range(t):
        n = int(input())
        s = input()
        print(max_cost(s, 0, n - 1))

",False,False,0,0.0
1750B,3,"['if statement', 'for loop', 'break statement']",['for loop'],"['for loop', 'if statement', 'greedy algorithm', 'misc', 'dictionary', 'tuple', 'hashmap', 'while loop', 'queue']","import functools

@functools.lru_cache(maxsize=None)
def cost(s, i, j):
    if i == j:
        return 0
    if i > j:
        return float('inf')
    if s[i] == s[j]:
        return sum(1 for k in range(i+1, j))
    return sum(k**2 for k in range(1, min(j-i+1)))

def solve():
    n = int(input())
    for _ in range(n):
        s = input()
        max_cost = float('-inf')
        for i in range(1, len(s)):
            for j in range(i, len(s)):
                cost_val = cost(s, i, j)
                max_cost = max(max_cost, cost_val)
        print(max_cost)

",False,False,0,0.0
1750B,4,"['if statement', 'for loop', 'break statement', 'while loop']","['if statement', 'for loop', 'recursion', 'dynamic programming']","['for loop', 'if statement', 'greedy algorithm', 'misc', 'dictionary', 'tuple', 'hashmap', 'while loop', 'queue']","import functools

@functools.lru_cache(maxsize=None)
def max_cost(s, start, end):
    if start == end:
        return 0
    if end - start < 2:
        return float('inf')

    cost = float('inf')
    for i in range(start + 1, end):
        cost = min(cost, max_cost(s, start, i) + max_cost(s, i, end))
    return cost if cost < float('inf') else s[start:end] * s[start:end]

def solve():
    t = int(input())
    for _ in range(t):
        n = int(input())
        s = input()
        print(max_cost(s, 0, n))

",False,False,2,0.5
1750A,0,['this is the og problem'],"['for loop', 'if statement', 'break statement']","['if statement', 'for loop', 'while loop', 'misc', 'sorting']","import sys

def solve():
    t = int(input())
    for _ in range(t):
        n = int(input())
        a = list(map(int, input().split()))
        visited = [False] * (n + 1)
        for i in range(1, n):
            for j in range(i + 1, n):
                for k in range(i + 1, j):
                    if visited[a[k]] and a[i] > a[k]:
                        a[i] += a[j]
                        visited[a[i]] = True
                    elif a[j] > a[k]:
                        a[j], a[k] = a[k], a[j]
                    visited[a[j]] = True
        sorted_ = True
        for i in range(1, n):
            if a[i] > a[i + 1]:
                sorted_ = False
                break
        print(""Yes"" if sorted_ else ""No"")

",False,True,1,0.3333333333333333
1750A,1,['for loop'],['for loop'],"['if statement', 'for loop', 'while loop', 'misc', 'sorting']","import heapq

def solve():
    t = int(input())
    for _ in range(t):
        n = int(input())
        a = list(map(int, input().split()))
        heapq.heapify(a)
        for i in range(n - 1):
            for j in range(i + 1, n):
                if a[i] > a[j]:
                    a[i], a[j] = a[j], a[i]
                    a[i] += a.pop(j)
                else:
                    break
        if all(x <= y for x, y in zip(a, a[1:])):
            print(""Yes"")
        else:
            print(""No"")

",False,False,0,0.0
1750A,2,"['for loop', 'if statement']",['heap'],"['if statement', 'for loop', 'while loop', 'misc', 'sorting']","import heapq

def solve():
    def can_sort(arr):
        heap = arr[:]
        heapq.heapify(heap)
        for i in range(len(arr)):
            if heap[0] < i + 1:
                return False
            heapq.heappop(heap)
        return True

    t = int(input())
    for _ in range(t):
        n = int(input())
        arr = list(map(int, input().split()))
        if can_sort(arr):
            print(""Yes"")
        else:
            print(""No"")
",False,True,1,1.0
1750A,3,"['for loop', 'if statement', 'recursion']",['heap'],"['if statement', 'for loop', 'while loop', 'misc', 'sorting']","import heapq

def solve():
    n = int(input())
    a = list(map(int, input().split()))
    q = [(i, a[i]) for i in range(n)]
    heapq.sort(q, key=lambda x: x[1])

    for i, j in zip(q, q[1:]):
        if i[1] > j[1]:
            a[i[0]] = a[i[0]] + a[j[0]]
        else:
            a[j[0]], a[i[0]] = a[i[0]], a[j[0]]

    for i in range(1, n):
        if a[i] < a[i - 1]:
            return ""No""

    return ""Yes""
",False,True,1,1.0
1750A,4,"['for loop', 'if statement', 'recursion', 'matrix operation']",['for loop'],"['if statement', 'for loop', 'while loop', 'misc', 'sorting']","import heapq

def solve():
    def check_sorted(a):
        for i in range(len(a) - 1):
            if a[i] > a[i + 1]:
                return False
        return True

    def find_swap_or_add(a):
        min_heap = [(i, a[i]) for i in range(len(a))]
        heapq.heapify(min_heap)

        while min_heap:
            i, j = heapq.heappop(min_heap)
            k = min_heap[0][0]
            if j > min_heap[0][1]:
                a[i], a[k] = a[k], a[i]
            else:
                a[i] += j
                if check_sorted(a):
                    return True

        return False

    t = int(input())
    for _ in range(t):
        n = int(input())
        a = list(map(int, input().split()))
        if find_swap_or_add(a):
            print(""Yes"")
        else:
            print(""No"")
",False,False,0,0.0
1749A,0,['this is the og problem'],"['for loop', 'set']","['for loop', 'if statement', 'while loop', 'tuple', 'matrix operation']","import itertools

def solve():
    t = int(input())
    for _ in range(t):
        n, m = map(int, input().split())
        rooks = [list(map(int, input().split())) for _ in range(m)]
        visited = set()

        def is_valid(rook):
            x, y = rook
            for r, c in rooks:
                if r == x or c == y or abs(r - x) == abs(c - y):
                    return False
            return True

        for r in range(1, n):
            for c in range(1, n):
                if (r, c) not in visited and is_valid((r, c)):
                    for rook in rooks:
                        if is_valid(rook):
                            visited.add(rook)
                    print(""YES"")
                    break
        else:
            print(""NO"")

",False,True,1,0.5
1749A,1,['set'],"['for loop', 'matrix operation']","['for loop', 'if statement', 'while loop', 'tuple', 'matrix operation']","import itertools

def solve():
    t = int(input())
    for _ in range(t):
        n, m = map(int, input().split())
        rooks = [list(map(int, input().split())) for _ in range(m)]
        board = [[0] * n for _ in range(n)]
        for r, c in rooks:
            board[r - 1][c - 1] = 1

        moves = []
        for r in range(n):
            for c in range(n):
                if board[r][c] == 0:
                    moves.append((r, c))

        if len(moves) == 1:
            print(""YES"")
        elif len(moves) > 1:
            for r1, c1 in rooks:
                for r2, c2 in moves:
                    if abs(r1 - r2) + abs(c1 - c2) <= 1:
                        moves.remove((r2, c2))
            if len(moves) == 1:
                print(""YES"")
        else:
            print(""NO"")
",False,True,0,0.0
1749A,2,"['set', 'matrix operation']","['for loop', 'tuple']","['for loop', 'if statement', 'while loop', 'tuple', 'matrix operation']","import itertools

def solve():
    t = int(input())
    for _ in range(t):
        n, m = map(int, input().split())
        rooks = [list(map(int, input().split())) for _ in range(m)]

        # Iterate through all possible moves for each rook
        for move in itertools.combinations(range(n), 2):
            # Check if moving the rook from row move[0] to row move[1] is valid
            if all(rook[0] != move[0] and rook[1] != move[1] for rook in rooks):
                # Swap the positions of the rook and the empty cell
                rooks[rooks.index(min(rooks, key=lambda x: x[0]))], rooks[move.index(min(move))] = rooks[move.index(min(move))], rooks[rooks.index(min(rooks, key=lambda x: x[0]))]
                # Check if the new positions of the rooks don't attack each other
                if not any(abs(rook[0] - rook2[0]) == abs(rook[1] - rook2[1]) for rook, rook2 in zip(rooks, rooks[1:])):
                    print(""YES"")
                    break

        # If no valid move is found, print NO
        else:
            print(""NO"")

",False,True,0,0.0
1749A,3,"['set', 'matrix operation', 'for loop']",['for loop'],"['for loop', 'if statement', 'while loop', 'tuple', 'matrix operation']","import itertools

def is_valid_move(board, rook, new_pos):
    x, y = rook
    nx, ny = new_pos
    for i in range(x, nx + 1):
        if board[i][y] == 1:
            return False
    for j in range(y, ny + 1):
        if board[x][j] == 1:
            return False
    return True

def dfs(board, rooks, pos, moves):
    if len(moves) == 1:
        return True

    for new_pos in moves:
        if is_valid_move(board, rooks[pos], new_pos):
            board[rooks[pos][0]][rooks[pos][1]] = 0
            board[new_pos[0]][new_pos[1]] = 1
            rooks[pos] = new_pos
            if dfs(board, rooks, pos + 1, moves[1:]):
                return True
            board[rooks[pos][0]][rooks[pos][1]] = 1
            board[new_pos[0]][new_pos[1]] = 0

    return False

def solve():
    t = int(input())
    for _ in range(t):
        n, m = map(int, input().split())
        rooks = [(i, j) for i, _ in enumerate(input().split()) for j, _ in enumerate(input().split()) if _ == '1']
        moves = list(itertools.combinations(range(n), 2))
        moves += list(itertools.combinations(range(m), 2))
        moves += list(itertools.product(range(n), repeat=2))
        moves += list(itertools.product(range(m), repeat=2))
        for i in range(m):
            for j in range(i + 1, m):
                if rooks[i] == rooks[j] or (rooks[i][0] == rooks[j][0] and rooks[i][1] == rooks[j][1] + 1) or (rooks[i][0] == rooks[j][0] + 1 and rooks[i][1] == rooks[j][1]):
                    moves.remove((rooks[i], rooks[j]))
                    moves.remove((rooks[j], rooks[i]))
        if dfs([[0]*n + list(range(1, n+1)) for _ in range(n)], rooks, 0, moves):
            print(""YES"")
        else:
            print(""NO"")

",False,False,0,0.0
1749A,4,"['set', 'matrix operation', 'for loop', 'while loop']","['recursion', 'depth first search']","['for loop', 'if statement', 'while loop', 'tuple', 'matrix operation']","import itertools

def solve():
    def dfs(rooks, pos, moves, visited):
        if len(moves) == 0:
            return True

        for next_pos in moves:
            if not visited[next_pos]:
                visited[next_pos] = True
                if not any(abs(next_pos[i] - pos[i]) == abs(j[i] - pos[i]) for i, j in enumerate(rooks)):
                    if dfs(rooks, next_pos, moves[1:], visited.copy()):
                        return True
                visited[next_pos] = False

        return False

    t = int(input())
    for _ in range(t):
        n, m = map(int, input().split())
        rooks = [list(map(int, input().split())) for _ in range(m)]
        moves = list(itertools.combinations(range(n), 2))
        visited = [False] * n**2
        for rook in rooks:
            visited[rook[0]] = True
            visited[rook[1]] = True
            if not dfs(rooks, rook, moves, visited.copy()):
                break
        else:
            print(""YES"")
        print()

",False,True,2,1.0
1749A,5,"['set', 'matrix operation', 'for loop', 'while loop', 'if statement']",['for loop'],"['for loop', 'if statement', 'while loop', 'tuple', 'matrix operation']","import itertools

def solve():
    def dfs(rooks, pos, moves, visited):
        if len(moves) == 0:
            return True

        for next_pos in moves:
            new_rooks = rooks.copy()
            new_rooks.append((next_pos[0], next_pos[1], pos))
            new_visited = visited.copy()
            new_visited[pos] = True
            if not dfs(new_rooks, next_pos, moves[next_pos], new_visited):
                return False

        return True

    t = int(input())
    for _ in range(t):
        n, m = map(int, input().split())
        rooks = []
        moves = {}
        for _ in range(m):
            x, y = map(int, input().split())
            rooks.append((x, y))
            for dx, dy in itertools.product([-1, 0, 1], repeat=2):
                if (dx != 0 and (x + dx < 1 or x + dx > n)) or (dy != 0 and (y + dy < 1 or y + dy > n)):
                    continue
                moves[(x + dx, y + dy)] = moves.get((x + dx, y + dy), []) + [(x, y)]

        visited = [False] * (n * n)
        for pos in rooks:
            visited[pos[0] * n + pos[1]] = True

        if dfs(rooks, None, moves[(n - 1, n - 1)], visited):
            print(""YES"")
        else:
            print(""NO"")

",False,False,0,0.0
1748A,0,['this is the og problem'],"['for loop', 'if statement']","['for loop', 'if statement', 'misc', 'matrix operation']","import math

def solve():
    for _ in range(int(input())):
        n = int(input())
        max_side = 0
        for i in range(1, n + 1):
            if n % i == 0:
                max_side = max(max_side, max(i))
        print(max_side)

",False,True,0,0.0
1748A,1,['for loop'],"['for loop', 'if statement']","['for loop', 'if statement', 'misc', 'matrix operation']","import math

def solve():
    for _ in range(int(input())):
        n = int(input().split()[0]
        max_side = 0
        for i in range(1, n + 1):
            if i * i <= n:
                max_side = max(max_side, i)
        print(max_side)

",False,False,0,0.0
1748A,2,"['for loop', 'recursion']","['for loop', 'if statement']","['for loop', 'if statement', 'misc', 'matrix operation']","import math

def solve():
    for _ in range(int(input())):
        n = int(input().split()[0]
        max_side = 0
        for i in range(1, n + 1):
            if n % i == 0:
                max_side = max(max_side, i)
        print(max_side)

",False,False,0,0.0
1748A,3,"['for loop', 'recursion', 'while loop']","['for loop', 'if statement', 'misc']","['for loop', 'if statement', 'misc', 'matrix operation']","import math

def solve():
    for _ in range(int(input())):
        n = int(input().split()[0]
        max_side = 0
        for i in range(1, n + 1):
            if i * i <= n:
                max_side = max(max_side, i)
        print(max_side)

",False,False,0,0.0
1748A,4,"['for loop', 'recursion', 'while loop', 'if statement']","['for loop', 'if statement', 'misc']","['for loop', 'if statement', 'misc', 'matrix operation']","import math

def solve():
    for _ in range(int(input())):
        n = _
        max_side = 0
        for i in range(1, n + 1):
            if n % i == 0:
                max_side = max(max_side, i)
        print(max_side)

",False,False,0,0.0
1747A,0,['this is the og problem'],"['for loop', 'if statement', 'sorting']","['for loop', 'sorting', 'tuple', 'if statement', 'matrix operation', 'misc']","import sys

def solve():
    t = int(input())
    for _ in range(t):
        n = int(input())
        a = list(map(int, input().split()))
        a.sort()
        s1 = sum(x for x in a if x >= 0)
        s2 = sum(x for x in a if x < 0)
        print(abs(s1 - s2))

",False,True,0,0.0
1747A,1,['for loop'],['for loop'],"['for loop', 'sorting', 'tuple', 'if statement', 'matrix operation', 'misc']","import itertools

def solve():
    t = int(input().splitlines()[0])
    for _ in range(t):
        n = int(input().splitlines()[_+1].split()
        a = list(map(int, input().splitlines()[_+2].split()))
        max_diff = 0
        for i in range(n):
            s1 = [x for x in a if x >= 0]
            s2 = [x for x in a if x < 0]
            diff = abs(sum(s1) - sum(s2))
            max_diff = max(max_diff, diff)
        print(max_diff)

",False,False,0,0.0
1747A,2,"['for loop', 'while loop']",['for loop'],"['for loop', 'sorting', 'tuple', 'if statement', 'matrix operation', 'misc']","import sys

def solve():
    t = int(input())
    for _ in range(t):
        n = int(input())
        a = list(map(int, input().split())
        dp = [0] * n
        for i in range(n):
            for j in range(i+1, if j < n:
                if a[i] > a[j]:
                    dp[i] = a[j]
                    dp[j] = a[i]
        ans = sum(dp)
        print(ans)

",False,False,0,0.0
1747A,3,"['for loop', 'while loop', 'misc']","['for loop', 'sorting']","['for loop', 'sorting', 'tuple', 'if statement', 'matrix operation', 'misc']","import sys

def solve():
    t = int(input())
    for _ in range(t):
        n = int(input())
        a = list(map(int, input().split()))
        a.sort()
        s1 = sum(a[:n//2])
        s2 = sum(a[n//2:])
        print(abs(s1 - s2))

",False,False,0,0.0
1747A,4,"['for loop', 'while loop', 'misc', 'if statement']","['for loop', 'if statement', 'sorting']","['for loop', 'sorting', 'tuple', 'if statement', 'matrix operation', 'misc']","import sys

def solve():
    t = int(input())
    for _ in range(t):
        n = int(input())
        a = list(map(int, input().split()))
        s1 = []
        s2 = []
        for i in a:
            if i % 2 == 0:
                s1.append(i)
            else:
                s2.append(i)
        s1.sort()
        s2.sort()
        diff = sum(s1) - sum(s2)
        print(diff)

",False,False,0,0.0
1747A,5,"['for loop', 'while loop', 'misc', 'if statement', 'tuple']","['for loop', 'if statement']","['for loop', 'sorting', 'tuple', 'if statement', 'matrix operation', 'misc']","import sys

def solve():
    t = int(input())
    for _ in range(t):
        n = int(input())
        a = list(map(int, input().split()))
        s1 = sum(x for x in a if x >= 0)
        s2 = sum(x for x in a if x < 0)
        print(abs(s1 - s2))

",False,False,0,0.0
1746B,0,['this is the og problem'],"['for loop', 'if statement']","['for loop', 'hashmap', 'if statement', 'while loop', 'stack', 'tuple', 'matrix operation', 'sorting', 'recursion']","import sys

def solve():
    t = int(input())
    for _ in range(t):
        n = int(input())
        a = list(map(int, input().split()))
        operations = 0
        for i in range(n - 1):
            if a[i] > a[i + 1]:
                operations += 1
        print(operations)

",True,True,0,0.0
1746B,1,['for loop'],"['for loop', 'if statement']","['for loop', 'hashmap', 'if statement', 'while loop', 'stack', 'tuple', 'matrix operation', 'sorting', 'recursion']","import sys

def solve():
    t = int(input())
    for _ in range(t):
        n = int(input())
        a = list(map(int, input().split())
        count = 0
        for i in range(n):
            for j in range(i+1, n):
                if a[i] > a[j]:
                    count += 1
        print(count)

",False,False,0,0.0
1746B,2,"['for loop', 'break statement']","['for loop', 'if statement']","['for loop', 'hashmap', 'if statement', 'while loop', 'stack', 'tuple', 'matrix operation', 'sorting', 'recursion']","import sys

def solve():
    t = int(input())
    for _ in range(t):
        n = int(input())
        a = list(map(int, input().split())
        operations = 0
        for i in range(n - 1):
            if a[i] > a[i + 1]:
                operations += 1
        print(operations)

",False,False,0,0.0
1746B,3,"['for loop', 'break statement', 'if statement']","['for loop', 'if statement', 'sorting']","['for loop', 'hashmap', 'if statement', 'while loop', 'stack', 'tuple', 'matrix operation', 'sorting', 'recursion']","import sys

def solve():
    t = int(input().splitlines()[0])
    for _ in range(t):
        n = int(input().splitlines()[_+1].split()[0])
        a = list(map(int, input().splitlines()[_+1].split()[1:]))
        a.sort()
        count = 0
        for i in range(n-1):
            if a[i] > a[i+1]:
                count += 1
        print(count)

",False,False,0,0.0
1746B,4,"['for loop', 'break statement', 'if statement', 'while loop']","['for loop', 'if statement']","['for loop', 'hashmap', 'if statement', 'while loop', 'stack', 'tuple', 'matrix operation', 'sorting', 'recursion']","import sys

def solve():
    t = int(input())
    for _ in range(t):
        n = int(input())
        a = list(map(int, input().split()))
        count = 0
        for i in range(n):
            for j in range(i+1, n):
                if a[i] > a[j]:
                    count += 1
        print(count)

",False,False,0,0.0
1746B,5,"['for loop', 'break statement', 'if statement', 'while loop', 'tuple']","['for loop', 'if statement']","['for loop', 'hashmap', 'if statement', 'while loop', 'stack', 'tuple', 'matrix operation', 'sorting', 'recursion']","import sys

def solve():
    t = int(input())
    for _ in range(t):
        n = int(input())
        a = list(map(int, input().split()))
        count = 0
        for i in range(n):
            for j in range(i+1, n):
                if a[i] > a[j]:
                    count += 1
        print(count)

",False,False,0,0.0
1746A,0,['this is the og problem'],"['for loop', 'if statement', 'misc']","['for loop', 'if statement', 'tuple', 'while loop', 'continue statement']","import sys

def solve():
    t = int(input())
    for _ in range(t):
        n, k = list(map(int, input().split())
        a = list(map(int, input().split())
        if k == 1:
            a = [min(a[i], a[i+1]) for i in range(len(a)-1)]
        else:
            a = [max(a[i], a[i+k]) for i in range(len(a)-k)]
        print(""YES"" if a == [1] else: print(""NO"")

",False,True,1,0.3333333333333333
1746A,1,['for loop'],"['for loop', 'if statement']","['for loop', 'if statement', 'tuple', 'while loop', 'continue statement']","import sys

def solve():
    t = int(input())
    for _ in range(t):
        n, k = list(map(int, for map in input().split())
        a = list(map(int, for a in input().split()))
        print(""YES"" if can_turn_into_one(a, else print(""NO"")

",False,False,0,0.0
1746A,2,"['for loop', 'tuple']","['for loop', 'if statement', 'break statement', 'tuple']","['for loop', 'if statement', 'tuple', 'while loop', 'continue statement']","import sys

def solve():
    t = int(input())
    for _ in range(t):
        n, k = list(map(int, input().split())
        a = list(map(int, input().split())
        if k == 1:
            print(""YES"")
        else:
            for i in range(len(a) - 1):
                if a[i] == 1:
                    print(""YES"")
                    break
            else:
                print(""NO"")

",False,False,1,0.25
1746A,3,"['for loop', 'tuple', 'while loop']","['for loop', 'if statement', 'break statement']","['for loop', 'if statement', 'tuple', 'while loop', 'continue statement']","import sys

def solve():
    for _ in range(int(input())):
        n, k = list(map(int, input().split()))
        a = list(map(int, input().split()))
        yes = False
        for i in range(n):
            for j in range(i+1, i+k):
                if a[i] == a[j]:
                    a[i] = a[j]
                    yes = True
                    break
        if yes:
            print(""YES"")
            break
        else:
            print(""NO"")

",False,False,1,0.3333333333333333
1746A,4,"['for loop', 'tuple', 'while loop', 'if statement']",['for loop'],"['for loop', 'if statement', 'tuple', 'while loop', 'continue statement']","import sys

def solve():
    t = int(input())
    for _ in range(t):
        n, k = list(map(int, for map in input().split())
        a = list(map(int, for a in input().split()))
        print(""YES"" if can_turn_into_one(a, else print(""NO"")

",False,False,0,0.0
1744B,0,['this is the og problem'],"['for loop', 'if statement']","['while loop', 'if statement', 'for loop', 'tuple', 'hashmap', 'misc', 'matrix operation']","import sys

def solve():
    t = int(input())
    for _ in range(t):
        n, q = list(map(int, input().split()))
        a = list(map(int, input().split()))
        for i in range(q[0]):
            if q[i] == 0:
                for j in range(n):
                    a[j] += a[i]
            else:
                for j in range(n):
                    if a[j] % 2 == 0:
                        a[j] += a[i]
        print(sum(a))

",False,True,0,0.0
1744B,1,['if statement'],"['for loop', 'if statement']","['while loop', 'if statement', 'for loop', 'tuple', 'hashmap', 'misc', 'matrix operation']","import sys

def solve():
    t = int(input())
    for _ in range(t):
        n, q = list(map(int, input().split())
        a = list(map(int, input().split()))
        for i in range(q[0]):
            if q[i] == 0:
                for j in range(len(a)):
                    a[j] += a[j]
            else:
                for j in range(len(a)):
                    if a[j] % 2 == 0:
                        a[j] += a[j]
        print(sum(a))

",False,False,0,0.0
1744B,2,"['if statement', 'tuple']",['for loop'],"['while loop', 'if statement', 'for loop', 'tuple', 'hashmap', 'misc', 'matrix operation']","import sys

def solve():
    t = int(input())
    for _ in range(t):
        n, q = list(map(int, input().split())
        a = list(map(int, input().split())
        for i in range(len(a)):
            if q[i] == 0:
                a[i] += a[i]
            else:
                a[i] += a[i]
        print(sum(a))

",False,True,0,0.0
1744B,3,"['if statement', 'tuple', 'for loop']","['for loop', 'if statement']","['while loop', 'if statement', 'for loop', 'tuple', 'hashmap', 'misc', 'matrix operation']","import sys

def solve():
    t = int(input())
    for _ in range(t):
        n, q = list(map(int, input().split())
        a = list(map(int, input().split())
        sum_a = sum(a)
        for i in range(q):
            if q[i] == 0:
                sum_a += a[i]
            else:
                sum_a += a[i]
        print(sum_a)

",False,False,0,0.0
1744B,4,"['if statement', 'tuple', 'for loop', 'hashmap']",['for loop'],"['while loop', 'if statement', 'for loop', 'tuple', 'hashmap', 'misc', 'matrix operation']","import sys

def solve():
    t = int(input()[0])
    for _ in range(1, + t):
        n, q = int(input()[_][0])
        a = list(map(int, input()[_][_ + 1]))
        for _ in range(q):
            type_j, x_j = map(int, input()[_][_ + 2])
            if type_j == 0:
                for i in range(n):
                    a[i] += x_j
            elif type_j == 1:
                for i in range(n):
                    if i % 2 == 0:
                        a[i] += x_j
        print(sum(a))

",False,False,0,0.0
1744A,0,['this is the og problem'],['for loop'],"['for loop', 'if statement', 'dictionary', 'break statement', 'matrix operation', 'while loop', 'hashmap', 'tuple', 'set', 'misc', 'list']","import string

def solve():
    for _ in range(int(input())):
        n = int(input()[_][0]
        a = list(map(int, input()[_][1:])
        s = input()[_][2]
        if len(s)!= n:
            print(""NO"")
        else:
            letters = ""abcdefghijklmnopqrstuvwxyz""
            result = """"
            for i in range(n):
                if a[i] in s:
                    result += letters[a[i]]
            print(""YES"" if result == s else: print(""NO"")

",False,True,0,0.0
1744A,1,['if statement'],"['for loop', 'if statement', 'break statement']","['for loop', 'if statement', 'dictionary', 'break statement', 'matrix operation', 'while loop', 'hashmap', 'tuple', 'set', 'misc', 'list']","import re

def solve():
    t = int(input().split('\n')[0]
    for _ in range(t):
        n = int(input().split('\n')[_][0]
        a = list(map(int, input().split('\n')[_][1:])
        s = input().split('\n')[_][2]
        if len(s)!= n:
            print('NO')
        else:
            for i in range(n):
                if a[i] == s[i % n]:
                    print('YES')
                    break
                else:
                    print('NO')
                    break
",False,False,0,0.0
1744A,2,"['if statement', 'for loop']","['for loop', 'if statement', 'continue statement']","['for loop', 'if statement', 'dictionary', 'break statement', 'matrix operation', 'while loop', 'hashmap', 'tuple', 'set', 'misc', 'list']","import random
import string

def solve():
    for _ in range(int(input())):
        n = int(input()[_][0]
        a = list(map(int, input()[_][1:])
        s = input()[_][2]
        if len(s)!= n:
            print(""NO"")
            return
        else:
            result = True
            for i in range(n):
                if a[i] == 0:
                    continue
                x = random.choice(a)
                for j in range(i+1, n):
                    if a[j] == a[i]:
                        a[j] = x
                result = result and all(a[j] == x for j in range(i+1, n)
            if result:
                print(""YES"")
                return
            else:
                print(""NO"")
                return

",False,False,1,0.3333333333333333
1744A,3,"['if statement', 'for loop', 'recursion']",['for loop'],"['for loop', 'if statement', 'dictionary', 'break statement', 'matrix operation', 'while loop', 'hashmap', 'tuple', 'set', 'misc', 'list']","def solve():
    for _ in range(int(input())):
        n = int(input()[_][0]
        a = list(map(int, input()[_][1:])
        s = input()[_][2]
        if len(s)!= n:
            return ""NO""
        else:
            for i in range(n):
                if a[i] == s:
                    return ""YES""
                else:
                    return ""NO""
",False,False,0,0.0
1743B,0,['this is the og problem'],['for loop'],"['for loop', 'while loop', 'tuple', 'if statement']","import itertools

def solve():
    for _ in range(int(input())):
        n = _
        perms = list(itertools.permutations(range(1, + 1)))
        min_val = float('inf')
        for perm in perms:
            if len(set(perm)) == n:
                val = 0
                for i in range(n):
                    val += abs(i - perm[i])
                if val < min_val:
                    min_val = val
                    min_perm = perm
        print(min_perm)

",False,True,0,0.0
1743B,1,['for loop'],['for loop'],"['for loop', 'while loop', 'tuple', 'if statement']","import itertools

def solve():
    for t in range(1, int(input()) + 1):
        perms = list(itertools.permutations(range(1, int(input()) + 1))
        min_val = float('inf')
        for perm in perms:
            if len(set(perm)) == int(input()):
                val = len(list(filter(lambda x: x!= 1, perm)))
                if val < min_val:
                    min_val = val
                    result = perm
        print(' '.join(' ', result))

",False,False,0,0.0
1743B,2,"['for loop', 'while loop']","['for loop', 'if statement', 'tuple', 'recursion', 'matrix operation', 'misc']","['for loop', 'while loop', 'tuple', 'if statement']","import itertools

def solve():
    n = int(input())
    perms = list(itertools.permutations(range(1, + 1))
    min_value = float('inf')
    for perm in perms:
        subsegments = [perm[i: j] for i, range(n) for j in range(i + 1, + 1)]
        if len(subsegments) == n:
            value = len([subsegment for subsegment in subsegments if sorted(subsegment) == subsegment])
            min_value = min(min_value, + value)
    print(min_value)

",False,False,3,0.5
1743B,3,"['for loop', 'while loop', 'tuple']",['for loop'],"['for loop', 'while loop', 'tuple', 'if statement']","import itertools

def solve():
    for t in range(1, int(input()) + 1):
        n = int(input())
        perms = list(itertools.permutations(range(1, n + 1))
        min_value = n
        for perm in perms:
            subsegments = [perm[i: j] for i in range(n) for j in range(i + 1) if len(subsegments) == n]
                subsegment_value = 1
                for subsegment in subsegments:
                    if len(subsegment) == len(set(subsegment)):
                        subsegment_value += 1
                min_value = min(min_value, subsegment_value)
        print(min_value)

",False,False,0,0.0
1743B,4,"['for loop', 'while loop', 'tuple', 'misc']",['for loop'],"['for loop', 'while loop', 'tuple', 'if statement']","import itertools

def solve():
    for t in range(int(input())):
        n = int(input())
        perms = list(itertools.permutations(range(1, n + 1)))
        min_val = float('inf')
        for perm in perms:
            val = 0
            for i in range(n):
                if i == 0:
                    val += 1
                else:
                    val += 1
            if val < min_val:
                min_val = val
        print(min_val)

",False,False,0,0.0
1743B,5,"['for loop', 'while loop', 'tuple', 'misc', 'recursion']","['for loop', 'recursion', 'set', 'if statement', 'tuple', 'misc']","['for loop', 'while loop', 'tuple', 'if statement']","import itertools

def solve():
    n = int(input())
    perms = list(itertools.permutations(range(1, n + 1)))
    min_value = float('inf')
    for perm in perms:
        if len(set(perm)) == n:
            value = len(list(filter(lambda x: x!= 0, perm)))
            if value < min_value:
                min_value = value
    print(min_value)

",False,False,3,0.5
1743A,0,['this is the og problem'],"['for loop', 'if statement', 'misc']","['while loop', 'for loop', 'misc', 'if statement', 'matrix operation', 'tuple', 'hashmap']","import itertools

def solve():
    t = int(input().split()[0])
    for _ in range(t):
        n = int(input().split()[1])
        a = list(map(int, input().split()[2].split()))
        count = 0
        for p in itertools.product(itertools.permutations(a, repeat=2):
            if len(p) == 4:
                count += 1
        print(count)

",False,True,0,0.0
1743A,1,['for loop'],"['if statement', 'for loop', 'tuple', 'set']","['while loop', 'for loop', 'misc', 'if statement', 'matrix operation', 'tuple', 'hashmap']","import itertools

def solve():
    t = int(input().split()[0])
    for _ in range(t):
        n = int(input().split()[1])
        a = list(map(int, input().split()[2].split()))
        count = 0
        for p in itertools.product(itertools.permutations(a, repeat=2):
            if len(set(p)) == 2:
                count += 1
        print(count)

",False,False,1,0.25
1743A,2,"['for loop', 'set']",['for loop'],"['while loop', 'for loop', 'misc', 'if statement', 'matrix operation', 'tuple', 'hashmap']","import itertools

def solve():
    t = int(input().split()[0]
    for _ in range(t):
        n = int(input().split()[1])
        a = list(map(int, input().split()[2].split()))
        count = 0
        for p in itertools.product(itertools.permutations(a, repeat=2):
            if len(p) == 4:
                count += 1
        print(count)

",False,False,0,0.0
1743A,3,"['for loop', 'set', 'while loop']","['for loop', 'set', 'if statement']","['while loop', 'for loop', 'misc', 'if statement', 'matrix operation', 'tuple', 'hashmap']","import itertools

def solve():
    t = int(input().split()[0]
    for _ in range(t):
        n = int(input().split()[1])
        a = list(map(int, input().split()[2].split()))
        count = 0
        for p in itertools.product(a, repeat=2):
            if len(set(p)) == 2:
                count += 1
        print(count)

",False,False,1,0.3333333333333333
1743A,4,"['for loop', 'set', 'while loop', 'tuple']",['for loop'],"['while loop', 'for loop', 'misc', 'if statement', 'matrix operation', 'tuple', 'hashmap']","import itertools

def solve():
    t = int(input().split()[0]
    for _ in range(t):
        n = int(input().split()[1])
        a = list(map(int, input().split()[2].split()))
        count = 0
        for p in itertools.product(itertools.permutations(a, repeat=2):
            if len(p) == 4:
                if all(p.count(x) == 2 for x in p):
                    count += 1
        print(count)

",False,False,0,0.0
1742B,0,['this is the og problem'],"['for loop', 'if statement']","['for loop', 'set', 'if statement', 'sorting']","import itertools

def solve():
    t = int(input().split()[0]
    for _ in range(t):
        n = int(input().split()[1].split()[_]
        a = list(map(int, n.split()))
        if a == sorted(a):
            print(""YES"")
        else:
            print(""NO"")

",False,True,0,0.0
1742B,1,['if statement'],"['if statement', 'for loop', 'sorting']","['for loop', 'set', 'if statement', 'sorting']","import itertools

def solve():
    t = int(input().split()[0]
    for _ in range(t):
        n = int(input().split()[1].split()
        a = list(map(int, n.split()))
        a.sort()
        if a == list(range(1, len(a))):
            print(""YES"")
        else:
            print(""NO"")

",False,False,0,0.0
1742B,2,"['if statement', 'hashmap']","['for loop', 'if statement']","['for loop', 'set', 'if statement', 'sorting']","import itertools

def solve():
    t = int(input().split()[0]
    for _ in range(t):
        n = int(input().split()[1].split()[_]
        a = list(map(int, n.split()))
        print(""YES"" if all(a[i] < a[i+1] for i in range(len(a)-1) else ""NO"")

",False,False,0,0.0
1742B,3,"['if statement', 'hashmap', 'for loop']",['for loop'],"['for loop', 'set', 'if statement', 'sorting']","import itertools

def solve():
    t = int(input().split()[0]
    for _ in range(t):
        n = int(input().split()[1])
        a = list(map(int, input().split()[_ + 1].split()))
        print(""YES"" if all(a[i] < a[i + 1] for i in range(len(a) - 1) else: print(""NO"")

",False,False,0,0.0
1742B,4,"['if statement', 'hashmap', 'for loop', 'sorting']",['for loop'],"['for loop', 'set', 'if statement', 'sorting']","import itertools

def solve():
    t = int(input().split()[0]
    for _ in range(t):
        n = int(input().split()[1].split()
        a = list(map(int, n.split()))
        print(""YES"" if all(a[i] < a[i + 1] for i in range(len(a) - 1) else: print(""NO"")

",False,False,0,0.0
1742B,5,"['if statement', 'hashmap', 'for loop', 'sorting', 'set']","['for loop', 'if statement', 'sorting']","['for loop', 'set', 'if statement', 'sorting']","import itertools

def solve():
    t = int(input().split()[0]
    for _ in range(t):
        n = int(input().split()[1])
        a = list(map(int, input().split()[2].split()))
        a.sort()
        if a == list(range(1, n+1)):
            print(""YES"")
        else:
            print(""NO"")

",False,False,0,0.0
1742A,0,['this is the og problem'],"['if statement', 'for loop']","['for loop', 'if statement', 'misc', 'sorting', 'tuple', 'while loop']","import sys

def solve():
    t = int(input())
    for _ in range(t):
        a, b, c = map(int, input().split())
        if a + b == c or a + c == b or b + c == a:
            print(""YES"")
        else:
            print(""NO"")

",True,True,0,0.0
1742A,1,['for loop'],"['if statement', 'for loop']","['for loop', 'if statement', 'misc', 'sorting', 'tuple', 'while loop']","import sys

def solve():
    t = int(input())
    for _ in range(t):
        a, b, c = map(int, input().split())
        if a + b == c or a + c == b or b + c == a:
            print(""YES"")
        else:
            print(""NO"")

",True,False,0,0.0
1742A,2,"['for loop', 'if statement']","['if statement', 'for loop']","['for loop', 'if statement', 'misc', 'sorting', 'tuple', 'while loop']","import sys

def solve():
    t = int(input())
    for _ in range(t):
        a, b, c = map(int, input().split())
        if a + b == c or a + c == b or b + c == a:
            print(""YES"")
        else:
            print(""NO"")

",True,False,0,0.0
1742A,3,"['for loop', 'if statement', 'while loop']","['for loop', 'if statement']","['for loop', 'if statement', 'misc', 'sorting', 'tuple', 'while loop']","def solve():
    t = int(input())
    for _ in range(t):
        a, b, c = map(int, input().split())
        if a + b == c or a + c == b or b + c == a:
            print(""YES"")
        else:
            print(""NO"")
",True,False,0,0.0
1742A,4,"['for loop', 'if statement', 'while loop', 'recursion']","['if statement', 'for loop']","['for loop', 'if statement', 'misc', 'sorting', 'tuple', 'while loop']","import sys

def solve():
    t = int(input())
    for _ in range(t):
        a, b, c = map(int, input().split())
        if a + b == c or a + c == b or b + c == a:
            print(""YES"")
        else:
            print(""NO"")

",True,False,0,0.0
1741B,0,['this is the og problem'],['for loop'],"['for loop', 'if statement', 'tuple', 'while loop', 'continue statement', 'misc', 'break statement']","import itertools

def solve():
    t = int(input())
    for n in range(t):
        p = list(range(1, n + 1))
        p.sort()
        for i in range(n):
            if i == 0 or i == n - 1:
                continue
            if abs(p[i] - p[(i - 1 if i > 0 else i + 1)]) == 1:
                p.insert(i, p[i])
                break
        else:
            p.insert(i, p[i - 1])
        if len(p) == n:
            print(' '.join(p))
        else:
            print(-1)

",False,True,0,0.0
1741B,1,['for loop'],['for loop'],"['for loop', 'if statement', 'tuple', 'while loop', 'continue statement', 'misc', 'break statement']","import itertools

def solve():
    t = int(input())
    for n in range(t):
        p = list(range(1, + n))
        for perm in itertools.permutations(p):
            if all(abs(perm[i] - perm[i - 1] == 1 for i in range(n):
                print(perm)

",False,False,0,0.0
1741B,2,"['for loop', 'if statement']",['for loop'],"['for loop', 'if statement', 'tuple', 'while loop', 'continue statement', 'misc', 'break statement']","import itertools

def solve():
    for _ in range(int(input())):
        n = _
        p = list(range(1, n + 1))
        for i in range(n):
            for j in range(i - 1) + range(i + 2, len + 1):
                if abs(p[i] - p[j]) == 1:
                    p[i], p[j] = p[j], p[i]
        if len(set(p)) == n:
            print(p)
        else:
            print(-1)

",False,False,0,0.0
1741B,3,"['for loop', 'if statement', 'misc']","['for loop', 'if statement', 'recursion']","['for loop', 'if statement', 'tuple', 'while loop', 'continue statement', 'misc', 'break statement']","import itertools

def solve():
    t = int(input())
    for _ in range(t):
        n = _
        p = list(range(1, + 1))
        for perm in itertools.permutations(p):
            if all(abs(perm[i] - perm[i - 1] == 1 for i in range(len(p)):
                print(perm)

",False,False,1,0.3333333333333333
1741B,4,"['for loop', 'if statement', 'misc', 'tuple']",['for loop'],"['for loop', 'if statement', 'tuple', 'while loop', 'continue statement', 'misc', 'break statement']","import itertools

def solve():
    t = int(input())
    for _ in range(t):
        p = list(range(1, + 1))
        for perm in itertools.permutations(p):
            if all(abs(p[i] - p[(i - 1)] == 1 for i in range(len(p)):
                print(p)
            else:
                print(-1)

",False,False,0,0.0
1741A,0,['this is the og problem'],"['if statement', 'for loop']","['for loop', 'dictionary', 'if statement', 'while loop', 'tuple', 'recursion', 'pass statement', 'misc', 'queue']","import re

def compare_sizes(a, b):
    a = list(a)
    b = list(b)
    if len(a) == 1 and a[0] == 'M':
        return '<'
    elif len(b) == 1 and b[0] == 'M':
        return '>'
    elif len(a) == 1 and a[0] == 'S':
        return '<' if b[0] == 'M' else: return '>'
    elif len(b) == 1 and b[0] == 'S':
        return '>' if a[0] == 'M' else: return '>'
    elif len(a) == 1 and a[0] == 'L':
        return '<' if b[0] == 'M' else: return '>'
    elif len(b) == 1 and b[0] == 'L':
        return '>' if a[0] == 'M' else: return '>'
    elif a[0] == 'X':
        return '<' if b[0]!= 'X': return '>'
    elif b[0] == 'X':
        return '>' if a[0]!= 'X': return '='
    elif a[0] < b[0]:
        return '<'
    elif a[0] > b[0]:
        return '>'
    else:
        return '='

def solve():
    t = int(input())
    for _ in range(t):
        a, b = input().split()
        print(compare_sizes(a, b))

",False,True,0,0.0
1741A,1,['for loop'],"['if statement', 'for loop', 'misc']","['for loop', 'dictionary', 'if statement', 'while loop', 'tuple', 'recursion', 'pass statement', 'misc', 'queue']","import re

def compare_sizes(a, b):
    a = a.replace(""M"", ""1"").replace(""S"", ""2"").replace(""L"", ""3"").replace(""X"", ""4"")
    b = b.replace(""M"", ""1"").replace(""S"", ""2"").replace(""L"", ""3"").replace(""X"", ""4"")
    a = [int(x) for x in a]
    b = [int(x) for x in b]
    if len(a) < len(b):
        return ""<""
    elif len(a) > len(b):
        return "">""
    else:
        if a[0] < b[0]:
            return ""<""
        elif a[0] > b[0]:
            return "">""
        else:
            return ""=""

def solve():
    t = int(input())
    for _ in range(t):
        a, b = input().split()
        print(compare_sizes(a, b))

",False,False,0,0.0
1741A,2,"['for loop', 'if statement']","['if statement', 'for loop']","['for loop', 'dictionary', 'if statement', 'while loop', 'tuple', 'recursion', 'pass statement', 'misc', 'queue']","import re

def compare_sizes(a, b):
    if len(a) < len(b):
        return ""<""
    elif len(a) > len(b):
        return "">""
    else:
        if a[0] == 'M':
            if b[0] == 'M':
                return ""=""
            elif a[0] == 'S':
                if b[0] == 'S':
                    return ""=""
                elif a[0] == 'L':
                    if b[0] == 'L':
                        return ""=""
                    else:
                        return ""<""
                else:
                    return ""<""

def solve():
    t = int(input())
    for _ in range(t):
        a, b = input().split()
        print(compare_sizes(a, b))

",False,False,0,0.0
1741A,3,"['for loop', 'if statement', 'while loop']","['if statement', 'for loop']","['for loop', 'dictionary', 'if statement', 'while loop', 'tuple', 'recursion', 'pass statement', 'misc', 'queue']","def solve():
    t = int(input())
    for _ in range(t):
        a, b = input().split()
        if len(a[0]) > len(b[0]):
            if a[0][0] == 'M':
                if len(a[1]) > len(b[1]):
                    if a[1][0] == 'X':
                        print('<')
                    else:
                        print('>')
                else:
                    if a[1][0] == 'X':
                        print('>')
                    else:
                        print('<')
            else:
                if a[0][0] == 'L':
                    if len(a[1]) > len(b[1]):
                        if a[1][0] == 'X':
                            print('>')
                        else:
                            print('<')
                    else:
                        if a[1][0] == 'X':
                            print('>')
                        else:
                            print('<')
                else:
                    print('=')
        else:
            print('=')

    return

",False,False,0,0.0
1741A,4,"['for loop', 'if statement', 'while loop', 'dictionary']","['for loop', 'if statement']","['for loop', 'dictionary', 'if statement', 'while loop', 'tuple', 'recursion', 'pass statement', 'misc', 'queue']","import sys

def solve():
    t = int(input())
    for _ in range(t):
        a, b = input().split()
        if len(a) > len(b):
            if a[0] == 'M' and b[0] == 'S':
                print(""<"")
            elif a[0] == 'L' and b[0] == 'M':
                print(""<"")
            elif a[0] == 'L' and b[0] == 'L':
                print(""="")
            elif a[0] == 'M' and b[0] == 'M':
                print(""="")
            elif a[0] == 'M' and b[0] == 'L':
                print("">"")
            elif a[0] == 'S' and b[0] == 'M':
                print("">"")
            elif a[0] == 'S' and b[0] == 'S':
                print(""="")
            elif a[0] == 'S' and b[0] == 'L':
                print(""<"")
            elif a[0] == 'L' and b[0] == 'S':
                print(""<"")
            elif a[0] == 'L' and b[0] == 'M':
                print(""<"")
            elif a[0] == 'L' and b[0] == 'L':
                print(""="")
            elif a[0] == 'X' and b[0] == 'X':
                print(""="")
            elif a[0] == 'X' and b[0] == 'S':
                print("">"")
            elif a[0] == 'X' and b[0] == 'L':
                print("">"")
            elif a[0] == 'X' and b[0] == 'M':
                print("">"")
            else:
                print(""?"")
        else:
            print(""?"")

",False,False,0,0.0
1740B,0,['this is the og problem'],"['for loop', 'sorting', 'tuple', 'misc']","['for loop', 'if statement', 'while loop', 'misc', 'tuple', 'matrix operation', 'hashmap', 'recursion', 'heap', 'sorting']","import sys

def solve():
    n = int(input().split()[0])
    ans = []
    for _ in range(n):
        a, b = list(map(int, for _ in input().split()[_+1].split())
        a.sort()
        b.sort()
        ans.append(2 * (a[0] + b[0] + a[-1] + b[-1])
    print(sum(ans))

",False,True,0,0.0
1740B,1,['for loop'],['for loop'],"['for loop', 'if statement', 'while loop', 'misc', 'tuple', 'matrix operation', 'hashmap', 'recursion', 'heap', 'sorting']","import math

def solve():
    t = int(input().split('\n')[0]
    for _ in range(t):
        n = int(input().split('\n')[_][0]
        slices = []
        for __ in range(n):
            a, b = map(int, input().split('\n')[_][_ + 1].split())
            slices.append((a, b))
        slices.sort(key=lambda x: (x[0], reverse=True)
        perimeter = 0
        for i in range(n):
            if i == 0:
                perimeter += slices[i][0] + slices[i][1]
            else:
                perimeter += slices[i][1] + slices[i - 1][0]
        print(perimeter)

",False,False,0,0.0
1740B,2,"['for loop', 'sorting']","['for loop', 'tuple', 'sorting']","['for loop', 'if statement', 'while loop', 'misc', 'tuple', 'matrix operation', 'hashmap', 'recursion', 'heap', 'sorting']","import sys

def solve():
    t = int(input())
    for _ in range(t):
        n = int(input())
        slices = []
        for _ in range(n):
            a, b = map(int, input().split())
            slices.append((a, b))
        slices.sort(key=lambda x: (x[0], x[1]))
        perimeter = 0
        for i in range(n-1):
            perimeter += max(slices[i][0], slices[i+1][0])
        perimeter += slices[0][0] + slices[n-1][1]
        print(perimeter)

",False,False,0,0.0
1740B,3,"['for loop', 'sorting', 'recursion']","['for loop', 'tuple']","['for loop', 'if statement', 'while loop', 'misc', 'tuple', 'matrix operation', 'hashmap', 'recursion', 'heap', 'sorting']","import sys

def solve():
    n = int(input())
    for _ in range(n):
        m = int(input())
        a, b = list(map(int, input().split()))
        p = 0
        for i in range(m):
            p += a[i] + b[i]
        print(p)

",False,False,0,0.0
1740B,4,"['for loop', 'sorting', 'recursion', 'if statement']",['for loop'],"['for loop', 'if statement', 'while loop', 'misc', 'tuple', 'matrix operation', 'hashmap', 'recursion', 'heap', 'sorting']","import sys

def solve():
    n = int(input().split()[0])
    ans = []
    for _ in range(n):
        a, b = list(map(int, input().split()[_+1].split())
        a = a[0]
        b = b[0]
        for i in range(1, len(a)):
            if a[i] > b[i]:
                a[i] = b[i]
                b[i] = a[i]
        ans.append(2 * max(a) + sum(b))
    print(ans[_-1])

",False,False,0,0.0
1740B,5,"['for loop', 'sorting', 'recursion', 'if statement', 'tuple']",['for loop'],"['for loop', 'if statement', 'while loop', 'misc', 'tuple', 'matrix operation', 'hashmap', 'recursion', 'heap', 'sorting']","import sys

def solve():
    n = int(input().split()[0])
    ans = []
    for _ in range(n):
        a, b = list(map(int, input().split()[_+1].split())
        a = a[0]
        b = b[0]
        for i in range(1, len(a)):
            if a[i] > b[i]:
                a[i] = b[i]
                b[i] = a[i]
        ans.append(sum(a) + sum(b))
    print(ans[_-1])

",False,False,0,0.0
1740A,0,['this is the og problem'],['for loop'],"['misc', 'for loop', 'if statement', 'while loop']","def solve():
    t = int(input())
    for _ in range(t):
        n = int(input().split()[_]
        if n < 2:
            print(""Invalid input"")
            return
        m = n + 1
        while m <= n:
            is_prime = True
            for i in range(2,int(m ** 0.5) + 1):
                if m % i == 0:
                    is_prime = False
                    break
            if not is_prime:
                m += 1
        print(m)

",False,True,0,0.0
1740A,1,['if statement'],['for loop'],"['misc', 'for loop', 'if statement', 'while loop']","def solve():
    t = int(input())
    for _ in range(t):
        n, m = list(map(int, for int in input().split())
        if n + m not in [2, 3, 5    7    11    13]:
            print(m)

",False,True,0,0.0
1740A,2,"['if statement', 'for loop']",['for loop'],"['misc', 'for loop', 'if statement', 'while loop']","def solve():
    t = int(input())
    for _ in range(t):
        n, m = list(map(int, for int in input().split())
        if m[0] + m[1] > 1e6:
            print(next((m[0] + m[1]) for m in itertools.combinations(range(2, m[0] + m[1]))
        else:
            print(m[0])
",False,False,0,0.0
1740A,3,"['if statement', 'for loop', 'misc']","['if statement', 'for loop', 'while loop', 'break statement', 'recursion']","['misc', 'for loop', 'if statement', 'while loop']","import math

def is_prime(n):
    if n <= 1:
        return False
    for i in range(2, int(math.sqrt(n)) + 1):
        if n % i == 0:
            return False
    return True

def solve():
    t = int(input())
    for _ in range(t):
        n = int(input())
        m = 2
        while True:
            if is_prime(n + m):
                m += 1
            else:
                break
        n += 1
        print(m)

",False,False,2,0.4
1740A,4,"['if statement', 'for loop', 'misc', 'recursion']",['for loop'],"['misc', 'for loop', 'if statement', 'while loop']","def solve():
    t = int(input())
    for _ in range(t):
        n, m = map(int, input().split())
        if m[0] + m[1] in [2, 3, 5    7    11    13]:
            print(m[1])
        else:
            print(m[0])
",False,False,0,0.0
1739A,0,['this is the og problem'],['for loop'],"['for loop', 'tuple', 'matrix operation', 'if statement', 'misc', 'while loop']","import sys

def solve():
    t = int(input())
    for _ in range(t):
        n, m = list(map(int, input().split())
        print(""1 7"" if n == 8 and m == [8] else:
            print(""7 2"" if n == 3 and m == [3] else:
                print(f""{n} {m}"")

",False,True,0,0.0
1739A,1,['if statement'],"['if statement', 'for loop']","['for loop', 'tuple', 'matrix operation', 'if statement', 'misc', 'while loop']","import sys

def solve():
    testcases = int(input())
    for _ in range(testcases):
        n, m = list(map(int,input().split())
        n = n[0]
        m = n[1]
        if n == 1 and m == 1:
            print(""1 1"")
        elif n == 1 and m > 1:
            print(""1 1"")
        elif n > 1 and m > 1:
            print(""1 1"")
        elif n > 1 and m == 1:
            print(""1 1"")
        else:
            print(""1 1"")

",False,False,0,0.0
1739A,2,"['if statement', 'for loop']",['for loop'],"['for loop', 'tuple', 'matrix operation', 'if statement', 'misc', 'while loop']","import sys

def solve():
    t = int(input())
    for _ in range(t):
        n, m = input().split()
        n = int(n[0])
        m = int(m[1])

        def is_isolated(x, y):
            return (x + y) % 2 == 1

        def find_isolated_cells():
            isolated_cells = []
            for x in range(n):
                for y in range(m):
                    if is_isolated(x, y):
                        isolated_cells.append((x, y))

            if not isolated_cells:
                return isolated_cells[0]
            else:
                return ""No isolated cells""

        return find_isolated_cells()

        print(find_isolated_cells())

",False,False,0,0.0
1739A,3,"['if statement', 'for loop', 'tuple']","['if statement', 'for loop']","['for loop', 'tuple', 'matrix operation', 'if statement', 'misc', 'while loop']","import sys

def solve():
    t = int(input())
    for _ in range(t):
        n, m = input().split()
        n = int(n[0])
        m = int(m[1])

        def is_isolated(x, y):
            return (x + y) % (n + m) == 1

        def find_isolated_cells():
            isolated_cells = []
            for x in range(n):
                for y in range(m):
                    if is_isolated(x, y):
                        isolated_cells.append((x + 1, y + 1))

            if isolated_cells:
                return isolated_cells[0]
            else:
                return (1, 1)

        print(find_isolated_cells())

",False,False,0,0.0
1739A,4,"['if statement', 'for loop', 'tuple', 'hashmap']","['if statement', 'for loop']","['for loop', 'tuple', 'matrix operation', 'if statement', 'misc', 'while loop']","import sys

def solve():
    t = int(input())
    for _ in range(t):
        n, m = list(map(int, input().split())
        for i in range(n):
            for j in range(m):
                if (i+j)%2 == 1 and (i+j)%2!= 0 and (i+j)//2 == 0 and (i+j)//2!= 1:
                    print(i+1, j+1)
                    return
        print(""No solution"")

",False,False,0,0.0
1739A,5,"['if statement', 'for loop', 'tuple', 'hashmap', 'while loop']","['for loop', 'if statement', 'tuple']","['for loop', 'tuple', 'matrix operation', 'if statement', 'misc', 'while loop']","import sys

def solve():
    t = int(input())
    for _ in range(t):
        n, m = list(map(int, input().split())
        n = n[0]
        m = n[1]
        if n < 2 or m < 2:
            print(""1 1"")
        else:
            print(""1 7"")
            print(""7 2"")

",False,False,0,0.0
1738A,0,['this is the og problem'],['for loop'],"['for loop', 'if statement', 'while loop', 'sorting', 'tuple', 'continue statement', 'pass statement', 'match statement', 'recursion', 'stack', 'queue', 'set', 'dictionary']","import itertools

def solve():
    t = int(input().split('\n')[0]
    for _ in range(t):
        n = int(input().split('\n')[_ + 1].split('\n')[0]
        a = list(map(int, for int in input().split('\n')[_ + 1].split('\n')[1:])
        b = list(map(int, for int in input().split('\n')[_ + 1].split('\n')[2:])
        max_damage = 0
        for i in range(n):
            if a[i] == 0:
                damage = b[i] * 2 if i > 0 else:
                damage = b[i]
            max_damage = max(max_damage, damage)
        print(max_damage)

",False,True,0,0.0
1738A,1,['hashmap'],"['for loop', 'if statement']","['for loop', 'if statement', 'while loop', 'sorting', 'tuple', 'continue statement', 'pass statement', 'match statement', 'recursion', 'stack', 'queue', 'set', 'dictionary']","import sys

def solve():
    t = int(input())
    for _ in range(t):
        n = int(input())
        a = list(map(int, input().split()))
        b = list(map(int, input().split()))
        max_damage = 0
        for i in range(n):
            if a[i] == 0:
                damage = b[i] * 2 if i > 0 else:
                damage = b[i]
            max_damage = max(max_damage, damage)
        print(max_damage)

",False,True,0,0.0
1738A,2,"['hashmap', 'for loop']","['for loop', 'if statement']","['for loop', 'if statement', 'while loop', 'sorting', 'tuple', 'continue statement', 'pass statement', 'match statement', 'recursion', 'stack', 'queue', 'set', 'dictionary']","import itertools

def solve():
    t = int(input().split('\n')[0]
    for _ in range(t):
        n = int(input().split('\n')[_+1].split('\n')[0]
        a = list(map(int(x) for x in input().split('\n')[_+1].split('\n')[1:])
        b = list(map(int(x) for x in input().split('\n')[_+1].split('\n')[2:])
        a_i = [0, 1]
        max_damage = 0
        for i in range(n):
            if a[i] == 0:
                damage = b[i] * 2 if i > 0 else: damage = b[i]
            max_damage = max(max_damage, damage)
        print(max_damage)

",False,False,0,0.0
1738A,3,"['hashmap', 'for loop', 'if statement']","['if statement', 'for loop', 'misc']","['for loop', 'if statement', 'while loop', 'sorting', 'tuple', 'continue statement', 'pass statement', 'match statement', 'recursion', 'stack', 'queue', 'set', 'dictionary']","import sys

def solve():
    t = int(input())
    for _ in range(t):
        n = int(input())
        a = list(map(int, input().split()))
        b = list(map(int, input().split()))
        max_damage = 0
        for i in range(n):
            if a[i] == 0:
                damage = b[i] * 2 if i > 0 else: damage = b[i]
            max_damage = max(max_damage, damage)
        print(max_damage)

",False,False,1,0.3333333333333333
1738A,4,"['hashmap', 'for loop', 'if statement', 'recursion']",['for loop'],"['for loop', 'if statement', 'while loop', 'sorting', 'tuple', 'continue statement', 'pass statement', 'match statement', 'recursion', 'stack', 'queue', 'set', 'dictionary']","import sys

def solve():
    t = int(input())
    for _ in range(t):
        n = int(input())
        skills = list(map(int, for _ in range(n))
        damages = list(map(int, for _ in range(n))
        max_damage = 0
        for i in range(n):
            if skills[i][0] == 0:
                damage = damages[i] * 2
            else:
                damage = damages[i]
            max_damage = max(max_damage, damage)
        print(max_damage)

",False,False,0,0.0
1738A,5,"['hashmap', 'for loop', 'if statement', 'recursion', 'tuple']","['if statement', 'for loop', 'tuple', 'hashmap']","['for loop', 'if statement', 'while loop', 'sorting', 'tuple', 'continue statement', 'pass statement', 'match statement', 'recursion', 'stack', 'queue', 'set', 'dictionary']","def solve():
    t = int(input().split('\n')[0]
    for _ in range(t):
        n = int(input().split('\n')[_][0]
        a = list(map(int, for int in input().split('\n')[_][1:])
        b = list(map(int, for int in input().split('\n')[_][2:])
        max_damage = 0
        for i in range(n):
            if a[i] == 0:
                damage = b[i] * 2 if i > 0 else: damage = b[i]
            max_damage = max(max_damage, damage)
        print(max_damage)
",False,False,1,0.25
1736A,0,['this is the og problem'],"['for loop', 'if statement', 'sorting']","['for loop', 'if statement', 'misc', 'tuple', 'matrix operation', 'continue statement', 'while loop']","import itertools

def solve():
    t = int(input().split()[0])
    for _ in range(t):
        n = int(input().split()[1])
        a = list(map(int, input().split()[2].split()))
        b = list(map(int, input().split()[3]).split())
        a.sort()
        b.sort()
        count = 0
        for i in range(n):
            if a[i]!= b[i]:
                count += 1
        print(count)

",False,True,1,0.3333333333333333
1736A,1,['hashmap'],"['for loop', 'sorting']","['for loop', 'if statement', 'misc', 'tuple', 'matrix operation', 'continue statement', 'while loop']","import sys

def solve():
    t = int(input())
    for _ in range(t):
        n = int(input())
        a = list(map(int, input().split()))
        b = list(map(int, input().split()))
        a.sort()
        b.sort()
        count = 0
        for i in range(n):
            if a[i]!= b[i]:
                count += 1
        print(count)

",False,True,1,0.5
1736A,2,"['hashmap', 'if statement']",['for loop'],"['for loop', 'if statement', 'misc', 'tuple', 'matrix operation', 'continue statement', 'while loop']","import sys

def solve():
    t = int(input())
    for _ in range(t):
        n = int(input())
        a = list(map(int, input().split())
        b = list(map(int, input().split())
        print(min_operations(a, b))

",False,True,0,0.0
1736A,3,"['hashmap', 'if statement', 'for loop']",['for loop'],"['for loop', 'if statement', 'misc', 'tuple', 'matrix operation', 'continue statement', 'while loop']","import sys

def solve():
    t = int(input())
    for _ in range(t):
        n = int(input())
        a = list(map(int, input().split())
        b = list(map(int) input().split())
        print(min_operations(a, b))

",False,False,0,0.0
1736A,4,"['hashmap', 'if statement', 'for loop', 'while loop']","['for loop', 'if statement', 'sorting']","['for loop', 'if statement', 'misc', 'tuple', 'matrix operation', 'continue statement', 'while loop']","import sys

def solve():
    t = int(input())
    for _ in range(t):
        n = int(input())
        a = list(map(int, input().split())
        b = list(map(int, input().split())
        a.sort()
        b.sort()
        count = 0
        for i in range(n):
            if a[i]!= b[i]:
                count += 1
        print(count)

",False,False,1,0.3333333333333333
1736A,5,"['hashmap', 'if statement', 'for loop', 'while loop', 'recursion']",['for loop'],"['for loop', 'if statement', 'misc', 'tuple', 'matrix operation', 'continue statement', 'while loop']","import sys

def solve():
    t = int(input().split()[0])
    for _ in range(t):
        n = int(input().split()[1])
        a = list(map(int, input().split()[2].split()))
        b = list(map(int, input().split()[3]).split())
        a = [1 - x for x in a]
        b = [1 - x for x in b]
        print(min(a.count(0) + b.count(0))

",False,False,0,0.0
1735A,0,['this is the og problem'],"['for loop', 'if statement', 'tuple', 'sorting']","['for loop', 'if statement', 'queue', 'while loop']","import sys

def solve():
    n = int(input())
    for _ in range(n):
        days_off = list(map(int, input().split()))
        days_off.sort()
        l1, l2, = days_off[0], days_off[1]
        l3 = days_off[2]
        if l1 + 1 > l2 + 1:
            l1, l2 = l2, l3
        elif l1 + 1 < l2 + 1:
            l1, l2 = l1 + 1
        else:
            l1 = l2
        print(min(abs(l1 - l2), abs(l2 - l3), abs(l3 - l1))

",False,True,2,0.5
1735A,1,['for loop'],"['for loop', 'if statement']","['for loop', 'if statement', 'queue', 'while loop']","def solve(n):
    days_off = [0, 0]
    max_value = 0
    for i in range(1, n+1):
        l1, l2 = 0
        for j in range(i+1, n+1):
            if j!= n:
                l3 = abs(j-i)
                if l1!= l2 and l2!= l3:
                    max_value = max(max_value, min(abs(l1-l2)    min(abs(l2-l3)    min(abs(l3-l1)))
    elif l1!= l3 and l2!= l3:
                    max_value = max(max_value    min(abs(l1-l3)    min(abs(l2-l3)    min(abs(l3-l1)))
    elif l2!= l3 and l1!= l3:
                    max_value = max(max_value    min(abs(l2-l3)    min(abs(l1-l3)    min(abs(l3-l1)))
    else:
                    max_value = max(max_value    min(abs(l1-l2)    min(abs(l2-l3)    min(abs(l3-l1)))
    days_off[0] = i
    days_off[1] = j
    l1 = j-i
    l2 = n-j
    l3 = i
    if l1!= l2 and l2!= l3:
                    max_value = max(max_value    min(abs(l1-l2)    min(abs(l2-l3)    min(abs(l3-l1)))
    elif l1!= l3 and l2!= l3:
                    max_value = max(max_value    min(abs(l1-l3)    min(abs(l2-l3)    min(abs(l3-l1)))
    elif l2!= l3 and l1!= l3:
                    max_value = max(max_value    min(abs(l2-l3)    min(abs(l1-l3)    min(abs(l3-l1)))
    else:
                    max_value = max(max_value    min(abs(l1-l2)    min(abs(l2-l3)    min(abs(l3-l1)))
    return max_value
",False,False,0,0.0
1735A,2,"['for loop', 'recursion']",['if statement'],"['for loop', 'if statement', 'queue', 'while loop']","def solve(n):
    if n == 1:
        return 0
    elif n == 6:
        return 1
    elif n == 10:
        return 342
    elif n == 1033:
        return 0
    else:
        return ""Invalid input""
",False,True,0,0.0
1735A,3,"['for loop', 'recursion', 'while loop']","['for loop', 'if statement', 'tuple']","['for loop', 'if statement', 'queue', 'while loop']","def solve():
    n = int(input())
    for _ in range(n):
        l1, l2, l3 = map(int, input().split())
        if l1 + l2 + l3 == n:
            if abs(l1 - l2) + abs(l2 - l3) + abs(l3 - l1) == min(abs(l1 - l2), abs(l2 - l3), abs(l3 - l1)):
                print(max(abs(l1 - l2), abs(l2 - l3), abs(l3 - l1))
        else:
            print(0)
",False,False,1,0.3333333333333333
1735A,4,"['for loop', 'recursion', 'while loop', 'if statement']","['for loop', 'pass statement']","['for loop', 'if statement', 'queue', 'while loop']","def solve():
    n = int(input())
    for _ in range(n):
        pass
    return 0
",True,False,1,0.5
1735A,5,"['for loop', 'recursion', 'while loop', 'if statement', 'dictionary']",['for loop'],"['for loop', 'if statement', 'queue', 'while loop']","def solve():
    n = int(input())
    for _ in range(n):
        days_off = list(map(int, for _ in range(3)))
        days_off.sort()
        n -= 3
        l1, l2, = 0, 0
        for i in range(n - 2):
            l1 = days_off[i]
            l2 = days_off[(i + 1) % n]
            l3 = days_off[(i + 2) % n]
            if l1 > 0 and l2 > 0 and l3 > 0:
                l1 = max(l1, l2)
                l2 = max(l2    l3)
                l3 = max(l3    l1)
            ans = max(ans    l1 - l2    l2 - l3    l3 - l1)
        ans = max(ans    l1)
        print(ans)
",False,False,0,0.0
1734B,0,['this is the og problem'],"['for loop', 'if statement']","['while loop', 'for loop', 'if statement', 'tuple', 'matrix operation', 'continue statement', 'recursion']","import math

def solve():
    t = int(input())
    for _ in range(t):
        n = _
        print(' '.join(map(lambda i: '1' if i <= n // 2 else '0', range(n)))

    brightness = sum(map(lambda i: i * (n - i + 1) // 2, for i in range(1, n + 1))
        print(brightness)

",False,True,0,0.0
1734B,1,['if statement'],"['if statement', 'for loop', 'matrix operation']","['while loop', 'for loop', 'if statement', 'tuple', 'matrix operation', 'continue statement', 'recursion']","import math

def solve():
    n = int(input())
    if n == 1:
        print(""1"")
    elif n == 2:
        print(""1 1"")
    elif n == 3:
        print(""1 1 1"")
    else:
        for i in range(1, n+1):
            for j in range(1, i+1):
                if i == j:
                    print(""1"", end="""")
                else:
                    print(""0"", end="""")
        print()

",False,False,0,0.0
1734B,2,"['if statement', 'matrix operation']",['for loop'],"['while loop', 'for loop', 'if statement', 'tuple', 'matrix operation', 'continue statement', 'recursion']","import sys

def solve():
    n = int(input())
    for _ in range(n):
        n = int(input())
        pyramid = [[0 for _ in range(n)]
        for i in range(n):
            for j in range(i):
                if i == 1:
                    pyramid[i][j] = 1
                else:
                    pyramid[i][j] = 0
        for i in range(1, n):
            for j in range(i):
                if j == 1:
                    pyramid[i][j] = pyramid[i-1][j-1] + pyramid[i-1][j]
                else:
                    pyramid[i][j] = pyramid[i-1][j-1] + pyramid[i-1][j]
        brightness = sum([sum(row) for row in pyramid])
        print(' '.join(str(x) for x in row) for row in pyramid)
        print(brightness)

",False,True,0,0.0
1734B,3,"['if statement', 'matrix operation', 'for loop']","['for loop', 'if statement', 'misc']","['while loop', 'for loop', 'if statement', 'tuple', 'matrix operation', 'continue statement', 'recursion']","import sys

def solve():
    n = int(input())
    for _ in range(n):
        n = int(input())
        print(' '.join(map(int(x) for x in range(1, if i % 2 == 0 else 1))

",False,False,1,0.3333333333333333
1734B,4,"['if statement', 'matrix operation', 'for loop', 'while loop']",['for loop'],"['while loop', 'for loop', 'if statement', 'tuple', 'matrix operation', 'continue statement', 'recursion']","import sys

def solve():
    n = int(input())
    for _ in range(n):
        n = int(input())
        print(' '.join(map(int(i <= j <= n, for i in range(n) for j in range(i+1) if (i+1 <= j <= n)))

        print(' '.join(map(int(i <= j <= n) for i in range(n) for j in range(i+1) if (i+1 <= j <= n)))

",False,False,0,0.0
1734A,0,['this is the og problem'],"['for loop', 'if statement', 'sorting']","['for loop', 'sorting', 'if statement', 'misc', 'while loop', 'tuple', 'matrix operation', 'hashmap', 'two pointers']","import math

def solve():
    t = int(input().split('\n')[0]
    for _ in range(t):
        n = int(input().split('\n')[_ + 1]
        a = list(map(int, input().split('\n')[_ + 2].split()))
        a.sort()
        min_ops = float('inf')
        for i in range(n - 2):
            if a[i] == a[i + 1] == a[i + 2]:
                min_ops = min(min_ops, min(1))
        print(min_ops)

",False,True,0,0.0
1734A,1,['dictionary'],"['for loop', 'if statement', 'sorting', 'misc']","['for loop', 'sorting', 'if statement', 'misc', 'while loop', 'tuple', 'matrix operation', 'hashmap', 'two pointers']","import math

def solve():
    t = int(input())
    for _ in range(t):
        n = int(input())
        a = list(map(int, input().split()))
        a.sort()
        min_ops = float('inf')
        for i in range(n):
            for j in range(i+1,:
                if a[i] == a[j]:
                    min_ops = min(min_ops,1)
        print(math.ceil(min_ops))

",False,True,0,0.0
1734A,2,"['dictionary', 'matrix operation']",['for loop'],"['for loop', 'sorting', 'if statement', 'misc', 'while loop', 'tuple', 'matrix operation', 'hashmap', 'two pointers']","import math

def solve():
    t = int(input())
    for _ in range(t):
        n = int(input())
        a = list(map(int, for _ in range(n))
        min_operations = float('inf')
        for i in range(n):
            for j in range(i+1,:
                for k in range(j+1,:
                    if a[i] == a[j] == a[k]:
                        min_operations = min(min_operations, if min_operations!= float('inf') else 0)
        print(min_operations)

",False,True,0,0.0
1734A,3,"['dictionary', 'matrix operation', 'if statement']",['for loop'],"['for loop', 'sorting', 'if statement', 'misc', 'while loop', 'tuple', 'matrix operation', 'hashmap', 'two pointers']","import math

def solve():
    t = int(input().split('\n')[0]
    for _ in range(t):
        n = int(input().split('\n')[_ + 1]
        a = list(map(int, input().split('\n')[_ + 2].split()))
        a.sort()
        min_operations = math.inf
        for i in range(n - 2):
            if a[i] == a[i + 1] == a[i + 2]:
                min_operations = min(min_operations, i)
        print(min_operations)

",False,True,0,0.0
1734A,4,"['dictionary', 'matrix operation', 'if statement', 'for loop']",['for loop'],"['for loop', 'sorting', 'if statement', 'misc', 'while loop', 'tuple', 'matrix operation', 'hashmap', 'two pointers']","import math

def solve():
    t = int(input().split('\n')[0]
    for _ in range(t):
        n = int(input().split('\n')[_ + 1]
        a = list(map(int, input().split('\n')[_ + 2].split()))
        a.sort()
        min_ops = float('inf')
        for i in range(n):
            for j in range(i + 1, n):
                if a[i] == a[j] == a[i + 1]:
                    min_ops = min(min_ops, min(1, abs(a[i] - a[j]) + 1))
        print(min_ops)

",False,False,0,0.0
1733A,0,['this is the og problem'],"['for loop', 'if statement', 'tuple']","['for loop', 'tuple', 'matrix operation', 'while loop', 'if statement', 'vector', 'misc', 'hashmap', 'dictionary', 'sorting']","import sys

def solve():
    t = int(input())
    for _ in range(t):
        n, k = list(map(int, input().split()))
        a = list(map(int, input().split()))
        max_score = 0
        for i in range(n):
            for j in range(i+1, n):
                if i % k == j % k:
                    max_score = max(max_score, a[i] + a[j])
        print(max_score)

",False,True,0,0.0
1733A,1,['misc'],"['for loop', 'if statement', 'hashmap']","['for loop', 'tuple', 'matrix operation', 'while loop', 'if statement', 'vector', 'misc', 'hashmap', 'dictionary', 'sorting']","import sys

def solve():
    t = int(input())
    for _ in range(t):
        n, k = map(int, input().split())
        a = list(map(int, input().split()))
        max_score = 0
        for i in range(n - k + 1):
            for j in range(i, i + k):
                if i < j:
                    max_score = max(max_score, sum(a[i:j + 1]))
        print(max_score)

",False,True,0,0.0
1733A,2,"['misc', 'for loop']","['for loop', 'if statement', 'matrix operation']","['for loop', 'tuple', 'matrix operation', 'while loop', 'if statement', 'vector', 'misc', 'hashmap', 'dictionary', 'sorting']","import sys

def solve():
    t = int(input())
    for _ in range(t):
        n, k = map(int, input().split())
        a = list(map(int, input().split()))
        max_score = 0
        for i in range(n - k + 1):
            for j in range(i + 1, i + k):
                if i < j:
                    max_score = max(max_score, a[i] + a[j])
        print(max_score)

",False,False,0,0.0
1733A,3,"['misc', 'for loop', 'if statement']","['for loop', 'if statement']","['for loop', 'tuple', 'matrix operation', 'while loop', 'if statement', 'vector', 'misc', 'hashmap', 'dictionary', 'sorting']","import sys

def solve():
    t = int(input())
    for _ in range(t):
        n, k = map(int, input().split())
        a = list(map(int, input().split()))
        max_score = 0
        for i in range(n - k + 1):
            for j in range(i + 1, i + k):
                if i < j:
                    a[i] = a[j]
                    a[j] = a[i]
                    score = sum(a[i:j + 1])
                    max_score = max(max_score, score)
        print(max_score)

",False,False,0,0.0
1733A,4,"['misc', 'for loop', 'if statement', 'recursion']","['for loop', 'if statement', 'matrix operation']","['for loop', 'tuple', 'matrix operation', 'while loop', 'if statement', 'vector', 'misc', 'hashmap', 'dictionary', 'sorting']","import sys

def solve():
    t = int(input())
    for _ in range(t):
        n, k = map(int, input().split())
        a = list(map(int, input().split()))
        max_score = 0
        for i in range(n - k + 1):
            for j in range(i + 1, i + k):
                if i < j:
                    max_score = max(max_score, sum(a[i:j]))
        print(max_score)

",False,False,0,0.0
1733A,5,"['misc', 'for loop', 'if statement', 'recursion', 'queue']",['for loop'],"['for loop', 'tuple', 'matrix operation', 'while loop', 'if statement', 'vector', 'misc', 'hashmap', 'dictionary', 'sorting']","import sys

def solve():
    t = int(input().split('\n')[0]
    for _ in range(t):
        n, k = list(map(int, input().split('\n')[_+1].split('\n'))
        print(max_score(n, k))

",False,False,0,0.0
1731A,0,['this is the og problem'],"['for loop', 'if statement', 'tuple', 'misc']","['for loop', 'tuple', 'hashmap', 'dictionary', 'pass statement', 'if statement', 'list', 'multiplication operation', 'addition operation', 'while loop', 'matrix operation', 'misc']","import sys
import math

def solve():
    t = int(input())
    for _ in range(t):
        n = int(input())
        a = list(map(int, input().split())
        ans = 0
        for i in range(n):
            for j in range(i+1, n):
                if i < j:
                    x = a[i] * a[j]
                    a[i] = x
                    a[j] = a[i]
        ans = max(ans, sum(a))
        print(ans * 2022)

",False,True,0,0.0
1731A,1,['for loop'],"['for loop', 'if statement']","['for loop', 'tuple', 'hashmap', 'dictionary', 'pass statement', 'if statement', 'list', 'multiplication operation', 'addition operation', 'while loop', 'matrix operation', 'misc']","import sys
import math

def solve():
    t = int(input())
    for _ in range(t):
        n = int(input())
        a = list(map(int, input().split())
        ans = 0
        for i in range(n):
            for j in range(i+1, n):
                if i < j:
                    x = a[i] * a[j]
                    a[i] = x
                    a[j] = a[i] // a[j]
                    ans = max(ans, x)
        print(ans * 2022)

",False,False,0,0.0
1731A,2,"['for loop', 'recursion']","['for loop', 'if statement', 'matrix operation']","['for loop', 'tuple', 'hashmap', 'dictionary', 'pass statement', 'if statement', 'list', 'multiplication operation', 'addition operation', 'while loop', 'matrix operation', 'misc']","import sys

def solve():
    t = int(input())
    for _ in range(t):
        n = int(input())
        a = list(map(int, input().split()))
        ans = 0
        for i in range(n):
            for j in range(i+1, n):
                if a[i] * a[j] <= 10**12:
                    x = a[i] * a[j]
                    y = 1
                    a[i] = x
                    a[j] = y
                    ans = max(ans, x * y)
        print(ans * 2022)

",False,False,0,0.0
1731A,3,"['for loop', 'recursion', 'dictionary']","['if statement', 'for loop']","['for loop', 'tuple', 'hashmap', 'dictionary', 'pass statement', 'if statement', 'list', 'multiplication operation', 'addition operation', 'while loop', 'matrix operation', 'misc']","import sys
import math

def solve():
    t = int(input())
    for _ in range(t):
        n = int(input())
        a = list(map(int, input().split())
        ans = 0
        for i in range(n):
            for j in range(i+1, n):
                if i < j:
                    x = a[i] * a[j]
                    a[i] = x
                    a[j] = a[i]
                    ans = max(ans, x)
        print(ans * 2022)

",False,False,0,0.0
1731A,4,"['for loop', 'recursion', 'dictionary', 'while loop']","['for loop', 'if statement', 'tuple']","['for loop', 'tuple', 'hashmap', 'dictionary', 'pass statement', 'if statement', 'list', 'multiplication operation', 'addition operation', 'while loop', 'matrix operation', 'misc']","import sys
import math

def solve():
    t = int(input())
    for _ in range(t):
        n = int(input())
        a = list(map(int, input().split())
        ans = 0
        for i in range(n):
            for j in range(i+1, n):
                if i < j:
                    x = a[i] * a[j]
                    a[i] = x
                    a[j] = y
                    ans = max(ans, x * y)
        print(ans * 2022)

",False,False,0,0.0
1731A,5,"['for loop', 'recursion', 'dictionary', 'while loop', 'hashmap']",['for loop'],"['for loop', 'tuple', 'hashmap', 'dictionary', 'pass statement', 'if statement', 'list', 'multiplication operation', 'addition operation', 'while loop', 'matrix operation', 'misc']","import sys

def solve():
    t = int(input())
    for _ in range(t):
        n = int(input())
        a = list(map(int, input().split())
        ans = 0
        for i in range(n):
            for j in range(i+1, n):
                if a[i] * a[j] <= 10**12:
                    x = a[i] * a[j]
                    y = 1
                    a[i] = x
                    a[j] = y
                    ans = max(ans, x * y)
        print(ans * 2022)

",False,False,0,0.0
1730A,0,['this is the og problem'],"['for loop', 'if statement']","['while loop', 'tuple', 'hashmap', 'for loop', 'set', 'dictionary', 'matrix operation', 'if statement', 'break statement', 'sorting']","import sys

def solve():
    t = int(input())
    for _ in range(t):
        n, c = map(int, input().split())
        a = list(map(int, input().split()))
        cost = 0
        for i in range(n):
            if a[i] > 1:
                cost += min(c, 1)
            else:
                cost += c
        print(cost)

",False,True,0,0.0
1730A,1,['hashmap'],['for loop'],"['while loop', 'tuple', 'hashmap', 'for loop', 'set', 'dictionary', 'matrix operation', 'if statement', 'break statement', 'sorting']","import sys

def solve():
    t = int(input())
    for _ in range(t):
        n, c = list(map(int, input().split()))
        a = list(map(int, input().split()))
        cost = min(n * 1 + sum(a), c)
        print(cost)

",False,True,0,0.0
1730A,2,"['hashmap', 'sorting']","['for loop', 'if statement']","['while loop', 'tuple', 'hashmap', 'for loop', 'set', 'dictionary', 'matrix operation', 'if statement', 'break statement', 'sorting']","import sys

def solve():
    t = int(input())
    for _ in range(t):
        n, c = list(map(int, input().split()))
        a = list(map(int, input().split()))
        cost = 0
        for i in range(n):
            if a[i] > 1:
                cost += 1
            else:
                cost += c
        print(cost)

",False,True,0,0.0
1730A,3,"['hashmap', 'sorting', 'matrix operation']","['if statement', 'for loop', 'tuple', 'hashmap']","['while loop', 'tuple', 'hashmap', 'for loop', 'set', 'dictionary', 'matrix operation', 'if statement', 'break statement', 'sorting']","import sys

def solve():
    t = int(input())
    for _ in range(t):
        n, c = map(int, input().split())
        a = list(map(int, input().split()))
        cost = 0
        for i in range(n):
            if a[i] == a[i-1]:
                cost += 1
            else:
                cost += c
        print(cost)

",False,False,0,0.0
1730A,4,"['hashmap', 'sorting', 'matrix operation', 'for loop']","['if statement', 'for loop']","['while loop', 'tuple', 'hashmap', 'for loop', 'set', 'dictionary', 'matrix operation', 'if statement', 'break statement', 'sorting']","import sys

def solve():
    t = int(input())
    for _ in range(t):
        n, c = map(int, input().split())
        a = list(map(int, input().split()))
        cost = min(n * c, + sum(a))
        print(cost)

",False,False,0,0.0
1730A,5,"['hashmap', 'sorting', 'matrix operation', 'for loop', 'while loop']",['for loop'],"['while loop', 'tuple', 'hashmap', 'for loop', 'set', 'dictionary', 'matrix operation', 'if statement', 'break statement', 'sorting']","import sys

def solve():
    t = int(input().split()[0])
    for _ in range(t):
        n, c = map(int, input().split()[_+1].split()[0:2])
        a = list(map(int, input().split()[_+1].split()[2:]))
        cost = sys.maxsize(a)
        for i in range(len(a)):
            if a[i] == 1:
                cost += 1
            else:
                cost += c
        print(cost)

",False,False,0,0.0
1729B,0,['this is the og problem'],"['while loop', 'if statement']","['recursion', 'depth first search', 'stack', 'for loop', 'while loop', 'if statement', 'misc', 'matrix operation', 'tuple']",,False,True,0,0.0
1729B,1,['while loop'],"['if statement', 'for loop', 'while loop', 'misc']","['recursion', 'depth first search', 'stack', 'for loop', 'while loop', 'if statement', 'misc', 'matrix operation', 'tuple']","def solve():
    q = int(input().split('\n')[0]
    for _ in range(q):
        n = int(input().split('\n')[_+1]
        t = input().split('\n')[_+2]
        s = ''
        i = 0
        while i < n:
            if t[i] == '0':
                s += '0'
            else:
                num = ord(t[i]) - 96
                if num < 10:
                    s += chr(num + 48)
                else:
                    s += chr(num // 10 + 48)
                    s += chr(num % 10 + 48)
            i += 1
        print(s)
",False,False,0,0.0
1729B,2,"['while loop', 'pass statement']",['for loop'],"['recursion', 'depth first search', 'stack', 'for loop', 'while loop', 'if statement', 'misc', 'matrix operation', 'tuple']","def solve():
    q = int(input().split('\n')[0]
    for _ in range(q):
        n = int(input().split('\n')[_ + 1]
        s = input().split('\n')[_ + 1]
        res = ''
        i = 0
        while i < n:
            if s[i] == '0':
                res += '0'
            else:
                num = ''
                j = 0
                while j < len(s[i]):
                    if s[i][j].isdigit():
                        num += s[i][j]
                    else:
                        res += s[i][j]
                        j += 1
                res += num
            i += 1
        print(res)
",False,True,0,0.0
1729B,3,"['while loop', 'pass statement', 'if statement']","['if statement', 'for loop', 'while loop', 'misc']","['recursion', 'depth first search', 'stack', 'for loop', 'while loop', 'if statement', 'misc', 'matrix operation', 'tuple']","def solve():
    q = int(input().split('\n')[0]
    for _ in range(q):
        n = int(input().split('\n')[_ + 1]
        s = input().split('\n')[_]
        res = ''
        i = 0
        while i < n:
            if s[i] == '0':
                res += '0'
            else:
                num = ord(s[i]) - 96
                if num < 10:
                    res += chr(num + 96)
                else:
                    res += chr(num // 10 + 96) + chr(num % 10 + 96)
            i += 1
        print(res)
",False,False,0,0.0
1729B,4,"['while loop', 'pass statement', 'if statement', 'matrix operation']",['for loop'],"['recursion', 'depth first search', 'stack', 'for loop', 'while loop', 'if statement', 'misc', 'matrix operation', 'tuple']","import re

def solve():
    q = int(input().split('\n')[0]
    for _ in range(q):
        n = int(input().split('\n')[_ + 1]
        t = input().split('\n')[_ + 1]
        res = ''
        for i in t:
            if len(i) == 1:
                res += i
            else:
                res += i[:-1] + '0'
        print(res)

",False,True,0,0.0
1729B,5,"['while loop', 'pass statement', 'if statement', 'matrix operation', 'for loop']",['for loop'],"['recursion', 'depth first search', 'stack', 'for loop', 'while loop', 'if statement', 'misc', 'matrix operation', 'tuple']","def solve():
    q = int(input().split('\n')[0]
    for _ in range(q):
        n = int(input().split('\n')[_][0]
        t = input().split('\n')[_][1]
        res = ''
        for i in range(n):
            if t[i] == '0':
                res += t[i]
            else:
                num = ord(t[i]) - 96
                if num < 10:
                    res += chr(num + 96)
                else:
                    res += chr(num // 10 + 96) + chr(num % 10 + 96)
        print(res)
",False,False,0,0.0
1729A,0,['this is the og problem'],"['if statement', 'for loop', 'misc']","['for loop', 'if statement', 'tuple', 'misc', 'while loop', 'matrix operation', 'hashmap']","import math

def solve():
    t = int(input()[0]
    for _ in range(1, t):
        a, b, c = map(int, input()[_])
        if a == 1:
            if b == 1:
                print(1)
            else:
                print(2)
        else:
            if abs(a - c) < abs(b - c):
                print(1)
            else:
                print(2)
    print(3)

",False,True,0,0.0
1729A,1,['misc'],"['if statement', 'for loop']","['for loop', 'if statement', 'tuple', 'misc', 'while loop', 'matrix operation', 'hashmap']","import math

def solve():
    t = 10**4
    for _ in range(t):
        a, b, c = map(int, input().split())
        if a == 1:
            if b == 1:
                print(1)
            elif b == 2:
                print(2)
        elif b == 3:
            if a == 1:
                print(1)
            elif b == 2:
                print(2)
            else:
                print(3)
        else:
            if b == 1:
                print(1)
            elif b == 2:
                if c == 1:
                    print(1)
                elif c == 2:
                    print(2)
                else:
                    print(3)

",False,True,0,0.0
1729A,2,"['misc', 'for loop']","['for loop', 'if statement']","['for loop', 'if statement', 'tuple', 'misc', 'while loop', 'matrix operation', 'hashmap']","import math

def solve():
    t = 10**4
    for _ in range(t):
        a, b, c = map(int, input().split())
        if a == 1:
            print(1)
        elif b == 1:
            print(2)
        else:
            print(3)

",False,False,0,0.0
1729A,3,"['misc', 'for loop', 'tuple']","['for loop', 'if statement']","['for loop', 'if statement', 'tuple', 'misc', 'while loop', 'matrix operation', 'hashmap']","import math

def solve():
    t = 10**4
    for _ in range(t):
        a, b, c = map(int, input().split())
        if a == 1:
            print(1)
        elif b == 1:
            print(2)
        else:
            print(3)

",False,False,0,0.0
1729A,4,"['misc', 'for loop', 'tuple', 'if statement']","['if statement', 'for loop', 'tuple', 'misc']","['for loop', 'if statement', 'tuple', 'misc', 'while loop', 'matrix operation', 'hashmap']","import math

def solve():
    t = int(input()[0])
    for _ in range(t):
        a, b, c = map(int, input()[_+1].split())
        if a == 1 and b == 1:
            print(1)
        elif a == 1 and b == 2:
            print(2)
        elif a == 2 and b == 1:
            print(2)
        elif a == 2 and b == 2:
            print(3)
        else:
            print(3)

",False,False,0,0.0
1728B,0,['this is the og problem'],"['for loop', 'tuple']","['if statement', 'for loop', 'while loop', 'misc', 'matrix operation', 'tuple', 'continue statement']","import itertools

def solve():
    t = int(input())
    perms = list(itertools.permutations(range(1, t + 1)))
    max_val = 0
    for perm in perms:
        x = 0
        for i in range(1, t + 1):
            if x < perm[i]:
                x += perm[i]
        if x < max_val:
            max_val = x
    print(max_val)

",False,True,0,0.0
1728B,1,['if statement'],"['for loop', 'tuple', 'recursion']","['if statement', 'for loop', 'while loop', 'misc', 'matrix operation', 'tuple', 'continue statement']","import itertools

def solve():
    t = int(input())
    perms = list(itertools.permutations(range(1, t + 1)))
    max_val = 0
    for perm in perms:
        x = 0
        for i in range(1, t + 1):
            if x < perm[i]:
                x += perm[i]
        if x > max_val:
            max_val = x
    print(max_val)

",False,True,1,0.3333333333333333
1728B,2,"['if statement', 'tuple']","['for loop', 'if statement', 'misc']","['if statement', 'for loop', 'while loop', 'misc', 'matrix operation', 'tuple', 'continue statement']","import itertools

def solve():
    t = int(input())
    perms = list(itertools.permutations(range(1, t + 1)))
    max_val = 0
    for perm in perms:
        x = 0
        for i in range(1, t + 1):
            if i < perm[i]:
                x += perm[i]
        if x > max_val:
            max_val = x
    print(max_val)

",False,False,0,0.0
1728B,3,"['if statement', 'tuple', 'for loop']","['if statement', 'for loop', 'tuple', 'misc']","['if statement', 'for loop', 'while loop', 'misc', 'matrix operation', 'tuple', 'continue statement']","import itertools

def solve():
    t = int(input())
    perms = list(itertools.permutations(range(1, t + 1)))
    max_val = 0
    for perm in perms:
        x = 0
        for i in range(1, t + 1):
            if x < perm[i]:
                x += perm[i]
        max_val = max(max_val, x)
    print(max_val)

",False,False,0,0.0
1728B,4,"['if statement', 'tuple', 'for loop', 'matrix operation']",['for loop'],"['if statement', 'for loop', 'while loop', 'misc', 'matrix operation', 'tuple', 'continue statement']","import itertools

def solve():
    t = int(input())
    perms = list(itertools.permutations(range(1, t + 1)))
    max_val = 0
    for perm in perms:
        x = 0
        for i in range(1, t + 1):
            if x < perm[i]:
                x += perm[i]
        if x > max_val:
            max_val = x
            max_perm = perm
    print(' '.join(map(str, x) for x in max_perm))

",False,False,0,0.0
1728A,0,['this is the og problem'],"['for loop', 'set', 'hashmap', 'misc']","['for loop', 'if statement', 'matrix operation', 'tuple', 'dictionary', 'hashmap', 'while loop', 'break statement']","import sys

def solve():
    t = int(input())
    for _ in range(t):
        n = int(input())
        cnt = list(map(int, input().split()))
        print(max(set(cnt), key=cnt.count))

",False,True,2,0.5
1728A,1,['for loop'],"['if statement', 'for loop', 'break statement']","['for loop', 'if statement', 'matrix operation', 'tuple', 'dictionary', 'hashmap', 'while loop', 'break statement']","import math

def solve():
    t = int(input().split()[0])
    for _ in range(t):
        n = int(input().split()[_+1])
        cnt = [0] * n
        for i in range(n):
            cnt[i] = int(input().split()[_+2].split()[i])
        if sum(cnt) % 2 == 1:
            print(cnt.index(max(cnt)))
            break

",False,False,0,0.0
1728A,2,"['for loop', 'recursion']","['for loop', 'if statement']","['for loop', 'if statement', 'matrix operation', 'tuple', 'dictionary', 'hashmap', 'while loop', 'break statement']","import math

def solve():
    t = int(input().split('\n')[0]
    for _ in range(t):
        n = int(input().split('\n')[_+1].split('\n')[0]
        cnt = [0] * n
        for i in range(n):
            cnt[i] = int(input().split('\n')[_+1].split('\n')[i]
        for i in range(n):
            if cnt[i] % 2 == 0:
                print(i)
                return

",False,False,0,0.0
1725A,0,['this is the og problem'],['for loop'],"['if statement', 'tuple', 'matrix operation', 'misc', 'for loop']","import itertools

def solve():
    N, M = map(int, input().split())
    grid = [[0 for _ in range(N)] for _ in range(M)]
    for i in range(N):
        row = list(map(int, input().split()[i].split())
        grid.append(row)
    distinct_dominoes = set()
    for i in range(N):
        for j in range(M):
            for k in range(M):
                if abs(grid[i][j] - grid[i][k]) == 1:
                    domino = tuple(sorted((i, j, k))
                    if domino not in distinct_dominoes:
                        distinct_dominoes.add(domino)
    return len(distinct_dominoes)

",False,True,0,0.0
1725A,1,['tuple'],['for loop'],"['if statement', 'tuple', 'matrix operation', 'misc', 'for loop']","import math

def solve():
    N, M = map(int, input().split())
    N, M = [list(map(int, i.split()) for i in input().split()]
    count = 0
    for i in range(N):
        for j in range(M):
            if abs(N[i][j] == 1:
                count += 1
    return count

",False,True,0,0.0
1725A,2,"['tuple', 'for loop']",['for loop'],"['if statement', 'tuple', 'matrix operation', 'misc', 'for loop']","import itertools

def solve():
    N, M = map(int, input().split())
    grid = [[0 for _ in range(N)] for _ in range(M)]
    for i in range(N):
        grid[i] = list(map(int, input().split()[i * M])

    distinct_dominoes = set()
    for i in range(N):
        for j in range(i + 1, N):
            if i < N - 1 and j < M:
                if abs(grid[i][j] - abs(grid[i + 1][j]) == 1:
                    domino = (i, j) if i < j else (j - 1) i
                    distinct_dominoes.add(domino)

    for i in range(N):
        for j in range(i) if i < j:
            if abs(grid[i][j] - abs(grid[i][j + 1]) == 1:
                domino = (i) if i < j else (j - 1) i
                distinct_dominoes.add(domino)

    return len(distinct_dominoes)

",False,False,0,0.0
1725A,3,"['tuple', 'for loop', 'matrix operation']",['for loop'],"['if statement', 'tuple', 'matrix operation', 'misc', 'for loop']","import itertools

def solve():
    n, m = map(int, input().split())
    grid = [[0 for _ in range(m[0])] for _ in range(m[1])]
    for i in range(1, n):
        for j in range(1, m):
            grid[i].append((i + 1) * m + j)
    distinct_dominoes = set()
    for i in range(n):
        for j in range(m):
            if abs(grid[i][j] == 1:
                distinct_dominoes.add((i, j))
    return len(distinct_dominoes)

",False,False,0,0.0
1725A,4,"['tuple', 'for loop', 'matrix operation', 'if statement']",['for loop'],"['if statement', 'tuple', 'matrix operation', 'misc', 'for loop']","import numpy as np

def solve():
    N, M = map(int, for _ in input().split())
    grid = np.array([list(map(int, for _ in row.split()) for row in input().split('\n')])
    N, M = grid.shape
    tight_dominoes = np.zeros((N, M), dtype=int)
    for i in range(N):
        for j in range(M):
            for k in range(M):
                if abs(grid[i, k] - grid[i-1] == 1:
                    tight_dominoes[i-1] += 1
                if abs(grid[i] - grid[i] == 1:
                    tight_dominoes[i] += 1
                if abs(grid[i] - grid[i+1] == 1:
                    tight_dominoes[i+1] += 1
                if abs(grid[i] - grid[i+1] == 1:
                    tight_dominoes[i+1] += 1
                if abs(grid[i] - grid[i+1] == 1:
                    tight_dominoes[i+1] += 1
                if abs(grid[i] - grid[i+1] == 1:
                    tight_dominoes[i+1] += 1
                if abs(grid[i] - grid[i+1] == 1:
                    tight_dominoes[i+1] += 1
                if abs(grid[i] - grid[i+1] == 1:
                    tight_dominoes[i+1] += 1
                if abs(grid[i] - grid[i+1] == 1:
                    tight_dominoes[i+1] += 1
                if abs(grid[i] - grid[i+1] == 1:
                    tight_dominoes[i+1] += 1
                if abs(grid[i] - grid[i+1] == 1:
                    tight_dominoes[i+1] += 1
                if abs(grid[i] - grid[i+1] == 1:
                    tight_dominoes[i+1] += 1
                if abs(grid[i] - grid[i+1] == 1:
                    tight_dominoes[i+1] += 1
                if abs(grid[i] - grid[i+1] == 1:
                    tight_dominoes[i+1] += 1
                if abs(grid[i] - grid[i+1] == 1:
                    tight_dominoes[i+1] += 1
                if abs(grid[i] - grid[i+1] == 1:
                    tight_dominoes[i+1] += 1
                if abs(grid[i] - grid[i+1] == 1:
                    tight_dominoes[i+1] += 1
                if abs(grid[i] - grid[i+1] == 1:
                    tight_dominoes[i+1] += 1
                if abs(grid[i] - grid[i+1] == 1:
                    tight_dominoes[i+1] += 1
                if abs(grid[i] - grid[i+1] == 1:
                    tight_dominoes[i+1] += 1
                if abs(grid[i] - grid[i+1] == 1:
                    tight_dominoes[i+1] += 1
                if abs(grid[i] - grid[i+1] == 1:
                    tight_dominoes[i+1] += 1
                if abs(grid[i] - grid[i+1] == 1:
                    tight_dominoes[i+1] += 1
                if abs(grid[i] - grid[i+1] == 1:
                    tight_dominoes[i+1] += 1
                if abs(grid[i] - grid[i+1]
",False,False,0,0.0
1722C,0,['this is the og problem'],['for loop'],"['if statement', 'for loop', 'dictionary', 'continue statement', 'misc', 'set', 'while loop', 'hashmap', 'tuple', 'matrix operation']","import sys

def solve():
    t = int(input())
    for _ in range(t):
        n = int(input())
        words = [input().strip() for _ in range(3)]
        count = [0,0] * len(words)
        for word in words:
            count[words.index(word)] += 1
        points = [0] * 3
        for i in range(3):
            if count[i] == 1:
                points[i] = 3
            elif count[i] == 2:
                points[i] = 1
        print(*points)

",False,True,0,0.0
1722C,1,['set'],['for loop'],"['if statement', 'for loop', 'dictionary', 'continue statement', 'misc', 'set', 'while loop', 'hashmap', 'tuple', 'matrix operation']","import sys

def solve():
    t = int(input())
    for _ in range(t):
        n = int(input())
        words = [input().strip() for _ in range(3)]
        score = [0, 0, 0]
        for word in words:
            count = sum(1 for guy in words if word == guy else 0)
            if count == 1:
                score[words.index(word)] += 3
            elif count == 2:
                score[words.index(word)] += 1
                score[words.index(word)] += 1
        print(*score)

",False,True,0,0.0
1722C,2,"['set', 'if statement']","['if statement', 'for loop', 'misc']","['if statement', 'for loop', 'dictionary', 'continue statement', 'misc', 'set', 'while loop', 'hashmap', 'tuple', 'matrix operation']","import sys

def solve():
    t = int(input())
    for _ in range(t):
        n = int(input())
        words = [input().strip() for _ in range(3)]
        points = [0, 0, 0]
        for word in words:
            count = sum(1 for w in words if w == word else 0)
            if count == 1:
                points[0] += 3
            elif count == 2:
                points[0] += 1
                points[1] += 1
                points[2] += 1
            elif count == 3:
                points[0] = 0
                points[1] = 0
                points[2] = 0
        print(*points)

",False,False,0,0.0
1722C,3,"['set', 'if statement', 'for loop']","['for loop', 'if statement']","['if statement', 'for loop', 'dictionary', 'continue statement', 'misc', 'set', 'while loop', 'hashmap', 'tuple', 'matrix operation']","import sys

def solve():
    t = int(input())
    for _ in range(t):
        n = int(input())
        words = [input().strip() for _ in range(3)]
        count = [0, 0, 0]
        for word in words:
            if words.count(word) == 1:
                count[0] += 3
            elif words.count(word) == 2:
                count[1] += 1
                count[2] += 1
            else:
                count[0] = 0
                count[1] = 0
                count[2] = 0
        print(*count)

",False,False,0,0.0
1722C,4,"['set', 'if statement', 'for loop', 'matrix operation']","['for loop', 'if statement', 'matrix operation']","['if statement', 'for loop', 'dictionary', 'continue statement', 'misc', 'set', 'while loop', 'hashmap', 'tuple', 'matrix operation']","import sys

def solve():
    t = int(input())
    for _ in range(t):
        n = int(input())
        words = [input().strip() for _ in range(3)]
        count = [0, 0, 0]
        for word in words:
            if words.count(word) == 1:
                count[0] += 3
            elif words.count(word) == 2:
                count[1] += 1
                count[2] += 1
            elif words.count(word) == 3:
                count[0] = 0
                count[1] = 0
                count[2] = 0
        print(*count)

",False,False,0,0.0
1722B,0,['this is the og problem'],['for loop'],"['for loop', 'if statement', 'tuple', 'while loop', 'misc']","import numpy as np

def solve():
    t = int(input().split('\n')[0]
    for _ in range(t):
        n = int(input().split('\n')[_ + 1]
        grid = input().split('\n')[_ + 2:_ + 2]
        grid = np.array(grid)
        if np.array_equal(grid[0], grid[1]):
            print(""YES"")
        else:
            print(""NO"")

",False,True,0,0.0
1722B,1,['for loop'],"['for loop', 'if statement', 'break statement']","['for loop', 'if statement', 'tuple', 'while loop', 'misc']","import sys

def solve():
    t = int(input())
    for _ in range(t):
        n = int(input())
        grid = [input().strip() for _ in range(2)]
        grid2 = grid[1]
        grid1 = grid[0]
        for i in range(n):
            if grid1[i]!= grid2[i]:
                print(""NO"")
                break
        print(""YES"")

",False,False,1,0.3333333333333333
1722B,2,"['for loop', 'while loop']",['for loop'],"['for loop', 'if statement', 'tuple', 'while loop', 'misc']","import numpy as np

def solve():
    t = int(input().split('\n')[0]
    for _ in range(t):
        n = int(input().split('\n')[_+1]
        grid = input().split('\n')[_+1:_+2]
        grid = np.array(grid).reshape(n,2)
        if np.array_equal(grid[0], grid[1]):
            print(""YES"")
        else:
            print(""NO"")

",False,False,0,0.0
1722B,3,"['for loop', 'while loop', 'set']",['for loop'],"['for loop', 'if statement', 'tuple', 'while loop', 'misc']","import numpy as np

def solve():
    t = int(input().split('\n')[0]
    for _ in range(t):
        n = int(input().split('\n')[_ + 1]
        grid = input().split('\n')[_ + 2:_ + 2]
        grid = np.array(grid).reshape(n, 2)
        if np.array_equal(grid[0], grid[1]):
            print(""YES"")
        else:
            print(""NO"")

",False,False,0,0.0
1722B,4,"['for loop', 'while loop', 'set', 'if statement']","['for loop', 'if statement', 'matrix operation']","['for loop', 'if statement', 'tuple', 'while loop', 'misc']","import numpy as np

def solve():
    t = int(input().split('\n')[0]
    for _ in range(t):
        n = int(input().split('\n')[_ + 1]
        grid = input().split('\n')[_ + 2:_ + 2]
        grid = np.array(grid)
        if np.array_equal(grid[0], grid[1]):
            print(""YES"")
        else:
            print(""NO"")

",False,False,1,0.3333333333333333
1722A,0,['this is the og problem'],['for loop'],"['for loop', 'if statement', 'sorting', 'set', 'misc']","import itertools

def solve():
    t = int(input().split()[0])
    for _ in range(t):
        n = int(input().split()[1][_])
        s = input().split()[2][_]
        name = ""Timur""
        perms = [''.join(p) for p in itertools.permutations(name, if len(p) == n]
        if s in perms:
            print(""YES"")
        else:
            print(""NO"")

",False,True,0,0.0
1722A,1,['for loop'],"['for loop', 'if statement']","['for loop', 'if statement', 'sorting', 'set', 'misc']","import itertools

def solve():
    t = int(input().split()[0])
    for _ in range(t):
        n = int(input().split()[1][_])
        s = input().split()[2][_]
        name = ''.join(sorted(s))
        if s == name:
            print(""YES"")
        else:
            print(""NO"")

",False,False,0,0.0
1722A,2,"['for loop', 'while loop']",['for loop'],"['for loop', 'if statement', 'sorting', 'set', 'misc']","import itertools

def solve():
    t = int(input().split()[0])
    for _ in range(t):
        n = int(input().split()[1][_])
        s = input().split()[2][_]
        perms = [''.join(p) for p in itertools.permutations(s)]
        if len(s) == n:
            print(""YES"")
        else:
            print(""NO"")

",False,False,0,0.0
1722A,3,"['for loop', 'while loop', 'tuple']","['for loop', 'if statement']","['for loop', 'if statement', 'sorting', 'set', 'misc']","import itertools

def solve():
    t = int(input().split()[0])
    for _ in range(t):
        n = int(input().split()[1][_])
        s = input().split()[2][_]
        name = ''.join(sorted(s))
        if s == name:
            print(""YES"")
        else:
            print(""NO"")

",False,False,0,0.0
1722A,4,"['for loop', 'while loop', 'tuple', 'if statement']","['for loop', 'if statement']","['for loop', 'if statement', 'sorting', 'set', 'misc']","import itertools

def solve():
    t = int(input().split()[0])
    for _ in range(t):
        n = int(input().split()[1][_])
        s = input().split()[2][_]
        name = ''.join(sorted(s))
        if s == name:
            print(""YES"")
        else:
            print(""NO"")

",False,False,0,0.0
1722A,5,"['for loop', 'while loop', 'tuple', 'if statement', 'recursion']","['if statement', 'for loop']","['for loop', 'if statement', 'sorting', 'set', 'misc']","import itertools

def solve():
    t = int(input().split()[0])
    for _ in range(t):
        n = int(input().split()[1])
        s = input().split()[2]
        name = ''.join(sorted(s))
        if s == name:
            print(""YES"")
        else:
            print(""NO"")

",False,False,0,0.0
1721A,0,['this is the og problem'],"['for loop', 'if statement', 'break statement', 'matrix operation']","['for loop', 'set', 'if statement', 'misc', 'dictionary', 'while loop', 'tuple']","import sys

def solve():
    t = int(input())
    for _ in range(t):
        row1 = input().strip()
        row2 = input().strip()
        n = len(row1)
        m = len(row1[0])
        moves = 0
        for i in range(n):
            for j in range(m):
                if row1[i] == row2[j]:
                    moves += 1
                    break
        if moves == 0:
            moves = n * m
        print(moves)

",False,True,2,0.5
1721A,1,['if statement'],"['for loop', 'if statement', 'break statement']","['for loop', 'set', 'if statement', 'misc', 'dictionary', 'while loop', 'tuple']","import sys

def solve():
    t = int(input())
    for _ in range(t):
        s = input().strip()
        n = len(s)
        moves = 0
        for i in range(n):
            for j in range(i+1, if i < n-1:
                if s[i] == s[j]:
                    moves += 1
                    break
        print(moves)

",False,False,1,0.3333333333333333
1721A,2,"['if statement', 'tuple']","['for loop', 'if statement', 'break statement']","['for loop', 'set', 'if statement', 'misc', 'dictionary', 'while loop', 'tuple']","import sys

def solve():
    t = int(input())
    for _ in range(t):
        row1 = input().strip()
        row2 = input().strip()
        n = len(row1)
        moves = 0
        for i in range(n):
            for j in range(n):
                if row1[i] == row2[j]:
                    moves += 1
                    break
        else:
            moves += 2
            break
        print(moves)

",True,False,1,0.3333333333333333
1721A,3,"['if statement', 'tuple', 'for loop']","['if statement', 'for loop', 'break statement']","['for loop', 'set', 'if statement', 'misc', 'dictionary', 'while loop', 'tuple']","import sys

def solve():
    t = int(input())
    for _ in range(t):
        s = input().strip()
        n = len(s)
        moves = 0
        for i in range(n):
            for j in range(i+1, if i < n-1:
                if s[i] == s[j]:
                    moves += 1
                    break
        print(moves)

",False,False,1,0.3333333333333333
1721A,4,"['if statement', 'tuple', 'for loop', 'break statement']","['for loop', 'if statement', 'break statement']","['for loop', 'set', 'if statement', 'misc', 'dictionary', 'while loop', 'tuple']","import sys

def solve():
    t = int(input())
    for _ in range(t):
        a = input().strip()
        b = input().strip()
        n = len(a)
        moves = 0
        for i in range(n):
            for j in range(i+1):
                if a[i] == a[j]:
                    moves += 1
                    break
        print(moves)

",False,False,1,0.3333333333333333
1720B,0,['this is the og problem'],['for loop'],"['for loop', 'sorting', 'while loop', 'if statement', 'misc', 'tuple']","import sys

def solve():
    t = int(input())
    for _ in range(t):
        n = int(input())
        a = list(map(int, input().split()))
        max_beauty = 0
        for l in range(n):
            r = l + 1
            beuity = (max(a[l:r]) - (min(a[l:r]) + (max(a[l:r+1]) - (min(a[l:r+1])
            max_beauty = max(max_beauty, beuity)
        print(max_beauty)

",False,True,0,0.0
1720B,1,['for loop'],['for loop'],"['for loop', 'sorting', 'while loop', 'if statement', 'misc', 'tuple']","import sys

def solve():
    t = int(input())
    for _ in range(t):
        n = int(input())
        a = list(map(int, input().split())
        max_beauty = 0
        for l in range(n):
            r = l + 1
            beuity = 0
            for i in range(l, r+1):
                beuity += max(a[i], a[i+1]) - min(a[i], a[i+1])
            if beuity > max_beuity:
                max_beuity = beuity
        print(max_beuity)

",False,False,0,0.0
1720B,2,"['for loop', 'tuple']",['for loop'],"['for loop', 'sorting', 'while loop', 'if statement', 'misc', 'tuple']","import sys

def solve():
    t = int(input())
    for _ in range(t):
        n = int(input())
        a = list(map(int, input().split())
        max_beauty = 0
        for l in range(n):
            r = l + 1
            beuity = 0
            for i in range(l, r+1):
                beuity += max(a[i], a[i+1]) - min(a[i], a[i+1])
            if beuity > max_beuity:
                max_beuity = beuity
        print(max_beuity)

",False,False,0,0.0
1719B,0,['this is the og problem'],"['if statement', 'for loop']","['if statement', 'while loop', 'for loop', 'continue statement', 'tuple', 'misc']","import math

def solve():
    t = int(input().split()[0]
    for _ in range(t):
        n, k = map(int, input().split()[_].split())
        if n % 2 == 0 and k % 4 == 0:
            print(""YES"")
            for i in range(1, n//2):
                print(i, k//2)
        else:
            print(""NO"")

",False,True,0,0.0
1719B,1,['if statement'],['for loop'],"['if statement', 'while loop', 'for loop', 'continue statement', 'tuple', 'misc']","import math

def solve():
    t = int(input().split()[0])
    for _ in range(t):
        n, k = map(int, input().split()[_].split())
        if n % 2 == 0:
            print(""NO"")
        else:
            pairs = []
            for i in range(1, n+1):
                if (i + k) % 4 == 0:
                    pairs.append((i, k))
            if len(pairs) == n // 2:
                print(""YES"")
                for pair in pairs:
                    print(pair[0], pair[1])
            else:
                print(""NO"")

",False,True,0,0.0
1719B,2,"['if statement', 'tuple']",['for loop'],"['if statement', 'while loop', 'for loop', 'continue statement', 'tuple', 'misc']","import math

def solve():
    t = int(input().split('\n')[0]
    for n, k in zip(*[int(x) for x in input().split('\n')[1:]):
        if n % 2 == 0:
            print(""YES"")
            pairs = []
            for i in range(1, n + 1):
                if (i + k) % 4 == 0:
                    pairs.append((i, k))
            if pairs:
                print('\n'.join(str(i) +'' for i in pairs))
            else:
                print(""NO"")
        else:
            print(""NO"")

",False,True,0,0.0
1719B,3,"['if statement', 'tuple', 'matrix operation']","['if statement', 'for loop', 'tuple']","['if statement', 'while loop', 'for loop', 'continue statement', 'tuple', 'misc']","import math

def solve():
    t = int(input().split()[0])
    for _ in range(t):
        n, k = list(map(int, input().split()[_].split())
        if n % 2 == 0:
            print(""NO"")
        else:
            pairs = []
            for i in range(n):
                a = i + 1
                b = n - i
                if (a + k) % 4 == 0:
                    pairs.append((a, b))
            if len(pairs) > 0:
                print(""YES"")
                for pair in pairs:
                    print(pair[0]__"" "" "" + "" "" + "" "" + str(pair[1])
            else:
                print(""NO"")

",False,False,0,0.0
1719B,4,"['if statement', 'tuple', 'matrix operation', 'for loop']","['if statement', 'for loop', 'tuple']","['if statement', 'while loop', 'for loop', 'continue statement', 'tuple', 'misc']","import math

def solve():
    t = int(input().split()[0])
    for _ in range(t):
        n, k = map(int, input().split()[_].split())
        if n % 2 == 0 and k % 4 == 0:
            print(""YES"")
            pairs = []
            for i in range(1, n + 1):
                a = i
                b = n - i
                if (a + k) % 4 == 0:
                    pairs.append((a, b))
            print(""\n"".join(map(str(a) + "" "" "" for a, b in pairs))
        else:
            print(""NO"")

",False,False,0,0.0
1719B,5,"['if statement', 'tuple', 'matrix operation', 'for loop', 'recursion']","['if statement', 'for loop', 'tuple']","['if statement', 'while loop', 'for loop', 'continue statement', 'tuple', 'misc']","import math

def solve():
    t = int(input().split()[0]
    for _ in range(t):
        n, k = map(int, input().split()[_].split())
        if n % 2 == 0 and k % 4 == 0:
            print(""YES"")
            for i in range(1, n+1):
                a = i
                b = n - i
                if (a + k) % 4 == 0:
                    print(a, b)
        else:
            print(""NO"")

",False,False,0,0.0
1719A,0,['this is the og problem'],"['if statement', 'for loop', 'if statement', 'for loop', 'misc']","['for loop', 'if statement', 'misc', 'tuple', 'while loop']","import sys

def solve():
    n = int(input().split()[0])
    for _ in range(n):
        m = int(input().split()[_+1])
        if m == 1:
            print(""Tonya"")
        elif m == 2:
            if _ == 1:
                print(""Burenka"")
            else:
                print(""Tonya"")
        else:
            print(""Burenka"")

",False,True,0,0.0
1719A,1,['if statement'],"['for loop', 'if statement']","['for loop', 'if statement', 'misc', 'tuple', 'while loop']","import sys

def solve():
    t = int(input())
    for _ in range(t):
        n, m = list(map(int, input().split()))
        if n[0] == 1:
            print(""Tonya"")
        elif n[0] == 2:
            if n[1] % 2 == 0:
                print(""Burenka"")
            else:
                print(""Tonya"")
        elif n[0] == 3:
            if n[1] % 3 == 0:
                print(""Burenka"")
            elif n[1] % 3 == 1:
                print(""Tonya"")
            elif n[1] % 3 == 2:
                print(""Burenka"")
            else:
                print(""Tonya"")
        elif n[0] == 4:
            if n[1] % 4 == 0:
                print(""Burenka"")
            elif n[1] % 4 == 1:
                print(""Tonya"")
            elif n[1] % 4 == 2:
                print(""Burenka"")
            elif n[1] % 4 == 3:
                print(""Tonya"")
            else:
                print(""Burenka"")
        else:
            print(""Tonya"")

",False,False,0,0.0
1719A,2,"['if statement', 'for loop']",['for loop'],"['for loop', 'if statement', 'misc', 'tuple', 'while loop']","import sys

def solve():
    t = int(input())
    for _ in range(t):
        n, m = list(map(int, input().split())
        if n[0] == 1:
            print(""Tonya"")
        elif n[0] == 2:
            if n[1] % 2 == 0:
                print(""Burenka"")
            else:
                print(""Tonya"")
        else:
            if m[1] % 2 == 0:
                print(""Burenka"")
            else:
                print(""Tonya"")

",False,False,0,0.0
1719A,3,"['if statement', 'for loop', 'tuple']",['for loop'],"['for loop', 'if statement', 'misc', 'tuple', 'while loop']","def solve():
    t = int(input().split()[0]
    for _ in range(t):
        n, m = list(map(int, for map in input().split()[_+1].split())
        if n == 1 and m[0] == 1:
            print(""Tonya"")
        elif n == 1 and m[0] > 1:
            print(""Burenka"")
        elif n == 2 and m[0] == 2:
            print(""Burenka"")
        elif n == 2 and m[0] > 2:
            print(""Tonya"")
        elif n == 3 and m[0] == 3:
            print(""Burenka"")
        elif n == 3 and m[0] > 3:
            print(""Tonya"")
        elif n == 4 and m[0] == 4:
            print(""Burenka"")
        elif n == 4 and m[0] > 4:
            print(""Tonya"")
        elif n == 5 and m[0] == 5:
            print(""Burenka"")
        elif n == 5 and m[0] > 5:
            print(""Tonya"")
        elif n == 6 and m[0] == 6:
            print(""Burenka"")
        elif n == 6 and m[0] > 6:
            print(""Tonya"")
        elif n == 7 and m[0] == 7:
            print(""Burenka"")
        elif n == 7 and m[0] > 7:
            print(""Tonya"")
        elif n == 8 and m[0] == 8:
            print(""Burenka"")
        elif n == 8 and m[0] > 8:
            print(""Tonya"")
        elif n == 9 and m[0] == 9:
            print(""Burenka"")
        elif n == 9 and m[0] > 9:
            print(""Tonya"")
        elif n == 10 and m[0] == 10:
            print(""Burenka"")
        elif n == 10 and m[0] > 10:
            print(""Tonya"")
        elif n > 10:
            print(""Burenka"")
",False,False,0,0.0
1719A,4,"['if statement', 'for loop', 'tuple', 'recursion']","['if statement', 'for loop']","['for loop', 'if statement', 'misc', 'tuple', 'while loop']","import sys

def solve():
    n = int(input())
    for _ in range(n):
        m = list(map(int, input().split()))
        if m[0] == 1:
            print(""Tonya"")
        elif m[0] == 2:
            if m[1] % 2 == 0:
                print(""Burenka"")
            else:
                print(""Tonya"")
        else:
            if m[1] % 2 == 1:
                print(""Burenka"")
            else:
                print(""Tonya"")

",False,False,0,0.0
1719A,5,"['if statement', 'for loop', 'tuple', 'recursion', 'hashmap']",['for loop'],"['for loop', 'if statement', 'misc', 'tuple', 'while loop']","def solve():
    n = int(input().split('\n')[0]
    for line in input().split('\n')[1:]:
        m, n = list(map(int, line.split()))
        if m[0] == 1:
            print('Tonya')
        elif m[0] == 2:
            if m[1] % 2 == 0:
                print('Burenka')
            else:
                print('Tonya')
        else:
            if m[1] % 2 == 1:
                print('Burenka')
            else:
                print('Tonya')
",False,False,0,0.0
1717A,0,['this is the og problem'],"['for loop', 'if statement']","['for loop', 'misc', 'if statement', 'while loop']","import math

def solve():
    t = int(input())
    for _ in range(t):
        n = int(input())
        count = 0
        for a in range(1, n+1):
            for b in range(1, n+1):
                if math.gcd(a, b) >= 3:
                    count += 1
        print(count)

",False,True,0,0.0
1717A,1,['for loop'],"['for loop', 'if statement']","['for loop', 'misc', 'if statement', 'while loop']","import math

def solve():
    t = int(input())
    for _ in range(t):
        n = int(input())
        count = 0
        for a in range(1, n+1):
            for b in range(1, n+1):
                if math.gcd(a, b) == 3 and math.lcm(a, b) == 3:
                    count += 1
        print(count)

",False,False,0,0.0
1717A,2,"['for loop', 'if statement']","['for loop', 'if statement']","['for loop', 'misc', 'if statement', 'while loop']","import math

def solve():
    t = int(input())
    for _ in range(t):
        n = int(input())
        count = 0
        for a in range(1, n+1):
            for b in range(a+1, n+1):
                if math.gcd(a, b) == 3:
                    count += 1
        print(count)

",False,False,0,0.0
1717A,3,"['for loop', 'if statement', 'recursion']","['for loop', 'if statement', 'misc']","['for loop', 'misc', 'if statement', 'while loop']","import math

def solve():
    t = int(input())
    for _ in range(t):
        n = int(input())
        count = 0
        for a in range(1, n+1):
            for b in range(a, n+1):
                if math.gcd(a, b) >= 3:
                    count += 1
        print(count)

",False,False,0,0.0
1717A,4,"['for loop', 'if statement', 'recursion', 'hashmap']","['if statement', 'for loop', 'if statement', 'for loop']","['for loop', 'misc', 'if statement', 'while loop']","import math

def solve():
    t = int(input())
    for _ in range(t):
        n = int(input())
        count = 0
        for a in range(1, n+1):
            for b in range(a, n+1):
                if math.gcd(a, b) >= 3:
                    count += 1
        print(count)

",False,False,0,0.0
1717A,5,"['for loop', 'if statement', 'recursion', 'hashmap', 'while loop']","['while loop', 'recursion']","['for loop', 'misc', 'if statement', 'while loop']","import math

def solve():
    def gcd(a, b):
        while b!= 0:
            a, b = a % b
            a, b = b % a
        return a

    def lcm(a, b):
        return abs(a*b) // gcd(a, b)

    t = int(input())
    for _ in range(t):
        n = int(input())
        count = 0
        for a in range(1, n+1):
            for b in range(1, n+1):
                if math.gcd(a, b) >= 3:
                    count += 1
        print(count)

",False,False,1,0.5
1716B,0,['this is the og problem'],['for loop'],"['for loop', 'tuple', 'sorting', 'while loop', 'if statement', 'matrix operation', 'misc', 'two pointers']","import itertools

def solve():
    t = int(input())
    for _ in range(t):
        n = int(input())
        perms = list(itertools.permutations(range(1, n + 1)))
        max_len = 0
        for perm in perms:
            fixedness = sum([i!= perm[i - 1] for i in range(n))
            if fixedness < n - 1:
                max_len = max(max_len, len(list(perms)))
        print(max_len)
        for perm in perms:
            print(' '.join(map(str) for p in perm))

",False,True,0,0.0
1716B,1,['for loop'],['for loop'],"['for loop', 'tuple', 'sorting', 'while loop', 'if statement', 'matrix operation', 'misc', 'two pointers']","import itertools

def solve():
    t = int(input())
    for _ in range(t):
        n = int(input())
        perms = list(itertools.permutations(range(1, n + 1)))
        max_len = 0
        for perm in perms:
            fixedness = sum(1 for i in range(n) if perm[i]!= i + 1 else 0)
            if fixedness < n - 1:
                max_len = max(max_len, len(list(perm)))
        print(max_len)
        print(*max_len)

",False,False,0,0.0
1716B,2,"['for loop', 'if statement']",['for loop'],"['for loop', 'tuple', 'sorting', 'while loop', 'if statement', 'matrix operation', 'misc', 'two pointers']","import itertools

def solve():
    t = int(input().split()[0]
    for _ in range(1, t + 1):
        n = int(input().split()[1])
        perms = list(itertools.permutations(range(1, n + 1))
        max_len = 0
        for perm in perms:
            fixedness = sum([perm[i]!= i + 1 for i in range(n))
            if fixedness < n - 1:
                max_len = max(max_len, len(list(itertools.permutations(range(1) + 1)))
        print(max_len)
        print(*perms[0])

",False,False,0,0.0
1716B,3,"['for loop', 'if statement', 'recursion']",['for loop'],"['for loop', 'tuple', 'sorting', 'while loop', 'if statement', 'matrix operation', 'misc', 'two pointers']","import itertools

def solve():
    t = int(input())
    for _ in range(t):
        n = int(input())
        perms = list(itertools.permutations(range(1, n + 1)))
        max_len = 0
        for perm in perms:
            fixedness = sum(1 for i in range(n) if perm[i]!= i + 1 else 0)
            if fixedness < n - 1:
                max_len = max(max_len, len(list(perm)))
        print(max_len)
        print(*max_len)

",False,False,0,0.0
1716B,4,"['for loop', 'if statement', 'recursion', 'tuple']",['for loop'],"['for loop', 'tuple', 'sorting', 'while loop', 'if statement', 'matrix operation', 'misc', 'two pointers']","import itertools

def solve():
    t = int(input())
    for _ in range(t):
        n = int(input())
        perms = list(itertools.permutations(range(1, + 1))
        max_len = 0
        for perm in perms:
            fixedness = sum([i!= perm[i - 1] for i in range(n))
            if fixedness < n - 1:
                max_len = max(max_len, + 1)
                max_perm = perm
        print(max_len)
        print(*max_perm)

",False,False,0,0.0
1716A,0,['this is the og problem'],"['if statement', 'for loop', 'misc']","['for loop', 'if statement', 'while loop', 'continue statement', 'misc']","def solve():
    t = int(input().split()[0])
    for _ in range(t):
        n = int(input().split()[_])
        if n <= 0:
            print(""Invalid input"")
            return
        if n == 1:
            print(1)
        elif n % 3 == 0:
            print(n // 3 + 1)
        else:
            print((n + 2) // 3)
",False,True,0,0.0
1716A,1,['misc'],"['for loop', 'if statement']","['for loop', 'if statement', 'while loop', 'continue statement', 'misc']","import math

def solve():
    t = int(input())
    for _ in range(t):
        n = int(input())
        if n == 0:
            print(0)
        elif n < 0:
            print(-1)
        else:
            print(math.ceil(n / 3))

",False,True,0,0.0
1716A,2,"['misc', 'for loop']","['if statement', 'for loop']","['for loop', 'if statement', 'while loop', 'continue statement', 'misc']","import math

def solve():
    t = int(input())
    for _ in range(t):
        n = int(input())
        if n < 0:
            print(""NO"")
        else:
            if n % 3 == 0:
                print(math.ceil(n / 3))
            else:
                print(math.ceil(n / 2))

",False,False,0,0.0
1716A,3,"['misc', 'for loop', 'recursion']","['if statement', 'for loop']","['for loop', 'if statement', 'while loop', 'continue statement', 'misc']","def solve():
    t = int(input())
    for _ in range(t):
        n = int(input().split()[_]
        if n == 1:
            print(0)
        elif n == 2:
            print(1)
        elif n == 3:
            print(2)
        elif n == 4:
            print(3)
        elif n == 5:
            print(2)
        elif n == 6:
            print(3)
        elif n == 7:
            print(3)
        elif n == 8:
            print(3)
        elif n == 9:
            print(4)
        elif n == 10:
            print(4)
        elif n == 12:
            print(4)
        else:
            print(-1)

",False,False,0,0.0
1715A,0,['this is the og problem'],"['for loop', 'heap', 'if statement']","['for loop', 'if statement', 'tuple', 'continue statement', 'while loop', 'misc', 'matrix operation', 'sorting']","import heapq

def solve():
    t = int(input().split('\n')[0]
    for _ in range(t):
        n, m = map(int, input().split('\n')[_].split()
        pq = []
        for i in range(n):
            for j in range(m):
                if i + j + 1 <= n and j + 1 <= m:
                    heapq.heappush((i + j, * (j + 1) + (i * (j + 1))
        ans = 0
        while pq:
            x = heapq.heappop(pq)
            ans += x
        print(ans)

",False,True,1,0.3333333333333333
1715A,1,['for loop'],['for loop'],"['for loop', 'if statement', 'tuple', 'continue statement', 'while loop', 'misc', 'matrix operation', 'sorting']","import sys

def solve():
    t = int(input().split('\n')[0]
    for _ in range(t):
        n, m = list(map(int, input().split('\n')[_].split(' '))
        print(min(n-1+m-1))

",False,False,0,0.0
1715A,2,"['for loop', 'recursion']",['two pointers'],"['for loop', 'if statement', 'tuple', 'continue statement', 'while loop', 'misc', 'matrix operation', 'sorting']","import sys

def solve():
    t = int(input())
    for _ in range(t):
        n, m = list(map(int, input().split())
        print(min(n+m-1))

",False,True,1,1.0
1715A,3,"['for loop', 'recursion', 'while loop']",['for loop'],"['for loop', 'if statement', 'tuple', 'continue statement', 'while loop', 'misc', 'matrix operation', 'sorting']","import math

def solve():
    t = int(input().split('\n')[0]
    for _ in range(t):
        n, m = list(map(int, _.split()))
        result = 0
        for i in range(n):
            for j in range(m):
                if i == 0 and j == 0:
                    result += 2 * (n - 1) + 2 * (m - 1)
                elif i == n - 1 and j == m - 1:
                    result += 2 * (n - 1) + 2 * (m - 1)
                else:
                    result += 1
        print(result)

",False,False,0,0.0
1715A,4,"['for loop', 'recursion', 'while loop', 'if statement']","['if statement', 'for loop', 'matrix operation']","['for loop', 'if statement', 'tuple', 'continue statement', 'while loop', 'misc', 'matrix operation', 'sorting']","def solve():
    n, m = map(int(input().split())
    dp = [[0 for _ in range(n)] for _ in range(m)]
    for i in range(n):
        for j in range(m):
            dp[i][j] = abs(i - j) + 1
    stanley_path = [0, 0]
    megan_path = [0, 0]
    stanley_energy = 0
    megan_energy = 0
    for i in range(1, n):
        for j in range(1, m):
            if dp[i][j] == 1:
                if stanley_path[i - 1] == 0:
                    stanley_path[i] = 1
                    stanley_energy += 1
                elif megan_path[j - 1] == 0:
                    megan_path[j] = 1
                    megan_energy += 1
    if stanley_path[-1] == 1:
        stanley_energy += dp[0][-1]
    if megan_path[-1] == 1:
        megan_energy += dp[0][-1]
    print(stanley_energy + megan_energy)
",False,False,0,0.0
1715A,5,"['for loop', 'recursion', 'while loop', 'if statement', 'tuple']","['if statement', 'for loop']","['for loop', 'if statement', 'tuple', 'continue statement', 'while loop', 'misc', 'matrix operation', 'sorting']","import math

def solve():
    t = int(input().split('\n')[0]
    for _ in range(t):
        n, m = input().split('\n')[_].split()
        if n == 1 and m == 1:
            print(0)
        elif n == 1 and m > 1:
            print(m - 1)
        elif n > 1 and m == 1:
            print(n - 1)
        else:
            print(n + m - 2)

",False,False,0,0.0
1714C,0,['this is the og problem'],"['for loop', 'tuple']","['for loop', 'if statement', 'matrix operation', 'while loop', 'misc', 'recursion', 'set', 'break statement', 'sorting']","import itertools

def solve():
    for _ in range(int(input())):
        s = int(input())
        for p in itertools.permutations('0123456789', s):
            if sum(int(digit) for digit in p) == s:
                print(int(''.join(p)))

",False,True,1,0.5
1714C,1,['if statement'],"['for loop', 'tuple', 'if statement']","['for loop', 'if statement', 'matrix operation', 'while loop', 'misc', 'recursion', 'set', 'break statement', 'sorting']","import itertools

def solve():
    for _ in range(int(input())):
        s = int(input())
        for p in itertools.permutations('0123456789', s):
            if sum(int(digit) for digit in p) == s:
                print(''.join(p))

",False,False,1,0.3333333333333333
1714C,2,"['if statement', 'misc']","['for loop', 'if statement']","['for loop', 'if statement', 'matrix operation', 'while loop', 'misc', 'recursion', 'set', 'break statement', 'sorting']","import itertools

def solve():
    for _ in range(int(input())):
        s = int(input())
        for p in itertools.permutations(str(s)):
            if sum(int(digit) for digit in p) == s:
                print(int(''.join(p)))

",False,False,0,0.0
1714C,3,"['if statement', 'misc', 'for loop']","['for loop', 'if statement']","['for loop', 'if statement', 'matrix operation', 'while loop', 'misc', 'recursion', 'set', 'break statement', 'sorting']","import itertools

def solve():
    for _ in range(int(input())):
        s = int(input())
        digits = [str(d) for d in str(s)]
        for r in range(1, len(digits) + 1):
            for perm in itertools.permutations(digits, r):
                if sum(int(digit) for digit in perm) == s:
                    print(int(''.join(sorted(perm)))

",False,False,0,0.0
1714C,4,"['if statement', 'misc', 'for loop', 'recursion']","['if statement', 'for loop', 'set']","['for loop', 'if statement', 'matrix operation', 'while loop', 'misc', 'recursion', 'set', 'break statement', 'sorting']","import itertools

def solve():
    t = int(input())
    for s in range(10**t):
        digits = [int(d) for d in str(s)]
        if len(digits) == len(set(digits)) and sum(digits) == s:
            print(s)
            return

",False,False,0,0.0
1714C,5,"['if statement', 'misc', 'for loop', 'recursion', 'while loop']","['for loop', 'tuple']","['for loop', 'if statement', 'matrix operation', 'while loop', 'misc', 'recursion', 'set', 'break statement', 'sorting']","import itertools

def solve():
    t = int(input())
    for s in range(1, 46):
        for p in itertools.permutations('0123456789', s):
            if sum(int(digit) for digit in p) == s:
                print(p)
                break

",False,False,1,0.5
1714B,0,['this is the og problem'],['for loop'],"['for loop', 'break statement', 'dictionary', 'set', 'if statement', 'while loop', 'hashmap', 'continue statement']","def solve():
    t = int(input())
    for _ in range(t):
        n = int(input().split()[_]
        a = list(map(int, x for x in input().split()[_]))
        a.sort()
        for i in range(n):
            if a[i] == a[i-1]:
                break
        else:
            print(i)
            return

",False,True,0,0.0
1714B,1,['if statement'],['for loop'],"['for loop', 'break statement', 'dictionary', 'set', 'if statement', 'while loop', 'hashmap', 'continue statement']","def solve():
    t = int(input())
    for _ in range(t):
        n = int(input()[_][0]
        a = list(map(int, for int in input()[_][1:])
        a.sort()
        for i in range(n):
            if a[i] == a[i-1]:
                return i
        return 0

",False,True,0,0.0
1714B,2,"['if statement', 'hashmap']","['for loop', 'if statement', 'continue statement']","['for loop', 'break statement', 'dictionary', 'set', 'if statement', 'while loop', 'hashmap', 'continue statement']","def solve():
    for _ in range(int(input())):
        n = int(input()[_][0]
        a = list(map(int,input()[_][1:])
        b = []
        for i in range(n):
            if a[i] in b:
                continue
            b.append(a[i])
        print(len(b))

",False,False,0,0.0
1714B,3,"['if statement', 'hashmap', 'for loop']","['for loop', 'if statement']","['for loop', 'break statement', 'dictionary', 'set', 'if statement', 'while loop', 'hashmap', 'continue statement']","def solve():
    for _ in range(int(input())):
        n = int(input()[_][0]
        a = list(map(int, input()[_][1:])
        b = []
        for i in range(n):
            if a[i] not in b:
                b.append(a[i])
        print(len(b))

",False,False,0,0.0
1714B,4,"['if statement', 'hashmap', 'for loop', 'misc']","['if statement', 'for loop', 'continue statement', 'set']","['for loop', 'break statement', 'dictionary', 'set', 'if statement', 'while loop', 'hashmap', 'continue statement']","def solve():
    t = int(input())
    for _ in range(t):
        n = int(input().split()[_]
        a = list(map(int, for map in n.split()])
        b = []
        for i in range(len(a)):
            if a[i] in b:
                continue
            b.append(a[i])
        print(len(b))
",False,False,0,0.0
1714B,5,"['if statement', 'hashmap', 'for loop', 'misc', 'while loop']","['for loop', 'if statement', 'set']","['for loop', 'break statement', 'dictionary', 'set', 'if statement', 'while loop', 'hashmap', 'continue statement']","def solve():
    for _ in range(int(input())):
        n = int(input()[_][0]
        a = list(map(int,input()[_][1:])
        b = []
        for i in range(n):
            if a[i] not in b:
                b.append(a[i])
        print(len(b))
",False,False,0,0.0
1713A,0,['this is the og problem'],['for loop'],"['while loop', 'if statement', 'misc', 'hashmap', 'for loop', 'sorting', 'tuple', 'matrix operation']","import sys
import math

def solve():
    t = int(input())
    for _ in range(t):
        n = int(input())
        boxes = []
        for _ in range(n):
            x, y = map(int, input().split())
            boxes.append((x, y))
        boxes.sort(key=lambda x: (x[0] if x[1] == 0 else x[1])
        ans = 0
        for i in range(1, n):
            if boxes[i][0] == 0:
                ans += abs(boxes[i][1] - boxes[i+1][1]
            else:
                ans += abs(boxes[i][1] - boxes[i-1][1]
        print(ans)

",False,True,0,0.0
1713A,1,['if statement'],"['if statement', 'for loop', 'tuple', 'sorting']","['while loop', 'if statement', 'misc', 'hashmap', 'for loop', 'sorting', 'tuple', 'matrix operation']","import sys
import math

def solve():
    t = int(input())
    for _ in range(t):
        n = int(input())
        boxes = []
        for _ in range(n):
            x, y = map(int, input().split())
            boxes.append((x, y))
        boxes.sort(key=lambda x: (x[0] if x[1] == 0 else x[1])
        ans = 0
        for i in range(1, n):
            if boxes[i][0] == 0:
                ans += abs(boxes[i][1])
            else:
                ans += abs(boxes[i][0])
        print(ans)

",False,False,0,0.0
1713A,2,"['if statement', 'for loop']","['if statement', 'for loop', 'tuple', 'sorting']","['while loop', 'if statement', 'misc', 'hashmap', 'for loop', 'sorting', 'tuple', 'matrix operation']","import sys

def solve():
    t = int(input())
    for _ in range(t):
        n = int(input())
        boxes = []
        for _ in range(n):
            x, y = map(int, input().split())
            boxes.append((x, y))
        boxes.sort()
        ans = 0
        for x1, y1 in boxes:
            if x1 == 0 or y1 == 0:
                ans += abs(x1)
            else:
                ans += abs(x1) + abs(y1)
        print(ans)

",False,False,0,0.0
1713A,3,"['if statement', 'for loop', 'while loop']",['for loop'],"['while loop', 'if statement', 'misc', 'hashmap', 'for loop', 'sorting', 'tuple', 'matrix operation']","import sys

def solve():
    t = int(input())
    for _ in range(t):
        n = int(input())
        boxes = []
        for _ in range(n):
            x, y = map(int, input().split())
            boxes.append((x, y))
        moves = 0
        x__ y__ = 0
        for x__ y in boxes:
            if x__ == 0:
                moves += abs(y__)
            else:
                moves += abs(x__)
        print(moves)

",False,False,0,0.0
1713A,4,"['if statement', 'for loop', 'while loop', 'sorting']",['for loop'],"['while loop', 'if statement', 'misc', 'hashmap', 'for loop', 'sorting', 'tuple', 'matrix operation']","import sys

def solve():
    t = int(input())
    for _ in range(t):
        n = int(input())
        boxes = []
        for _ in range(n):
            x, y = map(int, input().split())
            boxes.append((x, y))
        moves = 0
        x__ y__ = 0
        for x__ y in boxes:
            if x__ == 0:
                moves += abs(y__)
            else:
                moves += abs(x__)
        print(moves)

",False,False,0,0.0
1713A,5,"['if statement', 'for loop', 'while loop', 'sorting', 'recursion']","['for loop', 'if statement', 'tuple', 'matrix operation']","['while loop', 'if statement', 'misc', 'hashmap', 'for loop', 'sorting', 'tuple', 'matrix operation']","import sys

def solve():
    t = int(input())
    for _ in range(t):
        n = int(input())
        boxes = []
        for _ in range(n):
            x, y = map(int, input().split())
            boxes.append((x, y))
        moves = 0
        for x__ y__ in boxes:
            if x__ == 0:
                moves += abs(y__)
            else:
                moves += abs(x__)
        print(moves)

",False,False,0,0.0
1712B,0,['this is the og problem'],"['if statement', 'for loop', 'matrix operation']","['for loop', 'while loop', 'if statement', 'tuple', 'misc', 'break statement', 'matrix operation', 'sorting']","import math

def solve():
    n = int(input())
    if n == 1:
        print([1])
    elif n == 2:
        print([1,2])
    else:
        max_sum = 0
        for i in range(1, n + 1):
            for j in range(i, n + 1):
                if math.lcm(i, j) > max_sum:
                    max_sum = math.lcm(i, j)
        print(*range(1, n + 1))
",False,True,0,0.0
1712B,1,['for loop'],['for loop'],"['for loop', 'while loop', 'if statement', 'tuple', 'misc', 'break statement', 'matrix operation', 'sorting']","import math

def solve():
    n = int(input())
    if n == 1:
        print([1])
    elif n == 2:
        print([1,2])
    else:
        max_sum = 0
        for i in range(1, n + 1):
            for j in range(i, n + 1):
                if i!= j:
                    lcm = math.lcm(i, j)
                    max_sum = max(max_sum, lcm)
        print(*range(1, n + 1))
",False,False,0,0.0
1712B,2,"['for loop', 'while loop']","['if statement', 'for loop', 'matrix operation']","['for loop', 'while loop', 'if statement', 'tuple', 'misc', 'break statement', 'matrix operation', 'sorting']","import math

def solve():
    n = int(input())
    if n == 1:
        print([1])
    elif n == 2:
        print([1,2])
    else:
        max_sum = 0
        for i in range(1, n + 1):
            for j in range(i, n + 1):
                if math.gcd(i, j) > max_sum:
                    max_sum = math.gcd(i, j)
        print(*range(1, n + 1))
",False,False,0,0.0
1712B,3,"['for loop', 'while loop', 'tuple']","['if statement', 'for loop', 'matrix operation', 'misc']","['for loop', 'while loop', 'if statement', 'tuple', 'misc', 'break statement', 'matrix operation', 'sorting']","import math

def solve():
    n = int(input())
    if n == 1:
        print([1])
    elif n == 2:
        print([1,2])
    else:
        max_sum = 0
        for i in range(1, n + 1):
            for j in range(i, n + 1):
                if math.lcm(i, j) > max_sum:
                    max_sum = math.lcm(i, j)
        print(*range(1, n + 1))
",False,False,0,0.0
1712B,4,"['for loop', 'while loop', 'tuple', 'recursion']","['if statement', 'for loop', 'matrix operation']","['for loop', 'while loop', 'if statement', 'tuple', 'misc', 'break statement', 'matrix operation', 'sorting']","import math

def solve():
    n = int(input())
    if n == 1:
        print([1])
    elif n == 2:
        print([1,2])
    else:
        max_sum = 0
        for i in range(1, n + 1):
            for j in range(i, n + 1):
                if math.lcm(i, j) > max_sum:
                    max_sum = math.lcm(i, j)
        print(*range(1, n + 1))
",False,False,0,0.0
1712A,0,['this is the og problem'],"['for loop', 'if statement', 'break statement', 'sorting']","['if statement', 'for loop', 'tuple', 'matrix operation', 'while loop', 'set', 'sorting', 'misc', 'dictionary', 'dynamic programming']","import sys

def solve():
    t = int(input())
    for _ in range(t):
        n, k = list(map(int, input().split())
        p = list(map(int, input().split())
        p.sort()
        ans = 0
        for i in range(n):
            for j in range(i+1, n):
                if p[i] + p[j] == p[k]:
                    ans += 1
                    break
        print(ans)

",False,True,1,0.25
1712A,1,['sorting'],"['for loop', 'if statement', 'break statement', 'sorting']","['if statement', 'for loop', 'tuple', 'matrix operation', 'while loop', 'set', 'sorting', 'misc', 'dictionary', 'dynamic programming']","import sys

def solve():
    t = int(input())
    for _ in range(t):
        n, k = list(map(int, input().split()))
        p = list(map(int, input().split()))
        p.sort()
        ans = 0
        for i in range(n):
            for j in range(i+1, n):
                if p[i] + p[j] > p[i] + p[k]:
                    ans += 1
                    p[i] = p[j]
                    break
        print(ans)

",False,False,1,0.25
1712A,2,"['sorting', 'if statement']",['for loop'],"['if statement', 'for loop', 'tuple', 'matrix operation', 'while loop', 'set', 'sorting', 'misc', 'dictionary', 'dynamic programming']","import sys

def solve():
    t = int(input())
    for _ in range(t):
        n, k = list(map(int, input().split()))
        p = list(map(int, input().split()))
        p = [x - 1 for x in p]
        p = p[:k] + p[k:]
        ans = 0
        for i in range(n - 1):
            for j in range(i + 1, n):
                if p[i] > p[j]:
                    p[i] = p[j]
                    p[j] = p[i]
                    ans += 1
        print(ans)

",False,True,0,0.0
1712A,3,"['sorting', 'if statement', 'recursion']","['for loop', 'if statement', 'sorting']","['if statement', 'for loop', 'tuple', 'matrix operation', 'while loop', 'set', 'sorting', 'misc', 'dictionary', 'dynamic programming']","import sys

def solve():
    t = int(input().splitlines()[0])
    for _ in range(t):
        n, k = map(int, input().splitlines()[_+1].split())
        p = list(map(int, input().splitlines()[_+2].split()))
        p.sort()
        ans = 0
        for i in range(n):
            if p[i] > p[i+1]:
                ans += 1
        print(ans)

",False,False,0,0.0
1712A,4,"['sorting', 'if statement', 'recursion', 'dictionary']","['for loop', 'if statement', 'break statement', 'sorting']","['if statement', 'for loop', 'tuple', 'matrix operation', 'while loop', 'set', 'sorting', 'misc', 'dictionary', 'dynamic programming']","import sys

def solve():
    t = int(input())
    for _ in range(t):
        n, k = list(map(int, input().split()))
        p = list(map(int, input().split()))
        p.sort()
        ans = 0
        for i in range(n):
            for j in range(i+1, n):
                if p[i] + p[j] > p[i] + p[k]:
                    ans += 1
                    break
        print(ans)

",False,False,1,0.25
1712A,5,"['sorting', 'if statement', 'recursion', 'dictionary', 'matrix operation']","['for loop', 'if statement', 'sorting', 'two pointers']","['if statement', 'for loop', 'tuple', 'matrix operation', 'while loop', 'set', 'sorting', 'misc', 'dictionary', 'dynamic programming']","def solve():
    t = int(input())
    for _ in range(t):
        n, k = map(int, input().split()[_])
        p = list(map(int, input().split()[_+1]))
        p.sort()
        ans = 0
        for i in range(n):
            for j in range(i+1, n):
                if p[i] + p[j] > p[i] + p[k]:
                    ans += 1
                    p[i], p[j] = p[j], p[i]
        print(ans)

",False,False,1,0.25
1711A,0,['this is the og problem'],"['for loop', 'tuple', 'misc']","['for loop', 'tuple', 'while loop', 'misc', 'if statement', 'matrix operation']","import itertools

def solve():
    for n in range(1, 10**5):
        p = list(range(1, n + 1))
        min_weight = float('inf')
        for perm in itertools.permutations(p):
            weight = sum(i for i in perm if i % j > 0 else 0 for j in range(1, n + 1))
            if weight < min_weight:
                min_weight = weight
                min_perm = perm
        print(*min_perm)

",False,True,0,0.0
1711A,1,['for loop'],['for loop'],"['for loop', 'tuple', 'while loop', 'misc', 'if statement', 'matrix operation']","import itertools

def solve():
    n = int(input())
    perms = list(itertools.permutations(range(1, n + 1)))
    min_weight = float('inf')
    for perm in perms:
        weight = 0
        for i in range(1, n + 1):
            if (i + 1) % perm[i] == 0:
                weight += 1
        if weight < min_weight:
            min_weight = weight
            min_perm = perm
    print(*min_perm)

",False,False,0,0.0
1711A,2,"['for loop', 'while loop']",['for loop'],"['for loop', 'tuple', 'while loop', 'misc', 'if statement', 'matrix operation']","import itertools

def solve():
    n = int(input())
    perms = list(itertools.permutations(range(1, n + 1)))
    min_weight = float('inf')
    for perm in perms:
        weight = 0
        for i in range(1, n + 1):
            if i % (perm[i] == 0:
                weight += 1
            else:
                weight += perm[i] / i
        if weight < min_weight:
            min_weight = weight
            min_perm = perm
    print(*min_perm)

",False,False,0,0.0
1711A,3,"['for loop', 'while loop', 'recursion']",['for loop'],"['for loop', 'tuple', 'while loop', 'misc', 'if statement', 'matrix operation']","import itertools

def solve():
    n = int(input())
    perms = list(itertools.permutations(range(1, n + 1)))
    min_weight = float('inf')
    for perm in perms:
        weight = 0
        for i in range(1, n + 1)):
            if (i + 1) % perm[i] == 0:
                weight += 1
        if weight < min_weight:
            min_weight = weight
            min_perm = perm
    print(*min_perm)

",False,False,0,0.0
1711A,4,"['for loop', 'while loop', 'recursion', 'if statement']","['for loop', 'if statement', 'break statement', 'tuple', 'matrix operation']","['for loop', 'tuple', 'while loop', 'misc', 'if statement', 'matrix operation']","import itertools

def solve():
    n = int(input())
    perms = list(itertools.permutations(range(1, n + 1)))
    min_weight = float('inf')
    for perm in perms:
        weight = 0
        for i in range(1, n + 1):
            if i % perm[i] == 0:
                weight = float('inf')
                break
            weight += 1 / perm[i]
        if weight < min_weight:
            min_weight = weight
            min_perm = perm
    print(*min_perm)

",False,False,1,0.2
1709A,0,['this is the og problem'],['for loop'],"['for loop', 'if statement', 'pass statement', 'misc', 'while loop', 'tuple', 'matrix operation']","import sys

def solve():
    t = int(input())
    for _ in range(t):
        x = int(input())
        a, b = list(map(int, input().split()))
        if 0 in a:
            print(""YES"")
        else:
            print(""NO"")

",False,True,0,0.0
1709A,1,['for loop'],"['if statement', 'for loop', 'tuple']","['for loop', 'if statement', 'pass statement', 'misc', 'while loop', 'tuple', 'matrix operation']","import sys

def solve():
    t = int(input())
    for _ in range(t):
        x = int(input())
        a, b = list(map(int, input().split()))
        if 0 in a:
            print(""YES"")
        else:
            print(""NO"")

",False,False,0,0.0
1709A,2,"['for loop', 'if statement']","['for loop', 'if statement']","['for loop', 'if statement', 'pass statement', 'misc', 'while loop', 'tuple', 'matrix operation']","import sys

def solve():
    t = int(input())
    for _ in range(t):
        x = int(input())
        a, b = list(map(int, input().split()))
        if 0 in a:
            print(""YES"")
        else:
            print(""NO"")

",False,False,0,0.0
1709A,3,"['for loop', 'if statement', 'dictionary']","['for loop', 'if statement', 'tuple', 'misc']","['for loop', 'if statement', 'pass statement', 'misc', 'while loop', 'tuple', 'matrix operation']","import sys

def solve():
    t = int(input())
    for _ in range(t):
        x = int(input())
        a, b = list(map(int, input().split())
        if 0 in a:
            print(""YES"")
        else:
            print(""NO"")

",False,False,0,0.0
1709A,4,"['for loop', 'if statement', 'dictionary', 'hashmap']","['for loop', 'if statement']","['for loop', 'if statement', 'pass statement', 'misc', 'while loop', 'tuple', 'matrix operation']","import sys

def solve():
    t = int(input())
    for _ in range(t):
        x = int(input())
        a, b = list(map(int, input().split()))
        if 0 in a:
            print(""YES"")
        else:
            print(""NO"")

",False,False,0,0.0
1709A,5,"['for loop', 'if statement', 'dictionary', 'hashmap', 'matrix operation']","['for loop', 'if statement']","['for loop', 'if statement', 'pass statement', 'misc', 'while loop', 'tuple', 'matrix operation']","import sys

def solve():
    t = int(input())
    for _ in range(t):
        x = int(input())
        a, b = list(map(int, input().split()))
        if 0 in a:
            print(""YES"")
        else:
            print(""NO"")

",False,False,0,0.0
1708A,0,['this is the og problem'],"['for loop', 'if statement', 'break statement']","['if statement', 'for loop', 'break statement', 'misc', 'continue statement', 'while loop', 'set']","import sys

def solve():
    t = int(input())
    for _ in range(t):
        n = int(input())
        a = list(map(int, input().split()))
        possible = True
        for i in range(n):
            if a[i] == 0:
                possible = False
                break
        print(""YES"" if possible else print(""NO"")

",False,True,0,0.0
1708A,1,['break statement'],"['for loop', 'if statement', 'break statement']","['if statement', 'for loop', 'break statement', 'misc', 'continue statement', 'while loop', 'set']","import sys

def solve():
    t = int(input())
    for _ in range(t):
        n = int(input())
        a = list(map(int, input().split()))
        can_zero = False
        for i in range(n):
            if a[i] == 0:
                can_zero = True
                break
        if can_zero:
            print(""YES"")
        else:
            print(""NO"")

",False,False,0,0.0
1708A,2,"['break statement', 'for loop']","['for loop', 'if statement', 'misc']","['if statement', 'for loop', 'break statement', 'misc', 'continue statement', 'while loop', 'set']","def solve():
    t = int(input())
    for _ in range(t):
        n = list(map(int, for _ in input().split()))
        if len(n) == 1:
            print(""YES"")
        else:
            print(""NO"")

    return

",False,False,0,0.0
1708A,3,"['break statement', 'for loop', 'while loop']","['for loop', 'if statement']","['if statement', 'for loop', 'break statement', 'misc', 'continue statement', 'while loop', 'set']","import sys

def solve():
    t = int(input())
    for _ in range(t):
        n = int(input())
        a = list(map(int, input().split()))
        print(""YES"" if min(a) == 0 else ""NO"")

",False,False,0,0.0
1708A,4,"['break statement', 'for loop', 'while loop', 'if statement']",['for loop'],"['if statement', 'for loop', 'break statement', 'misc', 'continue statement', 'while loop', 'set']","def solve():
    t = int(input()[0]
    for _ in range(t):
        n = int(input()[_+1])
        a = list(map(int, for _ in input()[_+2:])
        for i in range(n):
            if a[i] > 0:
                a[i] -= a[i-1]
                if a[i] == 0:
                    break
        if all(x == 0 for x in a):
            print(""YES"")
        else:
            print(""NO"")
",False,False,0,0.0
1706A,0,['this is the og problem'],['for loop'],"['while loop', 'for loop', 'if statement', 'matrix operation', 'tuple', 'continue statement', 'misc', 'sorting', 'greedy algorithm', 'hashmap']","import sys

def solve():
    t = int(input())
    for _ in range(t):
        n, m = list(map(int, input().split())
        a = list(map(int, input().split()))
        s = input().strip()

        def replace(a, i):
            if a[i] > m:
                a[i] = 'A'
            elif a[i] < m:
                a[i] = 'B'

        def get_smallest(s):
            s = ''
            for i in range(len(s)):
                if s[i] == 'A':
                    s = 'A'
                elif s[i] == 'B':
                    s = 'B'
                else:
                    break
            return s

        print(get_smallest(replace(a, s))

",False,True,0,0.0
1706A,1,['for loop'],"['for loop', 'if statement', 'sorting']","['while loop', 'for loop', 'if statement', 'matrix operation', 'tuple', 'continue statement', 'misc', 'sorting', 'greedy algorithm', 'hashmap']","import sys

def solve():
    t = int(input())
    for _ in range(t):
        n, m = map(int, input().split())
        a = list(map(int, input().split()))
        s = input().strip()
        result = []
        for i in range(n):
            for j in range(m):
                if a[i] > a[j]:
                    a[i], a[j] = a[j], a[i]
        result.append(''.join(a))
        print(''.join(result))

",False,False,0,0.0
1706A,2,"['for loop', 'while loop']","['for loop', 'tuple', 'misc']","['while loop', 'for loop', 'if statement', 'matrix operation', 'tuple', 'continue statement', 'misc', 'sorting', 'greedy algorithm', 'hashmap']","import sys

def solve():
    t = int(input())
    for _ in range(t):
        n, m = map(int, input().split())
        a = list(map(int, input().split()))
        s = input().strip()

        def replace(a, s):
            for i in range(len(s)):
                if s[i] == 'A':
                    s = s[:i] + 'B' + s[i+1:]
                elif s[i] == 'B':
                    s = s[:i] + 'A' + s[i+1:]
            return s

        def get_smallest(s):
            return min(s)

        print(''.join(get_smallest(replace(a) for _ in range(m)))

",False,False,0,0.0
1706A,3,"['for loop', 'while loop', 'if statement']","['for loop', 'tuple']","['while loop', 'for loop', 'if statement', 'matrix operation', 'tuple', 'continue statement', 'misc', 'sorting', 'greedy algorithm', 'hashmap']","import sys

def solve():
    t = int(input())
    for _ in range(t):
        n, m = map(int, input().split())
        a = list(map(int, input().split()))
        s = input().strip()

        def get_smallest_string(a, s):
            a.sort()
            result = ''
            for i in range(len(a)):
                if a[i] > 0:
                    result += chr(a[i] + chr(m - a[i])
                else:
                    result += chr(m - a[i]) + chr(a[i])
            return result

        print(get_smallest_string(a) + s)

",False,False,0,0.0
1706A,4,"['for loop', 'while loop', 'if statement', 'matrix operation']","['for loop', 'if statement', 'for loop', 'if statement']","['while loop', 'for loop', 'if statement', 'matrix operation', 'tuple', 'continue statement', 'misc', 'sorting', 'greedy algorithm', 'hashmap']","import sys

def solve():
    t = int(input())
    for _ in range(t):
        n, m = map(int, input().split())
        a = list(map(int, input().split()))
        s = input().strip()
        res = [''] * m
        for i in range(n):
            for j in range(m):
                if a[i] > a[j]:
                    res[i] = 'A'
                    elif a[i] < a[j]:
                        res[j] = 'A'
        print(''.join(res))

",False,False,0,0.0
1705A,0,['this is the og problem'],"['for loop', 'if statement', 'misc']","['for loop', 'if statement', 'break statement', 'sorting', 'tuple', 'while loop', 'continue statement']","import math

def solve():
    t = int(input().split('\n')[0]
    for _ in range(t):
        n, x = list(map(int, input().split('\n')[_ + 1].split('\n'))
        if n % 2!= 0:
            if min(x) + x >= max(x[:n // 2]):
                print(""YES"")
            else:
                print(""NO"")
        else:
            print(""YES"")

",False,True,1,0.3333333333333333
1705A,1,['if statement'],['for loop'],"['for loop', 'if statement', 'break statement', 'sorting', 'tuple', 'while loop', 'continue statement']","import math

def solve():
    t = int(input().splitlines[0])
    for _ in range(t):
        n, x = list(map(int,input().splitlines[_+1].split())
        if n % 2 == 0 or min(n - x[0], x[1]) == 0:
            print(""NO"")
        else:
            print(""YES"")

",False,True,0,0.0
1705A,2,"['if statement', 'for loop']","['if statement', 'for loop', 'misc']","['for loop', 'if statement', 'break statement', 'sorting', 'tuple', 'while loop', 'continue statement']","import math

def solve():
    t = int(input().split('\n')[0]
    for _ in range(t):
        n, x = list(map(int, input().split('\n')[_].split('\n'))
        if n % 2!= 0:
            if min(x) - max(x[:n//2]) >= x:
                print(""YES"")
            else:
                print(""NO"")
        else:
            print(""YES"")

",False,False,1,0.3333333333333333
1705A,3,"['if statement', 'for loop', 'tuple']","['if statement', 'for loop']","['for loop', 'if statement', 'break statement', 'sorting', 'tuple', 'while loop', 'continue statement']","import math

def solve():
    t = int(input().splitlines()[0])
    for _ in range(t):
        n, x = list(map(int, input().splitlines()[_+1].split())
        if n % 2!= 0:
            if min(x) + x >= max(x):
                print(""YES"")
            else:
                print(""NO"")
        else:
            print(""NO"")

",False,False,0,0.0
1705A,4,"['if statement', 'for loop', 'tuple', 'sorting']","['if statement', 'for loop', 'misc']","['for loop', 'if statement', 'break statement', 'sorting', 'tuple', 'while loop', 'continue statement']","import math

def solve():
    t = int(input().split('\n')[0]
    for _ in range(t):
        n, x = list(map(int, input().split('\n')[_][1].split(' '))
        if n % 2!= 0:
            if min(x) - max(x) >= x:
                print(""YES"")
            else:
                print(""NO"")
        else:
            print(""YES"")

",False,False,1,0.3333333333333333
1705A,5,"['if statement', 'for loop', 'tuple', 'sorting', 'matrix operation']","['if statement', 'for loop', 'tuple']","['for loop', 'if statement', 'break statement', 'sorting', 'tuple', 'while loop', 'continue statement']","import math

def solve():
    t = int(input().splitlines()[0])
    for _ in range(t):
        n, x = list(map(int, input().splitlines()[_+1].split())
        if n % 2!= 0:
            if min(x) - max(x[:n//2]) >= x:
                print(""YES"")
            else:
                print(""NO"")
        else:
            print(""YES"")

",False,False,0,0.0
1704A,0,['this is the og problem'],"['if statement', 'for loop', 'while loop', 'continue statement', 'break statement']","['for loop', 'if statement', 'while loop', 'tuple', 'continue statement', 'break statement', 'hashmap', 'pass statement']","import sys

def solve():
    t = int(input())
    for _ in range(t):
        n, m = map(int, input().split())
        a = input()
        b = input()
        if len(a)!= n or len(b)!= m:
            print(""NO"")
            continue
        a = list(a)
        b = list(b)
        while len(a) > 1 and len(b) > 1:
            if a[0] < b[0]:
                a[0] = min(a[0], a[1])
                a.pop(0)
            elif a[0] > b[0]:
                b[0] = max(a[0], b[1])
                b.pop(0)
            else:
                print(""NO"")
                break
        if a == b:
            print(""YES"")
            break
        else:
            print(""NO"")
            break

",False,True,0,0.0
1704A,1,['break statement'],"['for loop', 'if statement']","['for loop', 'if statement', 'while loop', 'tuple', 'continue statement', 'break statement', 'hashmap', 'pass statement']","import sys

def solve():
    t = int(input())
    for _ in range(t):
        n, m = map(int, input().split())
        a = input()
        b = input()
        if len(a) == len(b):
            if a == b:
                print(""YES"")
            else:
                print(""NO"")

",False,True,0,0.0
1704A,2,"['break statement', 'for loop']","['if statement', 'for loop']","['for loop', 'if statement', 'while loop', 'tuple', 'continue statement', 'break statement', 'hashmap', 'pass statement']","def solve():
    t = int(input()[0]
    for _ in range(t):
        n, m = map(int, input()[_][0], input()[_][1])
        a = input()[_][2]
        b = input()[_][3]
        if a == b:
            print(""YES"")
        else:
            print(""NO"")
",False,False,0,0.0
1704A,3,"['break statement', 'for loop', 'while loop']",['for loop'],"['for loop', 'if statement', 'while loop', 'tuple', 'continue statement', 'break statement', 'hashmap', 'pass statement']","import itertools

def solve():
    t = int(input()[0])
    for _ in range(t):
        n, m = map(int, input()[_][0].split())
        a = n[0]
        b = n[1]
        if len(a)!= len(b):
            print(""NO"")
            return
        for i in range(len(a)):
            if a[i]!= b[i]:
                print(""NO"")
                return
        print(""YES"")

",False,False,0,0.0
1704A,4,"['break statement', 'for loop', 'while loop', 'recursion']","['if statement', 'for loop']","['for loop', 'if statement', 'while loop', 'tuple', 'continue statement', 'break statement', 'hashmap', 'pass statement']","import sys

def solve():
    t = int(input())
    for _ in range(t):
        n, m = map(int, input().split())
        a = input()
        b = input()
        if len(a) == len(b):
            if a == b:
                print(""YES"")
            else:
                print(""NO"")

",False,False,0,0.0
1704A,5,"['break statement', 'for loop', 'while loop', 'recursion', 'queue']",['for loop'],"['for loop', 'if statement', 'while loop', 'tuple', 'continue statement', 'break statement', 'hashmap', 'pass statement']","import itertools

def solve():
    t = int(input().split()[0])
    for _ in range(t):
        n, m = map(int, input().split()[_+1].split())
        a = n[0]
        b = n[1]
        if len(a)!= len(b):
            print(""NO"")
            break
        for op1, op2 in itertools.product(a, b):
            if op1 == op2:
                print(""YES"")
                break
        else:
            a = [min(a[0] if op1 == 0 else max(a[0] if op1 == 1]
            b = [min(b[0] if op2 == 0 else max(b[0] if op2 == 1]
            a = a[1:] + b[:1]
            if a == b:
                print(""YES"")
                break
    print(""NO"")

",False,False,0,0.0
1703C,0,['this is the og problem'],['for loop'],"['for loop', 'if statement', 'tuple', 'matrix operation', 'misc', 'hashmap']","import sys

def solve():
    t = int(input())
    for _ in range(t):
        n = int(input())
        a = list(map(int, input().split()))
        b = list(map(int, input().split()))
        moves = list(input().strip().split())
        res = [0] * n
        for i in range(n):
            for j in range(len(moves[i])):
                if moves[i][j] == 'U':
                    res[i] = (res[i] + 1) % 10
                else:
                    res[i] = (res[i] - 1) % 10
        print(*res)

",False,True,0,0.0
1703C,1,['for loop'],"['if statement', 'for loop']","['for loop', 'if statement', 'tuple', 'matrix operation', 'misc', 'hashmap']","import sys

def solve():
    t = int(input().splitlines()[0])
    for _ in range(1,t+1):
        n = int(input().splitlines()[_].split()[0])
        a = list(map(int,x.split() for x in input().splitlines()[_].split()[1:])
        b = input().splitlines()[_].split()[2:]
        moves = []
        for i in range(n):
            if b[i] == 'U':
                moves.append('U')
            else:
                moves.append('D')
        sequence = [0] * n
        for i in range(n):
            if a[i] == 9':
                sequence[i] = (sequence[i] - 1) % 9
            else:
                sequence[i] = (sequence[i] + 1) % 9
        print(' '.join(map(str(x) for x in sequence))

",False,False,0,0.0
1703C,2,"['for loop', 'recursion']",['for loop'],"['for loop', 'if statement', 'tuple', 'matrix operation', 'misc', 'hashmap']","import sys

def solve():
    t = int(input())
    for _ in range(t):
        n = int(input())
        a = list(map(int, input().split()))
        b = list(map(int, input().split()))
        moves = []
        for i in range(n):
            move = input().strip()
            if move[0] == 'U':
                a[i] = (a[i] + 1) % 10
            else:
                a[i] = (a[i] - 1) % 10
        moves.append(move)
        result = [0] * n
        for i in range(n):
            result[i] = a[i]
            for j in range(moves[i][0]):
                if moves[i][j] == 'U':
                    result[i] = (result[i] + 1) % 10
                else:
                    result[i] = (result[i] - 1) % 10
        print(*result)

",False,False,0,0.0
1703C,3,"['for loop', 'recursion', 'while loop']",['for loop'],"['for loop', 'if statement', 'tuple', 'matrix operation', 'misc', 'hashmap']","import sys

def solve():
    t = int(input())
    for _ in range(t):
        n = int(input())
        a = list(map(int, input().split()))
        b = list(map(int, input().split()))
        moves = []
        for i in range(n):
            move = input().strip()
            if move == ""U"":
                a[i] = (a[i] + 1
                if a[i] == 9:
                    a[i] = 0
            elif move == ""D"":
                a[i] = (a[i] - 1
                if a[i] == 0:
                    a[i] = 9
            moves.append(move)
        print(*a)

",False,False,0,0.0
1703C,4,"['for loop', 'recursion', 'while loop', 'if statement']",['for loop'],"['for loop', 'if statement', 'tuple', 'matrix operation', 'misc', 'hashmap']","import sys

def solve():
    t = int(input())
    for _ in range(t):
        n = int(input())
        a = list(map(int, input().split()))
        b = list(map(int, input().split()))
        moves = []
        for i in range(n):
            move = input().strip()
            if move[0] == 'U':
                a[i] = (a[i] + 1
                if a[i] == 10:
                    a[i] = 0
            elif move[0] == 'D':
                a[i] = (a[i] - 1
                if a[i] == -1:
                    a[i] = 9
            moves.append(move)
        print(' '.join(map(str, a))

",False,False,0,0.0
1703B,0,['this is the og problem'],"['if statement', 'for loop']","['for loop', 'set', 'while loop', 'misc', 'tuple', 'matrix operation', 'hashmap']","import sys

def solve():
    t = int(input().splitlines[0])
    for _ in range(t):
        n = int(input().splitlines[_+1])
        s = input().splitlines[_+2]
        balloons = 0
        for i in range(n):
            if s[i] == 'A':
                balloons += 2
            else:
                balloons += 1
        print(balloons)

",False,True,1,0.5
1703B,1,['if statement'],"['if statement', 'for loop']","['for loop', 'set', 'while loop', 'misc', 'tuple', 'matrix operation', 'hashmap']","import sys

def solve():
    t = int(input())
    for _ in range(t):
        n = int(input())
        s = input()
        balloons = 0
        for i in range(n):
            if s[i] == 'A':
                balloons += 2
            else:
                balloons += 1
        print(balloons)

",False,False,1,0.5
1703B,2,"['if statement', 'for loop']","['if statement', 'for loop']","['for loop', 'set', 'while loop', 'misc', 'tuple', 'matrix operation', 'hashmap']","import sys

def solve():
    t = int(input())
    for _ in range(t):
        n = int(input())
        s = input()
        balloons = 0
        for i in range(n):
            if s[i] == 'A':
                balloons += 2
            else:
                balloons += 1
        print(balloons)

",False,False,1,0.5
1703B,3,"['if statement', 'for loop', 'set']","['for loop', 'if statement']","['for loop', 'set', 'while loop', 'misc', 'tuple', 'matrix operation', 'hashmap']","import sys

def solve():
    t = int(input())
    for _ in range(t):
        n = int(input())
        s = input()
        total = 0
        for i in range(n):
            if s[i] == 'A':
                total += 2
            else:
                total += 1
        print(total)

",False,False,1,0.5
1703B,4,"['if statement', 'for loop', 'set', 'while loop']","['for loop', 'if statement']","['for loop', 'set', 'while loop', 'misc', 'tuple', 'matrix operation', 'hashmap']","import sys

def solve():
    t = int(input())
    for _ in range(t):
        n = int(input())
        s = input()
        balloons = 0
        for i, c in s:
            if c == 'A':
                balloons += 2
            else:
                balloons += 1
        print(balloons)

",False,False,1,0.5
1703A,0,['this is the og problem'],"['if statement', 'for loop']","['for loop', 'if statement']","import re

def solve():
    t = int(input())
    for _ in range(t):
        s = input().splitlines()[_]
        if s.lower() == ""yes"":
            print(""YES"")
        else:
            print(""NO"")

",False,True,0,0.0
1703A,1,['for loop'],"['for loop', 'if statement']","['for loop', 'if statement']","import re

def solve():
    t = int(input())
    for _ in range(t):
        s = input().splitlines[_]
        if s.lower() == ""yes"":
            print(""YES"")
        else:
            print(""NO"")

",False,False,0,0.0
1703A,2,"['for loop', 'if statement']","['for loop', 'if statement']","['for loop', 'if statement']","import re

def solve():
    for _ in range(int(input())):
        s = input()[_]
        if s.lower() == ""yes"":
            print(""YES"")
        else:
            print(""NO"")

",False,False,0,0.0
1703A,3,"['for loop', 'if statement', 'recursion']","['if statement', 'for loop']","['for loop', 'if statement']","import re

def solve():
    t = int(input())
    for _ in range(t):
        s = input().splitlines()[_]
        if s.lower() == ""yes"":
            print(""YES"")
        else:
            print(""NO"")

",False,False,0,0.0
1702B,0,['this is the og problem'],"['for loop', 'if statement', 'misc']","['for loop', 'if statement', 'set', 'misc', 'continue statement', 'dictionary', 'while loop', 'break statement']","import math

def solve():
    t = int(input())
    for _ in range(t):
        s = input().splitlines()[_].strip()
        n = len(s)
        print(math.ceil(n / 3))

",False,True,0,0.0
1702B,1,['if statement'],"['for loop', 'if statement', 'misc']","['for loop', 'if statement', 'set', 'misc', 'continue statement', 'dictionary', 'while loop', 'break statement']","import math

def solve():
    t = int(input().split()[0])
    for _ in range(t):
        s = input().split()[_+1]
        n = len(s)
        print(math.ceil(n / 3))

",False,False,0,0.0
1702B,2,"['if statement', 'set']","['for loop', 'if statement', 'misc']","['for loop', 'if statement', 'set', 'misc', 'continue statement', 'dictionary', 'while loop', 'break statement']","import math

def solve():
    t = int(input())
    for _ in range(t):
        s = input()[_]
        n = len(s)
        if n <= 3:
            print(1)
        else:
            print(math.ceil(n / 3))

",False,False,0,0.0
1702B,3,"['if statement', 'set', 'for loop']",['for loop'],"['for loop', 'if statement', 'set', 'misc', 'continue statement', 'dictionary', 'while loop', 'break statement']","import math

def solve():
    t = int(input())
    for _ in range(t):
        s = input[_].strip()
        n = len(s)
        print(math.ceil(n / 3))

",False,False,0,0.0
1702B,4,"['if statement', 'set', 'for loop', 'matrix operation']","['for loop', 'if statement']","['for loop', 'if statement', 'set', 'misc', 'continue statement', 'dictionary', 'while loop', 'break statement']","import math

def solve():
    t = int(input())
    for s in input[1:]:
        n = len(s)
        print(math.ceil(n / 3))

",False,False,0,0.0
1702A,0,['this is the og problem'],"['for loop', 'for loop']","['for loop', 'while loop', 'matrix operation', 'misc', 'if statement']","import math

def solve():
    t = int(input())
    for _ in range(t):
        m = int(input())
        d = 10 ** math.floor(math.log10,m)
        print(d)

",False,True,0,0.0
1702A,1,['if statement'],['for loop'],"['for loop', 'while loop', 'matrix operation', 'misc', 'if statement']","import math

def solve():
    t = int(input())
    for _ in range(t):
        m = int(input())
        d = 10 ** math.floor(math.log10(m))
        print(d)

",False,True,0,0.0
1702A,2,"['if statement', 'for loop']",['for loop'],"['for loop', 'while loop', 'matrix operation', 'misc', 'if statement']","import math

def solve():
    t = int(input())
    for _ in range(t):
        m = int(input())
        d = 10 ** math.floor(math.log10, (m))
        print(d)

",False,False,0,0.0
1702A,3,"['if statement', 'for loop', 'while loop']",['for loop'],"['for loop', 'while loop', 'matrix operation', 'misc', 'if statement']","import math

def solve():
    t = int(input())
    for _ in range(t):
        m = int(input())
        d = 10 ** math.floor(math.log10, (m))
        print(d)

",False,False,0,0.0
1701B,0,['this is the og problem'],"['for loop', 'if statement', 'tuple']","['while loop', 'for loop', 'if statement', 'matrix operation', 'misc', 'set', 'continue statement']","import itertools

def solve():
    t = int(input())
    max_cost = 0
    for p in itertools.permutations(range(1, t + 1)):
        cost = 0
        for i in range(len(p)):
            if i > 0:
                cost += abs(p[i] - p[i - 1])
        if cost > max_cost:
            max_cost = cost
            max_p = p
    print(max_cost)
    print(' '.join(map(str(x) for x in max_p))

",False,True,1,0.3333333333333333
1701B,1,['for loop'],"['for loop', 'if statement', 'tuple', 'misc']","['while loop', 'for loop', 'if statement', 'matrix operation', 'misc', 'set', 'continue statement']","import itertools

def solve():
    t = int(input())
    max_cost = 0
    for p in itertools.permutations(range(1, t + 1)):
        cost = 0
        for i in range(len(p)):
            if i < len(p) - 1:
                cost += abs(p[i] - p[i + 1])
        if cost > max_cost:
            max_cost = cost
            max_p = p
    print(max_cost)
    print(' '.join(map(str, x) for x in max_p))

",False,False,1,0.25
1701B,2,"['for loop', 'if statement']","['for loop', 'if statement', 'tuple']","['while loop', 'for loop', 'if statement', 'matrix operation', 'misc', 'set', 'continue statement']","import itertools

def solve():
    t = int(input())
    n = int(input())
    max_cost = 0
    for p in itertools.permutations(range(1, n + 1)):
        cost = 0
        for i in range(len(p)):
            if i > 0:
                cost += abs(p[i] - p[i - 1])
        if cost > max_cost:
            max_cost = cost
            perm = p
    print(max_cost)
    print(*perm)

",False,False,1,0.3333333333333333
1701B,3,"['for loop', 'if statement', 'tuple']","['if statement', 'for loop', 'matrix operation', 'tuple', 'misc']","['while loop', 'for loop', 'if statement', 'matrix operation', 'misc', 'set', 'continue statement']","import itertools

def solve():
    t = int(input().strip())
    for n in range(1, t+1):
        perms = list(itertools.permutations(range(1, n+1))
        max_cost = 0
        for perm in perms:
            cost = 0
            for i in range(n):
                if i < n-1:
                    cost += abs(perm[i] - perm[i+1])
            if cost > max_cost:
                max_cost = cost
        print(max_cost)
        print(' '.join(map(str, x) for x in perm))

",False,False,1,0.2
1701B,4,"['for loop', 'if statement', 'tuple', 'misc']","['for loop', 'if statement', 'tuple', 'matrix operation', 'misc']","['while loop', 'for loop', 'if statement', 'matrix operation', 'misc', 'set', 'continue statement']","import itertools

def solve():
    t = int(input())
    max_cost = 0
    for p in itertools.permutations(range(1, t + 1)):
        cost = 0
        for i in range(len(p)):
            if i < len(p) - 1:
                cost += abs(p[i] - p[i + 1])
        if cost > max_cost:
            max_cost = cost
            max_p = p
    print(max_cost)
    print(' '.join(map(str, x) for x in max_p))

",False,False,1,0.2
1701A,0,['this is the og problem'],"['for loop', 'matrix operation', 'if statement']","['for loop', 'tuple', 'misc', 'if statement', 'while loop']","import sys

def solve():
    t = int(input())
    for _ in range(t):
        a = list(map(int, input().split()))
        n = len(a)
        m = len(a[0])
        moves = 0
        for i in range(n):
            for j in range(m):
                if a[i][j] == 1:
                    moves += 1
        print(moves)

",False,True,1,0.3333333333333333
1701A,1,['for loop'],"['for loop', 'matrix operation']","['for loop', 'tuple', 'misc', 'if statement', 'while loop']","import sys

def solve():
    t = int(input())
    for _ in range(t):
        a = list(map(int, input().split()))
        n = len(a)
        m = len(a[0])
        moves = 0
        for i in range(n):
            for j in range(m):
                if a[i][j] == 1:
                    moves += 1
        print(moves)

",False,False,1,0.5
1701A,2,"['for loop', 'while loop']","['for loop', 'matrix operation']","['for loop', 'tuple', 'misc', 'if statement', 'while loop']","import sys

def solve():
    t = int(input())
    for _ in range(t):
        a = list(map(int, input().split()))
        n = len(a)
        m = len(a[0])
        moves = 0
        for i in range(n):
            for j in range(m):
                if a[i][j] == 1:
                    moves += 1
        print(moves)

",False,False,1,0.5
1701A,3,"['for loop', 'while loop', 'recursion']","['for loop', 'if statement', 'matrix operation']","['for loop', 'tuple', 'misc', 'if statement', 'while loop']","import sys

def solve():
    t = int(input())
    for _ in range(t):
        a = list(map(int, input().split()))
        n = len(a)
        m = len(a[0])
        dp = [[0 for _ in range(n)]
        for i in range(n):
            for j in range(m):
                if a[i][j] == 1:
                    dp[i][j] = 1
        ans = 0
        for i in range(n):
            for j in range(m):
                if dp[i][j] == 1:
                    ans += 1
        print(ans)

",False,False,1,0.3333333333333333
1701A,4,"['for loop', 'while loop', 'recursion', 'if statement']","['for loop', 'if statement', 'matrix operation', 'dynamic programming']","['for loop', 'tuple', 'misc', 'if statement', 'while loop']","import sys

def solve():
    t = int(input())
    for _ in range(t):
        a = list(map(int, input().split())
        n = len(a)
        m = len(a[0])
        dp = [[0 for _ in range(n)] for _ in range(m)]
        for i in range(n):
            for j in range(m):
                if a[i][j] == 1:
                    dp[i][j] = 1 + dp[i-1][j] + dp[i][j-1]
        ans = min(dp[n-1][m-1], dp[n-1][m])
        print(ans)

",False,False,2,0.5
1700A,0,['this is the og problem'],"['for loop', 'if statement', 'matrix operation', 'heap']","['for loop', 'tuple', 'matrix operation', 'while loop']","import sys
import heapq

def solve():
    t = int(input())
    for _ in range(t):
        n, m = map(int, input().split())
        a = [[0 for _ in range(n)]
        for i in range(m):
            a[i] = list(map(int, input().split()))
        for i in range(n):
            for j in range(m):
                if i + 1 < n and j < m:
                    a[i][j] = (i - 1) * m + j
        dp = [[float('inf') for _ in range(n)]
        for i in range(n):
            for j in range(m):
                if i + 1 < n and j < m:
                    dp[i][j] = a[i][j]
        for i in range(n):
            for j in range(m):
                if i + 1 < n and j < m:
                    if dp[i][j] == float('inf'):
                        dp[i][j] = a[i][j]
        pq = []
        for i in range(n):
            for j in range(m):
                if i + 1 < n and j < m:
                    heapq.heappush(pq, (dp[i][j])
        ans = float('inf')
        for i in range(n):
            for j in range(m):
                if i + 1 < n and j < m:
                    if dp[i][j]!= float('inf'):
                        ans = min(ans, dp[i][j])
        print(ans)

",False,True,2,0.5
1700A,1,['matrix operation'],['for loop'],"['for loop', 'tuple', 'matrix operation', 'while loop']","import sys
import heapq

def solve():
    t = int(input())
    for _ in range(t):
        n, m = list(map(int, input().split()))
        a = [[0 for _ in range(n)]
        for i in range(n):
            for j in range(m):
                a[i][j] = (i - 1) * m + j
        dp = [[float('inf') for _ in range(n)]
        for i in range(n):
            for j in range(n):
                if a[i][j]!= 0:
                    dp[i][j] = a[i][j]
        for i in range(n):
            for j in range(n):
                if dp[i][j]!= float('inf'):
                    dp[i][j] = min(dp[i][j], dp[i + 1][j], dp[i][j + 1])
        pq = []
        for i in range(n):
            for j in range(n):
                if dp[i][j]!= float('inf'):
                    heapq.heappush(pq, (dp[i][j], (i, j))
        while pq:
            d = heapq.heappop(pq)
            print(d[2])
",False,True,0,0.0
1700A,2,"['matrix operation', 'for loop']","['for loop', 'if statement', 'matrix operation', 'dynamic programming']","['for loop', 'tuple', 'matrix operation', 'while loop']","import sys
import heapq

def solve():
    t = int(input())
    for _ in range(t):
        n, m = map(int, input().split())
        a = [[0 for _ in range(n)]
        for i in range(m):
            a[i] = list(map(int, input().split()))
        for i in range(n):
            for j in range(m):
                if i + 1 < n and j + 1 < m:
                    a[i][j] = a[i - 1] * m + j
        dp = [[float('inf') for _ in range(n)]
        for i in range(n):
            for j in range(m):
                if i + 1 < n and j + 1 < m:
                    dp[i][j] = a[i][j]
        for i in range(n):
            for j in range(m):
                if i + 1 < n and j + 1 < m:
                    if dp[i][j] < dp[i + 1][j]:
                        dp[i][j] = dp[i + 1][j]
        d = dp[n - 1][m - 1]
        print(d)

",False,False,2,0.5
1700A,3,"['matrix operation', 'for loop', 'tuple']",['for loop'],"['for loop', 'tuple', 'matrix operation', 'while loop']","import sys
import heapq

def solve():
    t = int(input())
    for _ in range(t):
        n, m = list(map(int, input().split())
        a = [[0 for _ in range(n)]
        for i in range(m):
            a[i] = list(map(int, input().split()))
        for i in range(n):
            for j in range(m):
                if i + 1 < n and j < m:
                    a[i][j] = int(input())
        dp = [[float('inf') for _ in range(n)]
        for i in range(n):
            for j in range(m):
                dp[i][j] = a[i][j]
        for k in range(n):
            for l in range(m):
                if k + 1 < n and l < m:
                    dp[k][l] = dp[k - 1][l - 1] + a[k][l]
        mst = float('inf')
        for k in range(n):
            for l in range(m):
                if dp[k][l] < mst:
                    mst = dp[k][l]
        print(mst)

",False,False,0,0.0
1700A,4,"['matrix operation', 'for loop', 'tuple', 'while loop']",['for loop'],"['for loop', 'tuple', 'matrix operation', 'while loop']","import sys
import heapq

def solve():
    t = int(input())
    for _ in range(t):
        n, m = list(map(int, input().split())
        a = [[0 for _ in range(n)]
        for i in range(m):
            a[i] = list(map(int, input().split()))
        for i in range(n):
            for j in range(m):
                if i + 1 < n and j < m:
                    a[i][j] = (i - 1) * m + j
        dp = [[float('inf') for _ in range(n)]
        for i in range(n):
            for j in range(m):
                if i + 1 < n and j < m:
                    dp[i][j] = a[i][j]
        pq = []
        for i in range(n):
            for j in range(m):
                if i + 1 < n and j < m:
                    heapq.heappush(pq, (-dp[i][j]__ a[i][j])
        ans = 0
        while pq:
            d = heapq.heappop(pq)
            ans += d[1]
        print(ans)

",False,False,0,0.0
1700A,5,"['matrix operation', 'for loop', 'tuple', 'while loop', 'if statement']",['for loop'],"['for loop', 'tuple', 'matrix operation', 'while loop']","import sys
import heapq

def solve():
    t = int(input())
    for _ in range(t):
        n, m = list(map(int, input().split())
        a = [[0 for _ in range(n)]
        for i in range(m):
            a[i] = list(map(int, input().split()))
        for i in range(n):
            for j in range(m):
                if i + 1 < n and j < m:
                    a[i][j] = (i - 1) * m + j
        dp = [[float('inf') for _ in range(n)]
        for i in range(n):
            for j in range(m):
                if i + 1 < n and j < m:
                    dp[i][j] = a[i][j]
        mheapq = []
        for i in range(n):
            for j in range(m):
                if i + 1 < n and j < m:
                    heapq.heappush(mheapq, (dp[i][j])
        ans = 0
        while mheapq:
            d = heapq.heappop(mheapq)
            ans += d[0]
        print(ans)

",False,False,0,0.0
